<?xml version='1.0' encoding='utf-8'?>
<doc><id>101</id><url>http://news.163.com/17/1208/09/D54FAU8E000187V9.html</url><title>童话不都是骗人的？牛津科学家说找到“圣诞老人”遗骨！</title><datetime>2017-12-08 09:07:00</datetime><body>

                    （原标题：童话不都是骗人的？牛津科学家说找到“圣诞老人”遗骨！）
                
　　科研团队表示，今后或将赶赴意大利进一步求证，为“圣诞老人”遗骸进行“还原”。
在圣诞节即将到来之际，英国牛津大学一支科研团队公布了一项重大考古学发现，他们声称找到了“圣诞老人”遗骨的一部分，引发舆论广泛关注。

英国《每日镜报》6日称，西方文化中为人所熟知的“圣诞老人”在历史上确有人物原型：他就是基督教圣徒、米拉城（今土耳其境内）主教圣尼古拉斯，生前以慷慨大方著称。这位主教辞世后，遗骨曾被运往意大利，大部分骸骨供奉在意南部城市巴里和东北部城市威尼斯，也有一小部分流散到世界各地的教堂，其中一些遗骨的所有者已经数度更替，真实性无从考证。
据了解，牛津大学所获取的骸骨所有者是美国伊利诺伊州的一位神职人员。经过鉴定，这块遗骨的年份与圣尼古拉斯的离世时间基本吻合，比牛津大学之前所研究的不少遗骨碎片更符合史料。更令学界激动的是，意大利供奉的主教遗骸骨盆部分是残缺的，只留存了骨盆左上部的一小部分，而牛津大学获得的遗骨则出自骨盆左下部。科研团队表示，今后或将赶赴意大利进一步求证，为“圣诞老人”遗骸进行“还原”。
                        
                        
                                                
                                                

                        
                        
                                                                        
                                                                        

                        
                        
                        
                        
                        
                                                
版权作品，未经环球网Huanqiu.com书面授权，严禁转载，违者将被追究法律责任。
获取授权





(原标题：童话不都是骗人的？牛津科学家说找到“圣诞老人”遗骨！)


 本文来源：环球时报-环球网 。更多精彩，请登录环球网 http://www.huanqiu.com 
 责任编辑：王晓易_NE0011 
</body><keywords>圣诞老人 0.025941932391458537;遗骨 0.0221634671842407;环球网 0.021478588750697903;骨盆 0.018625905692291802;牛津大学 0.01816064069640376;供奉 0.01814087966245024;遗骸 0.017510710192533523;团队 0.01706172221804935;标题 0.015232234967970973;世界各地 0.015232234967970973</keywords><naive_snippet>

                    （原标题：童话不都是骗人的？牛津科学家说找到“圣诞老人”遗骨！）
                
　　科研团队表示，今后或将赶赴意大利进一步求证，为“圣诞老人”遗骸进行“还原”。
在圣诞节即将到来之际，英国牛津大学一支科研团队公布了一项重大考古学发现，他</naive_snippet><selected_snippet>版权作品，未经环球网Huanqiu.com书面授权，严禁转载，违者将被追究法律责任</selected_snippet><comments>'童话不是骗人的，但是“科学家”可以骗人'
 '我要去花果山找孙悟空</comments><comments_num>9</comments_num><comments_result>[-3]'童话不是骗人的，但是“科学家”可以骗人'
[0]'我要去花果山找孙悟空</comments_result><comments_dict>text_pos_number:积极评论条数为 0 条，占全部评论比例的 %0.0
text_neg_number消极评论条数为 1 条，占全部评论比例的 %50.0
text_mid_number中性情感评论条数为 1 条，占全部评论比例的 %50.0
text_pos_mean平和
text_neg_mean愤怒
text_total_mean淡定
text_total_var情感波动很小</comments_dict></doc>