<?xml version='1.0' encoding='utf-8'?>
<doc><id>102</id><url>http://news.163.com/17/1208/08/D54DQVPV000187V9.html</url><title>日自卫队卡车翻车致1死1伤 近42万枚弹药散落一地</title><datetime>2017-12-08 08:42:00</datetime><body>

                    （原标题：1死1重伤！日本自卫队卡车翻车 近42万枚弹药散落一地(图)）
                
【环球网报道】据日本朝日电视台12月8日报道，7日，在日本熊本县阿苏市，一辆自卫队大型卡车发生了翻车事故。当晚7时左右，阿苏市县道上的行人在注意到道路防护绳索断开后，发现一辆自卫队卡车翻滚跌落至8米深的斜坡。事故造成陆自第8师团后勤部队松本龙树死亡，北熊本驻屯地的一名男性重伤，同时车上所载41.9万枚弹药散落一地。目前自卫队正在进行回收作业。据报道，事发现场是直线下坡路段，当时事故卡车同其他4辆车正在从大分方向返回阿苏途中。






 本文来源：环球时报-环球网 。更多精彩，请登录环球网 http://www.huanqiu.com 
责任编辑：张宪超_NN9310 
</body><keywords>卡车 0.03840951491204458;阿苏 0.030171478840500626;环球网 0.02951914044006587;事故 0.02696014298172227;翻车 0.02591731873768202;散落 0.023144226669673987;张宪超 0.023144226669673987;日本 0.021875418687700727;报道 0.021440077703626822;正在 0.021373603902670416</keywords><naive_snippet>

                    （原标题：1死1重伤！日本自卫队卡车翻车 近42万枚弹药散落一地(图)）
                
【环球网报道】据日本朝日电视台12月8日报道，7日，在日本熊本县阿苏市，一辆自卫队大型卡车发生了翻车事故。当晚7时左右，阿苏市县道上的行人在注意到道</naive_snippet><selected_snippet>【环球网报道】据日本朝日电视台12月8日报道，7日，在日本熊本县阿苏市，一辆自卫队大型卡车发生了翻车事故</selected_snippet><comments> '为何弹药不自爆？'
 '让猪觉得嘲笑，增加猪圈的自豪感'
 '我方扳回一局'
 '为什么我的第一反映是哄抢[疑问]'
 '尊重别人就是尊重自己'
 '中或赢'
 '军事秘密不得报道...😂'
 '怎么没有村民哄抢？'
 '恶意提问，你这刁民'
 '厉害了'
 '2天，，复制的'
 '这么几个字就想减一年？最多半天'
 '胡编乐了'
 '安倍挺住，安倍不哭！'
 '没炸'
 '你敢出外国，包你死得快'
 '赶紧舔你的日本几八去，滚蛋。华为煞笔'
 '自己家的事屁都不敢放，别人家的事你倒是说的高兴'
 '我们曾经一次演习中 一辆两栖战车 翻覆 尸沉海底 怎么不见报道'
 '我恨你妈生下你'
 '三楼是傻逼'
 '死得太少了'
 '经查，朝日tv因违反相关法律法规，未经许可发布不实军事几米，影响极其巨大，破坏极其深远，责令...'
 '幼稚，上次在高速上掉了一枚标枪弹头，然后美国生产商回收，讲完'
 '大家不要记恨现在的日本。现在的日本从建国来是帮助中国最多的国家。'
 '我艹，帮尼玛啊。周当年放弃补偿换取一百年的无偿援助，只不过是把战争补偿换个名字而已。'
 '别的新闻不能发，就找些别人家的闲事发'
 '恭喜成功减刑一年！'
 '环球屎报管你屌事啊，这个都要报道？！'
 '建议这条新闻设为专题，滚动播出。'
 '我懂了 古'
 '今天我们都是日本人'
 '老司机翻车咯~~~'
 '卧槽  这都能上新闻'
 '没炸可惜了'
 '我给一块钱 谁去扔把火[石化]'
 '朝日电视台，不想干啦？'
 '小李啊，通知各大媒体新闻电视台，赶紧24小时滚动播放，全天跟踪报道，快快！！！！'
 '喷子 有三类：一类是美日网络间谍，妄想主导舆论，喷的本质是对中国进行舆论战、诛心战。他们妄图瓦解中国人的斗志。喷，是美日网奸谋生职业；第二类是美日网奸的下线，它们拿黑心钱办龌鹾事，出卖良心，诋毁民族英雄，污蔑中国人，打击民族自信。第三类是西方文化入侵造就了的，带着有色眼镜跪着看世界的“自卑洋奴”，没思想，没头脑，没文化，既狂妄又无知。被人“当枪使”还不自知，掘自己祖坟了还沾沾自喜。他们否定一切，认为只要不是第一，那就是垃圾，而不去了解事实，想当然地跟美日网奸一起喷，另外这些喷子还挑拔离间，把社会矛盾上升到国家认同层面上，加剧官民间不信任。达到让中国人之间离心离德，又变成一盘散沙，又开始重演任人宰割的悲剧，利比亚，叙利亚，乌克兰是悲剧的现代版。这些喷子自以为聪明绝顶，实际上是自掘坟墓，还连累他人。这些不会思考的脑残不知他妈给他长脑袋是干什么用的。'
 '透漏日军正在备战吗？
 '这么多字能减几天？'
 '呼呼哈嘿，发来贺电'
 '游击队还在'
 '今晚你要日本人？'
 '这有什么，我们这两年有多少架飞机掉下来了？？但是，不许你拍照。'
 '中国新闻最爱国外鸡毛蒜皮的事，国内大事一概装看不见'
 '傻逼'
 '我就知道有人会这么说'
 '日本自卫队卡车被中国的强大吓翻车，中国又是全世界最大赢家，中国随时可以捏死日本，随时可以踩死美国'
 '日系车吸能设计呀，然后人死了'
 '去国外看看报中国新闻时都是些什么东西？'
 '附近村民来捡了没'
 '保持队形吧，一楼，cnmb'
'我就想问七月份的杭州爆乍案怎么一直没有后续报道了？'
 '平成年的皇軍們跟現在海峽對岸的國軍一個德性了。。。。。'
 '在中国不能报而已，傻逼们高潮了？
 '如果我们这掉落41.9万枚炸弹大部队大阵仗少不了'
 '一楼那样子 为了减刑精神失常'
 '网易养的小倭狗们，跟我一起喊:大日笨地锅万碎……大核民族万碎……'
 '但我们说不会翻了吗？还有，不报道你是怎么知道的，内部人士吗，真厉害！'
'呼呼哈嘿，发来贺电'
 '你们想看自家新闻可以去“国内版”，你现在进的国际版，拜托了，不要在乱入了，好吗？'
 '操碎了心'
 '附近村民哄抢了么'
 '日本自卫队死了人我咋咋这么高兴呢'
 '请你详述便可'
'谁帮助现今中国都没用，都会翻脸。'
 '这次换做三楼出煞笔了。
 '高潮了，平常心………'
 '大家来我家喝茶'
 '国内有几条高压线是不能说的。'
 '今晚要日华为狗'
 '这种新闻，哪个媒体敢报？？？'
 '小鬼子是等养肥了，在宰！'
 '网上骂人只是过个嘴瘾没什么意义，作为债权人免除了债务人的债务（别跟我扯债权人在下好大一盘棋，就是一傻逼）债务人就没有还债的责任和义务了，原来的“债权人”现在困难原先的“债务人”帮助你完全是道义上的帮你。日本的无息贷款在中国改革开放初期整个80年代起的作用是巨大的，那时中日关系可是蜜月期，从那时引进的日本电视剧、电影数量就可看出来，还有美国的帮助。'
 '居然没村民抢'
 '附近没村民吗？'
'附近村民没有哄抢吗！'
 '三楼说错了？舔狗真的恶心'
 '都是老司机了，怎么说翻就翻？[思考]'
'日本自卫队只有干部，没有兵，所以日本的战争潜力是现有军力的几何倍数。'
 '村民哪？机会来了！
 '日本人用杀中国人来尊重中国人吗'
'瘪犊子，滚'
 '卧槽  这都能上新闻
 '下面，是不是要喊日本崛起了？'
 '军事事件也能报道？？？</comments><comments_num>1185</comments_num><comments_result>[0]'为何弹药不自爆？'
[0]'让猪觉得嘲笑，增加猪圈的自豪感'
[0]'我方扳回一局'
[-2]'为什么我的第一反映是哄抢[疑问]'
[2]'尊重别人就是尊重自己'
[1]'中或赢'
[-2]'军事秘密不得报道...😂'
[-2]'怎么没有村民哄抢？'
[-1]'恶意提问，你这刁民'
[-1]'厉害了'
[0]'2天，，复制的'
[1]'这么几个字就想减一年？最多半天'
[1]'胡编乐了'
[0]'安倍挺住，安倍不哭！'
[0]'没炸'
[1]'你敢出外国，包你死得快'
[-1]'赶紧舔你的日本几八去，滚蛋。华为煞笔'
[0]'自己家的事屁都不敢放，别人家的事你倒是说的高兴'
[0]'我们曾经一次演习中 一辆两栖战车 翻覆 尸沉海底 怎么不见报道'
[-2]'我恨你妈生下你'
[-1]'三楼是傻逼'
[0]'死得太少了'
[2.0]'经查，朝日tv因违反相关法律法规，未经许可发布不实军事几米，影响极其巨大，破坏极其深远，责令...'
[0]'幼稚，上次在高速上掉了一枚标枪弹头，然后美国生产商回收，讲完'
[-1]'大家不要记恨现在的日本。现在的日本从建国来是帮助中国最多的国家。'
[-2]'我艹，帮尼玛啊。周当年放弃补偿换取一百年的无偿援助，只不过是把战争补偿换个名字而已。'
[-1]'别的新闻不能发，就找些别人家的闲事发'
[4]'恭喜成功减刑一年！'
[3]'环球屎报管你屌事啊，这个都要报道？！'
[0]'建议这条新闻设为专题，滚动播出。'
[0]'我懂了 古'
[0]'今天我们都是日本人'
[-1]'老司机翻车咯~~~'
[1]'卧槽  这都能上新闻'
[-1]'没炸可惜了'
[1]'我给一块钱 谁去扔把火[石化]'
[-1]'朝日电视台，不想干啦？'
[2]'小李啊，通知各大媒体新闻电视台，赶紧24小时滚动播放，全天跟踪报道，快快！！！！'
[-8.5]'喷子 有三类：一类是美日网络间谍，妄想主导舆论，喷的本质是对中国进行舆论战、诛心战。他们妄图瓦解中国人的斗志。喷，是美日网奸谋生职业；第二类是美日网奸的下线，它们拿黑心钱办龌鹾事，出卖良心，诋毁民族英雄，污蔑中国人，打击民族自信。第三类是西方文化入侵造就了的，带着有色眼镜跪着看世界的“自卑洋奴”，没思想，没头脑，没文化，既狂妄又无知。被人“当枪使”还不自知，掘自己祖坟了还沾沾自喜。他们否定一切，认为只要不是第一，那就是垃圾，而不去了解事实，想当然地跟美日网奸一起喷，另外这些喷子还挑拔离间，把社会矛盾上升到国家认同层面上，加剧官民间不信任。达到让中国人之间离心离德，又变成一盘散沙，又开始重演任人宰割的悲剧，利比亚，叙利亚，乌克兰是悲剧的现代版。这些喷子自以为聪明绝顶，实际上是自掘坟墓，还连累他人。这些不会思考的脑残不知他妈给他长脑袋是干什么用的。'
[0]'透漏日军正在备战吗？
[1]'这么多字能减几天？'
[1]'呼呼哈嘿，发来贺电'
[-1]'游击队还在'
[1]'今晚你要日本人？'
[-1]'这有什么，我们这两年有多少架飞机掉下来了？？但是，不许你拍照。'
[-1.0]'中国新闻最爱国外鸡毛蒜皮的事，国内大事一概装看不见'
[-1]'傻逼'
[1]'我就知道有人会这么说'
[1]'日本自卫队卡车被中国的强大吓翻车，中国又是全世界最大赢家，中国随时可以捏死日本，随时可以踩死美国'
[0]'日系车吸能设计呀，然后人死了'
[-1.2]'去国外看看报中国新闻时都是些什么东西？'
[0]'附近村民来捡了没'
[0]'保持队形吧，一楼，cnmb'
[0]'我就想问七月份的杭州爆乍案怎么一直没有后续报道了？'
[0]'平成年的皇軍們跟現在海峽對岸的國軍一個德性了。。。。。'
[-1]'在中国不能报而已，傻逼们高潮了？
[2]'如果我们这掉落41.9万枚炸弹大部队大阵仗少不了'
[0]'一楼那样子 为了减刑精神失常'
[0]'网易养的小倭狗们，跟我一起喊:大日笨地锅万碎……大核民族万碎……'
[-5]'但我们说不会翻了吗？还有，不报道你是怎么知道的，内部人士吗，真厉害！'
[1]'呼呼哈嘿，发来贺电'
[0]'你们想看自家新闻可以去“国内版”，你现在进的国际版，拜托了，不要在乱入了，好吗？'
[0]'操碎了心'
[-1]'附近村民哄抢了么'
[0]'日本自卫队死了人我咋咋这么高兴呢'
[2]'请你详述便可'
[1]'谁帮助现今中国都没用，都会翻脸。'
[0]'这次换做三楼出煞笔了。
[0]'高潮了，平常心………'
[0]'大家来我家喝茶'
[-2]'国内有几条高压线是不能说的。'
[1]'今晚要日华为狗'
[0]'这种新闻，哪个媒体敢报？？？'
[-1]'小鬼子是等养肥了，在宰！'
[3]'网上骂人只是过个嘴瘾没什么意义，作为债权人免除了债务人的债务（别跟我扯债权人在下好大一盘棋，就是一傻逼）债务人就没有还债的责任和义务了，原来的“债权人”现在困难原先的“债务人”帮助你完全是道义上的帮你。日本的无息贷款在中国改革开放初期整个80年代起的作用是巨大的，那时中日关系可是蜜月期，从那时引进的日本电视剧、电影数量就可看出来，还有美国的帮助。'
[-1]'居然没村民抢'
[0]'附近没村民吗？'
[-4]'附近村民没有哄抢吗！'
[-1]'三楼说错了？舔狗真的恶心'
[-1]'都是老司机了，怎么说翻就翻？[思考]'
[-1]'日本自卫队只有干部，没有兵，所以日本的战争潜力是现有军力的几何倍数。'
[3]'村民哪？机会来了！
[1]'日本人用杀中国人来尊重中国人吗'
[0]'瘪犊子，滚'
[1]'卧槽  这都能上新闻
[1]'下面，是不是要喊日本崛起了？'
[1]'军事事件也能报道？？？</comments_result><comments_dict>text_pos_number:积极评论条数为 27 条，占全部评论比例的 %31.0
text_neg_number消极评论条数为 30 条，占全部评论比例的 %34.0
text_mid_number中性情感评论条数为 30 条，占全部评论比例的 %34.0
text_pos_mean平和
text_neg_mean愤怒
text_total_mean淡定
text_total_var情感波动很小</comments_dict></doc>