<?xml version='1.0' encoding='utf-8'?>
<doc><id>126</id><url>http://news.163.com/17/1208/19/D55ITDHS000187VE.html</url><title>2名律师庭审后遭20余人围殴:组织者等7人被抓</title><datetime>2017-12-08 18:58:00</datetime><body>

                    （原标题：两北京律师庭审后遭殴打事件进展：主要策划组织者等7人被抓）
                
12月6日中午，北京京平律师事务所律师顾冬庆、王志伟在湖北省荆门市办案期间遭遇殴打。司法部、全国律协高度重视。全国律协维权中心立即发出声明，对不法分子侵犯律师人身权的行为表示强烈谴责，并于12月7日派员赴湖北省荆门市，与公安机关协调处置相关事宜。全国律协会同北京律协、湖北律协，根据《最高人民法院最高人民检察院　公安部　国家安全部　司法部　中华全国律师协会关于建立健全维护律师执业权利快速联动处置机制的通知》的规定，通过快速联动处置机制，及时获得各级公安机关对维护律师执业合法权益工作的支持。荆门市市委、市政府要求公安机关迅速成立专案组，依法、从快处理，迅速破案。当地公安机关立即开展工作，截至目前已抓获包括主要策划组织者在内的七名犯罪嫌疑人。



12月8日，湖北省荆门市司法局、律师协会来京，向北京市律师协会通报案件最新进展情况并到京平所看望了两位律师，两位律师对各级司法行政机关和各律协的关心和慰问表示感谢，对各有关单位的快速维权表示满意。在此次事件中，各有关单位旗帜鲜明、反应迅速、行动有效，充分体现了司法部、全国律协对律师“严管厚爱”的精神。</body><keywords>律师 0.038202748350246576;律师协会 0.022751473031923014;工作 0.020562256882588413;荆门市 0.02009401914992349;处置 0.019270657543860873;北京 0.018682775038616976;殴打 0.01845390808267206;司法部 0.016826617488451254;京平 0.015960583799858798;公安机关 0.01576871272754762</keywords><naive_snippet>

                    （原标题：两北京律师庭审后遭殴打事件进展：主要策划组织者等7人被抓）
                
12月6日中午，北京京平律师事务所律师顾冬庆、王志伟在湖北省荆门市办案期间遭遇殴打。司法部、全国律协高度重视。全国律协维权中心立即发出声明，对不法分子侵</naive_snippet><selected_snippet>全国律协会同北京律协、湖北律协，根据《最高人民法院最高人民检察院　公安部　国家安全部　司法部　中华全国律师协会关于建立健全维护律师执业权利快速联动处置机制的通知》的规定，通过快速联动处置机制，及时获得各级公安机关对维护律师执业合法权益工作的支持</selected_snippet><comments> '20人抓了七个还有13个呢？'
 '这年头自以为人脉广势力大，最后却是软脚蟹的还在少数吗？'
 '很好'
'team就是不指望'
 '很明显是上头来人了，事情闹大了才会这么快处理，不然最后肯定还是不了了之能干出这事的，当地人脉得相当深厚'
'敢动北京的律师，官员智商也可以啊'
 '一花一世界，一叶一佛佗!究竟是什么意思呢?他是在告诉我们任何一个物质都是一个世界一个宇宙!组成这个物质的物质都是完全相同的!比如一片树叶由十个细胞组成，我们说十个细胞是一片树叶!再比如这十个细胞中的一个细胞由十个原子组成，那么我们可以说一百个原子组成了这片树叶，也就是说这片树叶是一百个原子!再比如该树叶的一百个原子中的一个原子是由十个中子组成，那么我们可以说这片树叶是由一千个中子组成，一千个中子组成了这片树叶!以此类推至各基本原子!我就不一一举例了，自己想象去!!因此我们可以说这片树叶是电子，是中子，是原子等等!哪个物质不是如此呢?'
 '是谁怎么不说'
 '法制社会不是光说说的'
 '到家了'
 '可怕'
 '太嚣张幕后支持者？
 '抓的好
 '谁指使干的呢'
'然后'
 '。。。！
 '建设法治国家，从律师抓起'
 '大家想知道真相，说说呗'
 '作吧。'
 '不说说什么原因？'
 '没思想'</comments><comments_num>418</comments_num><comments_result>[1]'20人抓了七个还有13个呢？'
[1]'这年头自以为人脉广势力大，最后却是软脚蟹的还在少数吗？'
[1.8]'很好'
[-1]'team就是不指望'
[4.8]'很明显是上头来人了，事情闹大了才会这么快处理，不然最后肯定还是不了了之能干出这事的，当地人脉得相当深厚'
[0]'敢动北京的律师，官员智商也可以啊'
[-3.0]'一花一世界，一叶一佛佗!究竟是什么意思呢?他是在告诉我们任何一个物质都是一个世界一个宇宙!组成这个物质的物质都是完全相同的!比如一片树叶由十个细胞组成，我们说十个细胞是一片树叶!再比如这十个细胞中的一个细胞由十个原子组成，那么我们可以说一百个原子组成了这片树叶，也就是说这片树叶是一百个原子!再比如该树叶的一百个原子中的一个原子是由十个中子组成，那么我们可以说这片树叶是由一千个中子组成，一千个中子组成了这片树叶!以此类推至各基本原子!我就不一一举例了，自己想象去!!因此我们可以说这片树叶是电子，是中子，是原子等等!哪个物质不是如此呢?'
[0]'是谁怎么不说'
[-2]'法制社会不是光说说的'
[1]'到家了'
[-1]'可怕'
[-3.0]'太嚣张幕后支持者？
[2]'抓的好
[-2]'谁指使干的呢'
[0]'然后'
[0]'。。。！
[1]'建设法治国家，从律师抓起'
[0]'大家想知道真相，说说呗'
[-1]'作吧。'
[0]'不说说什么原因？'
[0]'没思想'</comments_result><comments_dict>text_pos_number:积极评论条数为 7 条，占全部评论比例的 %33.0
text_neg_number消极评论条数为 7 条，占全部评论比例的 %33.0
text_mid_number中性情感评论条数为 7 条，占全部评论比例的 %33.0
text_pos_mean平和
text_neg_mean愤怒
text_total_mean淡定
text_total_var情感波动很小</comments_dict></doc>