<?xml version='1.0' encoding='utf-8'?>
<doc><id>128</id><url>http://news.sohu.com/20170101/n477499315.shtml</url><title>第二批中央环保督察问责2682人 近300人被拘留</title><datetime>2016-01-01 05:14:00</datetime><body>　　新京报讯（记者王硕邓琦）对北京、上海、重庆等7省市开始开展的第二批中央环保督察进驻工作于2016年12月30日结束。昨日下午，记者从环保部了解到，截至进驻工作结束，7省市已有2682人因环境问题被问责，被约谈人数超过4000人。万余家企业被责令整改，半数以上被立案处罚，总罚款金额达2.4亿元，近300人被行政或刑事拘留。
　　2016年11月24日至11月30日，2016年第二批7个中央环保督察陆续对北京、上海、湖北、广东、重庆、陕西、甘肃7省（市）实施督察进驻。经省级层面督察、下沉地市督察和梳理分析归档三个阶段，截至2016年12月30日，7个督察组全部完成督察进驻任务。
　　进驻结束后，督察组仍将继续密切关注已转办、待查处落实的群众举报案件，确保查处到位、整改到位、公开到位、问责到位。对于进驻结束后收到的、群众在规定时间寄出的举报信件，督察组仍会按照相关要求及时向被督察地方转办，并督促地方及时查处，及时整改，及时公开。
　　督察结束后，公众可继续通过拨打12369环境举报电话和其他正常渠道投诉反映环境问题。
　　北京落地
　　北京已公开近千案件办理结果
　　自2016年12月7日起，北京市政务门户网站“首都之窗”开设了“环保督察立查立改”政务专题。几乎每天都会公布一批各部门、各区队中央环保督察组交办的信访案件调查处理情况。截至2016年12月30日，已经接连公开了21期近千件中央环保督察组交办的群众信访案件“办理结果”。新京报记者梳理发现，在群众举报的案件中，垃圾、污水、违建等问题比较集中。新京报记者王硕
　　【垃圾问题】
　　据群众举报，北京通州区宋庄镇北京工商大学嘉华学院，院内靠近东门的坑内大量堆放渣土、生活垃圾，通州区宋庄镇红杉溪谷小区东区南门南侧空地上堆放了小区物业倾倒的生活垃圾、建筑垃圾。这些问题后经查属实，已责令限期清运，并加大监管力度，杜绝再次发生。
　　除了远郊区，北京城六区同样被垃圾问题困扰。据群众举报，朝阳区大屯慧忠北里第二社区小区内，存在垃圾堆放，长时间无人清理的问题。目前朝阳区大屯街道已对垃圾进行了清理，并将加大垃圾清运力度。
　　【黑臭水体】
　　据群众举报，北京丰台区马家堡街道瑞丽江畔小区东侧紧邻一个臭水沟，该水沟内为死水，夏天异味扰民。
　　接到群众举报信息后，马家堡街道办、丰台区水务局现场核查。据其介绍，群众反映的臭水沟为旱河，于2013年实施防洪治理，计划治理河道3公里，现已完成2.8公里，但因部分住户不配合拆迁，旱河角门段200米左右河段未完成治理，夏天降雨时河道行洪不畅、上游部分河段内滞水，产生异味。
　　目前，丰台区有关部门已协调市公安局、市国资委帮助加快推进角门段市级部门未拆迁户搬迁工作，并已启动该段征地拆迁程序。
　　【违章建筑】
　　北京丰台区东高地桃源里5栋附近有二十多间用彩钢板建的违章建筑，聚居了20多人。经查，发现此处私自建有小房屋14间。目前，丰台区城管局、东高地街道办事处已拆除违法建设2处。下一步，丰台区城管局和东高地街道办事处将依法依规拆除剩余10余处违法建设。
　　西城区展览路街道月坛北街27号楼及北侧存在4处违建。接到举报后，西城区城管局展览路第二执法队联合展览路街道办事处等相关单位到达现场，目前已对4处建筑物进行了立案调查，并联合展览路街道办事处对登记间数以外的私建房屋进行依法拆除。目前，已经拆除违法建设8间约200平方米。</body><keywords>督察 0.01661365730155138;举报 0.011789109081246932;丰台区 0.011420450788885355;街道 0.010837453985734862;群众 0.01051266484100628;垃圾 0.009697398223750828;政务 0.009370763191836103;北京 0.009248174432677413;记者 0.009157432031391136;拆迁 0.00908129554823724</keywords><naive_snippet>　　新京报讯（记者王硕邓琦）对北京、上海、重庆等7省市开始开展的第二批中央环保督察进驻工作于2016年12月30日结束。昨日下午，记者从环保部了解到，截至进驻工作结束，7省市已有2682人因环境问题被问责，被约谈人数超过4000人。万余家企业被责令整改，半数以上被立案处罚，总罚款金额达2.4亿元，近</naive_snippet><selected_snippet>新京报记者梳理发现，在群众举报的案件中，垃圾、污水、违建等问题比较集中</selected_snippet><comments>中央三申五令，地方各干各的，这就是现状。
中央督察组不来我还不敢相信我们的现状就是，上梁不正，下梁才歪的，被通报以及被责令整改的都是企业或是个人的，没一个是政府的，这不就已经表明，地方政府的违法行为是得到中央许可的！
行政干预市场了？？还不觉醒呀！！！要彻底治污，只有搞计划经济！！
霾在心里
环境保护是所有炎黄子孙的责任和义务!因为是在保护我们赖以生存的家园!建议环保督查风暴越来越猛,把国家保护成真正的山清水秀,最适于人类居住的地方!
早知今日何必当初。
这是环保部门没有形成整体严格执法的体现。</comments><comments_num>7</comments_num><comments_result>[0]中央三申五令，地方各干各的，这就是现状。
[3]中央督察组不来我还不敢相信我们的现状就是，上梁不正，下梁才歪的，被通报以及被责令整改的都是企业或是个人的，没一个是政府的，这不就已经表明，地方政府的违法行为是得到中央许可的！
[1]行政干预市场了？？还不觉醒呀！！！要彻底治污，只有搞计划经济！！
[0]霾在心里
[10]环境保护是所有炎黄子孙的责任和义务!因为是在保护我们赖以生存的家园!建议环保督查风暴越来越猛,把国家保护成真正的山清水秀,最适于人类居住的地方!
[0]早知今日何必当初。
[-1]这是环保部门没有形成整体严格执法的体现。</comments_result><comments_dict>text_pos_number:积极评论条数为 3 条，占全部评论比例的 %43.0
text_neg_number消极评论条数为 1 条，占全部评论比例的 %14.000000000000002
text_mid_number中性情感评论条数为 3 条，占全部评论比例的 %43.0
text_pos_mean平和
text_neg_mean愤怒
text_total_mean淡定
text_total_var情感波动较大</comments_dict></doc>