<?xml version='1.0' encoding='utf-8'?>
<doc><id>129</id><url>http://news.163.com/17/1208/12/D54R01NI0001875P.html</url><title>男子以开足浴店为名 暗地里组织卖淫获利7万多元</title><datetime>2017-12-08 12:37:00</datetime><body>

                    （原标题：男子明面上开着足浴店 实则暗地里组织卖淫获利七万多）
                
正义网莆田12月8日电 明着开足浴店，实则暗中组织卖淫。近日，犯罪嫌疑人黄某因涉嫌组织卖淫罪被福建省莆田市仙游县检察院依法批准逮捕。2016年年初,仙游男子黄某在莆田一家娱乐城担任经理，期间认识了顾客陈某,一来二去两人就相熟起来。4月份的一天,陈某告诉黄某他位于榜头镇的一个足浴店经营不善,想转让给他人,叫他帮忙介绍下家。黄某考虑后,决定自己盘下该店。双方签订协议,黄某支付转让费后,黄某就对足浴店改名、装修整改。起先,黄某也是老老实实提供正常的按摩服务,三四个月后,黄某发现换他来经营,也一样没有生意。



为了盘下该店,黄某已欠下十几万债务,黄某思来想去,决定明着开足浴店,暗中提供卖淫服务来赚钱。从8月份开始,黄某先是雇佣了吴某帮忙负责现场引导,后利用自己以前在莆田娱乐城认识的一些“小妹”,招揽她们来他的足浴店卖淫,卖淫女张某、李某、杨某等人到他店里,黄某招待她们,提出“卖淫服务套餐”的价位、双方分成,并让张某等人介绍其他人来参与卖淫,就这样一直“经营”到了11月份,获利了7万多元。11月3日,仙游县公安局民警在日常治安检查中,发现了该卖淫窝点,黄某当时未在场,得知此事后就逃往外地。近日,黄某落网。仙游县检察院经审查认为:犯罪嫌疑人黄某提供卖淫场所,制定嫖资分配方案,雇佣他人现场管理,招募三人以上卖淫女,并管理他人卖淫活动,抽取利润,其行为构成组织卖淫罪,故依法批准逮捕。


 本文来源：正义网  
责任编辑：张宪超_NN9310 
</body><keywords>黄某 0.06518155384593709;卖淫 0.038520647006083986;服务 0.014513351631558338;足浴 0.013519520438638558;现场 0.013511208541180451;帮忙 0.01335014282645297;张宪超 0.01274618730310878;管理 0.012709813685283133;组织 0.012702739809354512;张某 0.012447729174235174</keywords><naive_snippet>

                    （原标题：男子明面上开着足浴店 实则暗地里组织卖淫获利七万多）
                
正义网莆田12月8日电 明着开足浴店，实则暗中组织卖淫。近日，犯罪嫌疑人黄某因涉嫌组织卖淫罪被福建省莆田市仙游县检察院依法批准逮捕。2016年年初,仙游男子黄</naive_snippet><selected_snippet>从8月份开始,黄某先是雇佣了吴某帮忙负责现场引导,后利用自己以前在莆田娱乐城认识的一些“小妹”,招揽她们来他的足浴店卖淫,卖淫女张某、李某、杨某等人到他店里,黄某招待她们,提出“卖淫服务套餐”的价位、双方分成,并让张某等人介绍其他人来参与卖淫,就这样一直“经营”到了11月份,获利了7万多元</selected_snippet><comments> '严查'
全程用口服务
 '你打击别人，别人会不会杀死你。'
 '整条街有多少家开着唯独抓他一家、事出有因'
 '路由器没有，巨棒一根要不要'
 '现在都流行KB场啊，安全又好玩，不用像sn那样提心吊胆'
 '真有不卖的，就好比真有清官 一样'
 '是得罪了当地某位领导的狗。'
 '仙游男子？已挂掉的男子？'
 '朝阳群众突袭'
 '金叉叔叔应该严厉打击仙人跳，而不是处理这样的惠民活动。'
'有几个足浴店不是卖淫的'
 '不对吧，经营到4月发现也没有生意，然后到11月一共获利7W，哪来的4个月7W'
 '才获利七万多就挂了 街上那么多黑社会 地痞流氓搞垄断的获利多少了 咋不去弄'
 '没交保护费不翻才怪'
 '回家问问你妈你媳妇就知道了。'
 '正规的足浴少[可怜]'
 '南京那边足疗店里大多都有快餐'
 '受人之托 ：女，26岁，未婚，合肥人，1.68米，体重52公斤，中国科技大学毕业。漂亮大方，爱好读书、健身、游泳、王者荣耀。目前在一家世界500强公司做部门经理，工作稳定，年薪35万。合肥有2套房，1套在政务区，1套在蜀山区。奔驰C200小排量车上班代步，人务实、不拜金，父母公务员，退休金每月2W元。 她本人和家人现在非常着急，发动亲戚朋友想请大家给她新房子介绍一款效果比较好的无线路由器。
 '上路的一般不会管，不上路的不会马上管，因为你开店租门脸，装修前期投入了资金，口袋估计也没啥钱，等一段时间你挣钱了口袋充裕了把你拿下，养肥了再杀。'
 '辛辛苦苦折腾还没炒房赚得多，现在实业不好做啊'
 '呵呵足疗的目的是啥？
 '只要不啪啪啪就行了，搞点飞机什么的，查了也不会很重'
 '仙游娱乐会所上个月才去做了个498的套餐
'足浴店不my，那叫不务正业'
 'qnmd'
 '2016年年初到现在总共才获利7万多，太少了，按一年半算，十八个月，一个月不到四千，坚持生意惨淡。'
 '玩王者荣耀的智障，老子才懒得理你'
 '我们这足浴店一般做大保健的少，都是推油吹箫打打飞机，大保健要去会所'
 '顾客:正规不？              店员:绝对正规！顾客:正规的谁去！'
 '震动棒比较适合你'
 '南京1200基本没什么好货色了'
 '想多了 島國的風俗娘不接中國客人'
 '嫖到底是啥感觉，刺激吗[大哭]正牌农村老实人1.找不到地方2.怕被抓
 '违法犯罪要不得'
 '足浴店不卖'
'老套路了！'
 '这也能叫新闻？'
 '小编，这事让你唠的，你跟我俩逗着玩的吧？干足浴的不都这样吗？二楼足浴、三楼按摩、四楼那啥......'
 '很明显，是位良心老板，被抓时才获利7万，很明显，给员工的分红给的够狠！'
 '3个月才7万多，确实没生意'
 '女人自愿的'
 '使劲撸不疼吗？'
 '这些警察一天天的没个逼正经事，拐卖人口的，失踪的，死亡的，赌博的，诈骗的，传销的，绑架的，抢劫的，没一样看到你们警察有多努力。'
 '我开的这间木有'
 '确实很少了！东莞女 失足女 都改行直播了 先卖艺提高身价 再偶尔卖个身而已！ 还有炒白银 原油 邮票的 全是好逸恶劳失足女，酒托 饭托 茶托 。'
 '咱乡下的没有火车站'
 '南京哪里有，我怎么没遇到过'
 '哈哈，没交保护费的下场！'
 '这我老家，我咋不知道呢
 '楼上老司机'
 '这种事情也能成新闻？？？'
 '你们不要这样子'
 '回回看了新闻才知道'
 '快看，背景不硬就是这下场。'
'咋联系啊？'
 '都是低端的经营不善的才会有这种，正真有点档次都不会搞这种业务，砸自己招牌'
 '四个月7万，一个月就是1.8万，一天收入就是6百，三个女孩一天各2次，每次就是赚100块，按提成三分之一或者二分之一算，搞一次200--300块钱，业界良心。'
 '岛国不是合法的么 前提是你拿了岛国户口'
 '不疏通门路，就想开足浴？'
 '没有激情，只是打洞'
 '我勒个去，我以为是征婚的，认认真真看到最后，你跟我要路由器，操'
 '人家也是挣辛苦钱，警察不查治安违法的，顶着卖肉的真是煞费苦心，'
 '七万多还不值官猿的一顿饭钱'
 '你这不是理了嘛'
 '你也看到了，正常按摩亏损啊，没办法的事啊'
 '南京现在物价太高'
没想到这么快被发现'
 '卖淫嫖娼 永远不会被淘汰、这家被抓了 还有下一家，属于大众需求 ，被整天不干正事。'
 '什么地方50元'
'我区县老实人也是……'
 '偷税漏税肯定会被抓的'
 '嫖娼不如搞破鞋'
 '警察那么有空，怎么不去捉偷抢？那些人最可恨'
 '没交保护费吧'
 '免费送路由器  并提供上门安装服务。。。'
 '很多国家都合法，就中国跟人家不一样'
'蓝翔计院'
 '必须严厉打击这种扰乱市场的行为'
 '最主要的是怕处罚。尤其是通知单位和亲人，让你以后无脸见人。'
 '人家凭本事挣钱有错吗？ 又没有坑害社会，没有受害者！难道比去偷去抢还下流？ 伪君子定的法律，敢来个投 piao吗？'
 '298  扫黄扫的物价飞涨，，，以前298都能找个美妞来个全套了，，现在只能打给飞机，还嫌我射的慢，，我就那个草'
 '羡慕有这样朋友的人    走上我哪儿去坐坐 ！哎呀叫个小姐才几个钱 你快把钱收回去 你能来就是给兄弟面子了 怎么能要钱！ 哎呀你别客气了 我看你挺喜欢带回去明天早上做！ 说着就把妹子往我面包车里塞怎么拦都拦不住还不让我给钱 一给钱他就跟我急……'
 '见怪不怪 这个世界上都不少'
'我就在仙游'
 '参考上面黑龙江打击黑车保护伞，人家10几年才倒。。。你这一年不到就被端，好好反省吧'
 '老实人应该都不会知道这两个理由的'
 '现在深圳基本没有全套了。换来的是另外一种服务，出了做...其余的服务都没有改变。要什么有什么，就是不能做。一样玩的爽而且不犯法'
 '正规的店怎么活'
 '没有人罩着，一天都开不下去'
 '有几个足浴店不是卖淫的'
 '卧槽、牛皮了'
 '不奇怪'
 '才赚这么点钱'
 '不敢说百分之百  最起码百分之八十  都是这样店   不坑蒙拐骗就有存在的必要性'
'奇葩，靠山都没有也敢开~~~~~抢了多少会所的生意，肯定是要完蛋的~~~~'
 '莆田，产业升级了？'
 '我日！转的太快，差点噎着'
 '这是新闻吗？谁开足浴店不带小姐那才算是新闻'
'我也没有'
 '抢生意了，所以娱乐城的老板去举报了'
 '基本都经营不下去了 少数例外'
 '才七万块钱？生意不佳啊。'
 '警叔最热衷的就是查黄抓赌'
 '兄弟舒服，心里也舒服，闭上眼睛假装不知道。
 '谁让结婚娶媳妇那么费劲，那么多光棍，直接足浴简单有效还刺激！'
 '这位小编智商为零！这不是明显跟pcs关系掰了吗？'
 '只堵不疏，永远也治不好'
 '现在一般位置特别显眼的足浴店都是正规的，充其量是个手枪店，记住两个重点，如果一栋大厦有酒店又有足浴洗浴的九成有卖批的，另外就是单独的三星级以上的酒店地下一二层多半也有，微信QQ小卡片上九成是骗人的跟仙人跳，这是我多年总结的经验。每次到哪个城市出差我都要提前打开百度或者腾讯地图找一家酒店跟洗浴在一栋大厦的，上次去西安，住一家快捷酒店，9楼以上是酒店，8楼是个洗浴中心，我住了4天去了5次，每次都是穿个拖鞋做个电梯分分钟就到了。'
 '风俗店。。。'
 '有些没有吧'
'做好事没好下场'
 '打个飞机都200，环境太差了'
 '呵呵，随便找个足浴店，，，'
 '经验之谈'
 '我真以为没有坑[喷水]'
 '正规足浴都开不下去的，你们算算，我这边正规按摩45分钟35块，这收入交了房租上下打点和工资，老板能经营下去都是奇迹，况且一天也就几个小时繁忙时间人多'
 '都是翻船了才知道，唉'
 '我就是吴县陆游启'
 '只要你肯花钱打点关系。开在公安局隔壁都没人敢抓。'
 '耻辱，才7万[微笑]'
 '没有奇货，发不了洋财'
 '贵了，打飞机超过50都贵'
 '男子以开足浴店为名 暗地里组织卖淫获利7万多元'
 '行业文化啦'
 '这算啥？东莞黄江江海城当年那是黑车大本营，也是纵横多年才倒。莞樟路上经常有人坐着板凳开着一辆没有玻璃的破烂轿车经过（去改装窝点，江海城很多店铺啥都没有，只作为联络处），他们光明真大，不担心交警。'
 '前些年好多理发店不理发，与时俱进'
 '有几个足浴店不是卖淫的
'这TM也是新闻？'
 '风啊，那个吹，雪花，那个飘'
 '合法化就好了'
'以前广东地区有纯打飞机的，小姐使劲撸，直到把你撸的喷射，好像是80元一次，至于你说的398，估计都是实战，其实男人只要射出来，就特反感那些女人，恨不得杀了他们，因为男人又出力还出钱，太觉得亏了，这也是好多地方 小姐死亡率高的原因。'
'这行自古以来都合法，比勾搭有夫之妇好多了吧'
 '受人之托 ：女，26岁，未婚，合肥人，1.68米，体重52公斤，中国科技大学毕业。漂亮大方，爱好读书、健身、游泳、王者荣耀。目前在一家世界500强公司做部门经理，工作稳定，年薪35万。合肥有2套房，1套在政务区，1套在蜀山区。奔驰C200小排量车上班代步，人务实、不拜金，父母公务员，退休金每月2W元。 她本人和家人现在非常着急，发动亲戚朋友想请大家给她新房子介绍一款效果比较好的无线路由器。'
 '不懂事呀！'
 '尼玛的，我飞机票都买好了……'
 '钱难赚、屎难吃'
 '我区县老实人也是……'
 '这，不是个别。这，全国各地每个角角落落都是。这，不仅仅是底层百姓，上流社会人，包括整个上流社会都是这样的。凡是整个人类社会世界的每一个统治级阶只会欺压底层百姓。之所以说人类自古以来一直本来就是人杀人、人吃人、人欺人、人骗人、人欺压人、人压迫人的人类社会世界。'
 '妓院更名了，谓之足浴雅致多了'
 '请问兄台厦门哪里'
 '噢，这事咋地批评教育了？力度太大可不要惊着人渣。'
 '有次真的去洗脚，80块钱应该是正规的，玛德洗着洗着顺短裤管摸上来了。。。。。。没有心里防备真是爽'
 '我是无线路由器'
 '从2016到现在获利七万  活该关门'
 '你说的福建城温州城吧，开始30后来50'
 '三个月7万生意真不行！'
 '没交钱吧'
 '应该允许'
 '听说打飞机不犯法?'
 '你的ID是日本网友啊？   日本嫖不是合法的吗？'
 '你可以去死了'
 '张网吧的定价权强于达尔文的进化论===============================1、人类要解决的问题是：从哪里来，到何处去。2、达尔文解了各类人类从哪里的理论的终极定。3、张网吧解了人类各代目前各国的施正如何用工程学般定说，达明白弄通。================================4、达尔文当时没有被人类固步杀死，张网吧也没有，尽管都是传学困难，或许死后理论才能如进化论般被知，但是张网吧强于有网络。。。。。。。。。。。。。'
 '寮步'
 '钱少约炮约不到，又不准嫖，那岂不是等于禁止屌丝打炮？'
 '我看见五个比乒乓球大点的发光体发着月亮一样的冷光不刺眼，在我头顶上空时尔悬停不动，时尔以8字型相互绕来绕去，速度和你用手电筒的光绕8字型一样的，长达半个小时，最后相继向北方飞去，速度和手电筒的光划过整个天空是一样的，瞬间消失!阿门'
 '对有些人渣 就得用83年严打广杀的好办法进行治理！'
 '厦门老司机_能否仙人指路'
 '七万多元…'
 '没背景还想搞这个，找死……'
 '足浴几个不卖的'
 '那为什么要花钱？直接强奸不就完了'
 '足浴店不my，那叫不务正业'
 '现在的技院都都流行升级改名了，，，'
 '3个月才盈利7万多，良心企业啊。。。。。。'
 '四月盘下这个小店，到十一月拿7万，满打满算，算四月一共整月的话，一共八个月，8个月7万，每月不到1万，房租可能还是很高的。'
 '我都说，除了做，什么都可以。'
 '万利耶'
 '哪个足浴店不卖？'
 '火车站外边我知道，但是如果不熟悉情况，车站附近也是最乱的地方'
 '我前几天去一个县里面，专门找了一下几年前还好多的宾馆有小姐的地方，全被清理了，换个地方有不少发廊，进去一问有大宝剑不，全部没有。长时间出远门的想解决都没地方了'
 '数学老师教的，倒推法！'
 '有些费用，千万别忘记缴纳'
 '岛国也不是合法的 ，不怎么管到是真的'
 '去公厕墙上找个哥们电话，不要钱的'
 '大连有很多'
 '那怎么搞'
 '才赚七万元， 不查才怪，七万元不够打发啊。哥们。'
 '一看就没有关系，也来开足浴'
 '这都没有，想找个小姐都难'
'您好，我是路由器'
 '护照也行'
 '帮口还差不多，用手真的没感觉'
 '多了去了。'
 '哈尔滨我这满大街都是！没人管'
 '各大洗浴中心酒店不都有？怎么不去逮捕'
 '会所 浴场 SPA'
 '刚毕业那会不懂事，跑人家洗脚房门口问洗脚什么价，人家说了句：滚。'
'早80年代就设计好了'
 '足疗店本来就是做这个的啊。足疗店不做这个，还开什么足疗店？'
 '吹不吹？'
 '我就喜欢看引经据典的文化人的帖子િ😂ી'
 '衙门里没人也敢乱来，红星绝不允许这种破坏江湖规矩的存在。'
 '实际是妓院'
 '古老的生意，几千年前就有。'
 '仙游的多了去'
 '太不懂事 拿两万放在月饼盒里送去  别说查你 谁敢在足浴店里闹事出警速度都将会提升一个级别的。'
 '没必要管，卖淫是一门古老职业。其实也是一种服务，叫性服务工作者。'
 '为什么不交保护费。
 '你们不怕得艾滋吗'
 '没感觉'
 '无锡口加'
 '新手入场，不抓才怪。'
 '来广东汕头澄海汽车站旁边，美容美发的基本上都是'
 '有几个贪官污吏不包养小三，情人。和卖淫叫劲，如果不是为了钱，我真不知道为什么？'
 '我们这边打飞机100，胸推200。快餐100，带口活150。服务态度哪个差哟'
 '请问，她的新房子位于政务区还是蜀山区？'
 '哪个洗浴没有服务？
 '老板您好！我不是本地人，平时要等加晚班下班以后才有时间，要我请假白天就要另外赔我200工资，不管是等我晚上加完班还是要我白天请假都要提前告诉我，让我能有借口说出差之类的借口加完班以后才能约，850一晚，600两小时，你自己开房，和你一起冲凉，亲你全身那里都可以，亲嘴也可以，当然也会帮你吹，也可以射我口里，也可以用舌头舔你屁股，随便你叼我多少次，我的身体也随便你亲随便你摸，我不是像群里那些野鸡那样这又说不可以那又说不可以，我是像老婆那样，全听你的话，你叫我做什么服务我都听你的，也可以搞屁股加200也可以不带套加200也可以把你的精直接吞下我肚子里加100。老板…'
 '过年了要搞外快发奖金了'
 '四个月7万，一个月就是1.8万，一天收入就是6百，三个女孩一天各2次，每次就是赚100块，按提成三分之一或者二分之一算，搞一次200--300块钱。知道行情了哈哈。'
 '女浴池也不行'
 '还是有市场'
 '提供性服务属于正常行为'
 '无图言屌。'
 '足浴店不都是靠涉黄生存的吗？'
 '那估计没经营几天。'
 '女厕所不行'
 '哎，又开迟了'
 '足浴店不都是这样吗？这层窗户纸大家不好意思明说，所以戏称大保健。被抓的唯一可能就是上面领导没打点好，钱没给够。打点，现在常用意思为送人钱财以疏通关系，托人关照，见《红楼梦》：（凤姐）又拿了三百银子与他去打点。'
 '哎，只能靠五姑娘了'
 '这是要赶尽杀绝啊'
'才七万、丢人啊！'
 '有关系的长年生意火  没关系的来了就被点'
 '正规洗脚的多着咯，我经常去这中药泡脚，，打了球，冲了凉，吃点宵夜，再去泡一下脚，按摩按摩。。舒服。。。。相反MY的现在很少在足浴店里。。'
 '妈的，我竟然一直看到最后，果然翻车了！'
 '上流社会的人也是卖淫的，名人、明星、也是卖淫的。包括各个社会层次、各种身份的人都有卖淫的。上流社会的人，社会地位高的人卖淫的，名义上而不象百姓说的卖淫，另有名义上称谓和称呼和职称而已。自古以来皇室皇宫内的女人也有卖淫的。不过，现在的皇宫内的女人是不是卖淫的，关于这个话题老百姓不知道的了。'
 '那是因为你是中国人。。。一些上海嫁给日本流浪汉后，入籍的卖肉女可以插的。只不过是中国人在日本干中国人。川崎那边有的风俗店有智利；巴西等南美国家女人，也是可以干的，还有俄罗斯的，但俄罗斯的体臭挺重，有的看着挺好，身上汗毛长，摸着真不舒服。。。日本女人不让中国人干的，除非你日语接近母语，撩的他心花怒放，台湾和韩国的看她心情吧，一般对中国人都不太友好，这几年中国人在日本名声太臭。。。'
 '3.怕染病'
 '妈的，才7万元？'
 '看来都是去过的。'
 '暴利行业'
 '仙游是个好地方，可惜少了好去处'
 '把老子都看硬了来句这个'
 '嫖的是妓女，刺激的确实黄军？？？'
 '老司机啊'
 '老司机求带路'
 '万恶淫为首。。。。。。楼下搞起！'
 '开个荤场子才挣7万？？那等于赔钱了。还不够给公安局的'
 '那看怎么打了，在公交车上不行'
 '图呢？！？！'
 '我也没嫖过，主要是怕有病'
'有线的要吗，'
 '翻车了才知道，不厚道啊'
 '卖淫不是目的，主要是释放性病为医院提供货源'
 '这纯属小打小闹的，一天赚几百块而已'
 '没交保护费的结果'</comments><comments_num>4899</comments_num><comments_result>[0]'严查'
[0]全程用口服务
[-2]'你打击别人，别人会不会杀死你。'
[1]'整条街有多少家开着唯独抓他一家、事出有因'
[-1]'路由器没有，巨棒一根要不要'
[1.5]'现在都流行KB场啊，安全又好玩，不用像sn那样提心吊胆'
[1]'真有不卖的，就好比真有清官 一样'
[-1]'是得罪了当地某位领导的狗。'
[0]'仙游男子？已挂掉的男子？'
[0]'朝阳群众突袭'
[-3.0]'金叉叔叔应该严厉打击仙人跳，而不是处理这样的惠民活动。'
[-1]'有几个足浴店不是卖淫的'
[2]'不对吧，经营到4月发现也没有生意，然后到11月一共获利7W，哪来的4个月7W'
[0]'才获利七万多就挂了 街上那么多黑社会 地痞流氓搞垄断的获利多少了 咋不去弄'
[1]'没交保护费不翻才怪'
[1]'回家问问你妈你媳妇就知道了。'
[0]'正规的足浴少[可怜]'
[0]'南京那边足疗店里大多都有快餐'
[11.2]'受人之托 ：女，26岁，未婚，合肥人，1.68米，体重52公斤，中国科技大学毕业。漂亮大方，爱好读书、健身、游泳、王者荣耀。目前在一家世界500强公司做部门经理，工作稳定，年薪35万。合肥有2套房，1套在政务区，1套在蜀山区。奔驰C200小排量车上班代步，人务实、不拜金，父母公务员，退休金每月2W元。 她本人和家人现在非常着急，发动亲戚朋友想请大家给她新房子介绍一款效果比较好的无线路由器。
[3]'上路的一般不会管，不上路的不会马上管，因为你开店租门脸，装修前期投入了资金，口袋估计也没啥钱，等一段时间你挣钱了口袋充裕了把你拿下，养肥了再杀。'
[-2]'辛辛苦苦折腾还没炒房赚得多，现在实业不好做啊'
[0]'呵呵足疗的目的是啥？
[0.8]'只要不啪啪啪就行了，搞点飞机什么的，查了也不会很重'
[2]'仙游娱乐会所上个月才去做了个498的套餐
[-1]'足浴店不my，那叫不务正业'
[0]'qnmd'
[3]'2016年年初到现在总共才获利7万多，太少了，按一年半算，十八个月，一个月不到四千，坚持生意惨淡。'
[-3]'玩王者荣耀的智障，老子才懒得理你'
[3]'我们这足浴店一般做大保健的少，都是推油吹箫打打飞机，大保健要去会所'
[6]'顾客:正规不？              店员:绝对正规！顾客:正规的谁去！'
[2.0]'震动棒比较适合你'
[1]'南京1200基本没什么好货色了'
[1]'想多了 島國的風俗娘不接中國客人'
[-2]'嫖到底是啥感觉，刺激吗[大哭]正牌农村老实人1.找不到地方2.怕被抓
[-1]'违法犯罪要不得'
[0]'足浴店不卖'
[0]'老套路了！'
[1]'这也能叫新闻？'
[-2]'小编，这事让你唠的，你跟我俩逗着玩的吧？干足浴的不都这样吗？二楼足浴、三楼按摩、四楼那啥......'
[8.5]'很明显，是位良心老板，被抓时才获利7万，很明显，给员工的分红给的够狠！'
[0]'3个月才7万多，确实没生意'
[1]'女人自愿的'
[-2]'使劲撸不疼吗？'
[-6.8]'这些警察一天天的没个逼正经事，拐卖人口的，失踪的，死亡的，赌博的，诈骗的，传销的，绑架的，抢劫的，没一样看到你们警察有多努力。'
[0]'我开的这间木有'
[-2]'确实很少了！东莞女 失足女 都改行直播了 先卖艺提高身价 再偶尔卖个身而已！ 还有炒白银 原油 邮票的 全是好逸恶劳失足女，酒托 饭托 茶托 。'
[-1]'咱乡下的没有火车站'
[-1]'南京哪里有，我怎么没遇到过'
[0]'哈哈，没交保护费的下场！'
[-1]'这我老家，我咋不知道呢
[-1]'楼上老司机'
[0]'这种事情也能成新闻？？？'
[-1]'你们不要这样子'
[1]'回回看了新闻才知道'
[0]'快看，背景不硬就是这下场。'
[0]'咋联系啊？'
[-1.2]'都是低端的经营不善的才会有这种，正真有点档次都不会搞这种业务，砸自己招牌'
[0]'四个月7万，一个月就是1.8万，一天收入就是6百，三个女孩一天各2次，每次就是赚100块，按提成三分之一或者二分之一算，搞一次200--300块钱，业界良心。'
[0]'岛国不是合法的么 前提是你拿了岛国户口'
[0]'不疏通门路，就想开足浴？'
[-1]'没有激情，只是打洞'
[2]'我勒个去，我以为是征婚的，认认真真看到最后，你跟我要路由器，操'
[-1]'人家也是挣辛苦钱，警察不查治安违法的，顶着卖肉的真是煞费苦心，'
[-1.5]'七万多还不值官猿的一顿饭钱'
[-1]'你这不是理了嘛'
[1]'你也看到了，正常按摩亏损啊，没办法的事啊'
[0]'南京现在物价太高'
[0]没想到这么快被发现'
[-1]'卖淫嫖娼 永远不会被淘汰、这家被抓了 还有下一家，属于大众需求 ，被整天不干正事。'
[0]'什么地方50元'
[0]'我区县老实人也是……'
[3]'偷税漏税肯定会被抓的'
[-1]'嫖娼不如搞破鞋'
[-3.0]'警察那么有空，怎么不去捉偷抢？那些人最可恨'
[0]'没交保护费吧'
[0]'免费送路由器  并提供上门安装服务。。。'
[2]'很多国家都合法，就中国跟人家不一样'
[0]'蓝翔计院'
[0]'必须严厉打击这种扰乱市场的行为'
[2.8]'最主要的是怕处罚。尤其是通知单位和亲人，让你以后无脸见人。'
[-7.0]'人家凭本事挣钱有错吗？ 又没有坑害社会，没有受害者！难道比去偷去抢还下流？ 伪君子定的法律，敢来个投 piao吗？'
[-1.5]'298  扫黄扫的物价飞涨，，，以前298都能找个美妞来个全套了，，现在只能打给飞机，还嫌我射的慢，，我就那个草'
[10.2]'羡慕有这样朋友的人    走上我哪儿去坐坐 ！哎呀叫个小姐才几个钱 你快把钱收回去 你能来就是给兄弟面子了 怎么能要钱！ 哎呀你别客气了 我看你挺喜欢带回去明天早上做！ 说着就把妹子往我面包车里塞怎么拦都拦不住还不让我给钱 一给钱他就跟我急……'
[1]'见怪不怪 这个世界上都不少'
[0]'我就在仙游'
[-1]'参考上面黑龙江打击黑车保护伞，人家10几年才倒。。。你这一年不到就被端，好好反省吧'
[0]'老实人应该都不会知道这两个理由的'
[2]'现在深圳基本没有全套了。换来的是另外一种服务，出了做...其余的服务都没有改变。要什么有什么，就是不能做。一样玩的爽而且不犯法'
[2]'正规的店怎么活'
[-1]'没有人罩着，一天都开不下去'
[-1]'有几个足浴店不是卖淫的'
[0]'卧槽、牛皮了'
[1]'不奇怪'
[0]'才赚这么点钱'
[-1]'不敢说百分之百  最起码百分之八十  都是这样店   不坑蒙拐骗就有存在的必要性'
[2]'奇葩，靠山都没有也敢开~~~~~抢了多少会所的生意，肯定是要完蛋的~~~~'
[1]'莆田，产业升级了？'
[0]'我日！转的太快，差点噎着'
[0]'这是新闻吗？谁开足浴店不带小姐那才算是新闻'
[-1]'我也没有'
[0]'抢生意了，所以娱乐城的老板去举报了'
[2]'基本都经营不下去了 少数例外'
[-1]'才七万块钱？生意不佳啊。'
[2.0]'警叔最热衷的就是查黄抓赌'
[0]'兄弟舒服，心里也舒服，闭上眼睛假装不知道。
[-5.6]'谁让结婚娶媳妇那么费劲，那么多光棍，直接足浴简单有效还刺激！'
[-3]'这位小编智商为零！这不是明显跟pcs关系掰了吗？'
[2]'只堵不疏，永远也治不好'
[6]'现在一般位置特别显眼的足浴店都是正规的，充其量是个手枪店，记住两个重点，如果一栋大厦有酒店又有足浴洗浴的九成有卖批的，另外就是单独的三星级以上的酒店地下一二层多半也有，微信QQ小卡片上九成是骗人的跟仙人跳，这是我多年总结的经验。每次到哪个城市出差我都要提前打开百度或者腾讯地图找一家酒店跟洗浴在一栋大厦的，上次去西安，住一家快捷酒店，9楼以上是酒店，8楼是个洗浴中心，我住了4天去了5次，每次都是穿个拖鞋做个电梯分分钟就到了。'
[0]'风俗店。。。'
[-1.2]'有些没有吧'
[0]'做好事没好下场'
[0]'打个飞机都200，环境太差了'
[1]'呵呵，随便找个足浴店，，，'
[0]'经验之谈'
[0]'我真以为没有坑[喷水]'
[6]'正规足浴都开不下去的，你们算算，我这边正规按摩45分钟35块，这收入交了房租上下打点和工资，老板能经营下去都是奇迹，况且一天也就几个小时繁忙时间人多'
[1]'都是翻船了才知道，唉'
[0]'我就是吴县陆游启'
[1]'只要你肯花钱打点关系。开在公安局隔壁都没人敢抓。'
[-1]'耻辱，才7万[微笑]'
[-1]'没有奇货，发不了洋财'
[1]'贵了，打飞机超过50都贵'
[0]'男子以开足浴店为名 暗地里组织卖淫获利7万多元'
[0]'行业文化啦'
[1]'这算啥？东莞黄江江海城当年那是黑车大本营，也是纵横多年才倒。莞樟路上经常有人坐着板凳开着一辆没有玻璃的破烂轿车经过（去改装窝点，江海城很多店铺啥都没有，只作为联络处），他们光明真大，不担心交警。'
[0]'前些年好多理发店不理发，与时俱进'
[-1]'有几个足浴店不是卖淫的
[0]'这TM也是新闻？'
[0]'风啊，那个吹，雪花，那个飘'
[1]'合法化就好了'
[-1.8]'以前广东地区有纯打飞机的，小姐使劲撸，直到把你撸的喷射，好像是80元一次，至于你说的398，估计都是实战，其实男人只要射出来，就特反感那些女人，恨不得杀了他们，因为男人又出力还出钱，太觉得亏了，这也是好多地方 小姐死亡率高的原因。'
[1]'这行自古以来都合法，比勾搭有夫之妇好多了吧'
[11.2]'受人之托 ：女，26岁，未婚，合肥人，1.68米，体重52公斤，中国科技大学毕业。漂亮大方，爱好读书、健身、游泳、王者荣耀。目前在一家世界500强公司做部门经理，工作稳定，年薪35万。合肥有2套房，1套在政务区，1套在蜀山区。奔驰C200小排量车上班代步，人务实、不拜金，父母公务员，退休金每月2W元。 她本人和家人现在非常着急，发动亲戚朋友想请大家给她新房子介绍一款效果比较好的无线路由器。'
[-3]'不懂事呀！'
[-1]'尼玛的，我飞机票都买好了……'
[-1]'钱难赚、屎难吃'
[0]'我区县老实人也是……'
[-7]'这，不是个别。这，全国各地每个角角落落都是。这，不仅仅是底层百姓，上流社会人，包括整个上流社会都是这样的。凡是整个人类社会世界的每一个统治级阶只会欺压底层百姓。之所以说人类自古以来一直本来就是人杀人、人吃人、人欺人、人骗人、人欺压人、人压迫人的人类社会世界。'
[1]'妓院更名了，谓之足浴雅致多了'
[0]'请问兄台厦门哪里'
[-2]'噢，这事咋地批评教育了？力度太大可不要惊着人渣。'
[4]'有次真的去洗脚，80块钱应该是正规的，玛德洗着洗着顺短裤管摸上来了。。。。。。没有心里防备真是爽'
[0]'我是无线路由器'
[1]'从2016到现在获利七万  活该关门'
[-1]'你说的福建城温州城吧，开始30后来50'
[-1.0]'三个月7万生意真不行！'
[0]'没交钱吧'
[1]'应该允许'
[1]'听说打飞机不犯法?'
[0]'你的ID是日本网友啊？   日本嫖不是合法的吗？'
[-1]'你可以去死了'
[1]'张网吧的定价权强于达尔文的进化论===============================1、人类要解决的问题是：从哪里来，到何处去。2、达尔文解了各类人类从哪里的理论的终极定。3、张网吧解了人类各代目前各国的施正如何用工程学般定说，达明白弄通。================================4、达尔文当时没有被人类固步杀死，张网吧也没有，尽管都是传学困难，或许死后理论才能如进化论般被知，但是张网吧强于有网络。。。。。。。。。。。。。'
[0]'寮步'
[-3]'钱少约炮约不到，又不准嫖，那岂不是等于禁止屌丝打炮？'
[2]'我看见五个比乒乓球大点的发光体发着月亮一样的冷光不刺眼，在我头顶上空时尔悬停不动，时尔以8字型相互绕来绕去，速度和你用手电筒的光绕8字型一样的，长达半个小时，最后相继向北方飞去，速度和手电筒的光划过整个天空是一样的，瞬间消失!阿门'
[3.8]'对有些人渣 就得用83年严打广杀的好办法进行治理！'
[-1]'厦门老司机_能否仙人指路'
[0]'七万多元…'
[-1.5]'没背景还想搞这个，找死……'
[0]'足浴几个不卖的'
[-1]'那为什么要花钱？直接强奸不就完了'
[-1]'足浴店不my，那叫不务正业'
[2]'现在的技院都都流行升级改名了，，，'
[1]'3个月才盈利7万多，良心企业啊。。。。。。'
[3.5]'四月盘下这个小店，到十一月拿7万，满打满算，算四月一共整月的话，一共八个月，8个月7万，每月不到1万，房租可能还是很高的。'
[-1]'我都说，除了做，什么都可以。'
[0]'万利耶'
[0]'哪个足浴店不卖？'
[0]'火车站外边我知道，但是如果不熟悉情况，车站附近也是最乱的地方'
[6]'我前几天去一个县里面，专门找了一下几年前还好多的宾馆有小姐的地方，全被清理了，换个地方有不少发廊，进去一问有大宝剑不，全部没有。长时间出远门的想解决都没地方了'
[0]'数学老师教的，倒推法！'
[-1]'有些费用，千万别忘记缴纳'
[0]'岛国也不是合法的 ，不怎么管到是真的'
[-1]'去公厕墙上找个哥们电话，不要钱的'
[1]'大连有很多'
[0]'那怎么搞'
[-2]'才赚七万元， 不查才怪，七万元不够打发啊。哥们。'
[-1]'一看就没有关系，也来开足浴'
[-1]'这都没有，想找个小姐都难'
[0]'您好，我是路由器'
[1]'护照也行'
[0]'帮口还差不多，用手真的没感觉'
[0]'多了去了。'
[0]'哈尔滨我这满大街都是！没人管'
[0]'各大洗浴中心酒店不都有？怎么不去逮捕'
[1]'会所 浴场 SPA'
[-1]'刚毕业那会不懂事，跑人家洗脚房门口问洗脚什么价，人家说了句：滚。'
[1]'早80年代就设计好了'
[0]'足疗店本来就是做这个的啊。足疗店不做这个，还开什么足疗店？'
[0]'吹不吹？'
[0]'我就喜欢看引经据典的文化人的帖子િ😂ી'
[1]'衙门里没人也敢乱来，红星绝不允许这种破坏江湖规矩的存在。'
[1]'实际是妓院'
[0]'古老的生意，几千年前就有。'
[0]'仙游的多了去'
[0.0]'太不懂事 拿两万放在月饼盒里送去  别说查你 谁敢在足浴店里闹事出警速度都将会提升一个级别的。'
[1]'没必要管，卖淫是一门古老职业。其实也是一种服务，叫性服务工作者。'
[0]'为什么不交保护费。
[1]'你们不怕得艾滋吗'
[0]'没感觉'
[0]'无锡口加'
[-3]'新手入场，不抓才怪。'
[0]'来广东汕头澄海汽车站旁边，美容美发的基本上都是'
[-1]'有几个贪官污吏不包养小三，情人。和卖淫叫劲，如果不是为了钱，我真不知道为什么？'
[1]'我们这边打飞机100，胸推200。快餐100，带口活150。服务态度哪个差哟'
[0]'请问，她的新房子位于政务区还是蜀山区？'
[-1]'哪个洗浴没有服务？
[11.5]'老板您好！我不是本地人，平时要等加晚班下班以后才有时间，要我请假白天就要另外赔我200工资，不管是等我晚上加完班还是要我白天请假都要提前告诉我，让我能有借口说出差之类的借口加完班以后才能约，850一晚，600两小时，你自己开房，和你一起冲凉，亲你全身那里都可以，亲嘴也可以，当然也会帮你吹，也可以射我口里，也可以用舌头舔你屁股，随便你叼我多少次，我的身体也随便你亲随便你摸，我不是像群里那些野鸡那样这又说不可以那又说不可以，我是像老婆那样，全听你的话，你叫我做什么服务我都听你的，也可以搞屁股加200也可以不带套加200也可以把你的精直接吞下我肚子里加100。老板…'
[1]'过年了要搞外快发奖金了'
[1]'四个月7万，一个月就是1.8万，一天收入就是6百，三个女孩一天各2次，每次就是赚100块，按提成三分之一或者二分之一算，搞一次200--300块钱。知道行情了哈哈。'
[-1]'女浴池也不行'
[0]'还是有市场'
[1]'提供性服务属于正常行为'
[0]'无图言屌。'
[0]'足浴店不都是靠涉黄生存的吗？'
[-1]'那估计没经营几天。'
[-1]'女厕所不行'
[0]'哎，又开迟了'
[-2]'足浴店不都是这样吗？这层窗户纸大家不好意思明说，所以戏称大保健。被抓的唯一可能就是上面领导没打点好，钱没给够。打点，现在常用意思为送人钱财以疏通关系，托人关照，见《红楼梦》：（凤姐）又拿了三百银子与他去打点。'
[0]'哎，只能靠五姑娘了'
[0]'这是要赶尽杀绝啊'
[-3]'才七万、丢人啊！'
[0]'有关系的长年生意火  没关系的来了就被点'
[0]'正规洗脚的多着咯，我经常去这中药泡脚，，打了球，冲了凉，吃点宵夜，再去泡一下脚，按摩按摩。。舒服。。。。相反MY的现在很少在足浴店里。。'
[-1]'妈的，我竟然一直看到最后，果然翻车了！'
[0]'上流社会的人也是卖淫的，名人、明星、也是卖淫的。包括各个社会层次、各种身份的人都有卖淫的。上流社会的人，社会地位高的人卖淫的，名义上而不象百姓说的卖淫，另有名义上称谓和称呼和职称而已。自古以来皇室皇宫内的女人也有卖淫的。不过，现在的皇宫内的女人是不是卖淫的，关于这个话题老百姓不知道的了。'
[-4.0]'那是因为你是中国人。。。一些上海嫁给日本流浪汉后，入籍的卖肉女可以插的。只不过是中国人在日本干中国人。川崎那边有的风俗店有智利；巴西等南美国家女人，也是可以干的，还有俄罗斯的，但俄罗斯的体臭挺重，有的看着挺好，身上汗毛长，摸着真不舒服。。。日本女人不让中国人干的，除非你日语接近母语，撩的他心花怒放，台湾和韩国的看她心情吧，一般对中国人都不太友好，这几年中国人在日本名声太臭。。。'
[-1]'3.怕染病'
[0]'妈的，才7万元？'
[0]'看来都是去过的。'
[0]'暴利行业'
[0]'仙游是个好地方，可惜少了好去处'
[0]'把老子都看硬了来句这个'
[-2]'嫖的是妓女，刺激的确实黄军？？？'
[-1]'老司机啊'
[-1]'老司机求带路'
[-2]'万恶淫为首。。。。。。楼下搞起！'
[-2.5]'开个荤场子才挣7万？？那等于赔钱了。还不够给公安局的'
[-1]'那看怎么打了，在公交车上不行'
[0]'图呢？！？！'
[0]'我也没嫖过，主要是怕有病'
[1]'有线的要吗，'
[0]'翻车了才知道，不厚道啊'
[0]'卖淫不是目的，主要是释放性病为医院提供货源'
[0]'这纯属小打小闹的，一天赚几百块而已'
[0]'没交保护费的结果'</comments_result><comments_dict>text_pos_number:积极评论条数为 71 条，占全部评论比例的 %28.999999999999996
text_neg_number消极评论条数为 79 条，占全部评论比例的 %32.0
text_mid_number中性情感评论条数为 97 条，占全部评论比例的 %39.0
text_pos_mean平和
text_neg_mean愤怒
text_total_mean淡定
text_total_var情感波动很小</comments_dict></doc>