<?xml version='1.0' encoding='utf-8'?>
<doc><id>133</id><url>http://news.163.com/17/1208/23/D5616SVR0001899O.html</url><title>联合国驻刚果（金）维和部队遇袭 已致14人遇难</title><datetime>2017-12-08 23:45:00</datetime><body>

                    （原标题：联合国驻刚果（金）维和部队遇袭 致14人遇难）
                
据路透社快讯，联合国驻刚果（金）维和部队8日遇袭。袭击事件已造成14人遇难，超过40人受伤。俄罗斯卫星通讯社援引联合国官员称，遇难维和人员大多来自坦桑尼亚。俄罗斯卫星通讯社援引刚果（金）当地Okapi电台的报道称，袭击或为民主同盟军所为。刚果（金）东部同乌干达接壤，“民主同盟军”长期盘踞在刚果（金）境内，经常对当地的刚果（金）政府军和平民发动袭击。



1名联合国维和士兵在中非共和国遇袭身亡3人受伤新华社雅温得11月26日电 班吉消息：联合国中非共和国多层面综合稳定团（中非稳定团）26日发布公告说，一支维和部队当天上午在中非东南部城市甘博附近遭当地武装袭击，1名埃及籍维和士兵死亡，另有3人受伤。


 本文来源：央视新闻  
责任编辑：李杭_BJS4645 
</body><keywords>联合国 0.054092835876048566;袭击 0.03384737408106766;遇袭 0.026866464589262437;遇难 0.025844461741376456;刚果 0.025046685741387353;维和 0.024986424644949615;央视 0.02264920780426752;李杭 0.02264920780426752;民主 0.022648419652019802;维和部队 0.01967529980411225</keywords><naive_snippet>

                    （原标题：联合国驻刚果（金）维和部队遇袭 致14人遇难）
                
据路透社快讯，联合国驻刚果（金）维和部队8日遇袭。袭击事件已造成14人遇难，超过40人受伤。俄罗斯卫星通讯社援引联合国官员称，遇难维和人员大多来自坦桑尼亚。俄罗斯卫</naive_snippet><selected_snippet>1名联合国维和士兵在中非共和国遇袭身亡3人受伤新华社雅温得11月26日电 班吉消息：联合国中非共和国多层面综合稳定团（中非稳定团）26日发布公告说，一支维和部队当天上午在中非东南部城市甘博附近遭当地武装袭击，1名埃及籍维和士兵死亡，另有3人受伤</selected_snippet><comments> '好大仇。'
 '那地方全是军阀，中国人在那边挖金矿的也很多'
 '希望没有我国人員!祈福平安!'
 '怎么回事'
'没有，14名是尼日利亚的维和士兵，以及6个刚果金的军人。'
'你这么一说我就信了'
 '愿地球无战'
 '你好，来自bj的快递到了。'
 '就没把非洲国家维和部队当外人'
'用华为与任何物是人非无关！'
'祈祷我维和官兵平安'
 '胆大妄为
 'is ：it is is do it
 '平安'
 '半夜看到这新闻，祈福平安'
 '中或赢'
 '希望没有中国人'
 '美国侵略别国都行，地方武装能挑战联合国，虽称联合国还不如一个国。'
 '联合国也敢动'
 '关心的是中国人死了多少'
 '好 支持'
 '不能告诉你！'
 '希望没有我国的！'
 '就是扎伊尔，后来再次解放改回民主刚果，首都金沙萨，和另一个刚果的首都就隔一条河。'
 '呵呵'
 '看新闻瞎吗？ 还是脑残'
 '太极端'
 '我一大学同学后来当国防生，去部队没几年就被派非洲了。去年是第二次去。确实很苦，也很危险。不过回来能升迁'
 '应该把所有的黑人都关在非洲大陆，提议全球众筹给绕非洲建墙，每个国家按经济条件出资出人，日夜把守墙体，有人偷渡直接击杀。'
 '都不看内容？遇难维和人员来自坦桑尼亚…………'
 '刚果分为刚果（金）和刚果（布）'
 '午餐
 '首都在金萨沙的刚果'
 '问题来了，你是不是傻逼脑缺呢'
 '不怕，有战狼2在。'
 '昨天晚上我也操了，确实不错😍'
 '约着干掉这些狗屁组装吧，伤天害理'
 '兵没有错 不能怪兵'
 '楼上，打脸了吧？'
 '不是吧'
 '哎～～～'
 '袭击联合国部队就是歹徒？你把志愿军放在哪？'
 '不挥五星红旗的下场……'
 '是中国的部队吗？'
 '我们不写新闻，我们是新闻的搬运工，按需搬运'
 '。。。。。'
 '所以你母亲还好吗
 '唉，我对一楼多好，一个个回复，刚开始新闻只有现在的第一段，明白了吧二楼。'
 '都退出吧   让他们自生自灭'
 '貌似是坦桑利亚的'
 '旧长深！'
 '那谁呢？电影里的那个票房纪录的人呢？让他去啊！'
 '恕我直言，非洲那些外星生物就让它们自生自灭得了，不要什么圣母维和部队，牺牲了也没有任何意义
 '新闻短是因为突发事件，暂无详实的内容。与事件大小无关'
 '维和部队也敢打，作死！'
 '我在中国（浙）'
 '事儿越大'
 '[被黑][被黑]'
 '坦桑尼亚的维和部队，希望没有中国人伤亡……阿门'
 '你们这是在自寻死路！'
 '赞同'
'666'
 '但是他们却在用生命保护你们这帮站在中国土地上的傻逼脑缺的货！'
 '你意思死别的国家的就不重要'
 '短……'
'俄罗斯卫星通讯社援引联合国官员称，遇难维和人员大多来自坦桑尼亚。这是本新闻第二句！少数是哪里的就不知道了。'
'我有个哥们在那边做生意的，不会有事吧，嫂子很漂亮的。哎'
 '不太平呀～
 '为什么搞不懂'
 '谁还有个刚果(布)'
 '愿世界和平！'
 '55555'
'美国的维和部队在哪儿？'
 '要战狼2才行'
 '111'
 '还有一个刚果（布）'
'没有我国的就好！'
 '事情越大
'基本上是三个傻逼，一楼不傻逼也不会问出傻逼的问题。'
 '多谢！唉，快被喷死了！'
 '扎伊尔'
 '是你麻痹，瞎还他喵的当喷子
 '括号金是什么意思？'
 '联合国驻刚果（金）维和部队遇袭 已致14人遇难'
 '或赢'
 '弃🈺事件是怎么回事？'
 '中国派那么多的士兵去维和干嘛？不会是国内无战争，派士兵去搞个实战的，'
 '我叔叔以前就在刚果维和，那里有中国部队的'
 '但是一般还没有接到详实内容的时候就为了时效性第一时间发布的新闻，肯定不是一般事。'
 '我在刚果（布）干了一年，刚果（金）与刚果（布）两国原是一国，后分为两国，以刚果河为界，首都相近隔河相望，国名相同以首都名区别，即首都金萨沙的为刚果（金），首布拉柴的为刚果（布）'
'干涉内政还是侵犯主权？'
 '没有的话报道会更详细的，报道简单，默认为有'
 '愿世界和平。'
 '跟贴被火星网友带走啦~'
 '……'
 '不是中国维和吧'
 '坦桑尼亚，被誉为非洲解放军'
 '不好意思回错人了，是骂那个厦门叫什么小舅子救我的……'
 '祝愿中国军人平安。'
 '楼上两个傻逼'
 '六楼，你话说的太寒心了。军人不是不能死在岗位上，和平年代死在岗位上的兵还少吗？尊重是相互的，大家相互理解，才能体现人与人之间的温情。很多兵都是义务兵，待遇一般，却要干最危险的活，脱了军装，一样要工作交税。你不能说工人清洁工受不到尊重，而这些小兵就因为领了国家发的工资，就活该干危险的活，然后死了活该。'
 '关键还没有太多重武器'
 '坦桑尼亚维和部队人员'
 '天佑中国维和官兵'
 '听起来有点吓人啊'
'华为啊，荡只会腔，保护荡的。'
 '你去的话，肯定当场大小便失禁……'
 '说了大多来自坦桑尼亚。希望我们的没有！'
 '你们不看正文的？，遇难维和人员多来自坦桑尼亚'
 '希望没有国人'
 '你指望喷子看新闻？…'
 '有华为看战狼，不怕不怕。'
 '报道详细了就是没有，短就是有而且大部分是'
 '你就是个傻逼'
 '不是，是我们这里。'
 '把一楼这个傻逼顶上去！！
 '新闻仔细看，'
 '黑鬼打黑鬼！'
 '这是不是我们说的干涉内政啊…
 '并且月经不调'
 '先声夺人'
 '希望不要听到其它的信息。'
 '傻逼喷狗的话，看了笑笑就好。'
 '.！
 '维和部队大部分是华人'
 '问题严重
 '俄罗斯卫星通讯社援引联合国官员称，遇难维和人员大多来自坦桑尼亚。
 '刷一波资历回国就是大领导'
 '联合国成立以来最大的一次维和行动是？'
 '是中国的？
 '杀无赦~'
 '一颗原子弹彻底把这个动乱的地方解决。'
 '希望虽远必诛不是口头上的。'
 '顶顶'
 '人性化'
 '祝平安'
'新闻都没说是哪国部队，你话说得太早了！'
 '希望平安'
 '希望无中国维和部队'
 '维和部队真不容易，有规定，不能随便开枪，   你不要他的命，他要你的命……'
 '半夜！！事情有点大啊'
 '从没见过这么短的新闻。。。。只有一句话啊
'不是'
 '全世界都在反恐，可是消灭几个恐怖分子好像很难吗？这中间肯定有大国的支持，而且是可以在联合国说话的国家。'
 '我就好奇，中國部隊死了有多少人'
 '联合国维和部队为何屡屡遭袭？就因为政策不对，只防守，不进攻。第一次就彻底消灭袭击歹徒，以后就没人敢了。'
 '好短的新闻'
 '一个朋友的金矿一员工被反政府武装 AK47爆头 一人耳朵被割掉  现实不是战狼2'
 '尼玛被日你肯定知道喽'
 '哦⊙∀⊙！
 '灭了黑鬼天下太平'
 '周末'
 '但愿没有中国军人'
 '是新闻越短越大，惩罚恐怖份子，希望无中国人么[窃笑][窃笑][窃笑]'
 '感觉健健康康快快乐乐'
 '刚果（金）表示首都是金萨沙的那国家，还有刚果（布）即首都布拉柴'
 '在那里？最好不要是布卡武，那里的维和部队是中国的；也不要是戈马，哥现在就在戈马；也不要布坦博、布尼亚，哥过几天还要去那里……'
 '疯狗乱咬人'
 '曾经待过的地方，祈福平安'
 '默哀'
 '新闻越短，事情越大'
 '能平安活着真好。什么压力算什么?_?'
 '内蒙净出傻逼'
 '希望无我国的维和战士'
 '噢哦'
 '把好奇改成担心吧'
 '强烈谴责！'
 '为遇难者默哀'
 '这是黑客军团上演？'
 '派战狼去'
 '虽远诛'
 '有组织宣称负责没？'
 '非洲有狼吗？开炮。。。。。'
 '古三四楼傻批'
 '坐等早上看更全面的内容！'
 '[晕]
'战乱地方'
 '真不可思议 这新闻尽然出自俄罗斯法新社  天朝的新闻办事处呢'
 '国外太乱了'
 '希望中国的部队在外平平安安'
 '把动乱的人灭了他'
 '驻巴基斯坦大使馆要提高警惕'
'知道了'
 '愿我将士平安'
 '内战还在继续吗'
 '没有的话，会点名是某某某些邪恶郭嘉的士兵牺牲了。人家恐怖分子又不傻，肯定也会看碟下菜，柿子当然要捡软的捏'
 '阿弥陀佛'
 '非洲有狼🐺吗？😂'
 '有钱呗'
'这是啥意思啊！'
 '望安全'
 '为什么？'
 '吓得前列腺癌和乳腺癌同时发病'
 '太可恶了！'
 '[可怜][可怜][可怜][可怜][可怜][可怜][可怜][可怜][可怜][可怜][可怜][可怜]不是中国人在非洲都会得到当地人尊敬吗，战狼2都是这么说的'
 '人民，子弟兵，......'
 '要我说这种国家都没必要派维和部队去'
 '路过。'
 '不堪一击还是他们火力过猛'
 '快派战狼二'
 '非洲是非之洲'
 '这应该是在butembo这个地方'
'黑人自由就生乱'
 '是不是又是某宗教聚集地'
 '新闻越短'
 '给恐袭分子几枚导弹吃吃'
 '小的叫刚果共和国，首都布拉柴维尔，所以简称刚果布，大的叫刚果民主共和国，首都金沙萨，简称刚果金。两个国家比邻，首都隔着河。'
 '区分刚果与刚果（金）两个国家，苏丹与南苏丹，朝鲜与南朝鲜，内战真的不可理解'
 '你妈干的漂亮
 '好短，'
 '逝者安息🕯️ 你们是英雄'
 '便宜儿子，你 的妈不错，干的爽'
'危险之地'
 '丧心病狂啊'
'诶，'
 '上次被袭现场，其它食兵都特么吓哭了，，，。'
 '因为还有刚果（布）
 '动乱'
 '粗大'
 '新闻联播告诉我们人民的生活幸福安康！'
 '人民子弟兵在外注意安全！'
 '第21批'
 '都不文明'
 '和煞笔用得了解释吗'
 '好的'
 '说了是坦桑尼亚'
 '搞死杀害我们兄弟姐妹的人'
 '有同事在乌干达，好担心'
 '那边人本来就不要命。还怕维和部队？我亲戚去那边做个小生意。半年不到就走了。可以说那边的人把命看的很低。'
 '刚果有两个，一个刚果金，一个刚果布'
 '整天阴阳怪气会早死的'
 '老子在刚果（布）这几天，胆战心惊的！'
'好短'
 '希望一切平安  唉
 '卧槽尼玛'
 '新短大'
 '中国在刚果金派驻，有问题了'
 '前沿是危险的'
 '中国要在那地方敢造次团灭了他们！'
 '希望中国维和军人平安！'
 '半夜的新闻总是很雷人'
 '我在刚果金，祈祷
 '老天保佑我维和官兵平安'
 '坦桑尼亚的维和部队，不说了，要出发了。'
 '事越大'
 '人说了，大多来自坦桑尼亚'
'还是美州平静'
 '二楼傻逼
 '两个政权吗？为什么要去他们那里维和，维和的目的是啥。我没搞明白。'
 '布拉柴维尔'
 '喷子的默认机制
 '虽远骂'
 '一楼傻逼。恐怖分子产生的根源是什么？贫穷+极端思潮。'
 '我就想不通了，违和部队是去帮助你们国家往和平的方向拉的呀！你们竟然要袭击违和部队！这样真的好吗，你们扪心自问一下，你们这样子能得人心吗？能建设一个美好的国家吗？违和部队阻止的事情都是一个好的国家不允许发生的事情你们竟然袭击他们！'
 '新短大，惩恐分，希无中。'
 '嘘....美狗神喷正在赶来'
 '非洲为啥乱的停不下来'
 '干的漂亮。。。'
 '服，你可真够懒的啊。'
 '把非洲收了吧'
 '友帮的那个吗？'
 '那个小地方'
 '坚决抵制君队国家话。'
 '刚维和冒用，而是要消灭一帮，扶持一帮，才能达到和平!'
 '好像刚果金跟刚果不是同一个国家'
 '主要是动物要保护，银背大猩猩都给黑鬼屠杀了一大半'
'•·°'
 '太狠了'
 '希望不是我国的部队。恐怖分子该杀绝'
 '遇难维和人员大多来自坦桑尼亚。'
 '事件越大'
 '都是只看标题就进来评论的吧！都说大都是坦桑尼亚的维和人员'
 '希望不是我们中国的部队'
 '这些年来，一直感觉联合国维和部队就像待宰的羔羊，谁都可以随意攻击'
 '恶意提问[狗]'
 '一楼已经被国安正法了'
 '哪里都有金碧辉煌国际贸易组织女朗牛郎里个啷啷里个啷啷里个啷啷里个啷啷里个啷啷里个啷啷里个啷啷里个啷啷里个啷啷里个啷啷里个啷啷里个啷啷里个啷啷里个啷啷里个啷啷里个啷'
 '劳动的人是光荣的！视死如归的人是伟大的！他们都是民族的脊梁！'
 'is：不管到底是谁干的，我先说是我干的'</comments><comments_num>4326</comments_num><comments_result>[0]'好大仇。'
[0]'那地方全是军阀，中国人在那边挖金矿的也很多'
[1]'希望没有我国人員!祈福平安!'
[0]'怎么回事'
[-1]'没有，14名是尼日利亚的维和士兵，以及6个刚果金的军人。'
[0]'你这么一说我就信了'
[1]'愿地球无战'
[1]'你好，来自bj的快递到了。'
[-1]'就没把非洲国家维和部队当外人'
[-3]'用华为与任何物是人非无关！'
[1]'祈祷我维和官兵平安'
[-1]'胆大妄为
[0]'is ：it is is do it
[1]'平安'
[1]'半夜看到这新闻，祈福平安'
[1]'中或赢'
[0]'希望没有中国人'
[-2]'美国侵略别国都行，地方武装能挑战联合国，虽称联合国还不如一个国。'
[0]'联合国也敢动'
[1]'关心的是中国人死了多少'
[2]'好 支持'
[-3]'不能告诉你！'
[-2]'希望没有我国的！'
[3]'就是扎伊尔，后来再次解放改回民主刚果，首都金沙萨，和另一个刚果的首都就隔一条河。'
[0]'呵呵'
[-1]'看新闻瞎吗？ 还是脑残'
[-2.0]'太极端'
[5.1]'我一大学同学后来当国防生，去部队没几年就被派非洲了。去年是第二次去。确实很苦，也很危险。不过回来能升迁'
[0]'应该把所有的黑人都关在非洲大陆，提议全球众筹给绕非洲建墙，每个国家按经济条件出资出人，日夜把守墙体，有人偷渡直接击杀。'
[-1]'都不看内容？遇难维和人员来自坦桑尼亚…………'
[1]'刚果分为刚果（金）和刚果（布）'
[0]'午餐
[0]'首都在金萨沙的刚果'
[-2]'问题来了，你是不是傻逼脑缺呢'
[1]'不怕，有战狼2在。'
[1.8]'昨天晚上我也操了，确实不错😍'
[-1]'约着干掉这些狗屁组装吧，伤天害理'
[-3]'兵没有错 不能怪兵'
[0]'楼上，打脸了吧？'
[-1]'不是吧'
[0]'哎～～～'
[-2]'袭击联合国部队就是歹徒？你把志愿军放在哪？'
[-1]'不挥五星红旗的下场……'
[0]'是中国的部队吗？'
[1]'我们不写新闻，我们是新闻的搬运工，按需搬运'
[0]'。。。。。'
[0]'所以你母亲还好吗
[3]'唉，我对一楼多好，一个个回复，刚开始新闻只有现在的第一段，明白了吧二楼。'
[-1]'都退出吧   让他们自生自灭'
[0]'貌似是坦桑利亚的'
[3]'旧长深！'
[0]'那谁呢？电影里的那个票房纪录的人呢？让他去啊！'
[-1]'恕我直言，非洲那些外星生物就让它们自生自灭得了，不要什么圣母维和部队，牺牲了也没有任何意义
[0]'新闻短是因为突发事件，暂无详实的内容。与事件大小无关'
[-3]'维和部队也敢打，作死！'
[0]'我在中国（浙）'
[0]'事儿越大'
[-2]'[被黑][被黑]'
[-1]'坦桑尼亚的维和部队，希望没有中国人伤亡……阿门'
[0]'你们这是在自寻死路！'
[1]'赞同'
[0]'666'
[-2]'但是他们却在用生命保护你们这帮站在中国土地上的傻逼脑缺的货！'
[-2]'你意思死别的国家的就不重要'
[0]'短……'
[-1]'俄罗斯卫星通讯社援引联合国官员称，遇难维和人员大多来自坦桑尼亚。这是本新闻第二句！少数是哪里的就不知道了。'
[0]'我有个哥们在那边做生意的，不会有事吧，嫂子很漂亮的。哎'
[-1]'不太平呀～
[-1]'为什么搞不懂'
[0]'谁还有个刚果(布)'
[4]'愿世界和平！'
[0]'55555'
[0]'美国的维和部队在哪儿？'
[0]'要战狼2才行'
[0]'111'
[0]'还有一个刚果（布）'
[2]'没有我国的就好！'
[0]'事情越大
[-3]'基本上是三个傻逼，一楼不傻逼也不会问出傻逼的问题。'
[-2]'多谢！唉，快被喷死了！'
[0]'扎伊尔'
[-0.5]'是你麻痹，瞎还他喵的当喷子
[0]'括号金是什么意思？'
[-1]'联合国驻刚果（金）维和部队遇袭 已致14人遇难'
[0]'或赢'
[0]'弃🈺事件是怎么回事？'
[2]'中国派那么多的士兵去维和干嘛？不会是国内无战争，派士兵去搞个实战的，'
[0]'我叔叔以前就在刚果维和，那里有中国部队的'
[-0.5]'但是一般还没有接到详实内容的时候就为了时效性第一时间发布的新闻，肯定不是一般事。'
[0]'我在刚果（布）干了一年，刚果（金）与刚果（布）两国原是一国，后分为两国，以刚果河为界，首都相近隔河相望，国名相同以首都名区别，即首都金萨沙的为刚果（金），首布拉柴的为刚果（布）'
[0]'干涉内政还是侵犯主权？'
[4.0]'没有的话报道会更详细的，报道简单，默认为有'
[2]'愿世界和平。'
[0]'跟贴被火星网友带走啦~'
[0]'……'
[-1]'不是中国维和吧'
[0]'坦桑尼亚，被誉为非洲解放军'
[-2]'不好意思回错人了，是骂那个厦门叫什么小舅子救我的……'
[2]'祝愿中国军人平安。'
[-1]'楼上两个傻逼'
[-10.0]'六楼，你话说的太寒心了。军人不是不能死在岗位上，和平年代死在岗位上的兵还少吗？尊重是相互的，大家相互理解，才能体现人与人之间的温情。很多兵都是义务兵，待遇一般，却要干最危险的活，脱了军装，一样要工作交税。你不能说工人清洁工受不到尊重，而这些小兵就因为领了国家发的工资，就活该干危险的活，然后死了活该。'
[-0.5]'关键还没有太多重武器'
[0]'坦桑尼亚维和部队人员'
[0]'天佑中国维和官兵'
[-0.2]'听起来有点吓人啊'
[-1]'华为啊，荡只会腔，保护荡的。'
[-1]'你去的话，肯定当场大小便失禁……'
[-3]'说了大多来自坦桑尼亚。希望我们的没有！'
[-1]'你们不看正文的？，遇难维和人员多来自坦桑尼亚'
[0]'希望没有国人'
[1]'你指望喷子看新闻？…'
[2]'有华为看战狼，不怕不怕。'
[0]'报道详细了就是没有，短就是有而且大部分是'
[-1]'你就是个傻逼'
[-1]'不是，是我们这里。'
[-5]'把一楼这个傻逼顶上去！！
[1]'新闻仔细看，'
[0]'黑鬼打黑鬼！'
[-1]'这是不是我们说的干涉内政啊…
[0]'并且月经不调'
[0]'先声夺人'
[0]'希望不要听到其它的信息。'
[0]'傻逼喷狗的话，看了笑笑就好。'
[0]'.！
[0]'维和部队大部分是华人'
[-2]'问题严重
[0]'俄罗斯卫星通讯社援引联合国官员称，遇难维和人员大多来自坦桑尼亚。
[1]'刷一波资历回国就是大领导'
[0]'联合国成立以来最大的一次维和行动是？'
[0]'是中国的？
[0]'杀无赦~'
[0]'一颗原子弹彻底把这个动乱的地方解决。'
[-1]'希望虽远必诛不是口头上的。'
[0]'顶顶'
[0]'人性化'
[2]'祝平安'
[-2]'新闻都没说是哪国部队，你话说得太早了！'
[2]'希望平安'
[1]'希望无中国维和部队'
[-1]'维和部队真不容易，有规定，不能随便开枪，   你不要他的命，他要你的命……'
[1.2]'半夜！！事情有点大啊'
[0]'从没见过这么短的新闻。。。。只有一句话啊
[-1]'不是'
[1]'全世界都在反恐，可是消灭几个恐怖分子好像很难吗？这中间肯定有大国的支持，而且是可以在联合国说话的国家。'
[0]'我就好奇，中國部隊死了有多少人'
[-3]'联合国维和部队为何屡屡遭袭？就因为政策不对，只防守，不进攻。第一次就彻底消灭袭击歹徒，以后就没人敢了。'
[1]'好短的新闻'
[-1]'一个朋友的金矿一员工被反政府武装 AK47爆头 一人耳朵被割掉  现实不是战狼2'
[2]'尼玛被日你肯定知道喽'
[0]'哦⊙∀⊙！
[1]'灭了黑鬼天下太平'
[0]'周末'
[-2]'但愿没有中国军人'
[0]'是新闻越短越大，惩罚恐怖份子，希望无中国人么[窃笑][窃笑][窃笑]'
[1]'感觉健健康康快快乐乐'
[0]'刚果（金）表示首都是金萨沙的那国家，还有刚果（布）即首都布拉柴'
[-2]'在那里？最好不要是布卡武，那里的维和部队是中国的；也不要是戈马，哥现在就在戈马；也不要布坦博、布尼亚，哥过几天还要去那里……'
[0]'疯狗乱咬人'
[2]'曾经待过的地方，祈福平安'
[-1]'默哀'
[0]'新闻越短，事情越大'
[4]'能平安活着真好。什么压力算什么?_?'
[-1]'内蒙净出傻逼'
[1]'希望无我国的维和战士'
[0]'噢哦'
[0]'把好奇改成担心吧'
[-4]'强烈谴责！'
[-1]'为遇难者默哀'
[0]'这是黑客军团上演？'
[0]'派战狼去'
[0]'虽远诛'
[1]'有组织宣称负责没？'
[-1]'非洲有狼吗？开炮。。。。。'
[0]'古三四楼傻批'
[3.5]'坐等早上看更全面的内容！'
[0]'[晕]
[-1]'战乱地方'
[2]'真不可思议 这新闻尽然出自俄罗斯法新社  天朝的新闻办事处呢'
[0]'国外太乱了'
[2]'希望中国的部队在外平平安安'
[-1]'把动乱的人灭了他'
[1]'驻巴基斯坦大使馆要提高警惕'
[1]'知道了'
[2]'愿我将士平安'
[0]'内战还在继续吗'
[5]'没有的话，会点名是某某某些邪恶郭嘉的士兵牺牲了。人家恐怖分子又不傻，肯定也会看碟下菜，柿子当然要捡软的捏'
[0]'阿弥陀佛'
[0]'非洲有狼🐺吗？😂'
[1]'有钱呗'
[0]'这是啥意思啊！'
[2]'望安全'
[0]'为什么？'
[1]'吓得前列腺癌和乳腺癌同时发病'
[-4.0]'太可恶了！'
[-11]'[可怜][可怜][可怜][可怜][可怜][可怜][可怜][可怜][可怜][可怜][可怜][可怜]不是中国人在非洲都会得到当地人尊敬吗，战狼2都是这么说的'
[0]'人民，子弟兵，......'
[-3]'要我说这种国家都没必要派维和部队去'
[0]'路过。'
[-1]'不堪一击还是他们火力过猛'
[0]'快派战狼二'
[-1]'非洲是非之洲'
[0]'这应该是在butembo这个地方'
[1]'黑人自由就生乱'
[0]'是不是又是某宗教聚集地'
[0]'新闻越短'
[0]'给恐袭分子几枚导弹吃吃'
[2]'小的叫刚果共和国，首都布拉柴维尔，所以简称刚果布，大的叫刚果民主共和国，首都金沙萨，简称刚果金。两个国家比邻，首都隔着河。'
[0]'区分刚果与刚果（金）两个国家，苏丹与南苏丹，朝鲜与南朝鲜，内战真的不可理解'
[0]'你妈干的漂亮
[1]'好短，'
[2]'逝者安息🕯️ 你们是英雄'
[2]'便宜儿子，你 的妈不错，干的爽'
[-1]'危险之地'
[-1]'丧心病狂啊'
[-1]'诶，'
[0]'上次被袭现场，其它食兵都特么吓哭了，，，。'
[0]'因为还有刚果（布）
[-1]'动乱'
[0]'粗大'
[4]'新闻联播告诉我们人民的生活幸福安康！'
[0]'人民子弟兵在外注意安全！'
[-1]'第21批'
[-1]'都不文明'
[1]'和煞笔用得了解释吗'
[1]'好的'
[-1]'说了是坦桑尼亚'
[-2]'搞死杀害我们兄弟姐妹的人'
[0]'有同事在乌干达，好担心'
[-7.0]'那边人本来就不要命。还怕维和部队？我亲戚去那边做个小生意。半年不到就走了。可以说那边的人把命看的很低。'
[0]'刚果有两个，一个刚果金，一个刚果布'
[-1]'整天阴阳怪气会早死的'
[-4]'老子在刚果（布）这几天，胆战心惊的！'
[1]'好短'
[2]'希望一切平安  唉
[0]'卧槽尼玛'
[0]'新短大'
[-1]'中国在刚果金派驻，有问题了'
[-1]'前沿是危险的'
[-1]'中国要在那地方敢造次团灭了他们！'
[4]'希望中国维和军人平安！'
[0]'半夜的新闻总是很雷人'
[0]'我在刚果金，祈祷
[1]'老天保佑我维和官兵平安'
[2]'坦桑尼亚的维和部队，不说了，要出发了。'
[1]'事越大'
[-1]'人说了，大多来自坦桑尼亚'
[1]'还是美州平静'
[-1]'二楼傻逼
[0]'两个政权吗？为什么要去他们那里维和，维和的目的是啥。我没搞明白。'
[0]'布拉柴维尔'
[1]'喷子的默认机制
[-1]'虽远骂'
[-3]'一楼傻逼。恐怖分子产生的根源是什么？贫穷+极端思潮。'
[0.5]'我就想不通了，违和部队是去帮助你们国家往和平的方向拉的呀！你们竟然要袭击违和部队！这样真的好吗，你们扪心自问一下，你们这样子能得人心吗？能建设一个美好的国家吗？违和部队阻止的事情都是一个好的国家不允许发生的事情你们竟然袭击他们！'
[0]'新短大，惩恐分，希无中。'
[0]'嘘....美狗神喷正在赶来'
[-1]'非洲为啥乱的停不下来'
[0]'干的漂亮。。。'
[0]'服，你可真够懒的啊。'
[0]'把非洲收了吧'
[0]'友帮的那个吗？'
[1]'那个小地方'
[0]'坚决抵制君队国家话。'
[4]'刚维和冒用，而是要消灭一帮，扶持一帮，才能达到和平!'
[-1]'好像刚果金跟刚果不是同一个国家'
[2]'主要是动物要保护，银背大猩猩都给黑鬼屠杀了一大半'
[0]'•·°'
[0]'太狠了'
[0]'希望不是我国的部队。恐怖分子该杀绝'
[-1]'遇难维和人员大多来自坦桑尼亚。'
[0]'事件越大'
[-1]'都是只看标题就进来评论的吧！都说大都是坦桑尼亚的维和人员'
[0]'希望不是我们中国的部队'
[-1]'这些年来，一直感觉联合国维和部队就像待宰的羔羊，谁都可以随意攻击'
[-1]'恶意提问[狗]'
[0]'一楼已经被国安正法了'
[-30]'哪里都有金碧辉煌国际贸易组织女朗牛郎里个啷啷里个啷啷里个啷啷里个啷啷里个啷啷里个啷啷里个啷啷里个啷啷里个啷啷里个啷啷里个啷啷里个啷啷里个啷啷里个啷啷里个啷啷里个啷'
[7]'劳动的人是光荣的！视死如归的人是伟大的！他们都是民族的脊梁！'
[-4]'is：不管到底是谁干的，我先说是我干的'</comments_result><comments_dict>text_pos_number:积极评论条数为 72 条，占全部评论比例的 %26.0
text_neg_number消极评论条数为 92 条，占全部评论比例的 %33.0
text_mid_number中性情感评论条数为 115 条，占全部评论比例的 %41.0
text_pos_mean平和
text_neg_mean愤怒
text_total_mean淡定
text_total_var情感波动很小</comments_dict></doc>