<?xml version='1.0' encoding='utf-8'?>
<doc><id>137</id><url>http://news.163.com/17/1208/17/D55AHBG30001899O.html</url><title>中央政治局召开会议：2018年加快住房制度改革</title><datetime>2017-12-08 17:08:00</datetime><body>

                    （原标题：中共中央政治局召开会议 分析研究2018年经济工作 中共中央总书记习近平主持会议）
                
新华社快讯 
【明年要干这件大事!中央政治局会议提出加快住房制度改革和长效机制建设】8日召开的中共中央政治局会议分析研究2018年经济工作，提出：加快住房制度改革和长效机制建设是明年要着力抓好的一项重点工作。推动高质量发展是当前和今后一个时期确定发展思路、制定经济政策、实施宏观调控的根本要求。(记者安蓓、王优玲)






 本文来源：新华社  
责任编辑：范姜国一_NN9138 
</body><keywords>会议 0.044707673116851115;发展 0.040800711209394026;工作 0.03675324394387259;明年 0.0332382771061139;新华社 0.030852715146069062;安蓓 0.030852715146069062;范姜国 0.030852715146069062;经济 0.028357015665450215;中共中央政治局 0.027859939385899025;提出 0.026801496824956736</keywords><naive_snippet>

                    （原标题：中共中央政治局召开会议 分析研究2018年经济工作 中共中央总书记习近平主持会议）
                
#新华社快讯# 
【明年要干这件大事!中央政治局会议提出加快住房制度改革和长效机制建设】8日召开的中共中央政治局会议分析研究20</naive_snippet><selected_snippet>中央政治局会议提出加快住房制度改革和长效机制建设】8日召开的中共中央政治局会议分析研究2018年经济工作，提出：加快住房制度改革和长效机制建设是明年要着力抓好的一项重点工作</selected_snippet><comments>'重要的是医疗，真正的民生'
 '希望房价能降下来吧！'
 '支持国家决定'
 '支持中央'
'执政为民，好样的，赞'
 '到什么时候才能真正根据当地收入来制理房价呢！万众期待！！！'
 '真抓落实，人民期盼，政府新政，人民拥护，心与心相连，手与手相牵，民生福祉，挂在心上。
 '支持😊😊😊'
 '希望可以落到实处
 '厉害👍
'支持'
 '重点工作'
 '好好控制一下过高的房价！'
 '支持'
 '支持 加油！'
 '很好'
 '加油'
 '支持中央惠国利民的好政策！'
'说得好'
 '好事儿点个赞 。中央政治局召开会议：2018年加快住房制度改革'
 '非常期待呀，看看有没有新的政策呀'
 '希望老百姓都能住上'
 '这个可以有！'
 '期待人民曰子更好过了，让普通人也能住上好房子，加油！'
 '重在落实'
 '房子的收入，是百姓的保障。'
 '大好事'
 '希望相关政策尽快落实到位！'
 '坚决支持中央正确决策。
 '赞！'
 '加快住房制度改革 让一部分公务员 先住上经适房 廉租房'
 '好！'
 '加油＾０＾~'
 '民生为本！赞👍！'
 '需要深入调研，有的放矢。'
'支持。.'
 '期待'
 '期待国家多建些高质量的公租房，房价自然会回归正常'
 '拭目以待'
 '期待房价降下来！支持党中央！'
'支持一下'
 '鼓掌'
 '希望政府落实到位。
 '住者有房，把房留给有需求的人
 '好！这回落实了！'
 '支持党中央'
 '撸起袖子加油干'
 '住房制度的确要改革了。'
 '重要在落实'</comments><comments_num>9461</comments_num><comments_result>[2]'重要的是医疗，真正的民生'
[4]'希望房价能降下来吧！'
[2]'支持国家决定'
[1]'支持中央'
[1]'执政为民，好样的，赞'
[12]'到什么时候才能真正根据当地收入来制理房价呢！万众期待！！！'
[4]'真抓落实，人民期盼，政府新政，人民拥护，心与心相连，手与手相牵，民生福祉，挂在心上。
[1]'支持😊😊😊'
[1]'希望可以落到实处
[-1]'厉害👍
[1]'支持'
[1]'重点工作'
[3]'好好控制一下过高的房价！'
[1]'支持'
[1]'支持 加油！'
[1.8]'很好'
[0]'加油'
[4]'支持中央惠国利民的好政策！'
[0]'说得好'
[2]'好事儿点个赞 。中央政治局召开会议：2018年加快住房制度改革'
[2.8]'非常期待呀，看看有没有新的政策呀'
[2]'希望老百姓都能住上'
[0]'这个可以有！'
[4]'期待人民曰子更好过了，让普通人也能住上好房子，加油！'
[1]'重在落实'
[1]'房子的收入，是百姓的保障。'
[0]'大好事'
[3]'希望相关政策尽快落实到位！'
[3]'坚决支持中央正确决策。
[3]'赞！'
[1]'加快住房制度改革 让一部分公务员 先住上经适房 廉租房'
[3]'好！'
[0]'加油＾０＾~'
[3]'民生为本！赞👍！'
[3]'需要深入调研，有的放矢。'
[1]'支持。.'
[1]'期待'
[7]'期待国家多建些高质量的公租房，房价自然会回归正常'
[0]'拭目以待'
[6]'期待房价降下来！支持党中央！'
[1]'支持一下'
[1]'鼓掌'
[1]'希望政府落实到位。
[0]'住者有房，把房留给有需求的人
[3]'好！这回落实了！'
[1]'支持党中央'
[-2]'撸起袖子加油干'
[3]'住房制度的确要改革了。'
[1]'重要在落实'</comments_result><comments_dict>text_pos_number:积极评论条数为 40 条，占全部评论比例的 %82.0
text_neg_number消极评论条数为 2 条，占全部评论比例的 %4.0
text_mid_number中性情感评论条数为 7 条，占全部评论比例的 %14.000000000000002
text_pos_mean平和
text_neg_mean愤怒
text_total_mean淡定
text_total_var情感波动很小</comments_dict></doc>