<?xml version='1.0' encoding='utf-8'?>
<doc><id>138</id><url>http://www.cankaoxiaoxi.com/science/20130510/206687.shtml</url><title>人类能挺过第六次大灭绝吗？</title><datetime>2013-5-10 16:39:00</datetime><body>
3月13日，巴西里约热内卢罗德里古-迪弗雷塔斯湖里的鱼因污染而大量死亡。点击图片进入下一页
参考消息网5月10日报道美国《新闻周刊》网站5月6日发表《人类能劫后余生吗？》一文，作者为安娜莉·内维茨。文章指出，在过去4年里，蜜蜂蜂群出现了一种令人不安的变化。在养蜂人无助的注视之下，这些群居昆虫原本所具有的机器一般的效率退化成为无法解释的混乱。工蜂飞走后再也不会回巢，幼蜂在蜂巢中漫无目的地走动，蜂群的日常劳作无人过问，直到蜂蜜生产完全停止，蜂卵因为得不到照料而死去。自从2007年以来，这种被称为“蜂群崩溃综合征”的现象每年冬天都会使蜂群数量减少大约30。
文章称，如果蜜蜂灭绝，它们的消失将引发物种灭绝的多米诺效应，因为从苹果到花椰菜的各类农作物都依赖蜜蜂为其授粉。与此同时，全世界的两栖动物物种有超过1/3面临灭绝威胁，据哈佛大学进化生物学家兼自然资源保护论者E·O·威尔逊估计，每年有2.7万种物种从地球上消失。
BAIDU_CLB_SLOT_ID="931636";人类是否处在一次大规模灭绝过程的序幕之中，而这一过程最终将导致地球上数以百万计的动植物物种——包括人类——的消亡？“第六次灭绝”假设的支持者们认为这个问题的答案是肯定的。
处于新的大灭绝初期
文章称，地球此前已经经历过五次大规模的灭绝过程。恐龙的灭绝是最近的一次，但却并非最致命的一次：那时地球上所有物种的76被消灭了，恐龙只是跻身其中。但是在那之前的1.85亿年，曾经发生过一次极具破坏性的大规模灭绝，古生物学者甚至用“大灭绝”来作为那次过程的别名。
发生在“大灭绝”期间的气候变化——很可能包括在西伯利亚持续了数百年的巨型火山的爆发——与地球目前正在经历的气候变化有些相似。不管人类是否对此负有责任，地球的第六次大规模灭绝都将会发生。有充分的证据证明地球正在走向灾难——从鸟类和两栖动物灭绝速度的加快，到超级风暴以及最近的美国中西部干旱，这些证据都强化了这样一个观念，即人类可能正处于一次新的大规模灭绝过程的初期。
文章指出，比起寻找指责的对象，搞清如何准备好应对不可避免的灾难并幸存下来更加重要。作为一个物种，现代人目前的长期目标应该是至少再生存100万年。这一要求并不算高。文章称，有一些物种已经生存了数十亿年，更多的物种已经生存了数千万年。
当然，人类近期也可以做一些事情来自救：建立自然灾害和流行病的模型；建设更安全和更可持续的城市；使食物的来源离家更近。而且关键是控制碳排放。但是除此之外，人类将不得不使用全部的技术知识来彻底改变人类所居住的星球——然后找到逃出地球，在月球和其他行星上建造城市的办法。而最后，人类的前途将存在于恒星之间。
人类需要改造地球
文章认为，不管人类下多大力气控制矿物燃料的使用和碳的排放，地球上今后1000年的气候已经被永久地改变了。为了防止地球变得不适合人类居住，我们将不得不进一步对环境加以控制，同时让自己变成地球工程师，利用技术去影响地质过程。作为地球工程师，并不是要“治愈”地球或者把地球恢复成人类诞生之前的“天然状态”。这将意味着让人类在地球碳循环的变动中随波逐流，而地球的碳循环已经造成了多次大规模的灭绝过程。人类需要做的事情实际上是完全反自然的：人类必须防止地球经过一次次周期性的变化，最终变成一个不适合人类以及人类曾经赖以演化的食物链网的大温室。换句话说，人类需要改造地球，使之适合于人类。
要让地球变得对人类更友好，地球工程项目需要给地球降温，并且从大气层中清除二氧化碳。这些项目分成两类。第一类被称为“太阳管理”，其目的是减少让地球升温的阳光；第二类被称为“二氧化碳清除”，也就是清除大气层中的碳。
文章称，为了找到给地球遮蔽阳光的办法，笔者曾经造访过牛津大学。迄今为止，人们还几乎没有有意尝试过地球工程项目，不过着眼于未来的牛津马丁学院的宗旨是着手解决今后一个世纪里将会变得重要的科学问题。西蒙·德里斯科尔是其中的一位研究者，这位年轻的地质物理学家把自己的时间分为两部分，一部分时间用来研究历史上的火山爆发，另一部分时间用来考虑地球工程师怎样才能在地球大气层中复制出火山爆发的效果，同时不会炸坏任何东西。
德里斯科尔希望建立计算机模型对历史上火山爆发对气候的影响进行模拟。之后他将利用这些模型预测地球工程项目的结果。
文章称，在迄今为止人们尝试过的仅有的几项地球工程努力中，有一项是利用地球上适应性最强的生物——硅藻——来清除大气层中的碳。在多个实验中，地球工程师们在某些海域投入铁粉以促进那里的海藻生长。这导致了海藻的茁壮成长。科学家希望，作为其自然生命周期的一部分，这种单细胞生物可以除去空气中的碳，从而把讨厌的碳分子留在体内，同时向四周释放氧气。
另一种可能性是利用岩石的帮助。有关通过人为操纵降低地球大气层碳含量的最吸引人的一种假设是由蒂姆·克鲁格想出来的，克鲁格是牛津马丁学院地球工程计划的负责人。
文章指出，不管人类如何做这件事，都必须开始让气候保持在一个适宜人类生存的温度上。人类不能听凭地球的碳循环来控制人类，而是应该去控制它。人类将通过利用从地球异常气候变化及地质演变历史中所学到的办法，让地球适应人类的需要。人类还需要让气候作出调整，以适应那些和人类共享地球生态系统的生物。如果人类希望自己继续存在100万年，就别无选择。人类必须掌控地球。
</body><keywords>地球 0.04479489090435968;人类 0.02928691621105097;灭绝 0.013338651295231605;物种 0.007998204110829953;蜂群 0.00789703976618766;控制 0.0071403422249881904;利用 0.007011265349740505;办法 0.005804935775409284;需要 0.005704492114773654;气候 0.005577721987066013</keywords><naive_snippet>
3月13日，巴西里约热内卢罗德里古-迪弗雷塔斯湖里的鱼因污染而大量死亡。点击图片进入下一页
参考消息网5月10日报道美国《新闻周刊》网站5月6日发表《人类能劫后余生吗？》一文，作者为安娜莉·内维茨。文章指出，在过去4年里，蜜蜂蜂群出现了一种令人不安的变化。在养蜂人无助的注视之下，这些群居昆虫原本所</naive_snippet><selected_snippet>文章认为，不管人类下多大力气控制矿物燃料的使用和碳的排放，地球上今后1000年的气候已经被永久地改变了</selected_snippet><comments>NULL</comments><comments_num>0</comments_num><comments_result>NULL</comments_result><comments_dict>NULL</comments_dict></doc>