<?xml version='1.0' encoding='utf-8'?>
<doc><id>141</id><url>http://sports.qq.com/a/20171116/027869.htm</url><title>组图：大威与模特男友十指相扣 街头撩发显温柔</title><datetime>2017-11-16 15:13:00</datetime><body>模拟右键末页推荐内容微软雅黑末页推荐按钮隐藏查看图注大家都在看再看一次进入图片中心查看原图图片中心链接组图新版统计长度幻灯调用末页广告不显示末页广告频道域名广告位全站通发为不显示广告频道末页广告侧边广告末页推荐图片另类高手海沃德电竞称霸有人会开战斗机高清内马尔亮相王子公园球场球迷夹道欢迎画面太美！岁红衣小舞者抢镜绿衣广场舞大妈组图罗乔治娜浪漫度假总裁忘情扶臀热吻加特林跪地致敬博尔特闪电鞠躬献吻告别图前方组图周琦现身火箭篮球训练营小表情亮了保罗出席派对会老友西装配运动鞋帅气有型最伟大黑人运动员石佛垫底海军上将入围啼笑皆非！英国男子乱入赛场裸奔引混乱数字解析男篮蓝队杜锋迎来百日六人零经验媒体科黑抱加索尔大腿夺冠最后一战遭吐槽高清巴西女排多点开花主帅手舞足蹈献表情包暑假萌娃在哪里李小鹏奥莉清爽夏日亲子示范都说包治百病看看明星机场都背哪款包年渔民变护渔人被同行叫叛徒活动照曝光一身黑白搭配简约迷人谭松韵苹果头配粉色荷叶边蛋糕裙俏皮小可爱张柏芝竟让全家录视频祝福锋菲是要搞事情洪灾过后，岁志愿者累瘫照走红美女日历甜美界代表唐艺昕黑眼圈演绎冷漠风情末页可视化数据源激活域名</body><keywords>末页 0.01730676556072825;图片 0.011564796582683312;组图 0.010502602953875787;表情 0.00931658264263336;查看 0.009286102196604787;推荐 0.009237194026214566;运动鞋 0.00868791545204833;亲子 0.00868791545204833;高清 0.008607139795957631;广告 0.008260246001460001</keywords><naive_snippet>模拟右键末页推荐内容微软雅黑末页推荐按钮隐藏查看图注大家都在看再看一次进入图片中心查看原图图片中心链接组图新版统计长度幻灯调用末页广告不显示末页广告频道域名广告位全站通发为不显示广告频道末页广告侧边广告末页推荐图片另类高手海沃德电竞称霸有人会开战斗机高清内马尔亮相王子公园球场球迷夹道欢迎画面太美！岁</naive_snippet><selected_snippet>英国男子乱入赛场裸奔引混乱数字解析男篮蓝队杜锋迎来百日六人零经验媒体科黑抱加索尔大腿夺冠最后一战遭吐槽高清巴西女排多点开花主帅手舞足蹈献表情包暑假萌娃在哪里李小鹏奥莉清爽夏日亲子示范都说包治百病看看明星机场都背哪款包年渔民变护渔人被同行叫叛徒活动照曝光一身黑白搭配简约迷人谭松韵苹果头配粉色荷叶边蛋糕裙俏皮小可爱张柏芝竟让全家录视频祝福锋菲是要搞事情洪灾过后，岁志愿者累瘫照走红美女日历甜美界代表唐艺昕黑眼圈演绎冷漠风情末页可视化数据源激活域名</selected_snippet><comments>您是吐完说的话？还是说完马上吐的？
大猩猩
确定不是男的？欣赏不了
女人味？？
这个男模是指的“肚腩模特”吗？
哈哈
我想吐
你他妈是精神病院出来的？眼睛打了石膏了。
两个人肚子都那么大
我以为见鬼了
我以为是同性恋
你看她的手好像几十年没洗过的
像留了长发的科比
蝙蝠侠与罗宾汉。。。。
别骂人，他这是反面话。
如果没有头发绝对是个男人
哈哈哈
这个女人好丑
神回复！服你……
美国人口味好重
男的想：管你妈的哦 关灯忍几年
猛一看以为是两个男的，多吓人
这口味也太重了点，女的比男的长的还爷们！！！
怎么看都觉得像两个男人走在一起！
你们用你们庸俗世俗刻薄的眼光看待爱情与婚姻，大威她是女人的骄傲，拥有健美的体魄不好吗？健康才是人生真正的财富！他男朋友太有眼光了，我们国内的男人都喜欢娇滴滴骨瘦如柴的白西施，太悲哀了……祝福大威！
分明是两个男人手牵手嘛
两姐妹是个传奇！祝福
我是进来看评论的！真搞笑！
小编确定不是在逗我们玩吗，我分明看到两个粗壮的男人手拉着手
早日结婚吧，祝福你们
请问这男友的大肚子哪里看出来是模特？
我尼玛，想想他们亲嘴的时候，不禁打了一个尿颤！
我还以为俩男人，
我看到两个男的手拉手在逛街。
会不会背夹断
先解释这些人都是谁？
哪个是女人？
要不说别的选手打不过他们姐妹俩呢。面相已经证明输赢了
这怎么下得去口
我看不明白，黑珍珠是男的？
我佩服这男的，对着这货都敢下吊，佩服
确定这男的是模特，确定这男的和这女的甜蜜，确定这女的是女的？突然陷入无尽沉思…
这女的可真的是不好看
以为泰森留长发了，差点认错，抱歉抱歉！
靠，这个你确定不是男的？
比男友更像男人👨
我尼玛，魔术师约翰逊他儿子都比大威有女人味！
男的长的真帅
想不明白，太烧脑了🌚🌚
大威是我心目当中的女神没有之一！她的美貌不知道甩了范冰冰跟刘亦菲好几条街，这个男的虽然丑了点可能是个富二代，女神有个好归宿我也开心！</comments><comments_num>50</comments_num><comments_result>[0]您是吐完说的话？还是说完马上吐的？
[0]大猩猩
[0]确定不是男的？欣赏不了
[0]女人味？？
[0]这个男模是指的“肚腩模特”吗？
[1]哈哈
[1]我想吐
[0]你他妈是精神病院出来的？眼睛打了石膏了。
[1.5]两个人肚子都那么大
[-1]我以为见鬼了
[0]我以为是同性恋
[1]你看她的手好像几十年没洗过的
[0]像留了长发的科比
[0]蝙蝠侠与罗宾汉。。。。
[0]别骂人，他这是反面话。
[-2]如果没有头发绝对是个男人
[0]哈哈哈
[0]这个女人好丑
[3]神回复！服你……
[0]美国人口味好重
[2]男的想：管你妈的哦 关灯忍几年
[-1.8]猛一看以为是两个男的，多吓人
[7]这口味也太重了点，女的比男的长的还爷们！！！
[0]怎么看都觉得像两个男人走在一起！
[7.0]你们用你们庸俗世俗刻薄的眼光看待爱情与婚姻，大威她是女人的骄傲，拥有健美的体魄不好吗？健康才是人生真正的财富！他男朋友太有眼光了，我们国内的男人都喜欢娇滴滴骨瘦如柴的白西施，太悲哀了……祝福大威！
[1]分明是两个男人手牵手嘛
[1]两姐妹是个传奇！祝福
[3]我是进来看评论的！真搞笑！
[2]小编确定不是在逗我们玩吗，我分明看到两个粗壮的男人手拉着手
[1]早日结婚吧，祝福你们
[0]请问这男友的大肚子哪里看出来是模特？
[0]我尼玛，想想他们亲嘴的时候，不禁打了一个尿颤！
[0]我还以为俩男人，
[0]我看到两个男的手拉手在逛街。
[0]会不会背夹断
[0]先解释这些人都是谁？
[0]哪个是女人？
[2]要不说别的选手打不过他们姐妹俩呢。面相已经证明输赢了
[0]这怎么下得去口
[-1]我看不明白，黑珍珠是男的？
[3]我佩服这男的，对着这货都敢下吊，佩服
[3]确定这男的是模特，确定这男的和这女的甜蜜，确定这女的是女的？突然陷入无尽沉思…
[-2]这女的可真的是不好看
[-3]以为泰森留长发了，差点认错，抱歉抱歉！
[0]靠，这个你确定不是男的？
[0]比男友更像男人👨
[0]我尼玛，魔术师约翰逊他儿子都比大威有女人味！
[1]男的长的真帅
[-2]想不明白，太烧脑了🌚🌚
[-1]大威是我心目当中的女神没有之一！她的美貌不知道甩了范冰冰跟刘亦菲好几条街，这个男的虽然丑了点可能是个富二代，女神有个好归宿我也开心！</comments_result><comments_dict>text_pos_number:积极评论条数为 17 条，占全部评论比例的 %34.0
text_neg_number消极评论条数为 8 条，占全部评论比例的 %16.0
text_mid_number中性情感评论条数为 25 条，占全部评论比例的 %50.0
text_pos_mean平和
text_neg_mean愤怒
text_total_mean淡定
text_total_var情感波动很小</comments_dict></doc>