<?xml version='1.0' encoding='utf-8'?>
<doc><id>142</id><url>http://www.cankaoxiaoxi.com/science/20130616/225240.shtml</url><title>黑洞释放X光之谜破解</title><datetime>2013-6-16 15:34:00</datetime><body>近日发布的4C+29.30星系图像显示黑洞向宇宙喷射高速粒子流点击图片进入下一页
参考消息网6月16日报道黑洞为什么会释放如此多的高能量X光？这是一个困扰天体物理学家几十年的谜团。
据美国每日科学网站6月14日报道，在一项新研究中，来自约翰斯·霍普金斯大学、美国航天局以及罗切斯特理工学院的天体物理学家证实，朝着黑洞盘旋的气体无疑是X光发射的原因，这项研究缩小了理论和观测数据之间的差距。
BAIDU_CLB_SLOT_ID="931636";研究人员在论文中说，随着气体以吸积盘形状朝着黑洞盘旋，黑洞的温度会升高至约1000万摄氏度。吸积盘主体的温度大约是太阳的2000倍，它发射出低能量或“软”X光。但观测还发现了可释放高能量的“硬”X光。赞维尔·克里格文理学院的物理学与天文学教授朱利安·克罗利克及其同行使用超级计算机模拟和手写计算相结合的方式得出了他们的结论。在40年理论发展的支撑下，研究小组第一次证明高能量光发射的产生不仅可能，而且必定是卷入黑洞的气体。
克罗利克说：“黑洞的确神奇——不同寻常的高温，难以置信的快速运动和重力，体现出了广义相对论的极度不可思议。但我们的分析表明，我们只需用标准的物理学原理就可以很好地了解黑洞。”最近该研究小组的成果发表在了《天体物理学杂志》季刊上。
报道指出，随着高能量光观测的质量和数量逐年上升，越来越多的证据显示，光子必须在高温、稀薄的地区，即冕中形成。这种冕和太阳周围的日冕类似。日冕是太阳光谱内紫外线和X光产生的主要原因。
</body><keywords>黑洞 0.042549832014946894;物理学 0.02528751487041562;天体 0.020410664655641515;发射 0.018549479244677494;高能量 0.01791003658025659;显示 0.01710368220577793;观测 0.016244894918355048;气体 0.014635654012691113;x光 0.01437236135121628;美国 0.013601886131301227</keywords><naive_snippet>近日发布的4C+29.30星系图像显示黑洞向宇宙喷射高速粒子流点击图片进入下一页
参考消息网6月16日报道黑洞为什么会释放如此多的高能量X光？这是一个困扰天体物理学家几十年的谜团。
据美国每日科学网站6月14日报道，在一项新研究中，来自约翰斯·霍普金斯大学、美国航天局以及罗切斯特理工学院的天体物理学</naive_snippet><selected_snippet>据美国每日科学网站6月14日报道，在一项新研究中，来自约翰斯·霍普金斯大学、美国航天局以及罗切斯特理工学院的天体物理学家证实，朝着黑洞盘旋的气体无疑是X光发射的原因，这项研究缩小了理论和观测数据之间的差距</selected_snippet><comments>NULL</comments><comments_num>0</comments_num><comments_result>NULL</comments_result><comments_dict>NULL</comments_dict></doc>