<?xml version='1.0' encoding='utf-8'?>
<doc><id>143</id><url>http://news.sohu.com/20170101/n477499271.shtml</url><title>澳门中联办主任新年贺词：国家始终是澳坚强后盾</title><datetime>2016-01-01 05:02:00</datetime><body>　　中新社澳门12月31日电(记者龙土有)12月31日晚，在2017年来临之际，中央人民政府驻澳门联络办公室主任王志民发表新年贺词，向广大澳门同胞致以新年的问候和祝愿，并强调国家始终是澳门的坚强后盾。
　　王志民在题为《把澳门建设得更美更好更繁荣》的贺词中，首先回顾了一年来国家的不平凡发展，并指出中国号巨轮正在劈波斩浪，驶向民族复兴的光辉彼岸。
　　贺词说，国家好，澳门就好。过去一年，澳门特区喜事连连。国务院总理李克强视察澳门，中央政府出台一系列惠澳政策，中葡论坛第五届部长级会议圆满成功，为澳门经济适度多元可持续发展注入了新的动力。在中央政府和祖国内地的大力支持下，澳门积极对接国家“十三五”规划和“一带一路”战略，制定历史上第一个“五年发展规划”，启动海域管理利用规划研究，描绘了未来发展的新蓝图。
　　贺词指出，祖国的繁荣富强，既是澳门稳定的坚强后盾，也是澳门发展的强大动力。在新的一年，中央政府驻澳门联络办公室将认真履行中央赋予的职责，全面准确贯彻“一国两制”方针，严格按照宪法和基本法办事，坚定支持行政长官和特区政府依法施政，广泛联系社会各界人士，积极促进祖国内地与澳门的交流合作，与澳门同胞携手努力，向着“把澳门建设得更美、更好、更繁荣”的目标不断前进。
　　另外，外交部驻澳门特派员公署特派员叶大波也发表了2017年元旦贺词，向澳门同胞致以诚挚问候和良好祝愿。表示外交公署将与特区政府和社会各界，全力做好涉澳外交工作，为特区长期繁荣稳定和“一国两制”事业的成功实践作出应有贡献。(完)</body><keywords>澳门 0.058330793681216374;发展 0.02532998048887028;规划 0.016971779727811293;外交 0.016388827800728534;祖国 0.01581470812724311;特区政府 0.01563583665012297;一国两制 0.014268275353228131;贺词 0.013309194381393327;中央政府 0.012946172446929964;指出 0.012914585893578953</keywords><naive_snippet>　　中新社澳门12月31日电(记者龙土有)12月31日晚，在2017年来临之际，中央人民政府驻澳门联络办公室主任王志民发表新年贺词，向广大澳门同胞致以新年的问候和祝愿，并强调国家始终是澳门的坚强后盾。
　　王志民在题为《把澳门建设得更美更好更繁荣》的贺词中，首先回顾了一年来国家的不平凡发展，并指出中</naive_snippet><selected_snippet>在新的一年，中央政府驻澳门联络办公室将认真履行中央赋予的职责，全面准确贯彻“一国两制”方针，严格按照宪法和基本法办事，坚定支持行政长官和特区政府依法施政，广泛联系社会各界人士，积极促进祖国内地与澳门的交流合作，与澳门同胞携手努力，向着“把澳门建设得更美、更好、更繁荣”的目标不断前进</selected_snippet><comments>国家始终是澳坚强后盾</comments><comments_num>1</comments_num><comments_result>[2]国家始终是澳坚强后盾</comments_result><comments_dict>text_pos_number:积极评论条数为 1 条，占全部评论比例的 %100.0
text_neg_number消极评论条数为 0 条，占全部评论比例的 %0.0
text_mid_number中性情感评论条数为 0 条，占全部评论比例的 %0.0
text_pos_mean平和
text_neg_mean愤怒
text_total_mean淡定
text_total_var情感波动很小</comments_dict></doc>