<?xml version='1.0' encoding='utf-8'?>
<doc><id>145</id><url>http://auto.qq.com/a/20171117/017353.htm</url><title>全新一代哈弗H6 Coupe红标版 外观再更新</title><datetime>2017-11-17 10:56:00</datetime><body>在2017年广州车展(微博)上，哈弗带来了全新一代哈弗H6（参配、图片、询价）
 Coupe的红标版车型。新车在外观方面有变化，更换了全新样式保险杠以及雾灯等。外观造型方面，新车换装了全新样式的前保险杠同时增大了下部进气格栅的尺寸，并且新车换装了全新的圆形雾灯。车身侧面，一条腰线从前翼子板一直延续到尾灯，该设计拉长了该车的视觉效果。动力方面，哈弗H6 Coupe红标版搭载一台2.0T汽油发动机，最大功率197马力，峰值扭矩315N·m。传动方面，与之匹配的除了6速手动变速箱之外，还提供7速湿式双离合变速箱。此外，现款哈弗H6 Coupe红标版还单独提供2.0T柴油发动机可选，其最大功率163马力，峰值扭矩350N·m，并且达到国五排放标准。传动方面，与之匹配的将是6速手动变速箱。
</body><keywords>方面 0.05966265238227464;保险杠 0.03423554947032896;哈弗 0.03256207232492804;新车 0.030671672901898255;峰值 0.026590383701769766;h6 0.0249949071142047;尾灯 0.023647461093535292;设计 0.023647461093535292;国五 0.023647461093535292;排放 0.023647461093535292</keywords><naive_snippet>在2017年广州车展(微博)上，哈弗带来了全新一代哈弗H6（参配、图片、询价）
 Coupe的红标版车型。新车在外观方面有变化，更换了全新样式保险杠以及雾灯等。外观造型方面，新车换装了全新样式的前保险杠同时增大了下部进气格栅的尺寸，并且新车换装了全新的圆形雾灯。车身侧面，一条腰线从前翼子板一直延续到</naive_snippet><selected_snippet>动力方面，哈弗H6 Coupe红标版搭载一台2.0T汽油发动机，最大功率197马力，峰值扭矩315N·m</selected_snippet><comments>我只要黑标的，等出了黑标再买，对红蓝绿标不感兴趣
吧主气质吧？？
酷炫的外观内饰，甭管好坏弄个带T的发动机，再来个双离合，打上爱国标签，你说这车得骗多少人
这回好看多了
长城哈佛一直搞外表，经常换外表，三大件从来不搞
哈佛最会听取车主的建议，投其所好
垃圾哈弗。只有不懂车的才会去买
挺好的
尼玛又来了！整天不是这标就是那标！换发动机才是王道！长点心吧！！！
又出新款，一年出二个新款，牛X
如果中控台下很功夫，这车会热售
四川峨眉有几个长城4S店啊？店员小心了！😂
哈佛H6各种标版本共计50多款，牛逼了，哈哈哈……
哈弗应该出七彩虹版，赤橙黄绿青蓝紫标
这样搞车子谈保值么？前脚刚买，新款又出了，哈哈
日了狗了！别人家的车改款一次，提升20多项技术！尼玛的改款20多次，一次技术含量都没有，还宣传军工品质别给军工摸黑好吗！丢你大爷的人了！
改善永无止境，不管多少款，发现有不足、有用户提建议能改就是好事，迎合消费者口味是正确的，这也是h6销量高的主要因素。不像某些车万年不变还一大帮人跟着舔，主要是舔车标，车标高大上啊哈哈😄😄😄
粗粗一算，有前后50多款了！！！真他妈的会玩壳子游戏。
如果我撒谎编故事我就烂嘴巴，但我没有撒谎你就全家烂嘴巴。
帅！
终于知道狗屁是你放你了
又是红标的又是蓝标的，我他妈看了好几遍都没记住哪是哪个车型的配置！！！
哈弗h6，，红标，蓝标，我们都一样都一样，
今天说他哪个不足，明天中午给你改过来，下午上市。
那个档靶真心难看
这是跟VVT睡了一觉？
嗯，有点意思！
一统秋名山，五菱至尊
最难认的车型就属于你
只换个壳而己
这次可以跟X6-x7-x8大逼拼了！
有这种店员，您骗鬼哦，
这店员好傻，几根烟就给你说实话了
我们不一样 不一样 每个车都有不同 的地方！
发动机倒数第一
国产品牌，自已国人我们应当支持与鼓励，不是提起嘴巴满大街的喷，进口车好用几十万能有几个牛逼玩得起，长城，吉利，众泰只要有路就是国产的影子，我觉得欣慰与自豪
油老虎
哈弗还要点脸吗
我想知道发动机是中国专利吗？有知识产权吗？是那家生产的？光一个外观！
记得前段时间去看车，反正之前和几个开哈佛的朋友聊过，油耗有点高。去哈佛专卖点，开始店员还热情的介绍，后来一阵聊，香烟一阵发，熟悉了以后，店员劝我不要买哈佛，油耗不会低于八毛。他们公司上班的没有一辆哈佛。
扯犊子
国产车越来越好看了，牛逼👍👍👍👍👍👍👍👍
哈弗的6速手动变速箱1,2当太难用了！
什么红标蓝标真是醉了我搞不懂
抖动神车
哈佛有点急了，，，，
换汤不换药。换了马甲照样是老王八一只！
想发家致富就买角惨车。专修角惨车一年可以在北京一环买500平方的别墅了，可以自学修车大神，更有修车排队！
80几款
哈佛大学加油哦！我非常看好你！😹</comments><comments_num>50</comments_num><comments_result>[-1]我只要黑标的，等出了黑标再买，对红蓝绿标不感兴趣
[1]吧主气质吧？？
[0]酷炫的外观内饰，甭管好坏弄个带T的发动机，再来个双离合，打上爱国标签，你说这车得骗多少人
[1]这回好看多了
[0]长城哈佛一直搞外表，经常换外表，三大件从来不搞
[-1]哈佛最会听取车主的建议，投其所好
[-2]垃圾哈弗。只有不懂车的才会去买
[1.2]挺好的
[7]尼玛又来了！整天不是这标就是那标！换发动机才是王道！长点心吧！！！
[-1]又出新款，一年出二个新款，牛X
[-1]如果中控台下很功夫，这车会热售
[3]四川峨眉有几个长城4S店啊？店员小心了！😂
[-1]哈佛H6各种标版本共计50多款，牛逼了，哈哈哈……
[0]哈弗应该出七彩虹版，赤橙黄绿青蓝紫标
[1]这样搞车子谈保值么？前脚刚买，新款又出了，哈哈
[-0.5]日了狗了！别人家的车改款一次，提升20多项技术！尼玛的改款20多次，一次技术含量都没有，还宣传军工品质别给军工摸黑好吗！丢你大爷的人了！
[6.5]改善永无止境，不管多少款，发现有不足、有用户提建议能改就是好事，迎合消费者口味是正确的，这也是h6销量高的主要因素。不像某些车万年不变还一大帮人跟着舔，主要是舔车标，车标高大上啊哈哈😄😄😄
[0]粗粗一算，有前后50多款了！！！真他妈的会玩壳子游戏。
[-5]如果我撒谎编故事我就烂嘴巴，但我没有撒谎你就全家烂嘴巴。
[3]帅！
[0]终于知道狗屁是你放你了
[1]又是红标的又是蓝标的，我他妈看了好几遍都没记住哪是哪个车型的配置！！！
[0]哈弗h6，，红标，蓝标，我们都一样都一样，
[-2]今天说他哪个不足，明天中午给你改过来，下午上市。
[0]那个档靶真心难看
[0]这是跟VVT睡了一觉？
[0]嗯，有点意思！
[1]一统秋名山，五菱至尊
[0]最难认的车型就属于你
[0]只换个壳而己
[3]这次可以跟X6-x7-x8大逼拼了！
[1]有这种店员，您骗鬼哦，
[0]这店员好傻，几根烟就给你说实话了
[0]我们不一样 不一样 每个车都有不同 的地方！
[0]发动机倒数第一
[4]国产品牌，自已国人我们应当支持与鼓励，不是提起嘴巴满大街的喷，进口车好用几十万能有几个牛逼玩得起，长城，吉利，众泰只要有路就是国产的影子，我觉得欣慰与自豪
[-1]油老虎
[0]哈弗还要点脸吗
[6]我想知道发动机是中国专利吗？有知识产权吗？是那家生产的？光一个外观！
[3.7]记得前段时间去看车，反正之前和几个开哈佛的朋友聊过，油耗有点高。去哈佛专卖点，开始店员还热情的介绍，后来一阵聊，香烟一阵发，熟悉了以后，店员劝我不要买哈佛，油耗不会低于八毛。他们公司上班的没有一辆哈佛。
[0]扯犊子
[0.5]国产车越来越好看了，牛逼👍👍👍👍👍👍👍👍
[0]哈弗的6速手动变速箱1,2当太难用了！
[-1]什么红标蓝标真是醉了我搞不懂
[0]抖动神车
[1.2]哈佛有点急了，，，，
[-4]换汤不换药。换了马甲照样是老王八一只！
[1]想发家致富就买角惨车。专修角惨车一年可以在北京一环买500平方的别墅了，可以自学修车大神，更有修车排队！
[0]80几款
[0]哈佛大学加油哦！我非常看好你！😹</comments_result><comments_dict>text_pos_number:积极评论条数为 18 条，占全部评论比例的 %36.0
text_neg_number消极评论条数为 12 条，占全部评论比例的 %24.0
text_mid_number中性情感评论条数为 20 条，占全部评论比例的 %40.0
text_pos_mean平和
text_neg_mean愤怒
text_total_mean淡定
text_total_var情感波动很小</comments_dict></doc>