<?xml version='1.0' encoding='utf-8'?>
<doc><id>158</id><url>http://news.163.com/17/1208/08/D54CPB200001899N.html</url><title>市委书记动用强大朋友圈 帮渔民1天卖几十万斤鱼</title><datetime>2017-12-08 08:28:00</datetime><body>

                    （原标题：70后市委书记强大的朋友圈办好了这件事！）
                
</body><keywords>标题 0.1626015627210153;市委书记 0.1626015627210153;朋友圈 0.1626015627210153;办好 0.1626015627210153</keywords><naive_snippet>

                    （原标题：70后市委书记强大的朋友圈办好了这件事！）
                
</naive_snippet><selected_snippet>（原标题：70后市委书记强大的朋友圈办好了这件事</selected_snippet><comments> '小强是个好同志'
 '鼓励鼓励
 '好样的
'为民办实事，好书记！'
 '点赞'
 '这样好书记那里找'
 '有救了'
 '不错'
 '这样的好干部赶紧点赞👍'
 '慢慢都会好的'
 '给人民办事人民就会拥护的'
 '好书记。支持。'
 '为民办事，好!
 '好书记，棒棒。'
 '看面相是个好人。'
 '公平 公证  公开    好'
'鼓励下'
 '好领导'
 '为民办实事，好书记！'
 '年轻有为
 '值得大家学习'
 '这才是真正的干部，'
 '小强！能力强大！'
 '心中有民，好官!'
 '赞一个'
 '为丁书记点赞👍。'
 '相信政府相信党！'
'挺好的啊'
 '这就是人脉！'
 '挺好的'
 '授人以鱼不如授人以渔，心意是好的'
 '好书记'
 '来来来，大家都点个赞。。'
 '为民办事'
'这个绝对支持！'
'好领导，暖人心！'
 '好样的'
 '给这书记点个赞。'
'大好人'
 '市委书记的朋友圈好友想必也不是一般的人！
 '力量大'
 '向人民的好官致敬！'
 '小伙子不错，满满的正能量！'
 '这样的书记多一点，放空话的少一点，国家进步就快了。'
 '佩服'
 '这个可以有'
 '观其面相，乃实在人，为人孝道忠厚，希望为民多办实事，切勿贪腐！'
 '百姓之福'
 '好，这才是做实事的'</comments><comments_num>1044</comments_num><comments_result>[1]'小强是个好同志'
[2]'鼓励鼓励
[0]'好样的
[3]'为民办实事，好书记！'
[0]'点赞'
[1.5]'这样好书记那里找'
[0]'有救了'
[1]'不错'
[1.5]'这样的好干部赶紧点赞👍'
[2]'慢慢都会好的'
[2]'给人民办事人民就会拥护的'
[2]'好书记。支持。'
[3]'为民办事，好!
[1]'好书记，棒棒。'
[1]'看面相是个好人。'
[3]'公平 公证  公开    好'
[0]'鼓励下'
[1]'好领导'
[3]'为民办实事，好书记！'
[0]'年轻有为
[2]'值得大家学习'
[1]'这才是真正的干部，'
[4]'小强！能力强大！'
[0]'心中有民，好官!'
[1]'赞一个'
[0]'为丁书记点赞👍。'
[4]'相信政府相信党！'
[1.2]'挺好的啊'
[0]'这就是人脉！'
[1.2]'挺好的'
[1]'授人以鱼不如授人以渔，心意是好的'
[1]'好书记'
[1]'来来来，大家都点个赞。。'
[0]'为民办事'
[2]'这个绝对支持！'
[4]'好领导，暖人心！'
[0]'好样的'
[1]'给这书记点个赞。'
[0]'大好人'
[-3]'市委书记的朋友圈好友想必也不是一般的人！
[1]'力量大'
[5]'向人民的好官致敬！'
[4]'小伙子不错，满满的正能量！'
[1]'这样的书记多一点，放空话的少一点，国家进步就快了。'
[1]'佩服'
[0]'这个可以有'
[4]'观其面相，乃实在人，为人孝道忠厚，希望为民多办实事，切勿贪腐！'
[0]'百姓之福'
[1]'好，这才是做实事的'</comments_result><comments_dict>text_pos_number:积极评论条数为 35 条，占全部评论比例的 %71.0
text_neg_number消极评论条数为 1 条，占全部评论比例的 %2.0
text_mid_number中性情感评论条数为 13 条，占全部评论比例的 %27.0
text_pos_mean平和
text_neg_mean愤怒
text_total_mean淡定
text_total_var情感波动很小</comments_dict></doc>