<?xml version='1.0' encoding='utf-8'?>
<doc><id>160</id><url>http://news.163.com/17/1208/16/D557POL60001875O.html</url><title>奥巴马将特朗普执政与希特勒崛起作比较 遭狂批</title><datetime>2017-12-08 16:21:00</datetime><body>

                    （原标题：将特朗普执政与希特勒崛起比较 奥巴马发言遭狂批）
                
美国前总统奥巴马海外网12月8日电 近日，奥巴马在美国芝加哥一场演讲中的发言引发轩然大波。据英媒表示，奥巴马虽然没有直接提到其继任者特朗普的姓名，但却将这位现任美国总统的执政与希特勒的崛起作比较，他的这番言论也被一些特朗普的支持者批评为是“卑鄙的”。据《每日邮报》及美国中文网报道，5日，美国前任总统奥巴马参加芝加哥经济俱乐部活动并发表演讲。在讲话中，他将特朗普政府的执政与希特勒的崛起作比较。虽然并未直接提及特朗普的名字，但奥巴马却对演讲现场的1800名听众说：“我们必须保护民主的花园，否则它会很快崩溃。”奥巴马称：“这就像德国在1930年代发生的事情，在经历了文化和科技的进步后，希特勒崛起并统治了国家。6000万人死亡。这应该引起你们的注意。”他还向这些听众警告，不要认为民主是理所当然的。



此外，奥巴马也对特朗普“美国第一”的主张进行攻击。他在问答环节也讲述了美国在国际社会中扮演角色的重要性。“如果我们不肩负责任，国际上的事情不会发生。没有其他的国家有这样的理想。如果美国不做，没有国家会做。”奥巴马的言论一经曝光，立刻引发了特朗普支持者的愤怒。游戏节目主持人沃拉里称：“一个前总统将特朗普与希特勒作比较，这是卑鄙的。”其他人则表示奥巴马的讲话“令人恶心”。此外也有人表示，特朗普近日宣布耶路撒冷为以色列首都，恰好证明了他与犹太人关系良好，这与那位纳粹的领袖有着明显的区别。


 本文来源：海外网  
责任编辑：范姜国一_NN9138 
</body><keywords>特朗普 0.05200575139702959;奥巴马 0.03905641099742212;美国 0.034074559618354976;民主 0.01946087708488106;听众 0.018490996495458316;总统 0.01548965024261056;国家 0.014948225358875867;近日 0.01458667746748542;引起 0.014064775356162896;进行 0.014064775356162896</keywords><naive_snippet>

                    （原标题：将特朗普执政与希特勒崛起比较 奥巴马发言遭狂批）
                
美国前总统奥巴马海外网12月8日电 近日，奥巴马在美国芝加哥一场演讲中的发言引发轩然大波。据英媒表示，奥巴马虽然没有直接提到其继任者特朗普的姓名，但却将这位现任美</naive_snippet><selected_snippet>据英媒表示，奥巴马虽然没有直接提到其继任者特朗普的姓名，但却将这位现任美国总统的执政与希特勒的崛起作比较，他的这番言论也被一些特朗普的支持者批评为是“卑鄙的”</selected_snippet><comments> '过来跟微商玩就好啊！你去凑什么热闹'
'楼上看看点赞数量，证明你签名写的对。'
 '说鹅毛普特勒也没有人点赞'
 '无论在哪里，这种职业政客都让人恶心'
 '奥巴马比较会思考哦(๑`･ᴗ･´๑)'
 '奥黑大概是怕特朗普民望如日中天
'奥巴马前几天来中国确实握手了，一次二十万美元，还有好多人抢着握（当然选择ps的更多）丫生财有道啊'
 '比较的非常恰当。'
 '川普是为数不多兑现承诺的总统，支持川普！'
 '奥黑有政客的风范，川普不过是一个政治素人，一个短视的趋利的精明的商人，一个自以为敢为乱为愣头青。。。前者本办事委托、谨慎小心，但美国民众也厌恶了这样的政客，川普的上台恰恰反证了人们对前者的厌恶心里，进而对这样一个政治素人心向往之，会对其产生新鲜感，但太多不靠谱的言论，不着调的作为，也会让美国民众摸不着头脑，时间长了，美国民众也会感到失落的。。。'
 '像奥巴马这样的官员，中心文题就是他的个人待遇和福利，他这种总统增多，美国人失业就会不断增加。他的什么理想，等根本就实现不了。他的演讲听完了什么都成了空白。'
 '美国网友可没狂批'
'网易的喷子逻辑实际就是凡是美国就舔，谁是总统什么政策根本不重要！希拉里要是上台了左派就会被舔成人类的希望引领世界潮流，川普上台了右翼就是为自己国家着想...'
'我是美国人也投川普'
 '看成普什么了
 '网易网友转向很快的，下一届如果出来个奥巴牛当总统，他们又会转而怒骂川普的，哈哈哈'
 '奥黑把一个世界强国耽误了8年，软了8年，还有什么好说的？'
 '如果我们不肩负责任，国际上的事情不会发生。没有其他的国家有这样的理想。如果美国不做，没有国家会做'
 '实际上，英国没必要脱离欧盟，当时只要声明不遵守欧盟的移民和难民条约就可以，英国脱欧，主要还是那些穆斯林难民闹的，英国人对伊斯兰有深刻的独特理解，宁愿脱欧也不要穆斯林难民。也就是经济上宁愿吃亏，也拒绝这些人口入境。非常坚决。'
 '支持特朗普，诅咒奥巴马，奥巴马是历史罪人。
 '反正现在是火药桶越来越多'
 '首先犹太人就不同意这话！'
 '错他实际是代表美国企业集团的制益，美国欠债与企业集团的利益成反比！'
 '话糙理不糙。特这个人感觉有点疯狂。跟希的作风有点搭。'
 '不好意思，说漏嘴了！'
 '确实太卑鄙了！奥巴马不甘心退出历史舞台，到处煽风点火！真卑鄙！看错他了！
 '哈哈，奥巴马忘记了现在是川普负责发工资，美狗是有奶便是娘的一群人，等着被美狗喷死吧。
 '奥马救了黑人，但是却坏了白人；如果有人坏你的环境，你会怎么办？'
 '特朗普女婿是犹太人，特朗普团队很多犹太精英，特朗普这个决定是理所当然的，人不为己天诛地灭！'
 '哈哈，奥黑忘记了现在谁负责发狗粮，对于有奶便是娘的霉🐶来说，肯定要护新主啦。霉🐶们，喷死奥黑。'
 '饭可以乱吃，换不要乱讲，同样送给小马哥🐴'
 '不是说川普已经没有支持者了吗？'
 '奥巴马称：“这就像德国在1930年代发生的事情，在经历了文化和科技的进步后，希特勒崛起并统治了国家。6000万人死亡。这应该引起你们的注意。”--好熟悉的场景啊~~~~~~~~~'
 '希特勒的崛起有80%以上的民众支持率，看来川普真实的支持率也有这么多了。'
'胡说也不带这样的，还两党支持，共和党都有一个投了反对票，民主党全反对，以微弱优势通过。这都能造谣胡说，也真服你了'
 '呵呵'
浪费多少人类渴求并实现民主的机会@@@@@##@!!!!!!!!!!!!!!!!!!!!!!!!!!!!!!!!!!!!!!!!!!!!!!!!!!!!!!!!!!!!!!!!!!!!!!!!!!!!!!!!!!!!!!!!!!!!!!!!!!!!!!!!!!!!!!!!!!!!!!!!!!!!!!!!!!!!!!!!!!!!!!!!!!!!!!!!!!!!!'
 '川普硬汉'
 '特朗普真的很务实'
 '说句公道话，这样说有点不厚道。'
 '人日民报和国总税局:美进行史无前例减税是不负责行为'
 '下岗了就好好带孙女，没事少找骂。'
'奥巴马不是在中国跟微商握手吗？一定是假新闻'
 '论综合水平，全球有几个人能与希特勒比，不信拉出来比比！！！'
 '你执政期间也不怎么样。地球因你死了多少人。'
 '与时俱进，不学苏轼，他专门不与时俱进。'
 '此人在任期间，美国政府债务涨了一倍，从基本可控到几乎失控，还有脸说特朗普。'
 '川普没下任'
 '微商达人奥巴马'
 '我们美狗只认在台上的，不认你这下了台的，我们美狗就是这么有志气！'
'总结到位'
浪费多少人类渴求并实现@@@##@民@主@的机会!!!!!!!!!!!!!!!!!!!!!!!!!!!!!!!!!!!!!!!!!!!!!!!!!!!!!!!!!!!!!!!!!!!!!!!!!!!!!!!!!!!!!!!!!!!!!!!!!!!!!!!!!!!!!!!!!!!!!!!!!!!!!!!!!!!!!!!!!!!!!!!!!!!!!!!!!!!!!'
 '奥巴马治理8年，世界安全全面倒退，问题层出不穷，成果丧失殆尽；反观美国国内，经济不见有转折性变化，反而在一些福利上挑起矛盾-可见其国内国外毫无建树，尤其是其国外政策，对世界可以说是贻害无穷，举个例子，给伊朗松绑的结果就是也门有了伊朗的弹道导弹来攻击美国的盟友沙特阿联酋。草奥黑'
 '奥巴马却对演讲现场的1800名听众说：“我们必须保护民主的花园，否则它会很快崩溃。”这话没问题'
 '奥巴马这也是打破惯例啊。前总统不批评继任，这是不成文的规矩。'
 '奥黑在位时毫无建树，尸位素餐，庸庸碌碌，现在看到金毛风生水起，心生嫉妒，心态失衡！'
 '小奥，你摊上大事了小奥，你摊上大事了'
 '一樓完全沒錯，這網易的噴子也都是跟屁蟲'
 '美国总统除了里根，就是老普最伟大了'
 '啥玩意，根本就不是和希特勒作比较，记着故意断章取义，卑鄙。'
 '这个奥黑，原先是软蛋，现在竟然成了傻蛋。
 '奥巴马是一个真正负责任的仁者，胸怀天下，是一个真正的美国总统。川普是一个自私狭隘主义者，短视，浑身透露着幼稚的政治思维，奸商的底气。'
 '德国式言论自由啊 这没毛病啊'
 '奥黑怂货'
 '估计二三楼尾巴被踩了。。'
 '你特么是那个犄角旮旯里出来的？这就把所有网易网友代表了？谁给你的权利？'
'小奥，虽然你做总统的时候，网易也死心支持你，不过现在当的是人家川普，不单美国网友狂批你，网易网友也要狂批你'
 '奥巴马显然更具有国际视野。历史终将证明，特郎普所做的一切是错误的。'
 '前几天就看他不对劲了，居然还来这样一番言论。熬吧驴 无能。'
 '中国人很关心美国总统的各项政策法规哦，自己给蚊子叮了，还帮别人捞痒痒哦。'
'奥巴马美国历史最软蛋的一个总统
'奥巴马不是老实人类型，是和微商拍照类型'
 '恭喜方总拿下奥巴马！'
'民主党在参众两院的议员全部投票反对现在的减税计划，如何谈得上是两党都支持？'
 '奥在位是还算民主。毕竟是打工的。这特郎扑本身就是资本家，有点大家族势力，所以不完全是打工的。说希特勒也没啥。某人还是某民族的民族英雄呢。'
'川总最高的就是禁绿令'
 '奥黑如果管理一个大公司，这个公司只有一条路，就是关门！你还有资格攻击川普？川普比你强百倍'
 '跟微商握手，脑子被微商毒坏了吧？
是对希特勒中肯的评价。看来希特勒要平反了。'
 '你是不是打算在白宫成立一个奥巴马办公室啊'
'网易三观不正'
 '不会奥搞个TPP我还满支持的，结果川出来搞得更加好哥当然大力支持川吧！哈哈哈哈'
 '奥巴软和特靠谱真没法比🤔
 '黑人，穷鬼，女人，祸国殃民'
 '气急败坏了，继续喷。'
 '民主党还不认输。'
 '饭可以乱吃，话不能乱讲，同样送给小马哥🐴'
 '我支持奥巴马，作为网易网友力挺奥巴马！'
 '我日，以前挺喜欢奥巴马的，哎，没一个黑人不让人失望的，干了两届总统还没人家特朗普这一年做得事多'
 '奥巴马的警告'
 '宪法赋予公民个人信仰，言论、自由、民主的权利……。'
 '感觉做事奥比特有谱，什么美国等一，太狂。应提倡各国间平等。
'最近这小川的减税政策，真是让某些人操碎了心了。'
 'TMD奥巴马只是说他和希特勒一样是独裁者，你却扯犹太人
 '奥巴马是站着说话'
 '不在其位，不谋其政。下了台谁还听你的？何况在位的时候干得也不出色。'
 '下一届再狂批特朗普？'
 '巴哥你胆子太大了，敢说领导人的坏话'
 '公开诋毁现任领袖，这特么在个别国家是要入刑的'
 '美国史上最辣鸡的总统，美国人选你完全是因为这些年正志正确的圣母婊白左太猖獗'
 '没错，总结的到位'
 '奥黑是最差的总统'
 '相对川普，奥巴子更让人厌恶'
 '泥哥滚粗'
 '老奥一点革命精神都没有，还是好好反省自己吧'
 '详解'
 '过期总统，歇着吧'
 '真的好熟悉，就在咱们身边上演'
 '前幾任總統對於美國的衰敗負有不可推卸的責任，一個衰敗的國家是無法捍衞民主的，川普頂着重重壓力實現了一個又一個競選承諾，這足以證明他沒有耍選民，而是真正的尊重選民，尊重民主！人民選了他，他就要為人民做事！'
 '感觉第一次第二次世界大战的科学技术正确运用而不是毁坏人类家园的问题还没有解决'
 '后者也一样软...到现在也没敢开干'
 '川普粉真是玻璃心😂'
'比较赞同奥巴马的'
 '奥黑嘿嘿嘿'
 '哈哈，奥巴马在台上的时候在网易就是人类的希望啊，翻翻下台前的新闻评论再看看现在的，笑死人的！去年大选的时候都以为希拉里会上来，看看那时候网易的评论也是被夸的估计她自己都不好意思看！'
 '啪啪啪！好多个耳光'
 '支持川普总统，坚决的支持'
但是欧巴马不是纯种黑人
 '吧川普比做希特勒
 '太过了，小奥同志。世界已经变了，你也得拥有新的现念看待这个世界'
 '下次换届再出来个奥妙，这帮🐶又转而骂川普了，忙死了'
 '其他人敢说吗，我说了你们又听不到'
 '新闻最后一句话，见识深远，真厉害！'
 '黑人智商低果然正确，看奥黑这八年都干了什么，啥都没干。'
 '查查他在任期间贪污了多少'
 '那非奥巴马莫属了。'
 '事实证明黑人不能治理国家'
 '网易网友算个吊。'
 '奥巴马希拉里都是赤裸裸的美国卖国贼！应该调查他们通穆！'
 '无所谓'
 '网易帮理不帮亲。'
 '关键是一个游戏主播敢说前国家领导人北鼻。'
 '黑左一下太就搞事，玩不起就别玩，一世英名就这么玩完了'
 '奥巴马是张学良的人物，不战，怂管娃，看你们新来的收实滩子，奥巴马给特朗普丢的烂滩子，够他特朗普收实'
 '😊难道世界上只有希特勒是坏人吗…'
 '海外网，呵呵'
 '你本应扶上马送一程的，你TM
 '傻逼'
 '美狗怎么咬?'
 '喷子们没找着方向喷，弄的你也无法完成组织给你的任务是吧，你在嘲笑喷子的过程中又让自己的人生增加了那么一抹荒诞的色彩，幸福吗？'
 '不要代表我'
 '减税政策获美国两党的支持，这是为数不多的意见统一，各种智囊机构研讨了多少年了，他们不如你，预测不到最坏的结果，拿不准抛出的时机，瞎减税。'
 '你不就是喷子么？'
 '小布什严打恐怖分子的成果几乎被奥巴马逐步瓦解摧毁.\xa0\xa0奥是二战以来对中国最狠的美国总统。被曝青年时代与激进教过从甚密 非遗奥巴马在世界动乱\xa0恐怖分子猖獗的地区撤军，间接地壮大恐怖分子的力量及延长其命运。在相对可控平和的的地区扩军，\xa0重返亚太，扰乱激化亚洲矛盾。组织对和平的中国包围圈，多次对中国反倾销，打压中国企业在美经营，严管高科技对华交流…。\xa0这可能与其童年被其黑人亲爹遗弃亚洲孤儿寡母饱受磨难的心理阴影有关。'
 '顶川总
 '看来老奥还是很留念当官的感觉啊
 '喷子们当年欢呼奥巴马，力顶克林顿夫人，骂死个川普。现在华丽转身，倒过来了。发工资了。'
 '支持川普，奥巴马执政八年就是美国衰落的八年'
 '你只能算阉狗。'
 '人种不一样，开括精神也不一样'
 '奥巴马却对演讲现场的1800名听众说：“我们必须保护民主的花园，否则它会很快崩溃。”'
 '你们顶头上司换了，你这话还是比较恋旧情的。'
 '事实证明奥黑在川普面前简直就是个小学生'
 '奥巴马一会儿串到中国，一会儿攻击现总统，不知想搞什么！，自己的那些‘政绩’，被否掉大半，看样子已经从软蛋总统，气成傻逼了。'
 '改下口，说美国出了个东特勒何？'
 '不是帮美么？'
 '川普是有结束美国式民主的可能
 '感觉科学技术正确运用问题还没有解决'
 '比较赞同奥巴马的'
 '这帖子里这么冷清呢？喷子们这回是不是找不到方向了？CIA没告诉你们该怎么喷吧？'
 '“美国第一”的思维是狭隘的、危险的，它会给美国和世界带来不安！'
'同上，特朗普优秀'
 '老好人那套根本就不适合，所谓的关系良好都是建立在牺牲利益的前提，川普是那种危害到利益格杀勿论的人，就算盟友都做了很多小动作，更加别提中俄，不过这次要相当小心了'
 '不是说20万一个么？某基友的boss都去浪了一把，现在各种吹哦，蛋痛'
 '饭可以乱吃，话不要乱讲，同样送给小马哥🐴'
 '没女人愿意跟就说全天下的女人都是坏蛋'
 '这个奥黑，原先是软蛋，现在竟然成了傻蛋。'
 '希拉里没有当选是美国的遗憾，也是中国人的遗憾！'
是美国及全世界的损失
'自由国度的人民眼睛是雪亮的'
 '说的没毛病，！'
 '奥巴马就是个软蛋 只会和稀泥 上任两届 做了点什么事没？
 '绥靖主义的黑驴'
 '我作为一名美利坚合众国的坚实拥护者现在都不知道该怎么去喷了凌乱啊٩(˘◡˘ )'
 '我挺川普'
 '说的其实是中肯的'
 '不要轻易握手，看，被微商病毒感染了吧'
 '2楼这不是放 X 吗？'
 '巴驴在任做出些贡献，但是个软蛋！
 '其实奥巴马被一致认为是美国最差的总统之一'
 '以前一直以为耶路撒冷是以色列首都'
 '网易美分多，我知道的'
 '已经下台了，就不要搞风雨啦，蛤哈'
 '奥巴马，小心被特迷干掉'
 '毕竟是有色人种总统，比喻恰当！'
 '断章取义，卑鄙。'
 '小马，阿川哥比你有趣多了'
 '如果希特勒尊重人道主义，那也不错嘛'
 '你把网易网友心理摸得这么熟透了。。。'
 '美狗怎么说'
 '好好做你的微商，小黑'
 '奥黑驴这种软蛋加蠢蛋的圣母婊，任期内一事无成典型的绥靖主义，导致叙利亚也门等国的战火延绵多年，人民在苦难中挣扎，奥黑驴要承担相当大的责任！'
 '当年的德国优先，也是这样提出的，不过现在的美国地球人已经没有对手，美国民众欢呼开心！'
 '奥巴马是最废的美国总统！没有之一！'
 '奥巴马讲的有错么？'
 '应该说现在是混蛋！'
 '小奥那时是返我们的。老普不返我们，老普做的只是赚钱，一个生意人。'
 '普川真聪明，捞钱有一套'
 '小奥，这样比如不恰当，川普只是一个信口开河的节目主持人，跟希特勒干练的风格差太远了，反而我们北方有一个跟希特勒很相似，可惜没有资源被它运用而已'
 '小布什严打恐怖分子的成果几乎被奥巴马逐步瓦解摧毁.  黑驴是二战以来对中国最狠的。被曝青年时代与激进教过从甚密非遗总统奥巴马在世界动乱 恐怖分子猖獗的地区撤军，间接地壮大恐怖分子的力量及延长其命运。在相对可控平和的的地区扩军， 重返亚太，扰乱激化亚洲矛盾。组织对和平的中国包围圈，多次对中国反倾销，打压中国企业在美经营，严管高科技对华交流…。 这可能与其童年被其黑人亲爹遗弃亚洲孤儿寡母饱受磨难有关。。
 '在任两届，碌碌无为。'
'奥黑还是适合回非洲当个酋长'
 '虽然支持奥巴马，但是再怎么样，当着大家的面用语言去攻击别人，反而拉低自己'
 '奥黑你他妈歇歇吧，特朗普比你靠谱'
 '第一个黑人总统，只能为人民服务，不敢太乱来'
 '奥巴马有眼光，看得很准。川普走的就是独裁的路，想挑起世界战争，有战争民主就靠边站咯。'
 '口贩子'
 '人走了话就不要多'
 '一个信仰伊斯兰的黑人，一个亲犹太的德国后裔，呵呵！一起关小黑屋里出来一个都是多的！'
 '美国人没文化的也不少呀，希特勒用不到10年的时间使德国从战后的萧条崩溃走向世界强国难道是只是因为屠杀犹太人？没文化真可怕。'
 '奥巴马的评论非常正确'
 '反美喷子还在用美帝的系统吗！'
'想不通热评里为什么那么多支持川普、骂奥巴马的？是小日本和民进狗？不可能啊，民进狗和小日本应该支持奥巴马才对，川普的美国第一对他们可比奥巴马苛刻多了'
 '奥巴驴就是个网红，当总统就是吵了吵名气，纯粹为了赚钱！！'
'奥巴马支持全球化，讲究合作。是一个世界领袖！'
 '明明奥黑偏要白左。'
 '奥是个软\U0001f95a，支持川普！！'
 '你是个屁，屌丝，'
 '无论你职务多高、威望多重、权力多大，国家公民都可以随意批评你、影射你，甚至是恶意攻击你，而你却奈何不了他，这就是民主，这就是监督，这就叫把权力关在笼子里，如果一个国家只有一种声音，那这个国家在走向民主的道路上还有很长的路需要走。'
 '是不是奥巴马说这话，难证真与假。'
'奥巴马真敢说实话啊'
 '软蛋？'
 '上个月  某地重蹈那粹的crystal之夜。。。'
 '老特是有些疯狂！'
 '文明社会，从理性发贴开始。si绝地域攻击。'
 '比试'
 '只要稍微的想一想，一个黑鬼，竟然对一个伟大的白人领袖指手画脚？？简直就是笑话！'
 '奥软，奥软，搞个铲铲'
 '奥比较爱中东，川普比较爱以色列'
'支持你个毛'
 '奥黑驴'
 '这头黑驴，执政八年做了什么人事'
 '黑左无脑'
 '小奥，虽然你做总统的时候，网易也死心支持你，不过现在当的是人家川普，不单美国网友狂批你，网易网友也要狂批你'
 '奥黑是个卵怂坑逼'
 '我也是'
 '支持奥巴马'
'川普做的缺德事比奥巴马多很多，但是奥巴马对中国做的缺德事比川普多很多，所以中国人对奥巴马印象更差'
 '奥软蛋，闭嘴'
 '奥巴马软蛋，去死吧'
 '这货当年是怎么当美国总统的，美国人真是瞎眼了！'
 '没错，希特勒也是很靠谱的'
 '软货总见不得硬货强，说明世界上还是垃圾偏多'
 '我侯赛因的立场一贯是坚定的明确的那就是---动用一切手段以能使美国衰落做为我的根本目标'
 '我支持在美国的纯种黑人当总统
 '瞎就一个字'
'奥黑比川普理性'
 '奥黑也想设立办公室'
'胆子不小，含沙射影攻击国家领袖，抓起来！'
 '奥巴马的话是值得大家思考的
 '奥巴马的这种普世价值观在美国精英阶层是根深蒂固的，他们有拯救世界的胸怀和责任心，也以美国能肩负地球责任为荣。特朗普的美国第一在美国民众中有广泛的支持者，这部分人只希望自己活的更好，除此而外的事情，和自己关系不大。谁对谁错，历史会给出答案。内心来说，我是支持奥巴马的，因为需要外力干涉和拯救的地方和人太多了。'
 '（多做好事，必有好报）加快发展繁重工作替代性智能机器（不用延迟退休）公司上市后业绩异常下降，依法赔偿遏制骗钱（当务之急大小限减持和再融资要挂钩分红或回购，违则重罚，促进长期良好经营，缓解套现压力）尽快开征股指期货的印花税，才能降低杠杆及高频风险，限制其乱影响股市（基金只有盈利才收管理费，真正为投资者服务）连续2天涨跌停就限仓交易，共同受益，利国利民！'
 '白种人支持特。美帝上层精英现在也开始慢慢支持老特。减税通过圣城声明就是例证。
白混了八年
 '奥巴马不是在中国跟微商握手吗？一定是假新闻'
 '美国人的智力就是有问题，奥巴马虽然是黑人但是智力还是比一般白种人强的，先理解人家说的事再去批，人家说现在的美国有向极端种族主意发展的倾向，有不民主的倾向，告诉人民民主需要捍卫，这跟与犹太人关系近就是正义的八竿子打不着，况且现在犹太财团站在美国身后大量攫取全球利益，制造全球问题全球冲突，本就应该好好批判，而且在欧洲历史上杀犹太人的还少吗？希特勒做的不算过分，好好学习历史真相，少说废话'
 '纯提问，勿喷。我对美国政治方面不是很了解，我是不是能这么理解川普为什么老被怼：我印象里老美的总统也是各大财团推出来的，虽然算不上各大财团的“棋子”，但是也好不到哪儿去。川普则自己当家作主所以被各大财团不待见，然后像雇水军一样时不时幕后带一波节奏。。。'
 '奥黑真的卑鄙了，自己软蛋还嫌别人蛋硬。'
 '你在网易新闻说川普，很快你就会批斗了
 '现在美国早已经不是一个制造和平的国家，而是制造动荡、制造战争的国家。还有一帮傻子和混蛋追随。'
 '奥巴马没说错，许多人都有这样的看法，特朗普在某些方面的确是违反了民主的传统'
 '自己两个爹打架，你让喷子们怎么喷？它们也很无奈啊！'
 '放屁！说这话你不心痛吗？恶！'
 '美国想第一先找到自己的根'
 '小奥，你摊上大事了
 '二楼说的对，但是只有特朗普才是真正做事的人！而且彪炳史册。'
 '奥巴驴不作为，让流氓们喘了8年气，下台还要黑老特。不厚道啊'
 '奥真的软'
 '加一'
 '呵呵，这川普的徒孙多的跟牛毛似的，人家要是知道，欣慰死了！'
 '奥黑鬼 滚'
 '而且是弱智版希特勒'
 '奥巴马的废物玩意才让伊斯兰国崛起，他应该背负罪名'
 '文明社会，从理性发贴开始。谢绝地域攻击。'
'不管为了谁他绝不敢拿美国人民的利益开玩笑，因为美国是资本主义国家'
 '叙利亚就是你黑搞的吧，瞧瞧都成什么样了？
欧巴马第二次竞选总统我就反对.'
 '奥巴驴歇菜，把川普比做希特勒，看来你抹黑功夫很高'
 '有多狂？
 '放屁，不要代表别人！'
 '我就想知道奧巴馬倆口子能讀大學是不是沾了類似平權法案那種明顯照顧黑人差生、歧視更勤奮的華裔優等生的政策的光？'
 '你是俄狗吧。把嘴闭上吧。'
 'xfyuhvdeyi'
 '人渣'
 '奥巴马一不小心说了大实话啊'
 '还说的没错，智障特朗普只有内心丑陋的人才回去支持的'
并不知道欧巴马是混血
 '如果把奥巴马比做文景之治，那么川普就是武帝。'
 '奥黑是个彻头彻尾的白左'
 '正确？川普竞选承诺承认耶路撒冷的，信守诺言不好吗？奥黑竞选承诺忽悠人那么多年啊'
很多做法令我不满
 '川普还是为美国民众谋福利的，在原则问题上还是很坚持的。年薪却只象征性地要一美元。我才知道，即使川普上台与俄罗斯有瓜田李下之嫌，但出来一个人当总统就有这么伟大。难怪美国的民众对于伟大与崇高的追求是生生不息的。'
 '奥巴马说的对呀？'
 '美国赚钱不容易，还是来中国做微商吧'
 '奥巴马这话一出来，犹太人首先不干了。'
 '最阴的就是奥巴马，各种阴中国的的政策都是他，川普虽然有点我行我素，但是至少都是讲道理的。'
 '犹太人是替罪羊，犹太人太会做生意，德国一战后，希特勒一看，犹太人总体太富有了，就想找个理由抢劫，毕竟犹太人不当官，当然不能反腐败了，只能胡扯犹太人是劣等民族，因为犹太人容易富起来，其他德国人总体上相对不容易富起来，但是希特勒看不到犹太人是一个爱思考的族裔，也是勤快的族裔。此外，犹太人也很清楚，德国没有希特勒，也有东特勒，总之，躲不过，所以，现在犹太人更加聪明了，不仅经商，也积极介入政界。'
 '有时候我真怀疑奥巴马知道他自己是美国人，有白人血统吗？他的很多言论、行为看起来跟他的身份、地位、职责一点都不相符'
 '还是个黑撸瑟'
只是希望美国借此表明在美国各种族平等
 '没有奥软蛋，也许2008年天就亮了
 '还不卑鄙吗？把美国搞的乌烟瘴气，治安混乱、民不聊生、经济几近崩溃！在国际上表面上打击恐怖主义实则暗中支持恐怖主义！'
 '“如果我们不肩负责任，国际上的事情不会发生。没有其他的国家有这样的理想。如果美国不做，没有国家会做。”美利坚人类的希望！'
 '特离谱缺乏奉献精神'
 '二十万跟傻缺合影赚钱  low逼👎🏻👎🏻👎🏻'
 '奥巴马美国历史最软蛋的一个总统
 '奥黑纯粹是傻逼+装逼货。'
 '人和你们这种奴狗毕竟是有区别的。。。'
 '但是人们不要狭窄民族主义吧'
 '川普是冷战时期的那一代人，有战争倾向，奥巴马的担心不无道理...'
 '他们不是一手遮天的，是同僚群体一致同意才能实施的。咱家的品德不用我说你也略知一二吧。'
 '奥巴驴就是个卢瑟'
 '你这么一说我就对黑鬼更加不抱希望了'
 '特离普在中东扔政治核弹！把中东再次引向动荡的危险境地！把以色列这条哈巴狗推上风口浪尖！希望阿拉伯世界所有国家团结起来，赶走外来势力！包括俄罗斯美国等！和平独立自由民主是一个主权国家的终极理想！👏👏👏👏👏👏👏👏👏👏👏👍👍👍'
 '一楼给谁学的？凭什么代表网易网友？'
 '安倍也是绝大部分日本人支持他的经济政策…
 '他们思路不同，政见不同，分析不同……'
 '奥就这么没脑子？
 '特朗普比他爷们儿'
 '奥巴马书生意气重，想建一个世界的美国。特朗普现实主义，想建一个美国人的美国。'
 '我认为希特勒是杰出元首，如果二战是元首获胜了，那元首就是上帝一样的人了！只是历史是由胜利者写的'
 '美国领导世界的“理想”是不会变的，只是目前实力有点不济，需要“美国优先”发展一段时间，再“卷土重来”！呵呵呵！'
 '奥黑居然不讲政治规矩胆敢妄议恶毒攻击国家领导人？
 '也别太把川普当回事儿，老顽童能玩几年，这种疯狂减税后果还两说，目前的支持率能挺多久还是个问题'
 '奥巴马对特朗普的评价没错。这个特朗普上台后一系列作为证明他不是个合格的总统，很有可能会被列为美国历史上最差总统。
 '当初大选的时候大骂奥黑力挺川普 怎么现在砸脚了？呵呵'
 '我想请问一下美国是白人的美国 美国人的美国啊  再说你还不是白人呢'
 '不要通过相互攻击的方式来抬高自己、贬低别人。'</comments><comments_num>8701</comments_num><comments_result>[3]'过来跟微商玩就好啊！你去凑什么热闹'
[1]'楼上看看点赞数量，证明你签名写的对。'
[-1]'说鹅毛普特勒也没有人点赞'
[-2]'无论在哪里，这种职业政客都让人恶心'
[2.5]'奥巴马比较会思考哦(๑`･ᴗ･´๑)'
[0]'奥黑大概是怕特朗普民望如日中天
[5.2]'奥巴马前几天来中国确实握手了，一次二十万美元，还有好多人抢着握（当然选择ps的更多）丫生财有道啊'
[2.6]'比较的非常恰当。'
[4]'川普是为数不多兑现承诺的总统，支持川普！'
[2.0]'奥黑有政客的风范，川普不过是一个政治素人，一个短视的趋利的精明的商人，一个自以为敢为乱为愣头青。。。前者本办事委托、谨慎小心，但美国民众也厌恶了这样的政客，川普的上台恰恰反证了人们对前者的厌恶心里，进而对这样一个政治素人心向往之，会对其产生新鲜感，但太多不靠谱的言论，不着调的作为，也会让美国民众摸不着头脑，时间长了，美国民众也会感到失落的。。。'
[7]'像奥巴马这样的官员，中心文题就是他的个人待遇和福利，他这种总统增多，美国人失业就会不断增加。他的什么理想，等根本就实现不了。他的演讲听完了什么都成了空白。'
[1]'美国网友可没狂批'
[7]'网易的喷子逻辑实际就是凡是美国就舔，谁是总统什么政策根本不重要！希拉里要是上台了左派就会被舔成人类的希望引领世界潮流，川普上台了右翼就是为自己国家着想...'
[0]'我是美国人也投川普'
[0]'看成普什么了
[-1]'网易网友转向很快的，下一届如果出来个奥巴牛当总统，他们又会转而怒骂川普的，哈哈哈'
[0]'奥黑把一个世界强国耽误了8年，软了8年，还有什么好说的？'
[-1.5]'如果我们不肩负责任，国际上的事情不会发生。没有其他的国家有这样的理想。如果美国不做，没有国家会做'
[-2.2]'实际上，英国没必要脱离欧盟，当时只要声明不遵守欧盟的移民和难民条约就可以，英国脱欧，主要还是那些穆斯林难民闹的，英国人对伊斯兰有深刻的独特理解，宁愿脱欧也不要穆斯林难民。也就是经济上宁愿吃亏，也拒绝这些人口入境。非常坚决。'
[-1]'支持特朗普，诅咒奥巴马，奥巴马是历史罪人。
[0]'反正现在是火药桶越来越多'
[1]'首先犹太人就不同意这话！'
[3]'错他实际是代表美国企业集团的制益，美国欠债与企业集团的利益成反比！'
[3.1]'话糙理不糙。特这个人感觉有点疯狂。跟希的作风有点搭。'
[-1]'不好意思，说漏嘴了！'
[-12.5]'确实太卑鄙了！奥巴马不甘心退出历史舞台，到处煽风点火！真卑鄙！看错他了！
[1]'哈哈，奥巴马忘记了现在是川普负责发工资，美狗是有奶便是娘的一群人，等着被美狗喷死吧。
[-1]'奥马救了黑人，但是却坏了白人；如果有人坏你的环境，你会怎么办？'
[1]'特朗普女婿是犹太人，特朗普团队很多犹太精英，特朗普这个决定是理所当然的，人不为己天诛地灭！'
[2]'哈哈，奥黑忘记了现在谁负责发狗粮，对于有奶便是娘的霉🐶来说，肯定要护新主啦。霉🐶们，喷死奥黑。'
[-3]'饭可以乱吃，换不要乱讲，同样送给小马哥🐴'
[-2]'不是说川普已经没有支持者了吗？'
[5]'奥巴马称：“这就像德国在1930年代发生的事情，在经历了文化和科技的进步后，希特勒崛起并统治了国家。6000万人死亡。这应该引起你们的注意。”--好熟悉的场景啊~~~~~~~~~'
[1]'希特勒的崛起有80%以上的民众支持率，看来川普真实的支持率也有这么多了。'
[0.5]'胡说也不带这样的，还两党支持，共和党都有一个投了反对票，民主党全反对，以微弱优势通过。这都能造谣胡说，也真服你了'
[0]'呵呵'
[317]浪费多少人类渴求并实现民主的机会@@@@@@!!!!!!!!!!!!!!!!!!!!!!!!!!!!!!!!!!!!!!!!!!!!!!!!!!!!!!!!!!!!!!!!!!!!!!!!!!!!!!!!!!!!!!!!!!!!!!!!!!!!!!!!!!!!!!!!!!!!!!!!!!!!!!!!!!!!!!!!!!!!!!!!!!!!!!!!!!!!!'
[1]'川普硬汉'
[1.8]'特朗普真的很务实'
[-2.7]'说句公道话，这样说有点不厚道。'
[-4]'人日民报和国总税局:美进行史无前例减税是不负责行为'
[-1]'下岗了就好好带孙女，没事少找骂。'
[0]'奥巴马不是在中国跟微商握手吗？一定是假新闻'
[-7]'论综合水平，全球有几个人能与希特勒比，不信拉出来比比！！！'
[-2]'你执政期间也不怎么样。地球因你死了多少人。'
[1]'与时俱进，不学苏轼，他专门不与时俱进。'
[0]'此人在任期间，美国政府债务涨了一倍，从基本可控到几乎失控，还有脸说特朗普。'
[0]'川普没下任'
[0]'微商达人奥巴马'
[-1]'我们美狗只认在台上的，不认你这下了台的，我们美狗就是这么有志气！'
[0]'总结到位'
[316]浪费多少人类渴求并实现@@@@民@主@的机会!!!!!!!!!!!!!!!!!!!!!!!!!!!!!!!!!!!!!!!!!!!!!!!!!!!!!!!!!!!!!!!!!!!!!!!!!!!!!!!!!!!!!!!!!!!!!!!!!!!!!!!!!!!!!!!!!!!!!!!!!!!!!!!!!!!!!!!!!!!!!!!!!!!!!!!!!!!!!'
[2.2]'奥巴马治理8年，世界安全全面倒退，问题层出不穷，成果丧失殆尽；反观美国国内，经济不见有转折性变化，反而在一些福利上挑起矛盾-可见其国内国外毫无建树，尤其是其国外政策，对世界可以说是贻害无穷，举个例子，给伊朗松绑的结果就是也门有了伊朗的弹道导弹来攻击美国的盟友沙特阿联酋。草奥黑'
[4]'奥巴马却对演讲现场的1800名听众说：“我们必须保护民主的花园，否则它会很快崩溃。”这话没问题'
[1]'奥巴马这也是打破惯例啊。前总统不批评继任，这是不成文的规矩。'
[0]'奥黑在位时毫无建树，尸位素餐，庸庸碌碌，现在看到金毛风生水起，心生嫉妒，心态失衡！'
[0]'小奥，你摊上大事了小奥，你摊上大事了'
[1]'一樓完全沒錯，這網易的噴子也都是跟屁蟲'
[2.0]'美国总统除了里根，就是老普最伟大了'
[-3]'啥玩意，根本就不是和希特勒作比较，记着故意断章取义，卑鄙。'
[0]'这个奥黑，原先是软蛋，现在竟然成了傻蛋。
[-3]'奥巴马是一个真正负责任的仁者，胸怀天下，是一个真正的美国总统。川普是一个自私狭隘主义者，短视，浑身透露着幼稚的政治思维，奸商的底气。'
[1]'德国式言论自由啊 这没毛病啊'
[0]'奥黑怂货'
[0]'估计二三楼尾巴被踩了。。'
[0]'你特么是那个犄角旮旯里出来的？这就把所有网易网友代表了？谁给你的权利？'
[2.8]'小奥，虽然你做总统的时候，网易也死心支持你，不过现在当的是人家川普，不单美国网友狂批你，网易网友也要狂批你'
[0]'奥巴马显然更具有国际视野。历史终将证明，特郎普所做的一切是错误的。'
[-3]'前几天就看他不对劲了，居然还来这样一番言论。熬吧驴 无能。'
[1.8]'中国人很关心美国总统的各项政策法规哦，自己给蚊子叮了，还帮别人捞痒痒哦。'
[0]'奥巴马美国历史最软蛋的一个总统
[0]'奥巴马不是老实人类型，是和微商拍照类型'
[3]'恭喜方总拿下奥巴马！'
[0]'民主党在参众两院的议员全部投票反对现在的减税计划，如何谈得上是两党都支持？'
[2.0]'奥在位是还算民主。毕竟是打工的。这特郎扑本身就是资本家，有点大家族势力，所以不完全是打工的。说希特勒也没啥。某人还是某民族的民族英雄呢。'
[1]'川总最高的就是禁绿令'
[2]'奥黑如果管理一个大公司，这个公司只有一条路，就是关门！你还有资格攻击川普？川普比你强百倍'
[-1]'跟微商握手，脑子被微商毒坏了吧？
[3]是对希特勒中肯的评价。看来希特勒要平反了。'
[0]'你是不是打算在白宫成立一个奥巴马办公室啊'
[-1]'网易三观不正'
[6.5]'不会奥搞个TPP我还满支持的，结果川出来搞得更加好哥当然大力支持川吧！哈哈哈哈'
[0]'奥巴软和特靠谱真没法比🤔
[-1]'黑人，穷鬼，女人，祸国殃民'
[-1]'气急败坏了，继续喷。'
[1.5]'民主党还不认输。'
[-3]'饭可以乱吃，话不能乱讲，同样送给小马哥🐴'
[1]'我支持奥巴马，作为网易网友力挺奥巴马！'
[1.2]'我日，以前挺喜欢奥巴马的，哎，没一个黑人不让人失望的，干了两届总统还没人家特朗普这一年做得事多'
[-1]'奥巴马的警告'
[2]'宪法赋予公民个人信仰，言论、自由、民主的权利……。'
[3]'感觉做事奥比特有谱，什么美国等一，太狂。应提倡各国间平等。
[0]'最近这小川的减税政策，真是让某些人操碎了心了。'
[-1]'TMD奥巴马只是说他和希特勒一样是独裁者，你却扯犹太人
[0]'奥巴马是站着说话'
[-2]'不在其位，不谋其政。下了台谁还听你的？何况在位的时候干得也不出色。'
[-1]'下一届再狂批特朗普？'
[-1]'巴哥你胆子太大了，敢说领导人的坏话'
[1]'公开诋毁现任领袖，这特么在个别国家是要入刑的'
[-2.0]'美国史上最辣鸡的总统，美国人选你完全是因为这些年正志正确的圣母婊白左太猖獗'
[0]'没错，总结的到位'
[-1]'奥黑是最差的总统'
[-1]'相对川普，奥巴子更让人厌恶'
[-1]'泥哥滚粗'
[2.2]'老奥一点革命精神都没有，还是好好反省自己吧'
[0]'详解'
[0]'过期总统，歇着吧'
[2]'真的好熟悉，就在咱们身边上演'
[5]'前幾任總統對於美國的衰敗負有不可推卸的責任，一個衰敗的國家是無法捍衞民主的，川普頂着重重壓力實現了一個又一個競選承諾，這足以證明他沒有耍選民，而是真正的尊重選民，尊重民主！人民選了他，他就要為人民做事！'
[-4.0]'感觉第一次第二次世界大战的科学技术正确运用而不是毁坏人类家园的问题还没有解决'
[2]'后者也一样软...到现在也没敢开干'
[0]'川普粉真是玻璃心😂'
[1.5]'比较赞同奥巴马的'
[0]'奥黑嘿嘿嘿'
[0]'哈哈，奥巴马在台上的时候在网易就是人类的希望啊，翻翻下台前的新闻评论再看看现在的，笑死人的！去年大选的时候都以为希拉里会上来，看看那时候网易的评论也是被夸的估计她自己都不好意思看！'
[0]'啪啪啪！好多个耳光'
[3]'支持川普总统，坚决的支持'
[0]但是欧巴马不是纯种黑人
[0]'吧川普比做希特勒
[1]'太过了，小奥同志。世界已经变了，你也得拥有新的现念看待这个世界'
[0]'下次换届再出来个奥妙，这帮🐶又转而骂川普了，忙死了'
[-2]'其他人敢说吗，我说了你们又听不到'
[0]'新闻最后一句话，见识深远，真厉害！'
[-1]'黑人智商低果然正确，看奥黑这八年都干了什么，啥都没干。'
[-1]'查查他在任期间贪污了多少'
[0]'那非奥巴马莫属了。'
[-1]'事实证明黑人不能治理国家'
[0]'网易网友算个吊。'
[-2]'奥巴马希拉里都是赤裸裸的美国卖国贼！应该调查他们通穆！'
[-1]'无所谓'
[0]'网易帮理不帮亲。'
[1]'关键是一个游戏主播敢说前国家领导人北鼻。'
[-1]'黑左一下太就搞事，玩不起就别玩，一世英名就这么玩完了'
[0]'奥巴马是张学良的人物，不战，怂管娃，看你们新来的收实滩子，奥巴马给特朗普丢的烂滩子，够他特朗普收实'
[-1]'😊难道世界上只有希特勒是坏人吗…'
[0]'海外网，呵呵'
[0]'你本应扶上马送一程的，你TM
[-1]'傻逼'
[0]'美狗怎么咬?'
[0.0]'喷子们没找着方向喷，弄的你也无法完成组织给你的任务是吧，你在嘲笑喷子的过程中又让自己的人生增加了那么一抹荒诞的色彩，幸福吗？'
[-1]'不要代表我'
[1]'减税政策获美国两党的支持，这是为数不多的意见统一，各种智囊机构研讨了多少年了，他们不如你，预测不到最坏的结果，拿不准抛出的时机，瞎减税。'
[0]'你不就是喷子么？'
[0.5]'小布什严打恐怖分子的成果几乎被奥巴马逐步瓦解摧毁.\xa0\xa0奥是二战以来对中国最狠的美国总统。被曝青年时代与激进教过从甚密 非遗奥巴马在世界动乱\xa0恐怖分子猖獗的地区撤军，间接地壮大恐怖分子的力量及延长其命运。在相对可控平和的的地区扩军，\xa0重返亚太，扰乱激化亚洲矛盾。组织对和平的中国包围圈，多次对中国反倾销，打压中国企业在美经营，严管高科技对华交流…。\xa0这可能与其童年被其黑人亲爹遗弃亚洲孤儿寡母饱受磨难的心理阴影有关。'
[0]'顶川总
[0]'看来老奥还是很留念当官的感觉啊
[0]'喷子们当年欢呼奥巴马，力顶克林顿夫人，骂死个川普。现在华丽转身，倒过来了。发工资了。'
[0]'支持川普，奥巴马执政八年就是美国衰落的八年'
[0]'你只能算阉狗。'
[1]'人种不一样，开括精神也不一样'
[3]'奥巴马却对演讲现场的1800名听众说：“我们必须保护民主的花园，否则它会很快崩溃。”'
[0]'你们顶头上司换了，你这话还是比较恋旧情的。'
[0]'事实证明奥黑在川普面前简直就是个小学生'
[0]'奥巴马一会儿串到中国，一会儿攻击现总统，不知想搞什么！，自己的那些‘政绩’，被否掉大半，看样子已经从软蛋总统，气成傻逼了。'
[-1]'改下口，说美国出了个东特勒何？'
[-1]'不是帮美么？'
[2]'川普是有结束美国式民主的可能
[-1.0]'感觉科学技术正确运用问题还没有解决'
[1.5]'比较赞同奥巴马的'
[-2]'这帖子里这么冷清呢？喷子们这回是不是找不到方向了？CIA没告诉你们该怎么喷吧？'
[-4]'“美国第一”的思维是狭隘的、危险的，它会给美国和世界带来不安！'
[1]'同上，特朗普优秀'
[6.2]'老好人那套根本就不适合，所谓的关系良好都是建立在牺牲利益的前提，川普是那种危害到利益格杀勿论的人，就算盟友都做了很多小动作，更加别提中俄，不过这次要相当小心了'
[-3]'不是说20万一个么？某基友的boss都去浪了一把，现在各种吹哦，蛋痛'
[-3]'饭可以乱吃，话不要乱讲，同样送给小马哥🐴'
[-2]'没女人愿意跟就说全天下的女人都是坏蛋'
[0]'这个奥黑，原先是软蛋，现在竟然成了傻蛋。'
[-5]'希拉里没有当选是美国的遗憾，也是中国人的遗憾！'
[-1]是美国及全世界的损失
[2]'自由国度的人民眼睛是雪亮的'
[0]'说的没毛病，！'
[0]'奥巴马就是个软蛋 只会和稀泥 上任两届 做了点什么事没？
[0]'绥靖主义的黑驴'
[-3]'我作为一名美利坚合众国的坚实拥护者现在都不知道该怎么去喷了凌乱啊٩(˘◡˘ )'
[0]'我挺川普'
[1]'说的其实是中肯的'
[0]'不要轻易握手，看，被微商病毒感染了吧'
[-1]'2楼这不是放 X 吗？'
[1.2]'巴驴在任做出些贡献，但是个软蛋！
[1]'其实奥巴马被一致认为是美国最差的总统之一'
[0]'以前一直以为耶路撒冷是以色列首都'
[1]'网易美分多，我知道的'
[-1]'已经下台了，就不要搞风雨啦，蛤哈'
[1]'奥巴马，小心被特迷干掉'
[3]'毕竟是有色人种总统，比喻恰当！'
[-2]'断章取义，卑鄙。'
[1]'小马，阿川哥比你有趣多了'
[3]'如果希特勒尊重人道主义，那也不错嘛'
[1]'你把网易网友心理摸得这么熟透了。。。'
[-1]'美狗怎么说'
[1]'好好做你的微商，小黑'
[5]'奥黑驴这种软蛋加蠢蛋的圣母婊，任期内一事无成典型的绥靖主义，导致叙利亚也门等国的战火延绵多年，人民在苦难中挣扎，奥黑驴要承担相当大的责任！'
[1.2]'当年的德国优先，也是这样提出的，不过现在的美国地球人已经没有对手，美国民众欢呼开心！'
[-7.0]'奥巴马是最废的美国总统！没有之一！'
[0]'奥巴马讲的有错么？'
[-4]'应该说现在是混蛋！'
[1]'小奥那时是返我们的。老普不返我们，老普做的只是赚钱，一个生意人。'
[1]'普川真聪明，捞钱有一套'
[-2.5]'小奥，这样比如不恰当，川普只是一个信口开河的节目主持人，跟希特勒干练的风格差太远了，反而我们北方有一个跟希特勒很相似，可惜没有资源被它运用而已'
[1.5]'小布什严打恐怖分子的成果几乎被奥巴马逐步瓦解摧毁.  黑驴是二战以来对中国最狠的。被曝青年时代与激进教过从甚密非遗总统奥巴马在世界动乱 恐怖分子猖獗的地区撤军，间接地壮大恐怖分子的力量及延长其命运。在相对可控平和的的地区扩军， 重返亚太，扰乱激化亚洲矛盾。组织对和平的中国包围圈，多次对中国反倾销，打压中国企业在美经营，严管高科技对华交流…。 这可能与其童年被其黑人亲爹遗弃亚洲孤儿寡母饱受磨难有关。。
[-1]'在任两届，碌碌无为。'
[2]'奥黑还是适合回非洲当个酋长'
[0]'虽然支持奥巴马，但是再怎么样，当着大家的面用语言去攻击别人，反而拉低自己'
[0]'奥黑你他妈歇歇吧，特朗普比你靠谱'
[-2.0]'第一个黑人总统，只能为人民服务，不敢太乱来'
[-1]'奥巴马有眼光，看得很准。川普走的就是独裁的路，想挑起世界战争，有战争民主就靠边站咯。'
[0]'口贩子'
[-1]'人走了话就不要多'
[0]'一个信仰伊斯兰的黑人，一个亲犹太的德国后裔，呵呵！一起关小黑屋里出来一个都是多的！'
[-6]'美国人没文化的也不少呀，希特勒用不到10年的时间使德国从战后的萧条崩溃走向世界强国难道是只是因为屠杀犹太人？没文化真可怕。'
[1.8]'奥巴马的评论非常正确'
[3.5]'反美喷子还在用美帝的系统吗！'
[6.6]'想不通热评里为什么那么多支持川普、骂奥巴马的？是小日本和民进狗？不可能啊，民进狗和小日本应该支持奥巴马才对，川普的美国第一对他们可比奥巴马苛刻多了'
[8]'奥巴驴就是个网红，当总统就是吵了吵名气，纯粹为了赚钱！！'
[3]'奥巴马支持全球化，讲究合作。是一个世界领袖！'
[2]'明明奥黑偏要白左。'
[6]'奥是个软\U0001f95a，支持川普！！'
[0]'你是个屁，屌丝，'
[-1]'无论你职务多高、威望多重、权力多大，国家公民都可以随意批评你、影射你，甚至是恶意攻击你，而你却奈何不了他，这就是民主，这就是监督，这就叫把权力关在笼子里，如果一个国家只有一种声音，那这个国家在走向民主的道路上还有很长的路需要走。'
[-1]'是不是奥巴马说这话，难证真与假。'
[0]'奥巴马真敢说实话啊'
[0]'软蛋？'
[0]'上个月  某地重蹈那粹的crystal之夜。。。'
[3.2]'老特是有些疯狂！'
[0]'文明社会，从理性发贴开始。si绝地域攻击。'
[0]'比试'
[0]'只要稍微的想一想，一个黑鬼，竟然对一个伟大的白人领袖指手画脚？？简直就是笑话！'
[0]'奥软，奥软，搞个铲铲'
[4.5]'奥比较爱中东，川普比较爱以色列'
[0]'支持你个毛'
[1]'奥黑驴'
[-1]'这头黑驴，执政八年做了什么人事'
[-2]'黑左无脑'
[2.8]'小奥，虽然你做总统的时候，网易也死心支持你，不过现在当的是人家川普，不单美国网友狂批你，网易网友也要狂批你'
[0]'奥黑是个卵怂坑逼'
[0]'我也是'
[1]'支持奥巴马'
[4.8]'川普做的缺德事比奥巴马多很多，但是奥巴马对中国做的缺德事比川普多很多，所以中国人对奥巴马印象更差'
[1]'奥软蛋，闭嘴'
[-1]'奥巴马软蛋，去死吧'
[-2]'这货当年是怎么当美国总统的，美国人真是瞎眼了！'
[0]'没错，希特勒也是很靠谱的'
[0]'软货总见不得硬货强，说明世界上还是垃圾偏多'
[2]'我侯赛因的立场一贯是坚定的明确的那就是---动用一切手段以能使美国衰落做为我的根本目标'
[3]'我支持在美国的纯种黑人当总统
[-1]'瞎就一个字'
[1]'奥黑比川普理性'
[1]'奥黑也想设立办公室'
[2]'胆子不小，含沙射影攻击国家领袖，抓起来！'
[2]'奥巴马的话是值得大家思考的
[17]'奥巴马的这种普世价值观在美国精英阶层是根深蒂固的，他们有拯救世界的胸怀和责任心，也以美国能肩负地球责任为荣。特朗普的美国第一在美国民众中有广泛的支持者，这部分人只希望自己活的更好，除此而外的事情，和自己关系不大。谁对谁错，历史会给出答案。内心来说，我是支持奥巴马的，因为需要外力干涉和拯救的地方和人太多了。'
[-1]'（多做好事，必有好报）加快发展繁重工作替代性智能机器（不用延迟退休）公司上市后业绩异常下降，依法赔偿遏制骗钱（当务之急大小限减持和再融资要挂钩分红或回购，违则重罚，促进长期良好经营，缓解套现压力）尽快开征股指期货的印花税，才能降低杠杆及高频风险，限制其乱影响股市（基金只有盈利才收管理费，真正为投资者服务）连续2天涨跌停就限仓交易，共同受益，利国利民！'
[4]'白种人支持特。美帝上层精英现在也开始慢慢支持老特。减税通过圣城声明就是例证。
[0]白混了八年
[0]'奥巴马不是在中国跟微商握手吗？一定是假新闻'
[3]'美国人的智力就是有问题，奥巴马虽然是黑人但是智力还是比一般白种人强的，先理解人家说的事再去批，人家说现在的美国有向极端种族主意发展的倾向，有不民主的倾向，告诉人民民主需要捍卫，这跟与犹太人关系近就是正义的八竿子打不着，况且现在犹太财团站在美国身后大量攫取全球利益，制造全球问题全球冲突，本就应该好好批判，而且在欧洲历史上杀犹太人的还少吗？希特勒做的不算过分，好好学习历史真相，少说废话'
[1.5]'纯提问，勿喷。我对美国政治方面不是很了解，我是不是能这么理解川普为什么老被怼：我印象里老美的总统也是各大财团推出来的，虽然算不上各大财团的“棋子”，但是也好不到哪儿去。川普则自己当家作主所以被各大财团不待见，然后像雇水军一样时不时幕后带一波节奏。。。'
[-2.5]'奥黑真的卑鄙了，自己软蛋还嫌别人蛋硬。'
[0]'你在网易新闻说川普，很快你就会批斗了
[-4]'现在美国早已经不是一个制造和平的国家，而是制造动荡、制造战争的国家。还有一帮傻子和混蛋追随。'
[2]'奥巴马没说错，许多人都有这样的看法，特朗普在某些方面的确是违反了民主的传统'
[-4.8]'自己两个爹打架，你让喷子们怎么喷？它们也很无奈啊！'
[-4]'放屁！说这话你不心痛吗？恶！'
[1]'美国想第一先找到自己的根'
[0]'小奥，你摊上大事了
[4]'二楼说的对，但是只有特朗普才是真正做事的人！而且彪炳史册。'
[-2]'奥巴驴不作为，让流氓们喘了8年气，下台还要黑老特。不厚道啊'
[2]'奥真的软'
[0]'加一'
[-1]'呵呵，这川普的徒孙多的跟牛毛似的，人家要是知道，欣慰死了！'
[1]'奥黑鬼 滚'
[-1]'而且是弱智版希特勒'
[-2]'奥巴马的废物玩意才让伊斯兰国崛起，他应该背负罪名'
[0]'文明社会，从理性发贴开始。谢绝地域攻击。'
[-2]'不管为了谁他绝不敢拿美国人民的利益开玩笑，因为美国是资本主义国家'
[0]'叙利亚就是你黑搞的吧，瞧瞧都成什么样了？
[-1]欧巴马第二次竞选总统我就反对.'
[-0.2]'奥巴驴歇菜，把川普比做希特勒，看来你抹黑功夫很高'
[0]'有多狂？
[-4]'放屁，不要代表别人！'
[4.5]'我就想知道奧巴馬倆口子能讀大學是不是沾了類似平權法案那種明顯照顧黑人差生、歧視更勤奮的華裔優等生的政策的光？'
[0]'你是俄狗吧。把嘴闭上吧。'
[0]'xfyuhvdeyi'
[-1]'人渣'
[-1]'奥巴马一不小心说了大实话啊'
[-1.5]'还说的没错，智障特朗普只有内心丑陋的人才回去支持的'
[-1]并不知道欧巴马是混血
[0]'如果把奥巴马比做文景之治，那么川普就是武帝。'
[-1]'奥黑是个彻头彻尾的白左'
[2]'正确？川普竞选承诺承认耶路撒冷的，信守诺言不好吗？奥黑竞选承诺忽悠人那么多年啊'
[0]很多做法令我不满
[2.8]'川普还是为美国民众谋福利的，在原则问题上还是很坚持的。年薪却只象征性地要一美元。我才知道，即使川普上台与俄罗斯有瓜田李下之嫌，但出来一个人当总统就有这么伟大。难怪美国的民众对于伟大与崇高的追求是生生不息的。'
[0]'奥巴马说的对呀？'
[-2]'美国赚钱不容易，还是来中国做微商吧'
[0]'奥巴马这话一出来，犹太人首先不干了。'
[-2.2]'最阴的就是奥巴马，各种阴中国的的政策都是他，川普虽然有点我行我素，但是至少都是讲道理的。'
[11.8]'犹太人是替罪羊，犹太人太会做生意，德国一战后，希特勒一看，犹太人总体太富有了，就想找个理由抢劫，毕竟犹太人不当官，当然不能反腐败了，只能胡扯犹太人是劣等民族，因为犹太人容易富起来，其他德国人总体上相对不容易富起来，但是希特勒看不到犹太人是一个爱思考的族裔，也是勤快的族裔。此外，犹太人也很清楚，德国没有希特勒，也有东特勒，总之，躲不过，所以，现在犹太人更加聪明了，不仅经商，也积极介入政界。'
[4]'有时候我真怀疑奥巴马知道他自己是美国人，有白人血统吗？他的很多言论、行为看起来跟他的身份、地位、职责一点都不相符'
[-2]'还是个黑撸瑟'
[2]只是希望美国借此表明在美国各种族平等
[1]'没有奥软蛋，也许2008年天就亮了
[-6.5]'还不卑鄙吗？把美国搞的乌烟瘴气，治安混乱、民不聊生、经济几近崩溃！在国际上表面上打击恐怖主义实则暗中支持恐怖主义！'
[1.5]'“如果我们不肩负责任，国际上的事情不会发生。没有其他的国家有这样的理想。如果美国不做，没有国家会做。”美利坚人类的希望！'
[-2.8]'特离谱缺乏奉献精神'
[-1]'二十万跟傻缺合影赚钱  low逼👎🏻👎🏻👎🏻'
[0]'奥巴马美国历史最软蛋的一个总统
[0]'奥黑纯粹是傻逼+装逼货。'
[1]'人和你们这种奴狗毕竟是有区别的。。。'
[-2]'但是人们不要狭窄民族主义吧'
[-1]'川普是冷战时期的那一代人，有战争倾向，奥巴马的担心不无道理...'
[-2]'他们不是一手遮天的，是同僚群体一致同意才能实施的。咱家的品德不用我说你也略知一二吧。'
[0]'奥巴驴就是个卢瑟'
[3.0]'你这么一说我就对黑鬼更加不抱希望了'
[-5]'特离普在中东扔政治核弹！把中东再次引向动荡的危险境地！把以色列这条哈巴狗推上风口浪尖！希望阿拉伯世界所有国家团结起来，赶走外来势力！包括俄罗斯美国等！和平独立自由民主是一个主权国家的终极理想！👏👏👏👏👏👏👏👏👏👏👏👍👍👍'
[0]'一楼给谁学的？凭什么代表网易网友？'
[2]'安倍也是绝大部分日本人支持他的经济政策…
[0]'他们思路不同，政见不同，分析不同……'
[1]'奥就这么没脑子？
[0]'特朗普比他爷们儿'
[0]'奥巴马书生意气重，想建一个世界的美国。特朗普现实主义，想建一个美国人的美国。'
[7]'我认为希特勒是杰出元首，如果二战是元首获胜了，那元首就是上帝一样的人了！只是历史是由胜利者写的'
[-5.2]'美国领导世界的“理想”是不会变的，只是目前实力有点不济，需要“美国优先”发展一段时间，再“卷土重来”！呵呵呵！'
[0]'奥黑居然不讲政治规矩胆敢妄议恶毒攻击国家领导人？
[-2.2]'也别太把川普当回事儿，老顽童能玩几年，这种疯狂减税后果还两说，目前的支持率能挺多久还是个问题'
[2.8]'奥巴马对特朗普的评价没错。这个特朗普上台后一系列作为证明他不是个合格的总统，很有可能会被列为美国历史上最差总统。
[-1]'当初大选的时候大骂奥黑力挺川普 怎么现在砸脚了？呵呵'
[-0.5]'我想请问一下美国是白人的美国 美国人的美国啊  再说你还不是白人呢'
[-2]'不要通过相互攻击的方式来抬高自己、贬低别人。'</comments_result><comments_dict>text_pos_number:积极评论条数为 120 条，占全部评论比例的 %37.0
text_neg_number消极评论条数为 108 条，占全部评论比例的 %33.0
text_mid_number中性情感评论条数为 100 条，占全部评论比例的 %30.0
text_pos_mean喜悦
text_neg_mean愤怒
text_total_mean淡定
text_total_var情感波动较大</comments_dict></doc>