<?xml version='1.0' encoding='utf-8'?>
<doc><id>161</id><url>http://news.163.com/17/1208/13/D54VK9490001875O.html</url><title>澳大利亚掀起反华潮 或要求新华社向澳政府注册</title><datetime>2017-12-08 13:58:00</datetime><body>

                    （原标题：走火入魔！澳大利亚不仅掀起反华潮，还要向新华社下手…）
                
当地时间7日，澳总理特恩布尔正式向议会提交新法案。澳媒披露了有关法案的更详细内容。据报道，其中类似美国《外国代理人登记法》的规定将要求中国官方媒体向澳政府注册。资料图：特恩布尔近来，对中国充满敌意的澳媒掀起了一波又一波所谓中国“渗透”和中国“间谍”的炒作狂潮。对此，中国驻澳大利亚大使馆6日发表中国驻澳使馆发言人谈话，向一些澳大利亚媒体和政府高官发出严正警告。谈话表示，澳媒报道捕风捉影，充满冷战思维和意识形态偏见，是典型的歇斯底里和偏执症。并称中方无意干涉澳内政，也无意通过政治献金影响澳政治进程。我们敦促澳方以客观公正理性的态度看待中国，看待中澳关系。中国驻澳大利亚大使馆官网截图谈话全文：近期，澳大利亚一些媒体不断炮制所谓中国对澳进行影响渗透的新闻。这些报道捕风捉影，充满冷战思维和意识形态偏见，是典型的歇斯底里和偏执症。有关报道不仅对中国政府进行无端指责，而且对在澳中国留学生及华侨华人进行肆无忌惮的中伤，充满种族歧视色彩，玷污了澳大利亚作为多元文化社会的形象。澳某些政客和官员也发表了不负责任的言论，损害中澳两国政治互信，我们对此坚决拒绝。中国一贯坚持在相互尊重主权和领土完整、互不干涉内政的基础上发展同各国的友好关系，这是中国外交政策的重要原则之一。中方无意干涉澳内政，也无意通过政治献金影响澳政治进程。我们敦促澳方以客观公正理性的态度看待中国，看待中澳关系。澳大利亚感受到中国的“狂怒”还不收手多家澳媒6日不惜用“狂怒”来形容以上中国驻澳大利亚大使馆发言人的谈话内容。澳媒在报道中大都全文引用了使馆的声明，认为这是对澳反间谍法案的迅速回应，而且不约而同地使用了“狂怒”一词来形容声明措辞之严厉，认为这次中国政府真的生气了。《悉尼先驱晨报》说：“鹰派的《环球时报》称，特恩布尔政府一系列防范中国的夸张做法，不禁让人想到上世纪50年代美国的麦卡锡主义。澳大利亚在针对中国的问题上近乎走火入魔。”尽管如此，澳总理昨日仍提交新法案，要求中国官方媒体必须向澳政府注册，否则将面临起诉。据《澳大利亚人报》报道，澳政府以三个单独法案的形式向议会提交。新法案包括外国影响透明度计划、外国干涉罪和禁止政治捐款三部分内容。其中，外国影响透明度计划要求代表外国企图影响澳大利亚政治的个人或公司进行公开注册，类似于现有的说客登记注册制度。外国干涉罪使现有的叛国罪现代化，并扩大现有间谍罪的定义，包括唆使或促使某人从事间谍活动，并准备或计划从事间谍活动。由于圣诞和新年临近，澳议会即将休会，该法案的审议很可能会拖到明年，但通过的可能性非常大。费尔法克斯新闻集团旗下的《悉尼先驱晨报》7日报道说，如果法案通过，中国官方媒体必须向澳政府注册，否则将面临起诉。该报称，中国的新华社和俄罗斯的“今日俄罗斯”很可能被要求注册，注册后“相关人员或机构不会被污名化，但要让澳大利亚民众清楚谁和外国政府有关联”。回顾：澳媒炒作“中国政治献金”



近来，澳媒不仅把旅澳华侨华人描绘成“效忠共产中国”、随时有可能在澳“起义”的第六纵队，而且连单纯的中国留学生也不放过，污蔑他们受中国大使馆指使，威胁到澳大利亚的所谓“学术自由”。澳大利亚执政党联盟为了挽救自己的执政危机，还以所谓的中国“政治献金”为借口，多次向对华友好的政治人士发难。12月5日，近来站在反华最前线的澳大利亚总理特恩布尔将矛头直指中国，他宣布将向议会提议推行新的反间谍和外国干预法，禁止一切外国政治捐款，并审视现有立法。他称，“来自中共的渗透影响令人不安”。这是澳大利亚政府第一次将外国干预行为定为刑事犯罪。对此，中国外交部发言人耿爽5日在例行记者会上表示，中方无意干涉澳大利亚内政，也无意通过政治献金影响澳大利亚国内事务。我们再次敦促澳方摒弃偏见，以客观公正的态度看待中国，看待中澳关系。


 本文来源：中国网  
责任编辑：韩佳鹏_NN9841 
</body><keywords>中国 0.034937268579755945;澳大利亚 0.020415302863515557;外国 0.015595401482764937;政治 0.015570182142328548;影响 0.00972209135639825;法案 0.009496718115837277;报道 0.0093147494281685;进行 0.009002234975054878;政府 0.008816263629819313;要求 0.00879501561580712</keywords><naive_snippet>

                    （原标题：走火入魔！澳大利亚不仅掀起反华潮，还要向新华社下手…）
                
当地时间7日，澳总理特恩布尔正式向议会提交新法案。澳媒披露了有关法案的更详细内容。据报道，其中类似美国《外国代理人登记法》的规定将要求中国官方媒体向澳政府注</naive_snippet><selected_snippet>据报道，其中类似美国《外国代理人登记法》的规定将要求中国官方媒体向澳政府注册</selected_snippet><comments>
 '澳大利亚果然很邪恶'
 '跳梁小丑'
 '脑子有病'
 '断交、撤侨！'
 '癫狂袋鼠病'
'袋鼠得了狂犬病'
 '赶快抵制澳大利亚！'
 '柿子捡软的捏呗。人人都可以骑到头上拉屎'
 '别跟它玩了'
 '一群流放犯人后代哪来的自信？'
 '澳大利亚是要疯'
 '澳洲是一个大农村'
 '袋鼠吃多了！'
 '灭了袋鼠国'
等等下等人被英国等欧洲遣送，流放的后裔。查一下历史就知道了。'
'澳大利亚疯了吗？'
 '没想到澳大利亚会当上反华急先锋！畜生国家！'
'澳大利亚人严重民族自卑感！因为祖宗杂七杂八，流氓罪犯乱配杂交而成群。其实没必要这样恐慌。'
'经济制裁澳大利亚'
 '澳大利亚对华一直不友好
 '在我的印象中，澳的两面性太明显了，一会好一会在背后搞动作，非常的自相矛盾。'
 '袋鼠最后的疯狂'
 '澳大利亚这条狗养不熟'
 '这就得对袋鼠进行制裁'
 '😎😎袋鼠哪里来的妖气。。。'
 '澳狗不知道中了什么邪，要好好教训一下了
 '给澳一个态度，撤回大使，外交降为临时代办级。'
 '不用理它！'
 '一个英国的流放🐶何来的优越感'
 '澳大利亚就是个狗！'
'确实疯了'
 '澳大利亚是自作多情了！'
 '最近不要去澳洲了，不然要倒霉'
 '袋鼠狂妄自大
 '袋鼠国集体发病
'澳大利亚就是大傻逼'
 '土澳失心疯了'
 '我一直对澳洲的人和物都没什么好感'
 '谁在乎袋鼠，刷存在感？'
 '抵制'
 '支持断交。
 '只是痞子美的一只小狗而己'
 '断交吧。'
 '澳贼 果然罪犯的后代！'
 '搞他呗！要不太嚣张！'
 '不理这个疯狗之国'
 '这个国家疯狗一样
 '现代澳大利亚人，之前都是英国和其他欧洲的囚犯，乞丐
 '澳大利亚连自己百年盟友新西兰都搞'
 '自身强大最重要'
 '西方国家都一样，看不得东方大国的升起'
 '断交，撤侨'
'澳大利亚真的是过多久都改不了当年流氓的气质 这一次我不喷狗政府 澳大利亚真傻逼'
 '这个国家跟疯狗一样，到处乱狂'
 '小丑刷存在感！'
 '制裁袋鼠'
 '禁止进口澳大利亚物品的'
 '断交'
 '树熊疯了吧😄'
 '傻逼在找存在感！'
 '澳人莫名其妙的反应
 '袋鼠国白人头首貌似患了狂犬病?'</comments><comments_num>6166</comments_num><comments_result>[-1.8]'澳大利亚果然很邪恶'
[-1]'跳梁小丑'
[-1]'脑子有病'
[0]'断交、撤侨！'
[-1]'癫狂袋鼠病'
[0]'袋鼠得了狂犬病'
[-3]'赶快抵制澳大利亚！'
[1]'柿子捡软的捏呗。人人都可以骑到头上拉屎'
[1]'别跟它玩了'
[-1]'一群流放犯人后代哪来的自信？'
[1]'澳大利亚是要疯'
[1]'澳洲是一个大农村'
[0]'袋鼠吃多了！'
[0]'灭了袋鼠国'
[-1]等等下等人被英国等欧洲遣送，流放的后裔。查一下历史就知道了。'
[0]'澳大利亚疯了吗？'
[0]'没想到澳大利亚会当上反华急先锋！畜生国家！'
[-11.5]'澳大利亚人严重民族自卑感！因为祖宗杂七杂八，流氓罪犯乱配杂交而成群。其实没必要这样恐慌。'
[0]'经济制裁澳大利亚'
[-1]'澳大利亚对华一直不友好
[1.2]'在我的印象中，澳的两面性太明显了，一会好一会在背后搞动作，非常的自相矛盾。'
[1]'袋鼠最后的疯狂'
[0]'澳大利亚这条狗养不熟'
[2]'这就得对袋鼠进行制裁'
[0]'😎😎袋鼠哪里来的妖气。。。'
[0]'澳狗不知道中了什么邪，要好好教训一下了
[-1]'给澳一个态度，撤回大使，外交降为临时代办级。'
[0]'不用理它！'
[-1]'一个英国的流放🐶何来的优越感'
[0]'澳大利亚就是个狗！'
[0]'确实疯了'
[-3]'澳大利亚是自作多情了！'
[0]'最近不要去澳洲了，不然要倒霉'
[-1]'袋鼠狂妄自大
[0]'袋鼠国集体发病
[0]'澳大利亚就是大傻逼'
[0]'土澳失心疯了'
[2]'我一直对澳洲的人和物都没什么好感'
[2]'谁在乎袋鼠，刷存在感？'
[-1]'抵制'
[1]'支持断交。
[-1]'只是痞子美的一只小狗而己'
[0]'断交吧。'
[-3]'澳贼 果然罪犯的后代！'
[1.0]'搞他呗！要不太嚣张！'
[-1]'不理这个疯狗之国'
[0]'这个国家疯狗一样
[-1]'现代澳大利亚人，之前都是英国和其他欧洲的囚犯，乞丐
[0]'澳大利亚连自己百年盟友新西兰都搞'
[4.0]'自身强大最重要'
[1]'西方国家都一样，看不得东方大国的升起'
[0]'断交，撤侨'
[1]'澳大利亚真的是过多久都改不了当年流氓的气质 这一次我不喷狗政府 澳大利亚真傻逼'
[0]'这个国家跟疯狗一样，到处乱狂'
[2]'小丑刷存在感！'
[0]'制裁袋鼠'
[-1]'禁止进口澳大利亚物品的'
[0]'断交'
[0]'树熊疯了吧😄'
[2]'傻逼在找存在感！'
[-1]'澳人莫名其妙的反应
[-1]'袋鼠国白人头首貌似患了狂犬病?'</comments_result><comments_dict>text_pos_number:积极评论条数为 16 条，占全部评论比例的 %26.0
text_neg_number消极评论条数为 21 条，占全部评论比例的 %34.0
text_mid_number中性情感评论条数为 25 条，占全部评论比例的 %40.0
text_pos_mean平和
text_neg_mean愤怒
text_total_mean淡定
text_total_var情感波动很小</comments_dict></doc>