<?xml version='1.0' encoding='utf-8'?>
<doc><id>164</id><url>http://news.sohu.com/20170101/n477499625.shtml</url><title>2017年有哪些国家大事？年底基本完成30万裁军</title><datetime>2016-01-01 02:05:00</datetime><body>　　中新网北京1月1日电 题：2017年来了，有哪些国家大事应该关注？　　2017年自今日开启。　　放眼中国，诸多“大日子”引人关注――中共十九大将召开，中国人民解放军迎来建军90周年，香港也将迎来回归20周年，并选举产生新一届行政长官。　　面向世界，诸多“大场面”全球瞩目――中国将举办“一带一路”国际合作高峰论坛和金砖国家领导人第九次会晤。　　问鼎苍穹，诸多“大动作”值得期待――中国第一艘货运飞船“天舟一号”将发射，“嫦娥五号”将落月采样返回，全面实现月球探测工程“绕、落、回”三步走战略目标。　　









　　资料图：中国共产党第十八届中央委员会第六次全体会议，于2016年10月24日至27日在北京举行。全会决定，中国共产党第十九次全国代表大会于2017年下半年在北京召开。新华社记者庞兴雷摄新华网
　　中共十九大下半年召开　　十八届六中全会决定，中国共产党第十九次全国代表大会于2017年下半年在北京召开。　　十九大是在中国全面建成小康社会决胜阶段召开的一次十分重要的代表大会，是党和国家政治生活中的一件大事。　　中央确定，十九大代表名额共2300名，比十八大时增加30名。十九大代表选举工作2017年6月底前结束。









　　资料图：2016年12月25日下午，十二届全国人大常委会第二十五次会议在北京人民大会堂闭幕。表决通过全国人大常委会关于在北京市、山西省、浙江省开展国家监察体制改革试点工作的决定。中新社记者刘震摄
　　三省市试点国家监察体制改革　　全面从严治党永远在路上，新的一年，中国的反腐进程也将新增一大看点――国家监察体制改革。　　前不久，全国人大常委会通过了在北京、山西、浙江开展国家监察体制改革试点工作的决定。按照中央的定位，国家监察体制改革是事关全局的“重大政治改革”，监察委是建立在党统一领导下的“国家反腐败工作机构”。　　作为中国反腐“治本”之路上的大动作，新的一年，在改革试点省市，监察委如何整合力量，加码反腐，值得期待。









　　资料图：2015年9月3日，三军仪仗队通过天安门广场。纪念中国人民抗日战争暨世界反法西斯战争胜利70周年大会当天上午在北京隆重举行。中新社记者金硕摄
　　建军90周年：年底基本完成30万裁军　　今年，中国人民解放军将迎来建军90周年。　　2016年，全面改革强军战略渐次展开，有一系列改革大动作。2017年，军队还将逐步出台后续改革举措。在建军90周年的重要时刻，国防和军队改革与建设话题热度仍将持续。　　2015年9月，中国宣布裁减军队员额30万，这次裁军将在2017年底基本完成。此外，国产航母何时下水何时完工？新型国产隐形战机歼20何时加入空军战斗序列？2017年这些答案能否揭晓，全球瞩目。









　　资料图：2016年9月15日，中国在酒泉卫星发射中心用长征二号F运载火箭将天宫二号空间实验室发射升空。新华社记者琚振华摄新华网
　　中国首艘货运飞船“天舟一号”将发射　　今年上半年，中国首艘货运飞船“天舟一号”将在中国文昌航天发射场发射。　　“天舟一号”是中国全新的飞行器，主要承担运送消耗物品、推进剂、维修设备、维修器材和试验载荷设备等任务，并且下行销毁一些空间站的废弃物。　　届时，“天舟一号”将与在轨运行的“天宫二号”空间实验室进行交会对接，突破和掌握货物运输和补给等关键技术，最终在2020年左右完成空间站在轨组装建造和运营。









　　资料图：“嫦娥-3号”着陆器地形相机拍摄的月面环境，满目苍凉，天空黑暗。图像来源中国科学院国家天文台月球与深空探测研究部官网
　　“嫦娥五号”将落月采样返回　　2017年年底，中国将发射“嫦娥五号”月球探测器，实现区域软着陆及采样返回，全面实现月球探测工程“绕、落、回”三步走战略目标。　　“嫦娥五号”探测器由着陆器、上升器、返回器、轨道器组成。根据计划，实施月表采样返回任务后，着陆器留在月球表面，上升器留在月球轨道，轨道器留在地球轨道，返回器携样品返回地球表面。










资料图：香港特区政府在金紫荆广场举行升旗仪式。中新社记者洪少葵摄

　　回归20周年：香港将选举新特首　　2017年是香港回归20周年。3月26日，香港特别行政区将选举新一届行政长官。　　行政长官由具有广泛代表性的选举委员会选出，由中央人民政府任命。选举委员会由四大界别38个界别分组的1200名委员组成。2016年12月，香港新一届选委会成员已全部产生。　　在当前形势下，选举产生的新行政长官，如何凝聚港人发展经济、改善民生、促进社会和谐，颇受外界关注。









　　资料图：2016年11月21日，天津―明斯克中欧班列停在天津自贸区东疆片区海铁中心站内，准备发车。中欧班列开通运营充分发挥东疆保税港区丝绸之路陆上和海上连接点的优势，将21世纪海上丝绸之路经济带综合资源平台与天津自贸区功能创新平台连接起来。新华社发薛力强摄新华网
　　中国将举办“一带一路”国际合作高峰论坛　　2017年，中国将举办“一带一路”国际合作高峰论坛。　　这不仅是主场外交的新高峰，更是周边外交的新高潮。以高峰论坛为契机，推进“一带一路”建设将贯穿2017年中国外交。　　中国外交部长王毅表示，要精心筹备“一带一路”国际合作高峰论坛，为深化各国发展战略对接、提振世界经济注入强劲动力。










厦门市政府官网

　　金砖峰会相约厦门　　除了“一带一路”国际合作高峰论坛，今年中国还有另一大主场外交――作为下任金砖国家合作机制主席国，中国将于2017年9月在福建厦门举办金砖国家领导人第九次会晤。　　王毅指出，要认真办好金砖国家领导人第九次会晤，明确金砖机制前进方向，打造具有国际影响力的南南合作重要平台。　　去年9月，杭州西子湖畔，G20峰会为世界经济增长开辟新愿景。今年9月，结缘金砖的厦门，如何为全球治理贡献“金砖”，全球瞩目。media_span_url(http:</body><keywords>中国 0.018031056493828464;国家 0.011814622778672566;改革 0.010122839644936097;金砖 0.009312950669188481;选举 0.009095302302751183;北京 0.008505925490405221;记者 0.007313373885918085;返回 0.00678308071993392;月球 0.006390869344005951;发射 0.006138824368205165</keywords><naive_snippet>　　中新网北京1月1日电 题：2017年来了，有哪些国家大事应该关注？　　2017年自今日开启。　　放眼中国，诸多“大日子”引人关注――中共十九大将召开，中国人民解放军迎来建军90周年，香港也将迎来回归20周年，并选举产生新一届行政长官。　　面向世界，诸多“大场面”全球瞩目――中国将举办“一带一路”</naive_snippet><selected_snippet>金砖峰会相约厦门　　除了“一带一路”国际合作高峰论坛，今年中国还有另一大主场外交――作为下任金砖国家合作机制主席国，中国将于2017年9月在福建厦门举办金砖国家领导人第九次会晤</selected_snippet><comments>期待嫦娥5号。不知会从月球上带回来什么？ 另外，可不可以带些生命力很强的抗寒抗旱的植物的种子直接撒在月球上。。。
希望人民的福祉能大幅提升!
日出而作，日落而息。
雾霾治理希望取得成果！
富国，强军，民安，希望祖国更加美好。
祝愿祖国走向富强，国泰民安，伟大的祖国我爱你。
稳定物价，发展实体经济，做好人民息息相关的民生工程，保障人民安居乐业，食品安全，健康幸福生活是国家最大任务！
形势喜人，催人奋进。
裁军30万
希望祖国繁荣昌盛，2017年实实在在地多抓抓实体经济，促进消费，社会更加公平安全和谐，继续惩恶扬善，军事上突飞猛进
祖国更加美好
不容易哦
祝福伟大祖国繁荣昌盛！！
探月工程应该继续。探索宇宙的事最好是参与国际合作就行了。应该把有限的资金用在刀刃上而不是交“学费”。
希望中国共产党第十九次全国代表大会圆满！安定团结还是必须的
希望2017年中国人民能幸福，国家更强大！
前途是光明的，道路是曲折的，中华民族的伟大复兴，任重道远！
期待2017年祖国发展更踏实，更富强民主，人民生活得到进一步改善！
告别辉煌但稍有遗憾的2016，喜迎未知但令人期待的2017！
祝福祖国的明天更加美好！
NULL</comments><comments_num>38</comments_num><comments_result>[1]期待嫦娥5号。不知会从月球上带回来什么？ 另外，可不可以带些生命力很强的抗寒抗旱的植物的种子直接撒在月球上。。。
[6]希望人民的福祉能大幅提升!
[0]日出而作，日落而息。
[4]雾霾治理希望取得成果！
[3.0]富国，强军，民安，希望祖国更加美好。
[4]祝愿祖国走向富强，国泰民安，伟大的祖国我爱你。
[8]稳定物价，发展实体经济，做好人民息息相关的民生工程，保障人民安居乐业，食品安全，健康幸福生活是国家最大任务！
[2]形势喜人，催人奋进。
[0]裁军30万
[11.5]希望祖国繁荣昌盛，2017年实实在在地多抓抓实体经济，促进消费，社会更加公平安全和谐，继续惩恶扬善，军事上突飞猛进
[1.5]祖国更加美好
[-1]不容易哦
[6]祝福伟大祖国繁荣昌盛！！
[0]探月工程应该继续。探索宇宙的事最好是参与国际合作就行了。应该把有限的资金用在刀刃上而不是交“学费”。
[6]希望中国共产党第十九次全国代表大会圆满！安定团结还是必须的
[6.5]希望2017年中国人民能幸福，国家更强大！
[4]前途是光明的，道路是曲折的，中华民族的伟大复兴，任重道远！
[12.0]期待2017年祖国发展更踏实，更富强民主，人民生活得到进一步改善！
[1.8]告别辉煌但稍有遗憾的2016，喜迎未知但令人期待的2017！
[5.0]祝福祖国的明天更加美好！
[0]NULL</comments_result><comments_dict>text_pos_number:积极评论条数为 16 条，占全部评论比例的 %76.0
text_neg_number消极评论条数为 1 条，占全部评论比例的 %5.0
text_mid_number中性情感评论条数为 4 条，占全部评论比例的 %19.0
text_pos_mean平和
text_neg_mean愤怒
text_total_mean淡定
text_total_var情感波动较大</comments_dict></doc>