<?xml version='1.0' encoding='utf-8'?>
<doc><id>166</id><url>http://sports.qq.com/a/20171117/017884.htm</url><title>运动之美！波特曼打网球练出肌肉 动作专业有范</title><datetime>2017-11-17 11:07:00</datetime><body>模拟右键末页推荐内容微软雅黑末页推荐按钮隐藏查看图注大家都在看再看一次进入图片中心查看原图图片中心链接组图新版统计长度幻灯调用末页广告不显示末页广告频道域名广告位全站通发为不显示广告频道末页广告侧边广告末页推荐图片另类高手海沃德电竞称霸有人会开战斗机高清内马尔亮相王子公园球场球迷夹道欢迎画面太美！岁红衣小舞者抢镜绿衣广场舞大妈组图罗乔治娜浪漫度假总裁忘情扶臀热吻加特林跪地致敬博尔特闪电鞠躬献吻告别图前方组图周琦现身火箭篮球训练营小表情亮了保罗出席派对会老友西装配运动鞋帅气有型最伟大黑人运动员石佛垫底海军上将入围啼笑皆非！英国男子乱入赛场裸奔引混乱数字解析男篮蓝队杜锋迎来百日六人零经验媒体科黑抱加索尔大腿夺冠最后一战遭吐槽高清巴西女排多点开花主帅手舞足蹈献表情包暑假萌娃在哪里李小鹏奥莉清爽夏日亲子示范都说包治百病看看明星机场都背哪款包年渔民变护渔人被同行叫叛徒活动照曝光一身黑白搭配简约迷人谭松韵苹果头配粉色荷叶边蛋糕裙俏皮小可爱张柏芝竟让全家录视频祝福锋菲是要搞事情洪灾过后，岁志愿者累瘫照走红美女日历甜美界代表唐艺昕黑眼圈演绎冷漠风情末页可视化数据源激活域名</body><keywords>末页 0.01730676556072825;图片 0.011564796582683312;组图 0.010502602953875787;表情 0.00931658264263336;查看 0.009286102196604787;推荐 0.009237194026214566;运动鞋 0.00868791545204833;亲子 0.00868791545204833;高清 0.008607139795957631;广告 0.008260246001460001</keywords><naive_snippet>模拟右键末页推荐内容微软雅黑末页推荐按钮隐藏查看图注大家都在看再看一次进入图片中心查看原图图片中心链接组图新版统计长度幻灯调用末页广告不显示末页广告频道域名广告位全站通发为不显示广告频道末页广告侧边广告末页推荐图片另类高手海沃德电竞称霸有人会开战斗机高清内马尔亮相王子公园球场球迷夹道欢迎画面太美！岁</naive_snippet><selected_snippet>英国男子乱入赛场裸奔引混乱数字解析男篮蓝队杜锋迎来百日六人零经验媒体科黑抱加索尔大腿夺冠最后一战遭吐槽高清巴西女排多点开花主帅手舞足蹈献表情包暑假萌娃在哪里李小鹏奥莉清爽夏日亲子示范都说包治百病看看明星机场都背哪款包年渔民变护渔人被同行叫叛徒活动照曝光一身黑白搭配简约迷人谭松韵苹果头配粉色荷叶边蛋糕裙俏皮小可爱张柏芝竟让全家录视频祝福锋菲是要搞事情洪灾过后，岁志愿者累瘫照走红美女日历甜美界代表唐艺昕黑眼圈演绎冷漠风情末页可视化数据源激活域名</selected_snippet><comments>媒体审美的标准就是波特满！</comments><comments_num>1</comments_num><comments_result>[5]媒体审美的标准就是波特满！</comments_result><comments_dict>text_pos_number:积极评论条数为 1 条，占全部评论比例的 %100.0
text_neg_number消极评论条数为 0 条，占全部评论比例的 %0.0
text_mid_number中性情感评论条数为 0 条，占全部评论比例的 %0.0
text_pos_mean平和
text_neg_mean愤怒
text_total_mean淡定
text_total_var情感波动很小</comments_dict></doc>