<?xml version='1.0' encoding='utf-8'?>
<doc><id>170</id><url>http://news.163.com/air/17/1208/14/D550KJDJ000181O6.html</url><title>受航拍活动影响 首都机场通行能力下降50左右 </title><datetime>2017-12-08 14:15:00</datetime><body>

                    （原标题：受航拍、航摄活动影响 首都机场通行能力下降50左右）
                
延误航班截图首都机场航班延误橙色预警提示：12月8日，北京首都机场航拍、航摄活动预计16:30结束，期间通行能力下降50左右。






 本文来源：民航事  
责任编辑：康晶_NBJS5415 
</body><keywords>首都机场 0.06675526263871356;航拍 0.06004990060428164;民航 0.05803181067005204;康晶 0.05803181067005204;活动 0.05664957587445466;航班 0.0509023736978508;标题 0.045401925116503206;预警 0.044516181978058435;能力 0.04277753376706657;橙色 0.04094316087741314</keywords><naive_snippet>

                    （原标题：受航拍、航摄活动影响 首都机场通行能力下降50%左右）
                
延误航班截图首都机场航班延误橙色预警提示：12月8日，北京首都机场航拍、航摄活动预计16:30结束，期间通行能力下降50%左右。






 本文来源：民</naive_snippet><selected_snippet>延误航班截图首都机场航班延误橙色预警提示：12月8日，北京首都机场航拍、航摄活动预计16:30结束，期间通行能力下降50左右</selected_snippet><comments>NULL</comments><comments_num>1</comments_num><comments_result>NULL</comments_result><comments_dict>NULL</comments_dict></doc>