<?xml version='1.0' encoding='utf-8'?>
<doc><id>171</id><url>http://mil.cankaoxiaoxi.com/2013/0926/277995.shtml</url><title>台媒：传中国大陆将划防空识别区</title><datetime>2013-9-26 10:20:00</datetime><body>台媒传中国大陆将划防空识别区来源参考消息网核心提示评论人士称，大陆防空识别区的划分设想势必在东海黄海台湾海峡与韩国日本台湾越南的防空识别区重叠。参考消息网月日报道台媒援引最新一期加拿大汉和防务评论的报道称，中国大陆空军和海军内部正积极规划大陆防空识别区的问题，并期望及早公布。据台湾中央社月日报道，汉和防务评论引述北京权威军队消息来源说，这是大陆强化军队对周边海域空域控制的又一作为，也是大陆军队首次在内部检讨设立防空识别区。消息来源表示，大陆方面的基本设想是，防空识别区应该划到海里专属经济区的附近空域如果达不到上述要求，也应该以中线为基准，尽量向外延伸，以便更好地保卫海空安全。汉和防务评论创办人平可夫说这样的划分设想，势必在东海黄海台湾海峡与韩国日本台湾越南的防空识别区重叠。他说，消息来源反复强调，识别区的划分主要是针对美国飞机对大陆侦察日趋频繁的问题，因此防空识别区首要针对美国的空军和海军侦察机。平可夫说，一旦大陆完成划分防空识别区并公布，又假设与日本的防空识别区重叠，双方任何一方的飞机进入重叠区域，对方也会认为进入了自己的识别区，双方飞机频繁接触的几率将会增加。他表示，防空识别区的划分与公布意味着平时大陆空军海军的歼击机值班巡航的距离将比现在更远，至少每次都必须接近海里边缘识别线附近，否则划分防空识别区没有实战意义。更多精彩内容，请见参考消息官方网站首页。网址相关阅读防空识别区中国解放军日媒称中国海监飞机进入日本防空识别区韩称俄两架轰炸机试图侵犯韩防空识别区责任编辑倪林军标签台湾中央社复制链接打印收藏凡本网注明来源参考消息网的所有作品，未经本网授权，不得转载摘编或以其他方式使用。查看心情排行你看到此篇文章的感受是高兴感人无聊搞笑震惊愤怒无奈害怕难过</body><keywords>识别区 0.031221105519350444;大陆 0.031033774244087698;防空 0.026141137409533687;评论 0.015381802120991404;飞机 0.0137831710912604;划分 0.012731184241312666;应该 0.012471263239862524;空域 0.01236349719840316;参考消息 0.01211601089293524;日本 0.011801195446267456</keywords><naive_snippet>台媒传中国大陆将划防空识别区来源参考消息网核心提示评论人士称，大陆防空识别区的划分设想势必在东海黄海台湾海峡与韩国日本台湾越南的防空识别区重叠。参考消息网月日报道台媒援引最新一期加拿大汉和防务评论的报道称，中国大陆空军和海军内部正积极规划大陆防空识别区的问题，并期望及早公布。据台湾中央社月日报道，汉</naive_snippet><selected_snippet>台媒传中国大陆将划防空识别区来源参考消息网核心提示评论人士称，大陆防空识别区的划分设想势必在东海黄海台湾海峡与韩国日本台湾越南的防空识别区重叠</selected_snippet><comments>NULL</comments><comments_num>0</comments_num><comments_result>NULL</comments_result><comments_dict>NULL</comments_dict></doc>