<?xml version='1.0' encoding='utf-8'?>
<doc><id>175</id><url>http://news.163.com/17/1208/23/D560MIIA0001899N.html</url><title>蒂勒森：美国使馆迁往耶路撒冷可能需要两年时间</title><datetime>2017-12-08 23:36:00</datetime><body>

                    （原标题：蒂勒森说美国使馆迁往耶路撒冷可能需要两年时间）
                
新华社巴黎12月8日电 美国国务卿蒂勒森8日在巴黎表示，由于需要选址、建造以及获得各种批准，美国驻以色列大使馆从特拉维夫迁往耶路撒冷可能需要两年时间。



蒂勒森当天在与法国外长勒德里昂会晤后举行的新闻发布会上说，筹备美国使馆迁往耶路撒冷需要时间，美国总统特朗普希望迁馆以一种“坚定而有计划的方式”进行。对于美法关系，蒂勒森说，美国和法国具有相同的价值观和深厚的关系，尽管双方在很多问题上意见不一，但可以就这些问题进行坦诚交流。他表示，美国对法国在推动非洲萨赫勒地区反恐方面的努力表示赞赏。8日，由法国发起的旨在支持黎巴嫩保持政治经济稳定的国际会议在巴黎举行，蒂勒森、勒德里昂、联合国常务副秘书长阿明娜・穆罕默德等人士将出席这一会议。特朗普6日宣布承认耶路撒冷为以色列首都，并将启动美驻以使馆从特拉维夫迁往耶路撒冷的进程。国际社会对此普遍表示反对。


 本文来源：新华社  作者：韩冰
责任编辑：李杭_BJS4645 
</body><keywords>美国 0.043519604725147924;法国 0.03177278085501767;耶路撒冷 0.0298446689160934;需要 0.023705397352575326;巴黎 0.022173829500291314;表示 0.02010535645593576;李杭 0.01905998019170803;新华社 0.01882822021892756;会议 0.018444335205421106;方式 0.016948376162337964</keywords><naive_snippet>

                    （原标题：蒂勒森说美国使馆迁往耶路撒冷可能需要两年时间）
                
新华社巴黎12月8日电 美国国务卿蒂勒森8日在巴黎表示，由于需要选址、建造以及获得各种批准，美国驻以色列大使馆从特拉维夫迁往耶路撒冷可能需要两年时间。



蒂勒森</naive_snippet><selected_snippet>蒂勒森当天在与法国外长勒德里昂会晤后举行的新闻发布会上说，筹备美国使馆迁往耶路撒冷需要时间，美国总统特朗普希望迁馆以一种“坚定而有计划的方式”进行</selected_snippet><comments>NULL</comments><comments_num>0</comments_num><comments_result>NULL</comments_result><comments_dict>NULL</comments_dict></doc>