<?xml version='1.0' encoding='utf-8'?>
<doc><id>176</id><url>http://news.163.com/17/1208/00/D53H66IU0001899N.html</url><title>收58万会费的婚介机构:婚托经专业培训演技高超</title><datetime>2017-12-08 00:26:00</datetime><body>

                    （原标题：交58万元会费 大妈结识的“亿万富翁”都是婚托）
                
向婚介机构交58万元会费后，本想着能结识“亿万富翁”，却遇到了“婚托”。重案组37号获悉，婚介机构以推荐“优质对象”为名，专门骗取会员高额入会费。公司找来形象好的男子做婚托，并租豪车、穿名牌、编身份，包装成“高档征婚者”。通过这种手段，北京华盛腾达信息咨询服务部（简称“华盛腾达服务部”）的老板张美玲等人，先后骗取30余名被害人400余万元。其中，张美玲被控涉案金额多达370万余元，获刑13年。今日，北京市三中院披露该婚介机构最后一名被告人马某的终审判决结果。▲华盛腾达服务部老板张美玲及工作人员、“婚托”等人受审。资料图片/视觉中国。“身价过亿”的男会员经历失败的婚姻后，57岁的王芳（化名）想接触新的男士。她回忆，自己通过报纸了解到“华盛腾达服务部”这家婚介机构，公司地址在朝阳区大望路附近。当时，一位冯姓女老师让她到公司看看，并先交500元登记费。聊天中，“冯老师”觉得她的征婚要求比较高，就将其介绍给经理“刘浩”。根据法院判决书，“刘浩”告诉王芳，交58万元“顶级会员费”后，可以为她安排见身价上亿的会员。“我心动了，想着交这么多钱，介绍的人也不会错。”王芳说。2010年8月，王芳和婚介机构老板张美玲签订《婚姻介绍服务合同》，并刷卡57.95万元。当天，在公司楼下咖啡厅，刘浩带着名叫“王军”的男子和她见面。对方自称是房地产开发公司的老总，家里有海边别墅、名车，资产上亿。“刘浩说安排我见8位男性征婚者，都是上亿身价。”王芳提到，自己和第三个相亲对象聊天时，告诉了对方向婚介机构交纳50多万元会费一事，该“男会员”因担心承担责任，便坦白自己并非亿万富翁，而是婚托。98万元的高额会费自称“王军”的“身价过亿”男会员，真名王健民，他也是一名婚托。据其供述，婚介机构的马青春称，可以帮忙介绍有钱的单身女子，也不收其服务费，所以进了公司当婚托。“和女会员见面时说自己是搞房地产开发的，慢慢在交往中不和她们联系了就行”。马青春，就是为王芳安排相亲对象的“刘浩”。他说，朋友张美玲开了婚介机构，自己常去帮忙，收了王芳的会费后，就介绍一些婚托和她见面。该婚介机构的王俊平供述，征婚的都想找条件好的，“为了骗这些人交高额入会费，前期老师都会说有好条件的男士，但实际上没有这样条件的人”。交完会费后，员工帮忙约见异性会员一至三次。“前期老师胡乱介绍对象安排见面，她们肯定不干，我们后期就一方面稳定他们情绪，劝其放低条件，另一方面，再找些婚托或手里的其他异性会员。”婚托，就是婚介公司的假冒会员，他们假装与对方见面，然后从公司领取报酬。王俊平还供述，自己也用婚托介绍给会员，达到合同约定的见面人数，然后挣取会员费。“会员根据会费不同分五六个档次，从1.8万元至98万元不等。”另据媒体报道，有婚托交代，每见一个女子有200元报酬，见面的吃饭、交通等费用，由公司报销。“要投对方所好，爱听什么就说什么，取得对方的信任和好感。”他表示，每次见面前，还要刻意地收拾下妆容，要从服装、气质上让对方相信其是成功人士。开奥迪的“官员”竟是婚托除王芳外，59岁的北京人李丽（化名）也在上述婚介机构，遭遇了相亲骗局。据其介绍，2012年7月，自称婚介的李老师打电话让其去公司看看。交了3000元后，公司员工张琳介绍陈德平与她认识。“见了一面后就是通电话、发信息，他多次让我把封档费（中意的男士不再向他人介绍）交了。”李丽说，自己又向张美玲汇款1.8万，并签订婚介服务合同。重案组37号进一步了解到，上述婚介机构专门骗取会员会费，内部分工明确。媒体此前报道，张美玲下岗后开始做婚介工作，先后成立6家婚介公司，为了留住有钱的征婚女，就找来一些形象好的男子做婚托；为了让征婚者不断交钱，公司不惜让婚托租奥迪、穿名牌、编身份，包装成“高大上”的官员。根据2014年法院判决，张美玲等人以帮忙找到理想伴侣为诱饵，找来王健民等人做“婚托”，以交纳高额会费、封档费等为由，先后骗取30余人400余万元。其中，张美玲（老板）参与诈骗370万余元，获刑13年，罚金13万元；王凤华（员工）参与诈骗93万余元，获刑10年半，罚金11万元；王俊平（员工）参与诈骗70余万元，获刑3年，罚金3万元；其他人员诈骗数额从27万元到36万元不等，获刑3到4年。2016年3月29日，马青春被抓获归案。重案组37号今日从三中院获悉，马青春安排婚托，虚构身份、职业、家庭条件等信息，与王芳相亲，骗其缴纳会员服务费57.95万元。其行为构成合同诈骗罪。法院最终判处其有期徒刑三年，罚金三千元。骗术揭秘婚托经专业培训“演技高超”近期，北京市检三分院也办理了一起婚介机构利用“婚托”诈骗钱财的案件，40人受害，涉案金额高达500多万。检方还梳理“相亲套路”，提醒单身男女注意。婚介机构在报纸、网络大肆刊登广告来吸引有相亲需求的单身男女上钩，获取联系方式后，由专业的“老师”（红娘）打电话讲解，并邀去公司了解情况，以提供量身定制的优质服务。事实上，这些红娘俨然是销售人员，只为会费，牵线搭桥不是其主要工作。到公司后，专业的“老师”提供一对一的服务，宣称介绍的成功案例很多，手里还有众多优质客户。在取得准会员信任后，签订婚姻介绍服务合同，收取少到几千、多至上万的会员费。并表示，收取不同费用则为不同级别的客户（婚托），能见不同层次的人。事实上，不论结婚与否，只要形象好、气质佳，都可以被婚介公司找来当“婚托”与会员见面，并按照“老师”指示与会员保持一段时间的交往。婚介机构不会满足于只收取会员的入会费。如果有会员表示对安排见面的对象很满意，婚介机构就会要求其交纳大额封档费，即不再安排该对象与其他会员再见面。经过专业培训的 “婚托”演技高超，让会员误以为押到“宝”，遇到“真爱”，而自愿交付大笔钱财。骗到钱财，“婚托”使命完成，按“老师”的指示消失。有的会员当下发现被骗，去婚介机构退钱，但会被以已安排人见面为由拒不退还。有的会员则以为是本次相亲没有成功，在“老师”劝说下再次交钱，以被安排见下一位相亲对象。



老妇为觅"真命天子"花20万婚介费 儿子欲断绝关系刘阿姨今年65岁，由于离婚多年，孩子也长大成了家，一个人的生活让她对婚姻特别的向往。去年12月份，刘阿姨接到一家名为“天禧乐园”的婚介宣传，并很快成了对方的会员。刘阿姨说，原本满怀希望的“入会”，可是婚介公司在介绍了两个男士见面之后，就再没了音讯。


 本文来源：重案组37号  作者：刘洋
责任编辑：李杭_BJS4645 
</body><keywords>会员 0.022929357028948348;婚托 0.022812530668830083;公司 0.017704522804464575;婚介 0.016980312939521083;见面 0.013058726220321046;介绍 0.012572327398651124;机构 0.012254804172585964;王芳 0.009995795003987153;相亲 0.009625760610206107;老师 0.009504264402437124</keywords><naive_snippet>

                    （原标题：交58万元会费 大妈结识的“亿万富翁”都是婚托）
                
向婚介机构交58万元会费后，本想着能结识“亿万富翁”，却遇到了“婚托”。重案组37号获悉，婚介机构以推荐“优质对象”为名，专门骗取会员高额入会费。公司找来形象好的</naive_snippet><selected_snippet>他说，朋友张美玲开了婚介机构，自己常去帮忙，收了王芳的会费后，就介绍一些婚托和她见面</selected_snippet><comments>NULL</comments><comments_num>1</comments_num><comments_result>NULL</comments_result><comments_dict>NULL</comments_dict></doc>