<?xml version='1.0' encoding='utf-8'?>
<doc><id>177</id><url>http://news.163.com/17/1208/14/D551QP010001875O.html</url><title>巴西一座监狱举办选美大赛 冠军奖品是电风扇</title><datetime>2017-12-08 14:36:00</datetime><body>

                    （原标题：巴西一座监狱举办选美大赛 冠军奖品是电风扇）
                
巴西里约塔拉韦拉・布鲁斯监狱日前举办了一场选美大赛。位于里约西部的这座监狱几年前起就致力于“重建囚犯的自信”。



今年胜出的玛雅娜因参与抢劫和偷盗货车而被判入狱45年。在赢得比赛后，她表示自己感到非常“幸福”。这项比赛的“奖品”是一台电风扇。对于获奖者来说，这非常实用，因为牢房里很热，还有很多蚊子。


 本文来源：参考消息网  
责任编辑：韩佳鹏_NN9841 
</body><keywords>奖品 0.0438471650774391;标题 0.040997993036570285;胜出 0.040997993036570285;参考消息 0.040997993036570285;韩佳鹏 0.040997993036570285;监狱 0.03861593192557217;举办 0.03735053102420252;被判 0.033606284475975134;抢劫 0.03360628447597513;偷盗 0.03216722441384105</keywords><naive_snippet>

                    （原标题：巴西一座监狱举办选美大赛 冠军奖品是电风扇）
                
巴西里约塔拉韦拉・布鲁斯监狱日前举办了一场选美大赛。位于里约西部的这座监狱几年前起就致力于“重建囚犯的自信”。



今年胜出的玛雅娜因参与抢劫和偷盗货车而被判入狱4</naive_snippet><selected_snippet>（原标题：巴西一座监狱举办选美大赛 冠军奖品是电风扇）</selected_snippet><comments>'里面可以开个大宝剑嘛，本着自愿的原则，你去上班也不减刑，对大家都有好处而且还很公道嘛。'
 '拿了奖品又如何，能保证不被他人“借”用？'
 '还有人记得“天一”吗？'
 '为什么不是自由
 '男人都喜欢漂亮的女人'
 '当选后就自由了！'
 '漂亮的怎么处理？'
 '下次选人大代表吧，出狱后直接去政府上班。'</comments><comments_num>15</comments_num><comments_result>[8.2]'里面可以开个大宝剑嘛，本着自愿的原则，你去上班也不减刑，对大家都有好处而且还很公道嘛。'
[3]'拿了奖品又如何，能保证不被他人“借”用？'
[0]'还有人记得“天一”吗？'
[0]'为什么不是自由
[2]'男人都喜欢漂亮的女人'
[3]'当选后就自由了！'
[1]'漂亮的怎么处理？'
[0]'下次选人大代表吧，出狱后直接去政府上班。'</comments_result><comments_dict>text_pos_number:积极评论条数为 5 条，占全部评论比例的 %62.0
text_neg_number消极评论条数为 0 条，占全部评论比例的 %0.0
text_mid_number中性情感评论条数为 3 条，占全部评论比例的 %38.0
text_pos_mean平和
text_neg_mean愤怒
text_total_mean淡定
text_total_var情感波动很小</comments_dict></doc>