<?xml version='1.0' encoding='utf-8'?>
<doc><id>178</id><url>http://news.163.com/17/1208/00/D53GP0DI00018AOQ.html</url><title>95后小伙耗时3年在游戏中打造虚拟故宫</title><datetime>2017-12-08 00:16:00</datetime><body>

                    （原标题：美呆了！95后小伙耗时3年在游戏中打造虚拟故宫）
                

中新网北京12月8日电 15年后，当“95后”苏一峻带着他们团队的“微缩紫禁城”模型来到故宫展览时，他把自己对于故宫的“感情”归因于2002年的第一次北京之行。“我当时第一次来到北京，我妈领着我走进故宫游览参观。这次经历真的深深影响到我之后很多爱好跟兴趣。”
“虚拟故宫”全貌。受访者供图
那时不到10岁的苏一峻从故宫回到家就想要在家里“用积木搭建一个紫禁城”。“但是无奈家里的玩具很有限，就只有寥寥数十块，怎么可能搭出来这么宏伟的建筑。”
如今，苏一峻在虚拟的电子游戏中完成了这个梦想。他带领一些网友在一款电子游戏中用大约三年时间搭建了完整的故宫模型，包括故宫主要建筑的内饰。今年11月底，这个虚拟故宫通过3D打印技术成为“微缩紫禁城”模型，在故宫博物院展出。而在网上，苏一峻更为“圈内人”所熟知的是另一个名字――喵奏。

今年11月底，这个虚拟故宫通过3D打印技术成为“微缩紫禁城”模型，在故宫博物院展出。图中模型后的人即为“喵奏”。中新社记者 杜洋 摄
曾经“烂尾”的“故宫项目”
喵奏创建微缩紫禁城的游戏，是一款高自由度沙盒游戏。玩家可以在三维空间内自由地创造和破坏不同种类的方块以创造建筑物，类似在虚拟世界中摆积木。虽然搭积木没什么难的，但如果真的要用积木建成一座故宫也并不容易。
2012、2013年间，喵奏开始接触到这款游戏。“最开始原本没想在游戏里干点什么事，不过看到有外国人造了很多很宏大的建筑，就想自己也来弄一个，但当时也没想要造故宫。”
这期间，喵奏加入了游戏中的一个“建筑师”团队，大家一起在游戏中造各种建筑。他告诉记者，2013年，“虚拟故宫”的项目实际就已经存在了，不过“当时还不叫故宫项目，只是团队内的另外成员做了三大殿出来，也没有很完整的计划说要把故宫建起来。而且中途暂停了好久，一直拖拖拉拉到2014年12月”。
随后，喵奏开始接手这个已经“有点烂尾”的“故宫项目”，要在游戏中建造紫禁城的想法逐渐清晰。他要负责把控整个项目的规划、建筑风格、比例、协调分工等等。
而具体到每一个建筑物，他会挑选团队内成员专门负责。“像太和殿，是找一个人负责修完的。其他大殿也类似，中和殿是另一个人负责，保和殿又是另外一个人负责。”
虚拟故宫一角。受访者供图
如此庞大的工程当然并不好操作。推倒重来对于喵奏团队来说算是家常便饭。
“太和殿我们重修了多次。第一个版本是团队里另外一个成员做的，后来他离开了；然后我造了第二个版本的太和殿，大概修到去年10月，但觉得第二版也不够好，就让其他成员负责修了第三版，当时是我跟这个负责人协同，美术风格由我来把控，他负责结构。”
事实上，“宫内”的诸多建筑都经历过重建。“有时候会觉得不够好、可以做得更好就会重做了。我们修建的过程就是在不停地改，有的是完全大改推倒重做，有的是微调。角楼我们都做过四遍，才觉得那种感觉是最协调的。”喵奏说。
虚拟故宫中的景色。受访者供图
全凭爱好“造故宫”
如今回忆起那段“一起造故宫”的时光，喵奏自己甚至都觉得“很神奇”。团队内部的人都是游戏玩家，平时完全是凭着兴趣在“造故宫”。 “很多参与的人叫什么名字，长什么样子我都不知道的。但每天大概晚上八九点，大家就准时会出现在游戏中‘造故宫’。大家没有工资，故宫也没有提供任何帮助，全凭爱好在做。”他说。
“那时我的生活节奏基本是――白天收集古建资料，看故宫纪录片；下午有的人就回来了，会做点工作；最重要是晚上，人比较集中也比较忙，通常就是这时候组织大家一起修。一般大家会从吃完晚饭8点开始修到12点前后。我们会先语音沟通工作，然后大家就各自开始修。”
虚拟故宫中的九龙壁。受访者供图
喵奏告诉记者，团队中的成员很多都是学生，成员“进进出出”是一种常态，“有的大学生毕业参加工作了，就逐渐淡出团队”。“我们虽然号称有120-150人，但那个数字准确的我真的不知道，因为来来去去有很多人进出这个项目，我也没有真正很好地去做一个统计。每个月能保证有十人左右在持续输出(指造故宫)。当然有的人输出特别多，就是贡献特别大；有的人可能这个月在，下个月就被人顶替了。”
团队的成员其实一直在变动中。“当时好多人都嫌太难了。比如让一个人负责体仁阁，修到一半他‘跑了’，就要找别人再顶替。之前修角楼就是这样，我修了第一版觉得不够好，就说重修吧，让其他人负责，最后顶替了四五个人才修好。”
虚拟故宫一角。受访者供图
险些夭折
困难还不只这些，中间也有一些事情差点让这个项目夭折。
高中毕业后，喵奏就放弃了继续读书的机会，同时为了全身心投入到“虚拟故宫”的项目中，也并没有去工作。
2015年下半年，在父母的要求下，喵奏去了深圳的工业区做设计工作。“我去工作后，这个项目就差不多开始停了，没人指挥，大家也不知道该做什么，就不做了。”
“那时我每天早上8点上班要打卡，下午6点下班要打卡，晚上回到没有网络的寝室，也没有什么娱乐项目。”
在喵奏看来，“那些工业区都很无聊”，而且公司的一些问题让他觉得难以短时间内得到解决。“要是真的做好这份工作就差不多要把整个青春就要奉献给这家公司了，我就一直问自己，这样做到底值不值，是不是这么有意义，能不能趁年轻做点自己想做的事情。”
“虚拟故宫”全貌。受访者供图
连续过了两三个月这种生活后，喵奏开始跟父母“摊牌”，“从上面说的这些道理说到我自己的想法”。“然后我父母就同意了，说你不想在那里工作就回来。”
喵奏坦言，能一直参与并完成“虚拟故宫”的项目，“最主要是靠我父母”。“他们还是比较看得开的。同时他俩不用我去赚钱也能生活得还ok，这样就不着急让我去工作。如果要打几份兼职才可以做下去的话，一方面会很辛苦，另一方面也不能真正全心全意把所有精力都投入到项目中去。”
虚拟故宫中的狮子雕塑。受访者供图
“整个故宫是我无声的老师”
从2015年喵奏接手紫禁城项目到2016年，B站上开始出现了完工的预告视频。视频中的紫禁城恢弘大气，从弹幕来看，不少网友已经“折服”。有网友留言说，怀疑自己和喵奏玩的不是一款游戏。
为了在游戏中将故宫用一个个方块还原出来，喵奏和他的团队参考了不少古籍。“我们在这个过程中其实是没有故宫博物院提供的任何资料，全都是靠我们团队经过两三年的时间不断搜索。”
虚拟故宫一角。受访者供图
喵奏团队利用卫星地图确定故宫内建筑屋顶的覆盖范围，从而“标注出建筑的大小和规模”。“在得知了屋顶覆盖范围之后，我们再通过数屋檐上的斗拱推出每个屋顶的大小和屋顶出檐的幅度。而柱子就直接是在斗拱下面，知道柱子以后，我们就可以逆推出整个梁架结构是什么样子。通过这样的方式，就可以把整个故宫做出来。”
梁思成的《清工部〈工程做法则例〉》被认为是对修建“虚拟故宫”“用处最大的”一本书。“因为清朝所有的建筑样式其实都是严格遵守这本书所标示的很多规格和方式。”喵奏说。
“我们项目中还涉及非常多室内空间设计，我们查阅了《清宫叙闻》这本书，里面有大量描述室内装修是怎么样的，团队根据这些文字做了一定还原。”
喵奏团队根据古籍还原的房间内饰。受访者供图
喵奏直言，学习这些资料，让自己“对中国城市空间的设计”“有了跟在学校所能学到的知识的不一样的体会”。“而对于我这三年来说，我觉得整个故宫是我无声的老师。”
今年11月，喵奏受邀参加在北京故宫博物院举办的“传统文化×未来想象”数字文化艺术展。他和几名团队成员花了5天将这座“虚拟故宫”3D打印成实体模型，又用了15天给模型上色。




他告诉记者，布展时自己会在故宫工作到晚上。“那种夜晚故宫的感觉真的和白天不一样，晚上的故宫那种寂静与月色交融是白天难以遇见的景致。”
现在，喵奏正在做另外一个项目――迷你北京。他正在带领团队将“那个带有城墙的北京”在游戏中重建。他希望最终能够做出一个视频，将古老的北京、紫禁城以及他们的工作全景呈现出来。但由于“那个模型太精细”，“它需要导入到那些电影级的渲染器当中才能出来之前预告片的效果。但因为时长特别久，要消耗的费用已不是我们可以很轻易承担的”。目前他“还在联系一些有意合作的单位”。


 本文来源：中国新闻网  作者：宋宇晟
责任编辑：李杭_BJS4645 
</body><keywords>故宫 0.027973598567695764;团队 0.017244708692328792;项目 0.011443445572788194;工作 0.010433463661991497;没有 0.009347966501045418;游戏 0.008692656461709119;负责 0.008604562506520518;成员 0.008483610799449558;虚拟 0.007861926313176337;紫禁城 0.007295765401272507</keywords><naive_snippet>

                    （原标题：美呆了！95后小伙耗时3年在游戏中打造虚拟故宫）
                

中新网北京12月8日电 15年后，当“95后”苏一峻带着他们团队的“微缩紫禁城”模型来到故宫展览时，他把自己对于故宫的“感情”归因于2002年的第一次北京之行。</naive_snippet><selected_snippet>他告诉记者，2013年，“虚拟故宫”的项目实际就已经存在了，不过“当时还不叫故宫项目，只是团队内的另外成员做了三大殿出来，也没有很完整的计划说要把故宫建起来</selected_snippet><comments> '我也看呆，原来我玩的游戏还有老玩家呢'
'佩服的五体投地，光这毅力和兴趣，相信以后干什么都可以成功！另外是不是minecraft盖的'
 '我觉得3D建模要比这个快吧。。。
 '这是“Minecraft”，就是文中所说的沙盒游戏'
 '还以为是用3d建模造的呢'
 'too young too naive'
 '在mc里一块一块方块做给你10年你也做不出来，用专业工具做和这个能比么？天上地下。'
 '那是加了材质包'
 '火柴和筷子等搭建方式与建筑本身的结构也完全不是一回事，除非你是直接去锯木头，按照比例对比制作专门的木板木桩才行，还有瓦砾、地板等等，你想得太简单。'
 '有成就的人都有耐心'
 '不用三大殿，三根柱子都买不起。
 '1楼这种人张嘴就来。要是用木头现实打造这各种费用谁出？难道你要去大街上捡木棍吗？'
 '看到那狮子 莫名的喜感'
 '那个模拟驾驶？遨游中国？'
 '是我的，不是你的'
 '这不就是minecraft?'
 '我咋觉得你是吃饱撑的。。。。'
no
 '然后遣送到你爸妈身边'
 '我忍不住想告诉你，其实现实就是高纬投影的，就是做的。'
 '就是一个死宅给自己不上班找了个借口'
用3dmax可要3个月? 浪费三年在一个破游戏里'
 '我的世界？'
 '矿坑世界
'有个人做了整个中国呢 那个才强'
 '人家叫苏一峻，网名叫喵奏'
 '纠错，北京当时叫北平'
 '做了整张中国地图 精确到每个岛，可以传送到任何一个城市'
 '地图能分享吗？'
no不是我的世界。是别人的世界。他这个紫禁城算是比较投机的。能3D打印出来所以好宣传！其他比他更厉害的多了！'
 '又来了'
 '故宫博物院'
 '这玩意
 '能做成这件事的，至于其他事情只要他想干应该都没什么困难.'
 '是不是玩个欧陆当个球长也能上新闻了？？？'
 '撘这些玩意就不烧脑吗，现实的建筑设计师工资多少？？国外还有团队用存档卖钱的，这有没有意义？'
 '别人的世界+1'
'牛逼'
 '把三年时间浪费在一个游戏存档上面。。。'
 '故宫这些古建筑结构很多地方很复杂的，要表现完整结构？嗯，那大概不是那么简单，1楼说要用木头做出建筑结构，那牙签火柴就肯定不行了，或者说这些材料太小，要做复杂结构，精度要求很高吧。'
 '真是可惜了这三年的努力，可惜了查阅那么多古籍，我的世界里面方块搭建的方式与建筑本身的结构完全不是一回事，最终耗时三年搭建的就是一个徒有其表（也许应该说“徒有尺寸”）的东西。如果当初不选择使用我的世界，而是用木头，那就能重现故宫古建筑的精髓，也不枉了查阅古籍的过程了。'
 '那你还姓有呢，有态度是网友，没态度是渣渣？
'耐心和毅力还是很厉害的，我也在MC里造过建筑，是一个很枯燥很费劲的工程，能完成故宫这么大的项目很了不起。只是的确MC限制了发展，如果用unity或是虚幻4来做，变成UBISOFT那样的项目，应该会有游戏厂商跟你谈合作了，到时候才有大笔的经济来源哦'
 '挺有耐心的，我就不行。'
 '哇，我的世界'
 '我的世界'
 '中国就是这样肯为兴趣无私奉献和努力的人太少了，建议给这小伙配备三妻四妾，扩大团队'
 '小米游戏现在也开始打造自己的游戏生态了  小米枪战 小米赛车 小米超神'
 '说了半天，也不肯说游戏的名字，不肯免费打广告？MC，minecraft，我的世界'
 '真厉害！'
 '别人的世界'
 '不一般！'
 '居然还有姓喵的。喵奏，有喵启奏，无喵退朝。'
 '做个地球仪怎么样？\U0001f923
'你的世界？别人的世界吧'
 '我家小儿玩这个已经多年了，画质比这细腻，这近看有点粗糙哎，宏观上不错'
 '有个人做了整个中国呢 那个才强'
 'no
 '地道设计了没？'
 '小伙子厉害'
 '太特么牛逼了'
 '感觉像网易花钱出的软文'
 '父母高瞻无瞩，离不开父母支持，建筑系把他特招了吧！'
 '1楼咸鱼来的，不要理会。'
 '北京无人机禁飞的，除非后台够硬，不然要扫描故宫还是难度很大的'
 '真心佩服……'
'直接我的世界不就行了，这软文'
 '然后来个技术宅搞了个3d扫描自动生成了...'
 '只有一个工作量而已，没有太多价值'
'肯定有人会说，这件事的没有“意义”，但请不要拿一些所谓的“意义”去衡量一件事的价值。通过努力去带给自己乐趣，这本身怎么可能没有意义。顺便给大家安利一下beseige这款游戏，也有很多人做了很棒的作品。'
 '编辑没新闻了吗? 这种新闻都能上?'
'这破游戏，画质这么差！'
 '无瞩？'
 '有钱有闲'
 'mc啊'
 '1、2楼都是咸鱼。'
 '横店1:1'
 '我的楼盘'
 '慢工出细活。这种耐心和毅力实在是值得学习。'
 '用木头搭一个故宫就不是三年了，而且网络世界可以组个团队抽空凭爱好努力完成，显示谁来鸟你，做个三大殿就歇菜了'
 '我一开始以为是他自己做了个游戏，然后在里面造了故宫。。。'
 '别说你要离地三米飞天了，你只要表现的稍微不像正常人样，周围就有三五个大汉把你抓到面包车上了'
 '直接我的世界不就行了，这软文'
 '远，呵！'
 '这是别人的世界[疲惫]'
 '直接说用minecraft 我的世界 重现不就行了哈哈哈。壮哉我大MC！！'
 '哈哈哈，喵奏，这个是国家团队cw建筑师，另一个团队史诗工坊在mc里面还原了圆明园'
 '中新网。'
 '手艺，你知道这是怎么做的么，这是1块1块搭起来的虽然不是现实里。'
 '我唠叨几句还有个项目要重现整个北京Project1845
 '那会被说打广告的啦
 '别人的地盘'
 '故宫会让你背个扫描仪到处扫？
 '装对翅膀，当鸟人行不
 '发评论前先动动脑子好不好，真要用木材搭得要多少工作？可能一棵树的材料就够做了，加工成本，精度你来保证？可能你一抡键盘就做好了~'
 '什么游戏？'
'中新网'
 '人生只有上班和吃饱肚子的人和咸鱼有什么分别'
 'AV画质'
 '喵奏创建微缩紫禁城的游戏，是一款高自由度沙盒游戏。玩家可以在三维空间内自由地创造和破坏不同种类的方块以创造建筑物，类似在虚拟世界中摆积木看到这里就觉得有点不对劲了，结果还真的是mc，如此说来3年内花了非常多的功夫啊，以前我与小伙伴们造我们学校也用了半年，最后的效果还不怎么理想，佩服他们啊~'
 '1.2.5时代，ic2玩的不亦乐乎'
 '我也玩Besiege，很不错的游戏'
 '《Minecraft》我的世界'
 '我知道一楼想说些什么，应该是用火柴，一次性筷子之类小木头来做。三年应该也能做出实物了，而且的确比游戏中更能重现故宫古建筑的精髓。可是楼主有没有想过，他有这手艺吗？理想是丰满的，现实是残酷的。'
 '显卡的香味'
 '可以的  非常厉害了'
 '如果用3D软件制作呢？到最后起码能拿出个像样的作品，也不白忙活。'
 '顶你，你有一颗梦想的心，更难得的是你有实现梦想的恒心。唯有梦想不会辜负你'
 '我15岁的儿子，玩“我的世界”已经很多年了，活比这细'
 '并不是逐个还原。是全局还原。'</comments><comments_num>1512</comments_num><comments_result>[-2]'我也看呆，原来我玩的游戏还有老玩家呢'
[10]'佩服的五体投地，光这毅力和兴趣，相信以后干什么都可以成功！另外是不是minecraft盖的'
[2]'我觉得3D建模要比这个快吧。。。
[0]'这是“Minecraft”，就是文中所说的沙盒游戏'
[0]'还以为是用3d建模造的呢'
[0]'too young too naive'
[0]'在mc里一块一块方块做给你10年你也做不出来，用专业工具做和这个能比么？天上地下。'
[0]'那是加了材质包'
[6.0]'火柴和筷子等搭建方式与建筑本身的结构也完全不是一回事，除非你是直接去锯木头，按照比例对比制作专门的木板木桩才行，还有瓦砾、地板等等，你想得太简单。'
[2]'有成就的人都有耐心'
[0]'不用三大殿，三根柱子都买不起。
[1]'1楼这种人张嘴就来。要是用木头现实打造这各种费用谁出？难道你要去大街上捡木棍吗？'
[0]'看到那狮子 莫名的喜感'
[0]'那个模拟驾驶？遨游中国？'
[-1]'是我的，不是你的'
[0]'这不就是minecraft?'
[0]'我咋觉得你是吃饱撑的。。。。'
[0]no
[1]'然后遣送到你爸妈身边'
[3]'我忍不住想告诉你，其实现实就是高纬投影的，就是做的。'
[1]'就是一个死宅给自己不上班找了个借口'
[-2]用3dmax可要3个月? 浪费三年在一个破游戏里'
[0]'我的世界？'
[0]'矿坑世界
[1]'有个人做了整个中国呢 那个才强'
[0]'人家叫苏一峻，网名叫喵奏'
[0]'纠错，北京当时叫北平'
[3]'做了整张中国地图 精确到每个岛，可以传送到任何一个城市'
[1]'地图能分享吗？'
[3.0]no不是我的世界。是别人的世界。他这个紫禁城算是比较投机的。能3D打印出来所以好宣传！其他比他更厉害的多了！'
[0]'又来了'
[0]'故宫博物院'
[0]'这玩意
[0]'能做成这件事的，至于其他事情只要他想干应该都没什么困难.'
[1]'是不是玩个欧陆当个球长也能上新闻了？？？'
[1]'撘这些玩意就不烧脑吗，现实的建筑设计师工资多少？？国外还有团队用存档卖钱的，这有没有意义？'
[0]'别人的世界+1'
[-1]'牛逼'
[-1]'把三年时间浪费在一个游戏存档上面。。。'
[2.5]'故宫这些古建筑结构很多地方很复杂的，要表现完整结构？嗯，那大概不是那么简单，1楼说要用木头做出建筑结构，那牙签火柴就肯定不行了，或者说这些材料太小，要做复杂结构，精度要求很高吧。'
[0]'真是可惜了这三年的努力，可惜了查阅那么多古籍，我的世界里面方块搭建的方式与建筑本身的结构完全不是一回事，最终耗时三年搭建的就是一个徒有其表（也许应该说“徒有尺寸”）的东西。如果当初不选择使用我的世界，而是用木头，那就能重现故宫古建筑的精髓，也不枉了查阅古籍的过程了。'
[0]'那你还姓有呢，有态度是网友，没态度是渣渣？
[6.4]'耐心和毅力还是很厉害的，我也在MC里造过建筑，是一个很枯燥很费劲的工程，能完成故宫这么大的项目很了不起。只是的确MC限制了发展，如果用unity或是虚幻4来做，变成UBISOFT那样的项目，应该会有游戏厂商跟你谈合作了，到时候才有大笔的经济来源哦'
[0.2]'挺有耐心的，我就不行。'
[0]'哇，我的世界'
[0]'我的世界'
[4.5]'中国就是这样肯为兴趣无私奉献和努力的人太少了，建议给这小伙配备三妻四妾，扩大团队'
[0]'小米游戏现在也开始打造自己的游戏生态了  小米枪战 小米赛车 小米超神'
[-3]'说了半天，也不肯说游戏的名字，不肯免费打广告？MC，minecraft，我的世界'
[-2]'真厉害！'
[0]'别人的世界'
[0]'不一般！'
[-1]'居然还有姓喵的。喵奏，有喵启奏，无喵退朝。'
[0]'做个地球仪怎么样？\U0001f923
[0]'你的世界？别人的世界吧'
[-0.2]'我家小儿玩这个已经多年了，画质比这细腻，这近看有点粗糙哎，宏观上不错'
[1]'有个人做了整个中国呢 那个才强'
[0]'no
[1]'地道设计了没？'
[-1]'小伙子厉害'
[-1]'太特么牛逼了'
[0]'感觉像网易花钱出的软文'
[1]'父母高瞻无瞩，离不开父母支持，建筑系把他特招了吧！'
[0]'1楼咸鱼来的，不要理会。'
[1]'北京无人机禁飞的，除非后台够硬，不然要扫描故宫还是难度很大的'
[2]'真心佩服……'
[0]'直接我的世界不就行了，这软文'
[1]'然后来个技术宅搞了个3d扫描自动生成了...'
[-1]'只有一个工作量而已，没有太多价值'
[2.6]'肯定有人会说，这件事的没有“意义”，但请不要拿一些所谓的“意义”去衡量一件事的价值。通过努力去带给自己乐趣，这本身怎么可能没有意义。顺便给大家安利一下beseige这款游戏，也有很多人做了很棒的作品。'
[1]'编辑没新闻了吗? 这种新闻都能上?'
[-3]'这破游戏，画质这么差！'
[0]'无瞩？'
[0]'有钱有闲'
[0]'mc啊'
[0]'1、2楼都是咸鱼。'
[0]'横店1:1'
[0]'我的楼盘'
[6]'慢工出细活。这种耐心和毅力实在是值得学习。'
[-1]'用木头搭一个故宫就不是三年了，而且网络世界可以组个团队抽空凭爱好努力完成，显示谁来鸟你，做个三大殿就歇菜了'
[0]'我一开始以为是他自己做了个游戏，然后在里面造了故宫。。。'
[1.8]'别说你要离地三米飞天了，你只要表现的稍微不像正常人样，周围就有三五个大汉把你抓到面包车上了'
[0]'直接我的世界不就行了，这软文'
[-3]'远，呵！'
[-1]'这是别人的世界[疲惫]'
[5]'直接说用minecraft 我的世界 重现不就行了哈哈哈。壮哉我大MC！！'
[0]'哈哈哈，喵奏，这个是国家团队cw建筑师，另一个团队史诗工坊在mc里面还原了圆明园'
[0]'中新网。'
[3]'手艺，你知道这是怎么做的么，这是1块1块搭起来的虽然不是现实里。'
[0]'我唠叨几句还有个项目要重现整个北京Project1845
[-1]'那会被说打广告的啦
[0]'别人的地盘'
[1]'故宫会让你背个扫描仪到处扫？
[0]'装对翅膀，当鸟人行不
[4]'发评论前先动动脑子好不好，真要用木材搭得要多少工作？可能一棵树的材料就够做了，加工成本，精度你来保证？可能你一抡键盘就做好了~'
[0]'什么游戏？'
[0]'中新网'
[2]'人生只有上班和吃饱肚子的人和咸鱼有什么分别'
[0]'AV画质'
[6.5]'喵奏创建微缩紫禁城的游戏，是一款高自由度沙盒游戏。玩家可以在三维空间内自由地创造和破坏不同种类的方块以创造建筑物，类似在虚拟世界中摆积木看到这里就觉得有点不对劲了，结果还真的是mc，如此说来3年内花了非常多的功夫啊，以前我与小伙伴们造我们学校也用了半年，最后的效果还不怎么理想，佩服他们啊~'
[0]'1.2.5时代，ic2玩的不亦乐乎'
[0.8]'我也玩Besiege，很不错的游戏'
[0]'《Minecraft》我的世界'
[12.5]'我知道一楼想说些什么，应该是用火柴，一次性筷子之类小木头来做。三年应该也能做出实物了，而且的确比游戏中更能重现故宫古建筑的精髓。可是楼主有没有想过，他有这手艺吗？理想是丰满的，现实是残酷的。'
[0]'显卡的香味'
[-1.8]'可以的  非常厉害了'
[3]'如果用3D软件制作呢？到最后起码能拿出个像样的作品，也不白忙活。'
[3.5]'顶你，你有一颗梦想的心，更难得的是你有实现梦想的恒心。唯有梦想不会辜负你'
[-1]'我15岁的儿子，玩“我的世界”已经很多年了，活比这细'
[-1]'并不是逐个还原。是全局还原。'</comments_result><comments_dict>text_pos_number:积极评论条数为 38 条，占全部评论比例的 %35.0
text_neg_number消极评论条数为 20 条，占全部评论比例的 %18.0
text_mid_number中性情感评论条数为 52 条，占全部评论比例的 %47.0
text_pos_mean平和
text_neg_mean愤怒
text_total_mean淡定
text_total_var情感波动很小</comments_dict></doc>