<?xml version='1.0' encoding='utf-8'?>
<doc><id>179</id><url>http://news.163.com/shuangchuang/17/1208/14/D551DLPN000197V8.html</url><title>《绝地求生》后，《H1Z1》的国服代理也归腾讯游戏了</title><datetime>2017-12-08 14:29:00</datetime><body>

                    （原标题：拿下《绝地求生》后，《H1Z1》的国服代理也归腾讯游戏了）
                
大逃杀类游戏最火的两款产品――《绝地求生》和《H1Z1》，现在两款产品的国服代理都已经被腾讯拿下了。今日，腾讯正式宣布与 Daybreak 公司进行合作，获得《H1Z1》在中国的独家代理运营权，国服中文名正式定名《生存王者》。2015年美国黎明（Daybreak）公司推出《H1Z1》，这款游戏在全球拥有广泛的知名度，成为“跳伞、生存、竞技”这一全新玩法的先驱。另外，同早期游戏版本相比，《H1Z1》目前已经发展出更加强调枪械射击与生存极限运动的游戏体验。目前，《H1Z1》已成功举办多次大型线下落地赛事。腾讯表示，未来将协同 Daybreak 公司，为国服《生存王者》提供网络优化、服务器扩容、外挂打击等技术支持，营造积极、正向的游戏氛围，对任何违规作弊行为采取“零容忍”态度。除此之外，大逃杀类游戏产品与社会主义核心价值观的冲突，一直也是游戏厂商们在涉足这类产品是必须考虑的因素。



腾讯表示：将会在社会主义核心价值观的引领下，竭力发扬《生存王者》当中极富特色的极限竞技运动精神与团队协作精神，尤其针对未成年人，持续传递健康正向的文化理念和价值观导向，并与开发商友好协商，在不违背游戏核心设计理念的前提下，不断强化具有教育指导意义的游戏内容，让生存极限运动的玩法内核，与中华民族坚韧不拔的民族精神更加相融。


 本文来源：36氪  
责任编辑：高天_NYBJS4755 
</body><keywords>游戏 0.04466915361002141;生存 0.0317348450538711;h1z1 0.028450933419702243;国服 0.023079205709150848;价值观 0.019935352213148405;腾讯 0.017906488624144856;理念 0.016400501812149797;daybreak 0.015796901537377606;精神 0.014976115821170245;公司 0.013991261156661789</keywords><naive_snippet>

                    （原标题：拿下《绝地求生》后，《H1Z1》的国服代理也归腾讯游戏了）
                
大逃杀类游戏最火的两款产品――《绝地求生》和《H1Z1》，现在两款产品的国服代理都已经被腾讯拿下了。今日，腾讯正式宣布与 Daybreak 公司进行合作</naive_snippet><selected_snippet>腾讯表示：将会在社会主义核心价值观的引领下，竭力发扬《生存王者》当中极富特色的极限竞技运动精神与团队协作精神，尤其针对未成年人，持续传递健康正向的文化理念和价值观导向，并与开发商友好协商，在不违背游戏核心设计理念的前提下，不断强化具有教育指导意义的游戏内容，让生存极限运动的玩法内核，与中华民族坚韧不拔的民族精神更加相融</selected_snippet><comments>'韩国游戏泡菜做法</comments><comments_num>1</comments_num><comments_result>[0]'韩国游戏泡菜做法</comments_result><comments_dict>text_pos_number:积极评论条数为 0 条，占全部评论比例的 %0.0
text_neg_number消极评论条数为 0 条，占全部评论比例的 %0.0
text_mid_number中性情感评论条数为 1 条，占全部评论比例的 %100.0
text_pos_mean平和
text_neg_mean愤怒
text_total_mean淡定
text_total_var情感波动很小</comments_dict></doc>