<?xml version='1.0' encoding='utf-8'?>
<doc><id>18</id><url>http://news.163.com/17/1208/16/D5588EE900018AOQ.html</url><title>商务部回应欧盟反倾销调查引入"市场严重扭曲"概念</title><datetime>2017-12-08 16:23:00</datetime><body>

                    （原标题：商务部：中国对欧盟反倾销调查引入“市场严重扭曲”概念表示担忧）
                
国际在线报道 ：日前，欧盟理事会通过了反倾销调查新方法的修正案，取消了所谓“非市场经济国家名单”，但又引入了“市场严重扭曲”国家的概念，对此，中国商务部发言人高峰7日表示，欧盟在反倾销法律中取消“非市场经济国家名单”的法律假设，这是欧盟作为重要的世贸组织成员，履行世贸组织国际义务的努力。但此次修正案又引入了“市场严重扭曲”的概念，中方对该概念可能会被滥用表示担忧，“欧盟在修正案中引入了“市场严重扭曲”的概念，仍然保留了“替代国”做法的可能性。我们认为，该做法缺乏世贸组织规则依据，削弱了世贸组织反倾销法律体系的权威性，同时，我们对该概念在欧盟未来的法律实践中可能会被滥用表示担忧。”高峰指出，中国希望欧盟作为世贸组织重要的、负责任的成员，能够严格遵守世贸组织规则，善意、全面地履行世贸组织国际条约义务，避免贸易救济措施的滥用。同时，他也强调，中方保留在世贸组织争端解决机制下的各项权利，也将采取必要手段维护中方的合法权益。






 本文来源：国际在线  作者：魏宇晨
责任编辑：范姜国一_NN9138 
</body><keywords>欧盟 0.052840950363715666;世贸组织 0.05252437966988584;法律 0.02828422900073444;概念 0.02747711005219177;做法 0.02475345514898263;反倾销 0.022485148661299737;修正案 0.021850942119652387;国际 0.021514298817971293;引入 0.021015083951496365;范姜国 0.020731033820133117</keywords><naive_snippet>

                    （原标题：商务部：中国对欧盟反倾销调查引入“市场严重扭曲”概念表示担忧）
                
国际在线报道 ：日前，欧盟理事会通过了反倾销调查新方法的修正案，取消了所谓“非市场经济国家名单”，但又引入了“市场严重扭曲”国家的概念，对此，中国商</naive_snippet><selected_snippet>国际在线报道 ：日前，欧盟理事会通过了反倾销调查新方法的修正案，取消了所谓“非市场经济国家名单”，但又引入了“市场严重扭曲”国家的概念，对此，中国商务部发言人高峰7日表示，欧盟在反倾销法律中取消“非市场经济国家名单”的法律假设，这是欧盟作为重要的世贸组织成员，履行世贸组织国际义务的努力</selected_snippet><comments>'厉害了，我的国</comments><comments_num>70</comments_num><comments_result>[-1]'厉害了，我的国</comments_result><comments_dict>text_pos_number:积极评论条数为 0 条，占全部评论比例的 %0.0
text_neg_number消极评论条数为 1 条，占全部评论比例的 %100.0
text_mid_number中性情感评论条数为 0 条，占全部评论比例的 %0.0
text_pos_mean平和
text_neg_mean愤怒
text_total_mean淡定
text_total_var情感波动很小</comments_dict></doc>