<?xml version='1.0' encoding='utf-8'?>
<doc><id>185</id><url>http://mil.cankaoxiaoxi.com/2013/0922/275692.shtml</url><title>日报：中国无人机性能提高 翔龙媲美全球鹰</title><datetime>2013-9-22 16:05:00</datetime><body>日报中国无人机性能提高翔龙媲美全球鹰来源参考消息网核心提示中国在开发大型无人机翔龙，其飞行高度约万米，续航时间超过小时，据说与美国全球鹰很相似。参考消息网月日报道日媒称，多名军事相关人士透露，日在钓鱼岛上空飞行的是中国军队研发的无人侦察机。美国计划研究所透露，该机最高飞行高度米，续航时间小时，性能与美国在阿富汗等地使用的无人武装侦察机掠食者不相上下。在钓鱼岛附近发现中国军队无人机尚属首次。据读卖新闻月日报道，中国还在开发大型无人机翔龙，其飞行高度约万米，续航时间超过小时，据说与美国全球鹰很相似。中国正独自开发中国版的北斗系统，力争在年建成覆盖全球的网络。预计与北斗配套的无人机的操作性能将得到提高。报道认为，中国开发无人机是为了强化侦察和攻击能力，维护在东海和南海的主权。除军队外，中国国家海洋局去年月也在沿海建起个基地，积极使用无人机进行监视和测量，以强化对岛屿的控制。更多精彩内容，请见参考消息官方网站首页。网址相关阅读中国无人机纽约时报中国无人机技术全靠偷英报中国无人机研发速度比任何国家都快日本外务省就中国无人机飞近钓鱼岛向中方交涉责任编辑张欣标签日本读卖新闻复制链接打印收藏凡本网注明来源参考消息网的所有作品，未经本网授权，不得转载摘编或以其他方式使用。查看心情排行你看到此篇文章的感受是高兴感人无聊搞笑震惊愤怒无奈害怕难过</body><keywords>中国 0.04718436595158672;无人机 0.04015778717456357;全球 0.017170782481879747;性能 0.016858832868621006;相关 0.015917919279623563;美国 0.015274923792998028;参考消息 0.015093450284471803;强化 0.013812758712175327;震惊 0.012854065592763152;北斗 0.012807013606291828</keywords><naive_snippet>日报中国无人机性能提高翔龙媲美全球鹰来源参考消息网核心提示中国在开发大型无人机翔龙，其飞行高度约万米，续航时间超过小时，据说与美国全球鹰很相似。参考消息网月日报道日媒称，多名军事相关人士透露，日在钓鱼岛上空飞行的是中国军队研发的无人侦察机。美国计划研究所透露，该机最高飞行高度米，续航时间小时，性能与</naive_snippet><selected_snippet>日报中国无人机性能提高翔龙媲美全球鹰来源参考消息网核心提示中国在开发大型无人机翔龙，其飞行高度约万米，续航时间超过小时，据说与美国全球鹰很相似</selected_snippet><comments>NULL</comments><comments_num>0</comments_num><comments_result>NULL</comments_result><comments_dict>NULL</comments_dict></doc>