<?xml version='1.0' encoding='utf-8'?>
<doc><id>188</id><url>http://news.163.com/17/1208/16/D5584LLD000187VE.html</url><title>男子抢劫时踹飞骑电动车女子致其重伤 庭审时翻供</title><datetime>2017-12-08 16:19:00</datetime><body>

                    （原标题：踹飞电车女致重伤案终审  一审现场被告人翻供拒不承认抢劫 终审被判十年有期徒刑）
                
曾女士被踹倒后倒地昏迷，交警赶到现场资料图法制晚报讯 广西南宁的曾某骑电动车在路上遭遇飞来横祸，一名骑摩托车男子卓某在抢劫过程中踹了她一脚，导致曾某摔倒成重伤。近日，南宁市中级人民法院审结备受社会关注的“电车女被人踹飞致重伤案”，终审以抢劫罪判处卓平海有期徒刑10年，并处罚金人民币1万元，赔偿曾某经济损失13万元。2016年9月15日晚上，曾某吃过晚饭后骑着电动车回家，当时她在非机动车道靠右侧行驶，车速并不快，骑着摩托车的卓某突然加速冲来，用右脚一脚踹倒曾某。曾某摔倒在地，头部受伤严重。在好心人的帮助下，曾某被迅速送往南宁市第二人民医院救治。经医院检查，曾某右颞顶骨骨折，伴右颞顶部硬膜外血肿，左额颞叶脑挫伤，后经相关部门鉴定为重伤二级。庭审现场被告人以“喝多了”为由拒不承认抢劫今年3月27日，南宁江南区法院开庭审理了这起案件，卓某供述称其在案发当晚8时许，驾驶摩托车途经案发地时，因酒后泄愤，无端用脚踢踹骑电动车同方向行驶的曾某，致其倒地受重伤。但经警方进一步侦查，事实并非如此。卓某涉嫌使用暴力实施抢劫，卓某作案后因心慌且有群众围在曾某身边，其未能抢走曾某的挎包，遂驾驶摩托车逃离现场。庭审中，为了证实卓某的抢劫事实，检察机关公诉人当庭向法院提供了证人证言，以及卓某在公安机关侦查阶段时的口供、指认现场等相关证据。卓某却以“当晚喝酒多蒙了”“没抢到任何东西”为由再三狡辩，不仅拒不承认抢劫，还对之前在公安机关供述的口供当庭全盘翻供。



一审法院以抢劫罪判处卓某有期徒刑10年，并处罚金人民币1万元，赔偿曾某经济损失共计人民币130916元。卓某不服一审判决，向南宁市中院提起上诉。广西南宁市中院审理认为，卓某以非法占有为目的，为劫取他人财物，使用暴力方法致人重伤，其行为已构成抢劫罪。卓某的犯罪行为给曾某造成经济损失，应承当相应的民事责任。卓某产生抢劫犯意后，当场使用踢踹的暴力手段，致他人头部着地遭受重伤。其主观恶性及人身危险性较大，并造成致人重伤的严重后果，社会影响恶劣。一审法院根据本案的犯罪事实、性质、情节、后果和对社会的危害程度，对其判处有期徒刑10年，并处罚金人民币1万元，量刑适当。遂依法裁定驳回上诉，维持原判。


 本文来源：法制晚报-看法新闻  
责任编辑：范姜国一_NN9138 
</body><keywords>曾某 0.033408840858029275;卓某 0.03035828066840416;现场 0.013853439433031309;社会 0.013827121156683058;抢劫 0.013230193712504385;南宁市 0.012074394644722401;摩托车 0.01154431537460994;终审 0.009843835284731694;判处 0.008935945959570809;头部 0.008767847529965778</keywords><naive_snippet>

                    （原标题：踹飞电车女致重伤案终审  一审现场被告人翻供拒不承认抢劫 终审被判十年有期徒刑）
                
曾女士被踹倒后倒地昏迷，交警赶到现场资料图法制晚报讯 广西南宁的曾某骑电动车在路上遭遇飞来横祸，一名骑摩托车男子卓某在抢劫过程中踹</naive_snippet><selected_snippet>庭审现场被告人以“喝多了”为由拒不承认抢劫今年3月27日，南宁江南区法院开庭审理了这起案件，卓某供述称其在案发当晚8时许，驾驶摩托车途经案发地时，因酒后泄愤，无端用脚踢踹骑电动车同方向行驶的曾某，致其倒地受重伤</selected_snippet><comments>'垃圾，还是毙了好'
 '怀念1983年'
 '禽兽
 '审判？浪费人力，当场击毙最佳！'
 '上诉应该加刑10年！傻逼法倌！'
 '这次好，没给他机会翻供，应该再多判几年'
 '这种人渣，我有一百个理由把他毙了'
 '法院也太没人性了，不就抢个劫吗，不就踹个人吗，还判十年，为什么不枪毙。'
 '有现场目击证人，如果是有企图拿走女士财物的行为，就是抢劫。'
'长的矮小，面对面的抢很容易被打。'
 '飞抢加重伤，10年算是轻了，不给个十五年法官收黑钱了'
 '胎盘长大也比你漂亮，你说说你是那个逼省的侉子。'
 '这傻逼翻供都不会翻'
 '问广州有关部门吧'
 '故意伤害罪呢？'
'说的是！这样的畜生老虎吃了他会得病的'
 '一定要判这种没一点人性狗生的畜牲重刑，应以蓄意谋杀罪论处！'
 '因为长期以来只要案值不满2000块，直接抓了就放了'
 '码头婊子万国公厕'
 '垃圾男子但还有更垃圾的比如咋回事？咋回事？前两天选的十个股票，第二天开盘全跌！！！！！！刚重仓古井贡酒，大跌三天了！！！刚忍痛清仓，今天居然半个小时大涨了近三个点！！！！这是为什么！？？？？这道题太难了，太难了'
 '温州进化的最先进'
 '这种地方够乱的'
 '直接死刑立即执行'
 '重判不为过
 '你说的也没错，云南和广西一个德行。这不是广西的新闻，我就那么一说。云南的新闻我也说，云南人绝技不是飞抢，是耍赖。'
 '猴子🐒还没进化'
 '这明明是一级谋杀罪，至少20年起步。我觉得判轻了！'
 '故意杀人判个无期！'
 '广西人，够生猛，活该判刑'
 '人不如鸟的年代'
 '厉害'
 '太嚇人了'
 '是的治安堪忧……'
'现在社会的渣子全是没知识、没文化、没教养、没工作、没素质、人格分裂、道德底下，未进化成人，坏事、缺德事干尽'
 '为什么两广地区飞车不断'
 '还是得把头盔带上'
 '这样的关动物园当牲口养算了'
 '无恶不作是云南人的风格'
 '狗日的'
 '直接枪毙了了，中国最不缺的就是人渣'
 '加一条酒驾罪名，妥妥的'
'恶魔在人间，地狱空荡荡'
 '这种人渣就该去死'
 '传统手艺不失传，非物质文化遗产！'
 '故意伤害能判几年？'
 '枪毙啊 还10年个毛 这种危害社会安全的人渣不枪毙以后放出来还是祸害'
 '有没有人性，为什么要枪毙？怎么说也是一条人命，就不能送动物园喂老虎🐯么？'
 '不承认抢劫就按故意杀人判嘛！'
 '为什么两广地区飞车不断
 '二级重伤就赔13万？才判十年？'
'真牛'
 '乱世用重典，可以再判重一些。要不然，这社会可乱了。'
 '外来人口太多。'
 '南宁还不禁摩，禁电动车？'
 '这个应该死！'
 '不行！他要是咬畜生怎么办？'
 '穷！不抢劫不偷电动车怎么维持生活？去珠三角打工这辈子是不可能的事'
 '廣東飛車最多'
'飞抢是广西人的祖传绝技。'
 '民国时期桂系就能说明广西兵是不怕死的，努着性命拼杀，但是也传承了广西人的野蛮性格'
 '包含在抢劫罪里'
 '太轻了啊，受害者还可不可以民事诉讼'
 '对！说的太对了'
 '是南京法官吧！'
 '那就判他故意伤害，重伤也够十年了'
 '新名词越来越多，啥精神病！喝多了！这年头不给自己弄个头衔都不好意思违法犯罪了😎'
 '这样的判刑只能让中国有越来越多的抢劫犯。最好的判决：把这个抢劫犯交个受害人的老公！'
 '喝多了，那重判，死刑立即执行'
 '南宁蹦迪哥。'
 '老虎跟你们有仇啊！不知道老虎吃了他会丢性命吗！'
 '量刑太轻'
 '广西人嘲笑别人的长相？你是胎盘长大的？脑子呢？
 '因为广西野蛮人太多，几乎跟文明两个字不沾边'
 '为什么要禁摩呢？'
 '广州黑鬼的天下，全是HIV'
 '这种人渣直接毙了，社会安定
 '才十年？对这种畜生应该严打，重判死刑'
 '现在房价这么贵，没地方住了，还判刑干什么，直接毙了吧'
 '这么轻？？抢劫10年，故意伤人呢？'
 '这是有律师，告诉他可以拖延。故意伤害和抢劫
 '应该死刑，判轻了！'
 '抢劫未遂，顶多也就三年，重伤，七年，没有不妥'
 '醉酒就可胡来，后果呢？</comments><comments_num>2313</comments_num><comments_result>[0]'垃圾，还是毙了好'
[1]'怀念1983年'
[-1]'禽兽
[1]'审判？浪费人力，当场击毙最佳！'
[0]'上诉应该加刑10年！傻逼法倌！'
[0]'这次好，没给他机会翻供，应该再多判几年'
[-1]'这种人渣，我有一百个理由把他毙了'
[-1.0]'法院也太没人性了，不就抢个劫吗，不就踹个人吗，还判十年，为什么不枪毙。'
[-2]'有现场目击证人，如果是有企图拿走女士财物的行为，就是抢劫。'
[1.8]'长的矮小，面对面的抢很容易被打。'
[2]'飞抢加重伤，10年算是轻了，不给个十五年法官收黑钱了'
[-1]'胎盘长大也比你漂亮，你说说你是那个逼省的侉子。'
[-2]'这傻逼翻供都不会翻'
[0]'问广州有关部门吧'
[0]'故意伤害罪呢？'
[-3.5]'说的是！这样的畜生老虎吃了他会得病的'
[0.6]'一定要判这种没一点人性狗生的畜牲重刑，应以蓄意谋杀罪论处！'
[0]'因为长期以来只要案值不满2000块，直接抓了就放了'
[-1]'码头婊子万国公厕'
[-11.0]'垃圾男子但还有更垃圾的比如咋回事？咋回事？前两天选的十个股票，第二天开盘全跌！！！！！！刚重仓古井贡酒，大跌三天了！！！刚忍痛清仓，今天居然半个小时大涨了近三个点！！！！这是为什么！？？？？这道题太难了，太难了'
[2.0]'温州进化的最先进'
[-1]'这种地方够乱的'
[-1]'直接死刑立即执行'
[0]'重判不为过
[-5]'你说的也没错，云南和广西一个德行。这不是广西的新闻，我就那么一说。云南的新闻我也说，云南人绝技不是飞抢，是耍赖。'
[0]'猴子🐒还没进化'
[2]'这明明是一级谋杀罪，至少20年起步。我觉得判轻了！'
[-4]'故意杀人判个无期！'
[-1]'广西人，够生猛，活该判刑'
[0]'人不如鸟的年代'
[-1]'厉害'
[0]'太嚇人了'
[0]'是的治安堪忧……'
[-1]'现在社会的渣子全是没知识、没文化、没教养、没工作、没素质、人格分裂、道德底下，未进化成人，坏事、缺德事干尽'
[-1]'为什么两广地区飞车不断'
[0]'还是得把头盔带上'
[0.5]'这样的关动物园当牲口养算了'
[-1]'无恶不作是云南人的风格'
[0]'狗日的'
[-2]'直接枪毙了了，中国最不缺的就是人渣'
[-1]'加一条酒驾罪名，妥妥的'
[-2]'恶魔在人间，地狱空荡荡'
[-2]'这种人渣就该去死'
[-1]'传统手艺不失传，非物质文化遗产！'
[0]'故意伤害能判几年？'
[0.5]'枪毙啊 还10年个毛 这种危害社会安全的人渣不枪毙以后放出来还是祸害'
[-1]'有没有人性，为什么要枪毙？怎么说也是一条人命，就不能送动物园喂老虎🐯么？'
[-6]'不承认抢劫就按故意杀人判嘛！'
[-1]'为什么两广地区飞车不断
[0]'二级重伤就赔13万？才判十年？'
[1]'真牛'
[0]'乱世用重典，可以再判重一些。要不然，这社会可乱了。'
[0]'外来人口太多。'
[0]'南宁还不禁摩，禁电动车？'
[-3]'这个应该死！'
[-4]'不行！他要是咬畜生怎么办？'
[-3]'穷！不抢劫不偷电动车怎么维持生活？去珠三角打工这辈子是不可能的事'
[0]'廣東飛車最多'
[0]'飞抢是广西人的祖传绝技。'
[0]'民国时期桂系就能说明广西兵是不怕死的，努着性命拼杀，但是也传承了广西人的野蛮性格'
[0]'包含在抢劫罪里'
[-1]'太轻了啊，受害者还可不可以民事诉讼'
[4.0]'对！说的太对了'
[0]'是南京法官吧！'
[0]'那就判他故意伤害，重伤也够十年了'
[-2]'新名词越来越多，啥精神病！喝多了！这年头不给自己弄个头衔都不好意思违法犯罪了😎'
[-3.5]'这样的判刑只能让中国有越来越多的抢劫犯。最好的判决：把这个抢劫犯交个受害人的老公！'
[-1]'喝多了，那重判，死刑立即执行'
[0]'南宁蹦迪哥。'
[-1]'老虎跟你们有仇啊！不知道老虎吃了他会丢性命吗！'
[2.0]'量刑太轻'
[-1]'广西人嘲笑别人的长相？你是胎盘长大的？脑子呢？
[0]'因为广西野蛮人太多，几乎跟文明两个字不沾边'
[1]'为什么要禁摩呢？'
[0]'广州黑鬼的天下，全是HIV'
[-1]'这种人渣直接毙了，社会安定
[-1]'才十年？对这种畜生应该严打，重判死刑'
[-0.5]'现在房价这么贵，没地方住了，还判刑干什么，直接毙了吧'
[-2]'这么轻？？抢劫10年，故意伤人呢？'
[-1]'这是有律师，告诉他可以拖延。故意伤害和抢劫
[-1]'应该死刑，判轻了！'
[-4]'抢劫未遂，顶多也就三年，重伤，七年，没有不妥'
[-1]'醉酒就可胡来，后果呢？</comments_result><comments_dict>text_pos_number:积极评论条数为 13 条，占全部评论比例的 %16.0
text_neg_number消极评论条数为 43 条，占全部评论比例的 %52.0
text_mid_number中性情感评论条数为 27 条，占全部评论比例的 %33.0
text_pos_mean平和
text_neg_mean愤怒
text_total_mean淡定
text_total_var情感波动很小</comments_dict></doc>