<?xml version='1.0' encoding='utf-8'?>
<doc><id>192</id><url>http://sports.qq.com/a/20171116/030836.htm</url><title>四川队青训出成果 老总:欲靠本土球员再夺冠</title><datetime>2017-11-16 16:21:00</datetime><body>四川队本土球员左朕年集锦四川广厦富兰克林四川主场险胜广厦正在播放自动播放开关自动播放集锦四川广厦富兰克林四川主场险胜广厦正在加载上赛季开始，四川品胜男篮投资人周仕强每每说到自己需要学习的目标，总会谈到浙江广厦。浙江广厦队的年龄结构合理，有大批自己培养的年轻球员，成绩稳定而又突出。在周仕强的心里，他很希望能够培养出一支这样的球队。月日晚，在省体主场，周仕强隐约在四川品胜男篮身上看到了希望。左朕年黄荣奇正是四川青训的成果，他们的出色发挥值得四川球迷期待，而依靠这样一批年轻人，几年之后成熟的四川男篮会有多可怕，真是不可限量。从引进到培养川军青训开始显效左朕年黄荣奇李柯七侯天一钟一帆张翰月，在赛季的球员注册名单中，出现了位出自四川篮球青训系统的年轻球员，而在年前四川男篮从联赛升入联赛时，球队中只有虞恒一人是来自四川本土的青训。我们刚刚升入的时候，人员其实很恼火。四川男篮投资人周仕强回忆起几年前刚刚升级的情况时，仍旧不住地感叹，当时我们已经有多年没有出现在中国顶级职业篮球联赛中了，面临着严重的人才断档的问题。青训不好，愿意打球的年轻娃娃很少。如今的深圳男篮当红炸子鸡李慕豪，曾想来四川队训练，当时四川还在低组别的联赛混迹，时任四川队主帅的索国民一看李慕豪的条件，直言放在四川男篮可惜了，得送到更高水准的梯队去锤炼。与李慕豪情况相似的还有许钟豪朱彦西顾全等人，都曾经来过四川，但却因为四川没有球队，没什么奔头，最终都离开了。四川篮球在最恼火的时候，在整个大成都范围里，还凑不出支青少年篮球队。但是，在四川省体育局篮管中心成都市篮协的努力之下，目前成都已经有了多支中小学球队，参加篮球运动的青少年人口超过万人。每年寒暑假报名参加各个篮球学校的青少年已经多到了学校不敢收的地步。四川男篮目前的阵容之中，已经有了多名本土培养的选手，包括左朕年侯天一黄荣奇等，都曾经多次入选过国青队和国奥队。我们之前拿冠军，人家都说我们是雇佣军。那个时候我就想，一定要争一口气，要依靠自己的青训和本土球员，未来再拿一次冠军！周仕强对于球队的未来信心满满。从软件到硬件下一个冠军不是梦聘请优秀的教练团队，引进高水平的内外援，对于四川篮球来说，是软件上的提升在地方政府体育局的支持之下，修建高水平的训练基地则是硬件上的改善。年，四川男篮正式将基地搬进了位于温江科林路的金强训练基地。这个基地在短短几年时间里，被评为了国家级的篮球训练基地，不仅接待过国家队国奥队的集训，还成了体能测试的基地之一。这个基地包括场地球员公寓宾馆和食堂等多个板块，总投资额上亿，如今每年能够为周仕强带来几百万的收益，这也是让他没想到的事儿刚开始搞篮球的时候，四川的篮球基础比较落后，底子薄。我就想，只有修建一座全国最好的训练基地，其他强队才有可能会来温江训练比赛，我们的球队才会有学习的机会，否则我们根本就没有与强队接触的基础。尽管这个基地如今已经赚钱了，但周仕强还是想着如何能够让这座基地成为推动四川篮球发展的原动力能够被评为国家级的训练基地，说明国家体育总局对于四川篮球还是比较认可的。现在我们的目标是推动篮球在四川的发展，推动群众体育中篮球的发展，让更多的人参与到篮球中来。让一些娃娃来参与，这样能够带动四川篮球的进一步发展。让篮球人口越来越多，可以选择的球员越来越多，才能再次将冠军带回四川。腾讯新闻客户端页卡火热上线添加方法第一步打开腾讯新闻客户端，点击右上角第二步下滑到底部，找到页卡标签，单击添加第三步长按标签，移动至顶部最喜欢的位置第四步添加成功，浏览页卡。</body><keywords>四川 0.0323215006233323;篮球 0.016557408873062743;球员 0.014756887535311524;基地 0.014674367150672088;男篮 0.01344047556099018;周仕强 0.012188148333196095;球队 0.011924958495007921;能够 0.011746095222622238;训练 0.011093111932204738;青训 0.0099999417199771</keywords><naive_snippet>四川队本土球员左朕年集锦四川广厦富兰克林四川主场险胜广厦正在播放自动播放开关自动播放集锦四川广厦富兰克林四川主场险胜广厦正在加载上赛季开始，四川品胜男篮投资人周仕强每每说到自己需要学习的目标，总会谈到浙江广厦。浙江广厦队的年龄结构合理，有大批自己培养的年轻球员，成绩稳定而又突出。在周仕强的心里，他很</naive_snippet><selected_snippet>从引进到培养川军青训开始显效左朕年黄荣奇李柯七侯天一钟一帆张翰月，在赛季的球员注册名单中，出现了位出自四川篮球青训系统的年轻球员，而在年前四川男篮从联赛升入联赛时，球队中只有虞恒一人是来自四川本土的青训</selected_snippet><comments>辽杂和辽狗
值得所有体育构借签，学习！！！
广厦真不错，有个好教练
我川雄起,扇一下扁我川人的脸
扯这些没用，多培养点农民工，客队来了你们就装修体育场，冠军就稳了，而且还省钱。
战斗民族的后裔确实比四川人高一点。
这是本土球员被黑的最惨的一次
别吹牛逼了，倒数第四的球队
哈哈，靠本土球员？做梦吧
四川队已经初现成效，全国青年比赛去年第三，今年亚军。四川在重振雄风，即将好梦成真。到那个时候，你别自己打自己的耳光，自己打自己的屁股哈！
你规定的政策啊？那你各人一家人在家玩球了！别参合CBA的全国职业联赛了！
快回去收钱，你妈妈刚刚接了一个团，真是厉害，一个人可以搞定那么多
四川队会再次成功的，总冠军会再次属于你们，加油四川的小伙子们，，，看好你们，支持你们，，，
培养球员的路线是对的，但成效不能这么快的，如果能这么快看到效果，那哪个省都不缺球员用了，培养新人是要形成对篮球的热爱，和普及。
战斗民族的后裔确实比四川人高一点
靠三外援拿个冠军还不知道怎么样好了呢？真能装
苏兰水晶之恋闻名全国
是广厦
你想要靠本土球员夺冠 就相当于指着他们都进nba
嗯，老板想法不错。
赢一场就奶自己 可以的
什么时候双外援加内援夺冠了再说吧
全国最穷的沿海省份，1945年GDP比肩全日本。
四川想靠自己培养的球员雄起？我觉得是痴人说梦,异想天开。一个字，不可能！
有这样的老板，我不担心四川的未来了
三外援政策是篮协规定的，又没规定三外援不能夺冠。那规定三外援政策挠鸡儿呀？？？！！！
四川dog 四川逼货 垃圾
最主要的是他有一双慧眼，以前在广东人人都会打球，像苏伟，王征，刘晓宇；他一走，广东就出现断代，希望他能给广厦带来冠军吧
本来今年李春江是合同年，结果今年夏天广厦又续约了五年。所以李指导有足够的时间去打磨这支球队
山东吧！
别黑了四川老板没说在夺冠只是说培养球员，这才能发展篮球，不过四川以后夺冠怕是比国足进世界杯8强还难吧。
我们只想看比赛，不想看评论了。看了一场普普通通的比赛，那些喷子简直太龌蹉无聊了，没文化的喷子太肯喷屎了，我们看了评论真不想看比赛了。
现在广厦也基本上是人人会打球，我相信还有六年的时间一定可以的。我是春江的球迷，以前追广东，现在追广厦，正好我在杭州。
四川亚军！
今年各俱乐部青年队联赛冠军是广厦
你们年年两状元加国家队还不是一群废
年轻球员应该向外援学习，敢于挑起大梁。
扯淡吧
周老板给力！
辽宁民工到处都是，还带自己爹妈到处去闹事，结果还只拿亚军！哈哈！
十年后夺冠？
坚持青训是好事，这个老板还是有报复的。我们河南本土也有很多好球员，也是因为河南没有CBA球队，不得已送去别的省份。作为篮球爱好者，希望河南尽快有自己的球队，不管水平怎样，都支持。
昨天放毒气。噪音干扰是怎么回事？
没毛病。
今年重点培养左朕年和黄荣奇，明年再培养两个四川本土球员，后年就又是强队了
那辽宁都是奴才、包身工了
周老板加油
迈门槛都卡蓝子的品种居然敢说要靠本土
辽宁可没有民工！
辽狗又来了，四川人民请准备好打狗吃火锅，</comments><comments_num>50</comments_num><comments_result>[1]辽杂和辽狗
[8]值得所有体育构借签，学习！！！
[2]广厦真不错，有个好教练
[0]我川雄起,扇一下扁我川人的脸
[1]扯这些没用，多培养点农民工，客队来了你们就装修体育场，冠军就稳了，而且还省钱。
[3.5]战斗民族的后裔确实比四川人高一点。
[-1]这是本土球员被黑的最惨的一次
[1]别吹牛逼了，倒数第四的球队
[1]哈哈，靠本土球员？做梦吧
[5]四川队已经初现成效，全国青年比赛去年第三，今年亚军。四川在重振雄风，即将好梦成真。到那个时候，你别自己打自己的耳光，自己打自己的屁股哈！
[0]你规定的政策啊？那你各人一家人在家玩球了！别参合CBA的全国职业联赛了！
[0]快回去收钱，你妈妈刚刚接了一个团，真是厉害，一个人可以搞定那么多
[4]四川队会再次成功的，总冠军会再次属于你们，加油四川的小伙子们，，，看好你们，支持你们，，，
[9]培养球员的路线是对的，但成效不能这么快的，如果能这么快看到效果，那哪个省都不缺球员用了，培养新人是要形成对篮球的热爱，和普及。
[3.5]战斗民族的后裔确实比四川人高一点
[-3.0]靠三外援拿个冠军还不知道怎么样好了呢？真能装
[0]苏兰水晶之恋闻名全国
[1]是广厦
[1]你想要靠本土球员夺冠 就相当于指着他们都进nba
[1]嗯，老板想法不错。
[0]赢一场就奶自己 可以的
[1]什么时候双外援加内援夺冠了再说吧
[2]全国最穷的沿海省份，1945年GDP比肩全日本。
[0]四川想靠自己培养的球员雄起？我觉得是痴人说梦,异想天开。一个字，不可能！
[1]有这样的老板，我不担心四川的未来了
[2]三外援政策是篮协规定的，又没规定三外援不能夺冠。那规定三外援政策挠鸡儿呀？？？！！！
[-1]四川dog 四川逼货 垃圾
[8.0]最主要的是他有一双慧眼，以前在广东人人都会打球，像苏伟，王征，刘晓宇；他一走，广东就出现断代，希望他能给广厦带来冠军吧
[3]本来今年李春江是合同年，结果今年夏天广厦又续约了五年。所以李指导有足够的时间去打磨这支球队
[0]山东吧！
[1.8]别黑了四川老板没说在夺冠只是说培养球员，这才能发展篮球，不过四川以后夺冠怕是比国足进世界杯8强还难吧。
[-2.0]我们只想看比赛，不想看评论了。看了一场普普通通的比赛，那些喷子简直太龌蹉无聊了，没文化的喷子太肯喷屎了，我们看了评论真不想看比赛了。
[6]现在广厦也基本上是人人会打球，我相信还有六年的时间一定可以的。我是春江的球迷，以前追广东，现在追广厦，正好我在杭州。
[0]四川亚军！
[2]今年各俱乐部青年队联赛冠军是广厦
[-1.5]你们年年两状元加国家队还不是一群废
[2]年轻球员应该向外援学习，敢于挑起大梁。
[-1]扯淡吧
[0]周老板给力！
[1.5]辽宁民工到处都是，还带自己爹妈到处去闹事，结果还只拿亚军！哈哈！
[1]十年后夺冠？
[1]坚持青训是好事，这个老板还是有报复的。我们河南本土也有很多好球员，也是因为河南没有CBA球队，不得已送去别的省份。作为篮球爱好者，希望河南尽快有自己的球队，不管水平怎样，都支持。
[-3]昨天放毒气。噪音干扰是怎么回事？
[1]没毛病。
[1]今年重点培养左朕年和黄荣奇，明年再培养两个四川本土球员，后年就又是强队了
[-1]那辽宁都是奴才、包身工了
[0]周老板加油
[0]迈门槛都卡蓝子的品种居然敢说要靠本土
[-2]辽宁可没有民工！
[2]辽狗又来了，四川人民请准备好打狗吃火锅，</comments_result><comments_dict>text_pos_number:积极评论条数为 30 条，占全部评论比例的 %60.0
text_neg_number消极评论条数为 9 条，占全部评论比例的 %18.0
text_mid_number中性情感评论条数为 11 条，占全部评论比例的 %22.0
text_pos_mean平和
text_neg_mean愤怒
text_total_mean淡定
text_total_var情感波动很小</comments_dict></doc>