<?xml version='1.0' encoding='utf-8'?>
<doc><id>194</id><url>http://news.163.com/17/1208/23/D560RQRQ0001899N.html</url><title>国家发展改革委：始终把保障民生用气放在首位</title><datetime>2017-12-08 23:39:00</datetime><body>

                    （原标题：国家发展改革委：始终把保障民生用气放在首位）
                
新华社北京12月8日电 针对近期北方部分地区天然气保供等问题，国家发展改革委有关负责人8日说，在资源供给不能同时满足工业和民生需求的情况下，要始终把保障民生用气放在首位。



这位负责人介绍，国家发展改革委4日晚会同环境保护部、住房城乡建设部、国家能源局召开部分企业、地方相关负责人会议，针对存在的问题，研究对策，部署实施。当晚启动24小时应急值班制度，并与相关部门、各地方政府及供气企业建立了联合监测调度机制。要求中石油、中石化、中海油在确保安全生产的情况下，多措并举增产增供，加强协调配合，实现资源互保互供。各地要承担起本地区保供的主体责任，按照已签订的《2017年度保证民生用气责任书》有关要求，落实保民生主体责任。同时，各地应根据实际情况，实施精细化需求侧管理，及时启动应急预案，确保群众温暖过冬。


 本文来源：新华社  作者：安蓓
责任编辑：李杭_BJS4645 
</body><keywords>民生 0.030249473642459175;国家 0.02437175494276062;资源 0.01967240699298068;应急 0.01933332431225373;新华社 0.018510188285235936;情况 0.01717307389440941;需求 0.016903571760340817;负责人 0.016596328427615183;问题 0.016422770377675144;地区 0.01595470185690736</keywords><naive_snippet>

                    （原标题：国家发展改革委：始终把保障民生用气放在首位）
                
新华社北京12月8日电 针对近期北方部分地区天然气保供等问题，国家发展改革委有关负责人8日说，在资源供给不能同时满足工业和民生需求的情况下，要始终把保障民生用气放在首</naive_snippet><selected_snippet>新华社北京12月8日电 针对近期北方部分地区天然气保供等问题，国家发展改革委有关负责人8日说，在资源供给不能同时满足工业和民生需求的情况下，要始终把保障民生用气放在首位</selected_snippet><comments>'希望吧</comments><comments_num>118</comments_num><comments_result>[1]'希望吧</comments_result><comments_dict>text_pos_number:积极评论条数为 1 条，占全部评论比例的 %100.0
text_neg_number消极评论条数为 0 条，占全部评论比例的 %0.0
text_mid_number中性情感评论条数为 0 条，占全部评论比例的 %0.0
text_pos_mean平和
text_neg_mean愤怒
text_total_mean淡定
text_total_var情感波动很小</comments_dict></doc>