<?xml version='1.0' encoding='utf-8'?>
<doc><id>197</id><url>http://news.163.com/17/1208/21/D55Q4FN10001875P.html</url><title>男童上课吊死自己?学校唯一老师停职 四学生转学</title><datetime>2017-12-08 21:41:00</datetime><body>

                    （原标题：江西5岁男童村小内蹊跷身亡 学校仅1名老师 家属再递复议材料）
                
5岁男童龙龙（化名）已经死亡两个多月了，他的遗体还在殡仪馆。据此前媒体公开报道，今年9月25日上午，江西赣州市赣县区长洛乡留田村小学内，龙龙在上课期间死亡，脖子上有勒痕。对死亡原因，该校唯一的老师钟才方（化名）告诉家属，龙龙是自己玩“上吊游戏”闷死的。家属对此不认同，怀疑龙龙的死另有原因，申请对龙龙的遗体进行解剖鉴定。▲爷爷许乐亭的手机里，还存着龙龙的照片 图片来源：红星新闻11月17日，赣南医学院司法鉴定中心出具的《司法鉴定意见书》显示：“排除因自身疾病、工具类损伤、电流损伤以及毒物中毒致死……符合生前缢死。”12月3日，赣州市赣县区公安局发布情况通报，通报称龙龙的死“符合意外缢亡，警方排除刑事案件可能。” 当天，龙龙的父亲许朝玺也收到了赣县区公安局的不予立案通知书，通知书显示，如不服这一决定，可在七日之内申请复议。许朝玺告诉红星新闻，他不相信龙龙是自缢身亡的，龙龙的遗体也尚未火化。今日（12月8日）上午，许朝玺将申请复议的材料交到了赣县区公安局。事发学校：仅有的一名老师停职，其余四名学生转学这是一所典型的乡村小学。12月7日，红星新闻记者在现场看到，留田村小学有两层楼房，一个小院落，外墙呈白色，刚粉刷过。学校背靠大山，一侧是乡村公路，一侧是留田村委会新旧两栋办公楼，前方的农田里还留着禾桩。院子里，有村民正在晒着稻谷。▲12月7日，留田村小学 图片来源：红星新闻出事之前，学校只有五名学生，其中学前班两人（包括龙龙），一年级两人，二年级一人。钟才方是这所学校的校长，也是唯一的老师。9月25日，龙龙不幸离世。国庆节后，其余的四名学生全部转学，钟才方处于停职配合调查状态。红星新闻记者拨打其电话，一直无人接听。此前，学前班在进大门左手边，龙龙和另一名儿童坐在教室中间上课；其他一、二年级三名学生的教室在右手边，两个袖珍班级共用一间教室。现在，龙龙之前上课教室里的课桌已经被搬走，搬进来了村委会的办公桌，只剩下他的书包还在教室里。▲龙龙的书包还留在教室里 图片来源：红星新闻教学楼二楼有宿舍、厨房。此前周一到周五，钟才方就住在楼上，周末回赣县县城。现在住在楼上的人换成了村干部，院子大门上也拉着写有其他标语的横幅，已看不出太多之前学校的痕迹。家属回忆：那天没送孩子去学校，中途接到钟老师电话龙龙是一名留守儿童，出事前刚过五岁半。由于父母离异，一直是爷爷奶奶带着他，大部分时间生活在留田村老家。“一想起来，我就要掉眼泪。”12月7日下午，龙龙的奶奶忍不住悲伤，龙龙的爷爷许乐亭向红星新闻记者回忆了当时的情形。9月25日早上8点20分左右，许乐亭看到钟才方老师的车从屋前马路经过，往学校驶去，他就叫龙龙去上学。那天正好是周一，钟才方一大早从县城家里开车回到学校。龙龙背上书包出门，上学路上，先后与同学校的另外四位同学碰上。许乐亭见学校里的五个学生都凑到了一起，就没再跟上去，他站在屋外望着小孩们，直到他们拐过弯看不见。从家里到学校大概只有一里路远，拐过弯再走几百米就到学校了。许乐亭告诉红星新闻，大部分时候他都会把龙龙送到学校，但是那天没有。▲许乐亭指着马路拐弯的方向，拐过去几百米就是留田村小学 图片来源：红星新闻上午11点37分，电话响起，老师钟才方在电话里语气慌乱地说：“遭了遭了，你的孙子不知道怎么样了！”当时正好有一名亲戚在许家做客，许乐亭赶紧让亲戚开着摩托车载他去学校，龙龙的奶奶在后边跟着跑。到了校门口，许乐亭看到钟才方老师在教学楼二楼打电话，院子大门还锁着。亲戚一脚把门踹开，许乐亭直奔左边龙龙所在的那间教室。这时钟才方告诉他，龙龙不在教室，在中间办公室里。跑进办公室，许乐亭看见龙龙躺在长凳上，身上脖子以下盖着毯子。龙龙的奶奶也很快赶到，抱着孩子一边喊一边哭。一开始他们没有发现伤痕，后来拉开毯子，才发现龙龙的脖子上有两条勒痕。钟才方打完电话下楼来，跪在龙龙奶奶面前，说“嫂子，对不起！”许乐亭质问为什么搞成这样，钟才方告诉他，是龙龙自己玩游戏弄成这样的。“老师就说龙龙是玩上吊游戏，闷死的。”许乐亭告诉红星新闻。许乐亭马上去旁边村委会找人，他回忆当时里面有5名村干部。村干部一出来，奶奶就抱着龙龙给他们看。奶奶撕开龙龙的裤子，发现有大便，已经干燥了，裤子上也有小便的痕迹。村干部提议赶紧送到卫生院，于是钟才方开车往乡卫生院送。走到半路，卫生院的车来了，医生拿着听诊器去听，听了就摇头。之后，卫生院副院长也赶来参与抢救，但他告诉许乐亭，龙龙至少在一个小时以前就没气了。一些村干部也赶来，一阵慌乱的讨论之后，他们决定将龙龙送去赣县殡仪馆。中途，龙龙妈妈从赣县闻讯赶来。到了殡仪馆，赣县公安局刑侦大队的警察赶来，拍了照片。龙龙的爸爸许朝玺大部分时间在浙江金华工作，那天上午11点42分，他接到龙龙爷爷的电话。当时在电话里，父亲没有跟他明说，但他隐隐感觉不妙，于是顾不上吃饭就赶紧开车回家。当晚8点多，许朝玺回到赣县县城，听到了噩耗。▲龙龙生前所在的教室，黑板上还写着他和另外一名学生的名字。老师称，龙龙就是在这个教室的窗户玩“上吊游戏”闷死的 家属供图不予立案：司法鉴定系生前缢死，家人不愿接受，再递复议材料龙龙突然死亡，一家人陷入悲痛之中，死亡原因让他们觉得蹊跷。许朝玺告诉红星新闻，钟才方老师称，龙龙是用一条长和宽约40厘米，对角长约60厘米的毛巾，在教室窗户上玩“上吊游戏”勒死的。许朝玺对此表示怀疑，他认为这对小孩来说难度太大，不可能会自己把自己吊死。他怀疑龙龙的死另有原因。于是，家属申请解剖遗体，进行死亡原因鉴定。▲司法鉴定意见书 图片来源：红星新闻▲赣县区公安局鉴定意见通知书 图片来源：红星新闻许朝玺向红星新闻记者提供了一份由赣南医学院司法鉴定中心出具的《司法鉴定意见书》。意见书显示，解剖日期为2017年10月19日，委托单位为赣县公安局。其中“分析说明”部分显示：未见致死性疾病的病理学改变，未见工具类致伤物所致损伤的痕迹，未见电流损伤的痕迹，在死者的胃内容物中未检出常见毒物及其代谢物成分，由此，排除因自身疾病、工具类损伤。电流损伤以及毒物中毒致死……尸体检测发现死者颈、项部索沟形成，索沟呈暗褐色伴皮革样化……符合生前缢颈所致缢沟形成的法医学特征。鉴定意见为：许某（龙龙本名）符合生前缢死。12月3日，赣州市赣县区公安局发布了情况通报，通报称龙龙的死亡“符合意外缢亡，警方排除刑事案件可能”。当天，许朝玺也收到了赣县区公安局的不予立案通知书。▲赣县区公安局关于此事的情况通报 图片来源见水印▲赣县区公安局不予立案通知书 图片来源：红星新闻许朝玺和家人还是不愿相信这一结果。12月8日，许朝玺告诉红星新闻，他准备申请复议，已经在当天把相关材料交到了赣县区公安局。留田村小学：龙龙的爷爷在那里退休，事发时仅剩一名老师上世纪90年代，龙龙的爸爸当年也在留田村小学读书，爷爷之前是小学老师，2012年就是在留田村小学退的休。留田村村民赖毛女介绍，留田村小学之前是三间土墙教室，2006年左右建成两层楼房。此前，留田村小学有几十个学生，最多时有五个老师。▲龙龙（黄衣者）生前在教室里上课，学前班就两名学生 家属提供，图片来源见水印许乐亭介绍，他此前在长洛乡中心小学教书，1985年来到留田村小学任教，一直到2012年下半年退休。钟才方老师则过来有十几年了，一直担任校长。许乐亭退休之后，留田村小学就只剩下钟才方和另外一名老师，今年上半年，那名老师调去了长洛乡中心小学，村里就只剩下钟才方一个老师。在之前人多时，留田村小学每个年级都有学生，后来逐渐冷清，只开设到二年级。如果这次不出事，学生们也最多只能读完小学二年级，就需要转到乡里去读书。当时的五个学生中，龙龙属于留守儿童，其余三户的父母都在家务农。留守儿童：龙龙曾在县城读幼儿园，因不习惯又回到老家龙龙的妈妈上次见龙龙还是去年秋天，那一次她给孩子买了两个小玩具。她告诉红星新闻记者，由于自己已经和龙龙的父亲许朝玺分开，她想着龙龙的爷爷奶奶能够把孩子照顾好，就没有过多打扰，没想到竟出了这样的意外。许朝玺大部分时间都在浙江金华工作，他表示今年上半年回去了三四次，上一次回家，大概在龙龙出事前的半个月左右，那次他回家待了好几天，还带着龙龙到县城里买了蛋糕。“他每次想我了，就叫他爷爷打电话给我。”许朝玺告诉红星新闻，龙龙一直是爷爷奶奶在家里带大的。可能由于这个原因，他跟其他孩子有点不一样，有时爱顶嘴，钻牛角尖，“但是你说不懂事呢，他也很懂事。”许乐亭告诉红星新闻，去年下半年，龙龙也曾经到赣县县城里读幼儿园，但是由于中午不愿意睡午觉等原因，龙龙不习惯，所以今年上半年又回到了老家读书。从留田村到赣县县城大概有40公里，需要翻山越岭。



▲龙龙之前在家里小黑板上写的字，许乐亭用手机拍了下来图片来源：红星新闻


 本文来源：红星新闻  
责任编辑：赵亚萍_NN9005 
</body><keywords>龙龙 0.0464476157646245;赣县 0.012526614375375257;老师 0.010567191849386624;学校 0.010000268361733617;教室 0.008623820629387918;乐亭 0.007855331275527866;许朝玺 0.007563235333959156;小学 0.006915672054924141;孩子 0.0066518067890399095;学生 0.006629144624525046</keywords><naive_snippet>

                    （原标题：江西5岁男童村小内蹊跷身亡 学校仅1名老师 家属再递复议材料）
                
5岁男童龙龙（化名）已经死亡两个多月了，他的遗体还在殡仪馆。据此前媒体公开报道，今年9月25日上午，江西赣州市赣县区长洛乡留田村小学内，龙龙在上课期</naive_snippet><selected_snippet>▲龙龙（黄衣者）生前在教室里上课，学前班就两名学生 家属提供，图片来源见水印许乐亭介绍，他此前在长洛乡中心小学教书，1985年来到留田村小学任教，一直到2012年下半年退休</selected_snippet><comments> '自己玩上吊游戏，那么现场的绳子什么的还应该保持原样吧，莫非老师还清理干净了才通知的家长?'
 '后悔选择困难模式，重新选择'
 '我亲叔叔的小女儿在四岁多的时候就学电视里上吊，大女儿发现才救下来的，当时已经翻白眼了。'
 '评论怎么这么少
 '物业不称职你要业主滚去隔壁小区！呵呵，这种言论只有猪才会说出来，你成功被物业洗脑了！
 '这是怎么了？干什么都有风险'
 '我觉得不可能小孩自己自杀'
 '不像老师动的手。'
 '喷子滚出中国，滚不了那就往河里跳或者山沟里钻，毕竟你眼镜一闭，啥问题都没了'
 '问题是对五岁的孩子来说打结是高难道活，绳子都难打，更不要说是只有四十厘米长的毛巾了！还要把自已的脖子和窗梗绑进去，难度不是一般的大！如果是七岁那个我就有点相信'
 '学生转学，封口；教室桌椅更换，破坏现场，当天有4，5位同学都在上课，老师也在，同学的供述事发经过至今没有任何报道。事情发生的时间节点没有报道。一篇通报何以服人心。'
 '就五个孩子还是上课时间'
 '再一次刷新智商指数！'
 '也是有可能，这孩子字写得真好。'
 '孩子模仿电视节目上吊结果因为老师得疏忽导致真上吊的概率多大？'
 '五岁小孩能用40厘米的正方形毛巾上吊？大人也做不到！疑点太多了！'
 '一看到有人民二字的地方都是坑，'
 '即使官方说的是自缢，也得还原当时情况'
 '你全家可以死了'
 '5岁的孩子，先把鞋带系会了再上吊自杀吧'
 '疑点重重，但当地警方要么是蠢，要么是懒，要么是收了钱不查'
 '估计是别的大孩子勒死的，家长要想知道事情，抓住几个严刑拷打才能水落石出，不然5岁的孩子被活活勒死，太可怜了！'
'关老师什么事，把孩子送进这个鬼地方，家长心真大。即使打工带着孩子苦点累点，也总比看不见摸不着的留守在家里强。不配做父母'
'就一个老师看管不到位也情有可原'
 '5岁会自杀[可怜]'
 '你他妈的不喜欢中国就去美国啊！天天发牢骚！美国就被人穷人了？我草泥马'
 '就一个老师看管不到位也情有可原'
'就是我们那的，希望水落石出，还天道'
 '看电视多了有可能模仿'
 '太恐怖了！人性真的太恐怖了'
 '根本不信'
 '孩子看着是个很乖巧懂事的，看到这样的新闻真的受不了'
 '再一次刷新了自杀的难度！5岁小孩上课期间自缢死，这种连3岁小孩都不信的无耻结论，是怎么说的出口的？'
 '出事之前，学校只有五名学生，其中学前班两人（包括龙龙），一年级两人，二年级一人。钟才方是这所学校的校长，也是唯一的老师'
 '吊死的不只是孩子，吊死的是这个时代'
 '这智商～～～服了'
 '威武，有希望了！'
 '嚯，还真有人把自己当业主了诶*罒▽罒*土地是你的吗？'
 '自土改坑人妇孺霸人田产抢人钱财作孽时，就已经死了。'
 '如果那扇窗户下的场景没有动过 窗下白墙怎么能那么干净？你被勒住气了 下意识的反应是什么？脚踢。'
 '宁与友邦'
 '这个老师不至于，意外也是有可能发生的'
 '孩子，生活在TG的农村，是不会有美好生活的，最多出现在梦里！'
 '怎么不能上吊，我们这一个幼儿园小孩拿橡皮筋勒丁丁最后导致坏死了(눈_눈)小孩真的是啥也不懂。'
 '老师忙上课，忙种地，忙秋收，哪有时间忙杀人?再说孩子爷爷应该算同事，哪有什么深仇大恨啊？说风凉话的都是唯恐天下不乱的'
 '旅游之地
 '唉，悲剧。这不可能是老师弄死的，但老师逃不了责任，孩子和老师都可怜。'
 '无语'
 '图二、真尼玛恶心！'
'图二、真尼玛恶心！'
 '看你那尖酸刻薄的样子！有希望了？有你妈妈比希望！傻叼'
 '一个老师看几个班，虽然只有五个学生，但在给其他班上课时发生意外也是有可能的！'
 '45岁懂什么自吊？'
 '这么惨啊……好可怜，你家绝户了吧'
 '小小奶奶家
 '而且老师也没有和受害者单独相处，不可能是老师动手'
 '服人心有那么重要吗？🈶️🔫即可
 '那条标语亮了，讽刺？
 '你确定5个学生还需要2个及以上的教室？'
 '二楼这是怎么了?家里出了大事了这么仇恨深?'
 '这个应该就是意外，本身就1个人看几个小孩，而且还是熟人！'
 '伪装自杀 呵呵'
 '一个老师看5个学生，还情有可原！这比例快成世界最高了吧！'
 '看看傻逼喜洋洋的桥段。动不动就想上吊。'
 '看见标语我快吐了'
 '没本事 我们也就忍着  但能不能别天天吹牛逼了'
 '我都吐了！'
 '大概一个电子那么大'
 '真无耻'
 '人民对美好生活的向往就是我们的涨价方向'
 '这智商，服了'
 '为什么？'
 '可能他爷爷八岁的时候就绝户了'
 '我堂妹就上吊过，看电视学的，四岁多的时候，还好被救下来了。'
 '这种口号挂在嘴上说的一般都是人民攻敌'
'这个说法有可能，在本地本校十几年的老师了，还是校长（虽然只是只有一个人的校长），没那么狠心。'
 '人民對美好生活的嚮往就是我們把控的豬飼料！'
 '可能吃喝拉撒语文数学音乐体育都要管，是有疏忽的时候！'
'xu1s'</comments><comments_num>2113</comments_num><comments_result>[1.5]'自己玩上吊游戏，那么现场的绳子什么的还应该保持原样吧，莫非老师还清理干净了才通知的家长?'
[-2]'后悔选择困难模式，重新选择'
[-0.8]'我亲叔叔的小女儿在四岁多的时候就学电视里上吊，大女儿发现才救下来的，当时已经翻白眼了。'
[0]'评论怎么这么少
[6]'物业不称职你要业主滚去隔壁小区！呵呵，这种言论只有猪才会说出来，你成功被物业洗脑了！
[0]'这是怎么了？干什么都有风险'
[-2]'我觉得不可能小孩自己自杀'
[-1]'不像老师动的手。'
[-2]'喷子滚出中国，滚不了那就往河里跳或者山沟里钻，毕竟你眼镜一闭，啥问题都没了'
[6.2]'问题是对五岁的孩子来说打结是高难道活，绳子都难打，更不要说是只有四十厘米长的毛巾了！还要把自已的脖子和窗梗绑进去，难度不是一般的大！如果是七岁那个我就有点相信'
[-2]'学生转学，封口；教室桌椅更换，破坏现场，当天有4，5位同学都在上课，老师也在，同学的供述事发经过至今没有任何报道。事情发生的时间节点没有报道。一篇通报何以服人心。'
[0]'就五个孩子还是上课时间'
[0]'再一次刷新智商指数！'
[3]'也是有可能，这孩子字写得真好。'
[-2]'孩子模仿电视节目上吊结果因为老师得疏忽导致真上吊的概率多大？'
[-4]'五岁小孩能用40厘米的正方形毛巾上吊？大人也做不到！疑点太多了！'
[0]'一看到有人民二字的地方都是坑，'
[-1]'即使官方说的是自缢，也得还原当时情况'
[-1]'你全家可以死了'
[0]'5岁的孩子，先把鞋带系会了再上吊自杀吧'
[-2]'疑点重重，但当地警方要么是蠢，要么是懒，要么是收了钱不查'
[-1.0]'估计是别的大孩子勒死的，家长要想知道事情，抓住几个严刑拷打才能水落石出，不然5岁的孩子被活活勒死，太可怜了！'
[0]'关老师什么事，把孩子送进这个鬼地方，家长心真大。即使打工带着孩子苦点累点，也总比看不见摸不着的留守在家里强。不配做父母'
[-1]'就一个老师看管不到位也情有可原'
[-2]'5岁会自杀[可怜]'
[-4]'你他妈的不喜欢中国就去美国啊！天天发牢骚！美国就被人穷人了？我草泥马'
[-1]'就一个老师看管不到位也情有可原'
[2]'就是我们那的，希望水落石出，还天道'
[1.8]'看电视多了有可能模仿'
[-5.0]'太恐怖了！人性真的太恐怖了'
[1]'根本不信'
[1.2]'孩子看着是个很乖巧懂事的，看到这样的新闻真的受不了'
[-7]'再一次刷新了自杀的难度！5岁小孩上课期间自缢死，这种连3岁小孩都不信的无耻结论，是怎么说的出口的？'
[0]'出事之前，学校只有五名学生，其中学前班两人（包括龙龙），一年级两人，二年级一人。钟才方是这所学校的校长，也是唯一的老师'
[0]'吊死的不只是孩子，吊死的是这个时代'
[0]'这智商～～～服了'
[4]'威武，有希望了！'
[1.5]'嚯，还真有人把自己当业主了诶*罒▽罒*土地是你的吗？'
[-2]'自土改坑人妇孺霸人田产抢人钱财作孽时，就已经死了。'
[-1.0]'如果那扇窗户下的场景没有动过 窗下白墙怎么能那么干净？你被勒住气了 下意识的反应是什么？脚踢。'
[2]'宁与友邦'
[0]'这个老师不至于，意外也是有可能发生的'
[-1]'孩子，生活在TG的农村，是不会有美好生活的，最多出现在梦里！'
[-2]'怎么不能上吊，我们这一个幼儿园小孩拿橡皮筋勒丁丁最后导致坏死了(눈_눈)小孩真的是啥也不懂。'
[-4]'老师忙上课，忙种地，忙秋收，哪有时间忙杀人?再说孩子爷爷应该算同事，哪有什么深仇大恨啊？说风凉话的都是唯恐天下不乱的'
[0]'旅游之地
[-3]'唉，悲剧。这不可能是老师弄死的，但老师逃不了责任，孩子和老师都可怜。'
[0]'无语'
[-2]'图二、真尼玛恶心！'
[-2]'图二、真尼玛恶心！'
[0]'看你那尖酸刻薄的样子！有希望了？有你妈妈比希望！傻叼'
[3]'一个老师看几个班，虽然只有五个学生，但在给其他班上课时发生意外也是有可能的！'
[0]'45岁懂什么自吊？'
[-1]'这么惨啊……好可怜，你家绝户了吧'
[0]'小小奶奶家
[-3]'而且老师也没有和受害者单独相处，不可能是老师动手'
[3.0]'服人心有那么重要吗？🈶️🔫即可
[0]'那条标语亮了，讽刺？
[3.0]'你确定5个学生还需要2个及以上的教室？'
[0]'二楼这是怎么了?家里出了大事了这么仇恨深?'
[-1]'这个应该就是意外，本身就1个人看几个小孩，而且还是熟人！'
[-2]'伪装自杀 呵呵'
[6.5]'一个老师看5个学生，还情有可原！这比例快成世界最高了吧！'
[-1]'看看傻逼喜洋洋的桥段。动不动就想上吊。'
[1]'看见标语我快吐了'
[3]'没本事 我们也就忍着  但能不能别天天吹牛逼了'
[0]'我都吐了！'
[1.5]'大概一个电子那么大'
[0]'真无耻'
[2]'人民对美好生活的向往就是我们的涨价方向'
[0]'这智商，服了'
[0]'为什么？'
[1]'可能他爷爷八岁的时候就绝户了'
[0]'我堂妹就上吊过，看电视学的，四岁多的时候，还好被救下来了。'
[-2]'这种口号挂在嘴上说的一般都是人民攻敌'
[2.5]'这个说法有可能，在本地本校十几年的老师了，还是校长（虽然只是只有一个人的校长），没那么狠心。'
[0]'人民對美好生活的嚮往就是我們把控的豬飼料！'
[1]'可能吃喝拉撒语文数学音乐体育都要管，是有疏忽的时候！'
[0]'xu1s'</comments_result><comments_dict>text_pos_number:积极评论条数为 22 条，占全部评论比例的 %28.000000000000004
text_neg_number消极评论条数为 32 条，占全部评论比例的 %41.0
text_mid_number中性情感评论条数为 25 条，占全部评论比例的 %32.0
text_pos_mean平和
text_neg_mean愤怒
text_total_mean淡定
text_total_var情感波动很小</comments_dict></doc>