<?xml version='1.0' encoding='utf-8'?>
<doc><id>199</id><url>http://news.163.com/air/17/1208/09/D54HMMMP000181O6.html</url><title> 新加坡研发无人机:自动锁定拍摄对象 </title><datetime>2017-12-08 09:54:00</datetime><body>

                    （原标题： 新加坡研发无人机：自动锁定拍摄对象）
                
 新加坡研发无人机：自动锁定拍摄对象 据英国《每日邮报》12月6日报道，新加坡研究人员研发了一款会自动锁定拍摄对象并进行拍照的无人机。研发人员的新作叫做XPose，分几个阶段完成。首先用户告诉无人机从不同角度对对象进行拍照;其次，通过在示例库中移动照片上的对象来组成该镜头;然后，无人机找到拍摄的最佳位置。期间无需手动驾驶无人机。



新加坡国立大学的研究人员表示，他们的原型基于鹦鹉Bebop四轴飞行器，主要依靠一个单目摄影机，即使在没有GPS信号的情况下也能正常工作。它在拍照任务中的成功率要高于普通的触摸屏操控界面。该项目背后的四位研究人员之一Ziquan Lan说：“我们希望能够与飞行状态下的无人机进行更加直观和自然的互动，让它自动拍照，即使是之前没有接触过无人机的新用户也能做到。Ziquan Lan说，“无人机将会(比现在)变得更小，所以我们可以把它们当做一个智能手机相机随身携带，把它抛向空中，为我们拍照，”研究公司高德纳(Gartner)表示，预计今年无人机销量将达280多万台，高于去年的200万台。大多数无人机都具有摄像功能。


 本文来源：环球网  
责任编辑：康晶_NBJS5415 
</body><keywords>无人机 0.05199733660944637;对象 0.02377966735901314;研究 0.022338911737487237;人员 0.021808749782058788;拍照 0.02037786525088063;高于 0.01956658526294619;表示 0.01955843487119491;新加坡 0.018882987868788767;摄像 0.016926146561904085;康晶 0.016926146561904085</keywords><naive_snippet>

                    （原标题： 新加坡研发无人机：自动锁定拍摄对象）
                
 新加坡研发无人机：自动锁定拍摄对象 据英国《每日邮报》12月6日报道，新加坡研究人员研发了一款会自动锁定拍摄对象并进行拍照的无人机。研发人员的新作叫做XPose，分几个阶</naive_snippet><selected_snippet>新加坡研发无人机：自动锁定拍摄对象 据英国《每日邮报》12月6日报道，新加坡研究人员研发了一款会自动锁定拍摄对象并进行拍照的无人机</selected_snippet><comments> '是的.而且既然是锁定自动对焦就不会随着对焦点对准的场景同而重新对焦的
 '。。。。'
欢迎继续追问.'
'呵呵'
 '大疆早就有了
但前提是对焦后要按那个对焦锁定键.这个其实对测光也有影响.希望能够帮到你.有哪里不清楚</comments><comments_num>7</comments_num><comments_result>[1]'是的.而且既然是锁定自动对焦就不会随着对焦点对准的场景同而重新对焦的
[0]'。。。。'
[2]欢迎继续追问.'
[0]'呵呵'
[0]'大疆早就有了
[2]但前提是对焦后要按那个对焦锁定键.这个其实对测光也有影响.希望能够帮到你.有哪里不清楚</comments_result><comments_dict>text_pos_number:积极评论条数为 3 条，占全部评论比例的 %50.0
text_neg_number消极评论条数为 0 条，占全部评论比例的 %0.0
text_mid_number中性情感评论条数为 3 条，占全部评论比例的 %50.0
text_pos_mean平和
text_neg_mean愤怒
text_total_mean淡定
text_total_var情感波动很小</comments_dict></doc>