<?xml version='1.0' encoding='utf-8'?>
<doc><id>2</id><url>http://news.163.com/17/1208/14/D550GEN9000187VE.html</url><title>男子花5万买20万假币原来是白纸 担心被抓潜逃14年</title><datetime>2017-12-08 14:01:00</datetime><body>

                    （原标题：湖北一男子花5万买20万假币买到一堆白纸，潜逃14年被抓）
                
安徽商报12月8日消息，湖北一男子在阜阳花5万元钱买了20万元的假币，结果拿回家一看，买回来的居然是一堆白纸。原来，这些一沓沓的假币，只有最上面一张是真币，下面的全是白纸。担心被抓，男子东躲西藏了14年。近日，男子终于被阜阳警方抓捕归案。花5万元买回来一堆白纸2003年，湖北人孙飞在火车上，遇到了来自阜阳的吴良。闲聊时，吴良称自己能弄到高仿假币，不但人眼识别不出来，就连验钞机也验不出来。吴良拿出几张“假币”给孙飞看，孙飞拿着“假币”和真币一对比，果然十分相像。吴良也十分“大方”，把这几张“假币”送给了孙飞，称留个纪念。回到老家后，孙飞找来好哥们马强，向他展示这几张“假币”。为了验证这些“假币”是否真的能以假乱真，两人来到超市、商店，结果钱果然都花出去了，没有人发现。这时，马强动了歪心思，觉得这是个发财的机会。马强东拼西凑，凑齐了5万元钱交给孙飞，让他去找吴良买些假币回来。孙飞拿着钱来到阜阳，按照之前留的联系方式找到了吴良，以1元真币买4元假币的价格，买了20万元钱的假币。拿到假币后，孙飞心里也很紧张，一路都不敢拆开看。把假币交给马强后，马强仔细检查，发现这些假币是一沓沓装的，每沓除了最上面一张是纸币外，下面的全部都是白纸。花5万元买回来一堆白纸，虽然很愤怒，但马强不敢声张。怕被警察找上门，随后马强便销声匿迹。后来，孙飞、吴良相继落网，但14年来始终都没有马强的下落。



涉嫌购买假币罪被刑拘近日，颍东公安经侦大队民警发现了马强的下落后，追逃民警前往湖北省展开侦查，在当地公安的配合下，将马强抓获。据马强交代，一开始吴良给孙飞的几张“假币”，其实都是真币，为的就是让孙飞和马强上钩，然后用白纸来骗他们的钱。被骗后，马强心里也不是滋味，最终走上了逃亡的路。马强虽然是受害者，但他存在购买假币的主观故意，且已经着手实施，只是由于自身意志以外的原因而未能得逞，涉嫌购买假币罪。目前，马强已经被当地警方刑拘。（文中人名均为化名）


 本文来源：中安在线-安徽商报  
责任编辑：张宪超_NN9310 
</body><keywords>马强 0.048474365908495375;假币 0.045038812876958725;孙飞 0.03573312979794615;吴良 0.025144530626077268;男子 0.017697240627510824;白纸 0.017498091050509777;阜阳 0.016590310811832078;发现 0.013417100697095683;民警 0.013023158735016934;湖北 0.012589120425200202</keywords><naive_snippet>

                    （原标题：湖北一男子花5万买20万假币买到一堆白纸，潜逃14年被抓）
                
安徽商报12月8日消息，湖北一男子在阜阳花5万元钱买了20万元的假币，结果拿回家一看，买回来的居然是一堆白纸。原来，这些一沓沓的假币，只有最上面一张是真</naive_snippet><selected_snippet>据马强交代，一开始吴良给孙飞的几张“假币”，其实都是真币，为的就是让孙飞和马强上钩，然后用白纸来骗他们的钱</selected_snippet><comments> '无语了'
 '犯案未遂，证据链完整的话，还是得判的，一般咬死不认，也不会有事'
 '真是脑子有病，我花5万买了一堆白纸就犯法了？'
 '安徽有句民谣知道不'
 '虚抬物价，扰乱市场经济'
 '这人有病，你说二十万就二十万？尼玛全是白纸，你跑个毛啊！'
 '黑吃黑'
 '网易故事会'
 '我想问一句，假币在哪里'
 '可惜举报卖家虚高价格，起诉索赔'
 '这是被诈骗了吧'
 '洛阳纸贵，阜阳的纸更贵'
'开局一张图，现在图都没有了'
 '哄抬物价'
 '官字两个口，说你有罪你就有罪，说你多大罪你就多大罪。'
 '这需要跑吗？'
 '这智商以后还是好好守法吧，不适合犯罪啊'
'犯了低智商法？'
 '这个也要被抓，太倒霉了吧。'
 '活该'
 '虚抬物价，扰乱市场经济，这还不犯法？'
 '无语'
 '这智商不抓你抓谁！'
 '阜阳真是个人杰地灵的地方'
'我觉得的这个段子太有意思了😅😅😅'
 '这就尴尬了
 '这种脑子，怎么会有二十万的[窃笑][窃笑][窃笑][窃笑][窃笑][窃笑]'
 '既然是白纸为什么要跑啊，真是我的智商不能理解吗'
 '五万块钱买了一堆白纸，犯法了！犯了那一条啊[石化][石化][石化]
 '脑子呢？'
 '我一般都是骗他们开始给的真币。[窃笑]'
 '五万买白纸，违法么？😇'</comments><comments_num>732</comments_num><comments_result>[-1]'无语了'
[-2]'犯案未遂，证据链完整的话，还是得判的，一般咬死不认，也不会有事'
[-2]'真是脑子有病，我花5万买了一堆白纸就犯法了？'
[1]'安徽有句民谣知道不'
[-2]'虚抬物价，扰乱市场经济'
[-4]'这人有病，你说二十万就二十万？尼玛全是白纸，你跑个毛啊！'
[0]'黑吃黑'
[0]'网易故事会'
[1]'我想问一句，假币在哪里'
[-2]'可惜举报卖家虚高价格，起诉索赔'
[-1]'这是被诈骗了吧'
[2.5]'洛阳纸贵，阜阳的纸更贵'
[-1]'开局一张图，现在图都没有了'
[0]'哄抬物价'
[-4]'官字两个口，说你有罪你就有罪，说你多大罪你就多大罪。'
[1]'这需要跑吗？'
[0]'这智商以后还是好好守法吧，不适合犯罪啊'
[-1]'犯了低智商法？'
[2]'这个也要被抓，太倒霉了吧。'
[-1]'活该'
[-0.5]'虚抬物价，扰乱市场经济，这还不犯法？'
[0]'无语'
[2]'这智商不抓你抓谁！'
[1]'阜阳真是个人杰地灵的地方'
[2.0]'我觉得的这个段子太有意思了😅😅😅'
[-1]'这就尴尬了
[1]'这种脑子，怎么会有二十万的[窃笑][窃笑][窃笑][窃笑][窃笑][窃笑]'
[1]'既然是白纸为什么要跑啊，真是我的智商不能理解吗'
[-3]'五万块钱买了一堆白纸，犯法了！犯了那一条啊[石化][石化][石化]
[0]'脑子呢？'
[0]'我一般都是骗他们开始给的真币。[窃笑]'
[-1]'五万买白纸，违法么？😇'</comments_result><comments_dict>text_pos_number:积极评论条数为 10 条，占全部评论比例的 %31.0
text_neg_number消极评论条数为 15 条，占全部评论比例的 %47.0
text_mid_number中性情感评论条数为 7 条，占全部评论比例的 %22.0
text_pos_mean平和
text_neg_mean愤怒
text_total_mean淡定
text_total_var情感波动很小</comments_dict></doc>