<?xml version='1.0' encoding='utf-8'?>
<doc><id>201</id><url>http://news.163.com/17/1208/17/D55C2BGC00018AOQ.html</url><title>西安一小学生被托管老师在地上拖行数米?官方回应</title><datetime>2017-12-08 17:23:00</datetime><body>

                    （原标题：西安一小学生被托管班员工当街拖行 官方：已停业整顿）
                
中新网西安12月8日电 近日，一段“西安一小学生被托管班老师在地上拖行数米”的视频在网上流传，引发热议。西安市长安区韦曲街道办工作人员8日表示，目前相关部门已对托管班进行停业整顿。图为西安一小学生被托管班员工当街“拖行”。视频截图日前一则《因不听话，长安区一小学生被托管班老师在地上拖行数米》的网帖在网上流传，引发关注。文中称，6日中午西安市长安区某小学旁边一托管所，小孩想在院子里玩，老师往回叫不听，孩子遭到托管班老师拖行。视频显示，一名身着褐色衣服的人拉着一小孩的手在地上拖行数米，期间有向上拽小孩的动作，事发时还有其他小孩围观。西安市长安区教育局工作人员8日称，该托管班是由社会人士办的，托管班管理人员不是教师，这是托管班在管理过程中出现的问题，具体原因相关部门正在调查。



西安市长安区韦曲街道办工作人员接受中新网记者采访时表示，6日中午12时，托管班工作人员在长安区某小学接学生放学的过程中，该学生的奶奶提出中午要将孩子带回家吃饭。托管班工作人员说可以接回去吃饭，但作业要在家里完成。学生奶奶得知孩子还有作业，便表示不接回去吃饭了。孩子听到后，情绪波动比较大。从小学门口进小区过程中孩子便一直在闹，老师哄也不听，老师便想办法把孩子弄到教室去，期间发生视频上的一幕。街道办工作人员表示，长安区韦曲街道办接到相关情况后，第一时间召集了区教育局、区食药监局以及当事人等了解情况，之后便通知学生家长，家长对这一情况也表示谅解，工作人员对该托管班的资质、单位资料进行调查，该托管班有备案也有资质。目前，相关部门已经对托管班进行停业整顿，后续工作将会按照规定的程序进行


 本文来源：中国新闻网  
责任编辑：赵亚萍_NN9005 
</body><keywords>托管 0.02635287284978365;孩子 0.026041646478217884;小孩 0.02382797166827623;老师 0.02363841413961762;工作人员 0.022356206756202198;长安区 0.02068100381997981;引发 0.015572247784087594;表示 0.015136511995962124;相关 0.014698206101280406;进行 0.014491684288854379</keywords><naive_snippet>

                    （原标题：西安一小学生被托管班员工当街拖行 官方：已停业整顿）
                
中新网西安12月8日电 近日，一段“西安一小学生被托管班老师在地上拖行数米”的视频在网上流传，引发热议。西安市长安区韦曲街道办工作人员8日表示，目前相关部门已</naive_snippet><selected_snippet>西安市长安区韦曲街道办工作人员接受中新网记者采访时表示，6日中午12时，托管班工作人员在长安区某小学接学生放学的过程中，该学生的奶奶提出中午要将孩子带回家吃饭</selected_snippet><comments> '苏俄自己就是地狱，跟地狱走，不进地狱才怪。'
 '我很好奇：什么东西才会产下你这么弱智的家伙？'
 '一样的骂 你叽叽歪歪的瞎了？没看到？'
 '所以你是被打得少？'
 '你不就是我的棍棒下教出来的吗'
 '前世你托狗，现在狗托你'
 '历史证明，跟着米帝走不一定就是天堂，但是跟着苏饿走一定是万劫不复的地狱，这一点是毫无疑问的'
 '长安县咋没有一个正面的新闻！'
 '西安人还地域黑嘛？出来洗地
 '请不要侮辱“老师”'
 '好，有希望，支持威武'
 '几千年的历史结论告诉我们，不打不成才是有道理的'
 '应该把这个人按到地上，摩擦，摩擦摩擦。'
'孩子是祖国未来的希望，不管是托管所还是幼儿园出了问题必须得承担责任，该问责还是得问责'
'嗯，'
 '奶奶辅导不了作业'
 '本来是小事……但是谁刺激了神经？当地教育局的回复一大半文字都是推卸责任的好像监管责任部门不是他们'
 '二楼这个傻逼'
 '这人啊，心坏了。
 '第一帖你到是写点有营养的啊，看你写这玩意你都白瞎这地方了。'
 '之前看见过一幕，一个小男孩捣蛋死活不去学校，又是滚地下，又是爬，托管的女孩，怎么劝都不听，拉也不是抱也不是，拉就滚地下，抱就打托管老师.这种小孩给惯出来的
 '赚点钱也是要提心吊胆的'
 '娘的，把儿童当狗一样虐'
'你这样说我认同。把你孩子让我带。我让他服从你绝对。棍棒底下出孝子绝对OK'
 '要是我能打死这狗日的'
 '什么清华北大，都不如胆子大。如果家里能给十万块钱 启动资金，完全没有必要读大学。先去个超市打工，学会进货和促销技巧；一年后再去连锁饭店当服务员，学会产品研发。然后拜师学习红浅学，或者自学《能量决定命运》，不学红浅学，赶不上马化腾，娶不起林志玲。用父母给的十万和自己赚的二十万，创建一个电商品牌。请几个大学生做客服，找一个女大学 生做财务，然后和她生几个小孩，到了四十岁身家过亿。他的同班学霸考上大学后成了他公司的骨干，都当上了快乐的房奴。我班同学人才济济，考上大学进入省城的大多数进了工厂混得很惨，而中学在当地考进银行、税务的都活得很滋润。当官最大的是个中专生，最有钱的是高中生。不学红浅学，赶不上马化腾，娶不起林志玲。不读《能量决定命运》，富不过刘强东，跑不过贾跃亭。'
 '我不是。我认为SB会这样教育孩子'
 '呵呵，身为拖班老师我能理解。有的孩子真的是被惯坏了。估计进去社会会被打死，与其被打死不如被老师教育。'
 '我不相信大人说的话   我感觉 这群人在胡扯'
 '这奶奶我是服...有作业就不带回家吃饭了..'
 '第一贴？'
 '慎重考虑'
 '要是是老师的话，不晓得多少痛骂垃圾人渣之类的话！怎么托管班没人大骂了？'</comments><comments_num>757</comments_num><comments_result>[-4]'苏俄自己就是地狱，跟地狱走，不进地狱才怪。'
[-0.2]'我很好奇：什么东西才会产下你这么弱智的家伙？'
[-2]'一样的骂 你叽叽歪歪的瞎了？没看到？'
[0]'所以你是被打得少？'
[0]'你不就是我的棍棒下教出来的吗'
[0]'前世你托狗，现在狗托你'
[-1]'历史证明，跟着米帝走不一定就是天堂，但是跟着苏饿走一定是万劫不复的地狱，这一点是毫无疑问的'
[2]'长安县咋没有一个正面的新闻！'
[0]'西安人还地域黑嘛？出来洗地
[-2]'请不要侮辱“老师”'
[4]'好，有希望，支持威武'
[2]'几千年的历史结论告诉我们，不打不成才是有道理的'
[-2]'应该把这个人按到地上，摩擦，摩擦摩擦。'
[0]'孩子是祖国未来的希望，不管是托管所还是幼儿园出了问题必须得承担责任，该问责还是得问责'
[0]'嗯，'
[-1]'奶奶辅导不了作业'
[-3]'本来是小事……但是谁刺激了神经？当地教育局的回复一大半文字都是推卸责任的好像监管责任部门不是他们'
[-1]'二楼这个傻逼'
[0]'这人啊，心坏了。
[2]'第一帖你到是写点有营养的啊，看你写这玩意你都白瞎这地方了。'
[-3]'之前看见过一幕，一个小男孩捣蛋死活不去学校，又是滚地下，又是爬，托管的女孩，怎么劝都不听，拉也不是抱也不是，拉就滚地下，抱就打托管老师.这种小孩给惯出来的
[0]'赚点钱也是要提心吊胆的'
[-1]'娘的，把儿童当狗一样虐'
[-0.5]'你这样说我认同。把你孩子让我带。我让他服从你绝对。棍棒底下出孝子绝对OK'
[-1]'要是我能打死这狗日的'
[13.8]'什么清华北大，都不如胆子大。如果家里能给十万块钱 启动资金，完全没有必要读大学。先去个超市打工，学会进货和促销技巧；一年后再去连锁饭店当服务员，学会产品研发。然后拜师学习红浅学，或者自学《能量决定命运》，不学红浅学，赶不上马化腾，娶不起林志玲。用父母给的十万和自己赚的二十万，创建一个电商品牌。请几个大学生做客服，找一个女大学 生做财务，然后和她生几个小孩，到了四十岁身家过亿。他的同班学霸考上大学后成了他公司的骨干，都当上了快乐的房奴。我班同学人才济济，考上大学进入省城的大多数进了工厂混得很惨，而中学在当地考进银行、税务的都活得很滋润。当官最大的是个中专生，最有钱的是高中生。不学红浅学，赶不上马化腾，娶不起林志玲。不读《能量决定命运》，富不过刘强东，跑不过贾跃亭。'
[-1]'我不是。我认为SB会这样教育孩子'
[0]'呵呵，身为拖班老师我能理解。有的孩子真的是被惯坏了。估计进去社会会被打死，与其被打死不如被老师教育。'
[-3]'我不相信大人说的话   我感觉 这群人在胡扯'
[0]'这奶奶我是服...有作业就不带回家吃饭了..'
[0]'第一贴？'
[0]'慎重考虑'
[-2]'要是是老师的话，不晓得多少痛骂垃圾人渣之类的话！怎么托管班没人大骂了？'</comments_result><comments_dict>text_pos_number:积极评论条数为 5 条，占全部评论比例的 %15.0
text_neg_number消极评论条数为 16 条，占全部评论比例的 %48.0
text_mid_number中性情感评论条数为 12 条，占全部评论比例的 %36.0
text_pos_mean平和
text_neg_mean愤怒
text_total_mean淡定
text_total_var情感波动很小</comments_dict></doc>