<?xml version='1.0' encoding='utf-8'?>
<doc><id>207</id><url>http://news.163.com/17/1208/00/D53J12UI0001899N.html</url><title>以色列临近加沙城镇遭火箭弹攻击 以方发红色警戒</title><datetime>2017-12-08 00:58:00</datetime><body>

                    （原标题：以色列临近加沙城镇遭火箭弹攻击 以方发红色警戒）
                
海外网12月8日电 据香港东网报道，当地时间12月7日，以色列传媒周四报道，以色列最接近加沙的城镇斯代罗特镇被多支由加沙发射的火箭攻击，地方议会发出红色警戒讯号。






 本文来源：海外网  作者：刘亚伟
责任编辑：李杭_BJS4645 
</body><keywords>加沙 0.05755787693613253;以色列 0.05624871078894107;红色警戒 0.05376173486799672;作者 0.04816943340699549;李杭 0.04816943340699549;攻击 0.0440984910062312;报道 0.04340935725542108;香港 0.03599364006166218;发出 0.034116400638831465;标题 0.03305091144324559</keywords><naive_snippet>

                    （原标题：以色列临近加沙城镇遭火箭弹攻击 以方发红色警戒）
                
海外网12月8日电 据香港东网报道，当地时间12月7日，以色列传媒周四报道，以色列最接近加沙的城镇斯代罗特镇被多支由加沙发射的火箭攻击，地方议会发出红色警戒讯号。</naive_snippet><selected_snippet>海外网12月8日电 据香港东网报道，当地时间12月7日，以色列传媒周四报道，以色列最接近加沙的城镇斯代罗特镇被多支由加沙发射的火箭攻击，地方议会发出红色警戒讯号</selected_snippet><comments> '你呗'
 '现在能看手机了啊'
 '八路永远支持俄罗斯伊朗，打击华尔街犹以色列支持的，lSⅠs'
 '越来越说明M国就是搅屎棍的正确性!
 '抢别人家的窝，别人当然会仇恨，虽然几千年前是以色列的窝'
 '你真是傻的可怜 估计还没搞清楚 巴勒斯坦和巴基斯坦吧'
 '美国蹦个屁，中东就得血雨腥风'
 '哈马斯出发了？'
 '以色列顶起来，怼那帮头巾'
 '傻逼的精神病妄想迫害症'
'傻逼，正在打击'
 '打回去！顽强的以色列人！'
 '犹大出卖了耶稣。上帝保佑以色列？'
'没有这个“搅屎棍”，世界大部分民众会生活在类似槽线这样的国度'
 '中东希望以色列！'
 '联你麻痹，智障！'
 '又一个菊花傻13'
 '2012年暗杀日财政大臣，灭了肯尼迪家族，掏空美国人民财富，有一只无形的手在控制世界，挑拔各国矛盾，从而永远站在食物链顶端，剥削世界人民，'
'以色列'
 '中东本来就是以色列的'
 '国内的颜色教徒跃跃欲试啊也是。。。。'
'把葱甩到隔壁，然后满世界飞葱。。'
 '霉棍搅屎恶心世界'
 '耶路撒冷自古以来不都是哪个牛逼哪个占的么?'
 '全是美国挑起的'
 '越乱越好'
'美国，唯恐天下不乱'
 '这块地在以色列人手里是天堂  在那群人渣手里是垃圾场你怎么解释？'
 '沙特的钱都是哪来的？动脑子想想。'
'巴方：不接受 不参与 不承认 不执行'
 '这下美国高兴了！武器大涨价！'
 '希望以色列把地球之癌彻底清理掉。以色列就是地球之癌的克星。'
 '搅谁谁屎'
 '屎斯坦呀，哈哈，二楼好幽默'
 '以色列玩火，被打正常！'
 '以色列带种啊。犹太民族厉害'
 '犹太人掌握着华尔街，又掌握着以色列，如果让以色列称霸中东，那德国就要小心了。犹太人的野心远远不止一个耶路撒冷。'
 '美国政客要实现竞选诺言，远在万里之外的无辜者要丢性命。'
 '以色列一个就够了，傻逼哪来的自信'
 '【人类学、生物学幽默短论：地球垃圾的来源】    物以类聚、人以群分。人类最早在非洲，后来人类大多数从非洲走出来，然后分流，最聪明的聚集起来形成以色列人，最愚蠢的聚集起来形成巴勒斯坦人，最下作的聚集起来形成俄罗斯人，最无赖的聚集起来形成罗兴亚人，最懒惰的留在非洲的形成黑鬼。前者和后四者天壤之别，后四者被合称为地球垃圾！'
 '你为什么这么自信想往以色列？它统一，对你有啥好处？ 公平么？
 '把你搅的猝不及防？七晕八乱？'
 '小部分傻逼作死了'
 '彼此彼此啊，可怜的岂止一楼
 '关你屁事！'
 '红色警戒 : 巴以冲突'
 '联合起来共🐶bb啥'
 '人类公敌，'
 '特朗普是保护神，世界越来越安宁了！'
 '特朗普的炸药桶这么快就点了'
 '我们啊'
 '每次都是先作死惹以色列，被痛揍后又装无辜'
 '要乱就得大乱，小打小闹不起作用了。没有世界性的战争就不能建立新的世界秩序，看来有人是想玩大的了。'
 '很好。美国卖队友。把以色列送了。'
 '傻逼们，一起搅屎吧。'
 '海湾地区还好啊，多少去迪拜旅游的'
 '政治博弈，百姓涂炭'
 '特朗普太弱了，既然都开始了，扔两个原子弹把巴勒斯坦炸平了，不就一劳永逸了吗？'
 '为统治世界一百年，剥削世界人民'
 '这上千年怎么打出来的？以色列建国满打满算70年……………………'
 '铲平巴勒斯坦，铲除魔鬼'
 '各怀鬼胎，没戏'
 '闹不好这就是第三次世界大战的起点'
 '以色列命不久已'
 '胡夫金字塔底和高是地球到太阳距离的微缩，远古的人是用尺量的吗？美洲的黄泉大道上的每个寺庙是太阳系九大行星到太阳距离的微缩，古人是用尺量的吗？八别塔又叫通天塔又叫变乱塔，是太阳系到达天父星座的微缩!工匠造塔时己知通天塔的奥秘，可直通天父星座，天父害怕了，不能让兽性未除的古人上天，于是把工匠遣散到世界各地，并变乱他们的语言，所以又叫变乱塔!世界各地的古园林古帝王墓古城古寺庙古官衙皆是宇宙微缩图!所以，每座古寺庙古园林古官衙皆从南门入，皆有方向是东北方的九曲桥，过了九曲桥皆有祭祀 佛龛，因为到了天父星座必须先敬拜才能进入!皆有后花园，这后花园就是天父星座的方位和微缩!我们天父星座在太阳系东北上方第九颗恒星那里，那里有双伴恒星，以双伴恒星为中心周围上下左右十二个方向，每个方向有九颗恒星共108颗恒星围绕双伴恒星公转!从我们太阳系到达天父星座须经过九颗恒星所以S形天路必须弯九弯!S形天路就是那龙形，所以天父说，他在龙头，我们人类在龙尾!'
 '人类公敌华尔街犹利益集团'
 '伊斯兰里头的所有组织和信徒才是人类文明的搅屎棍，这说法应该没错吧'
 '快速解决总比拖着好，何况以色列目前占优势。'
 '火药桶碰上了火星！'
 '三楼，你知道搅屎棍是贬义词，但却不知道这种形容词该用在什么地方，连是非都不知道，就别乱用了'
 '上帝护佑以色列！'
 '我要玩红警   打伊拉克'
 '谁跟你玩？朝鲜？委内瑞拉？'
 '公你妈。'
 '牧羊犬真多啊'
 '路过'
 '舞矛必然膜拜基果斜叫啊'
 '反人类的倒是你们的价值观'
 '犹太人自找的!'
'一楼是屎！'
 '佛祖真主上帝皆保佑以色列🇮🇱！'
 '以色列应该消失'
 '愚昧无知好吃懒做只知道生孩子等救济，有这功夫就不能学习犹太人自强不息的科研精神，以色列自助者天助！'
 '圣战开始了？'
 '明明是漂流瓶'
 '你能代表中国人民？？？扯犊子吧！'
 '从穆傻穆德去世以后，阿拉伯世界联合起来过吗？联合的起来吗？'
 '亲贤臣，远小人'
 '先说说是哪个银行家罪恶滔天'
 '他是放着中东的一条狗，现在恢复了狼性!'
 '上帝是中国本土的神，北京的天堂上就供着皇天上帝。以色列人信仰的是（造物主），造物主：没有名字。'
 '这次是点了优库……'
 '事实证明拿个破手机优越感上升的人是纯傻逼。'
 '你没注意上面都是华为楼吗？两个不敢露型号。'
 '你啊😄'
 '借此统一中东，消除世界人民的安全隐患
 '这样的新闻，评论是一片的与众不同'
'如今哪些人是“无产者”？'
 '跟贴被火星网友带走啦~'
 '喷你麻，去过美国嘛？'
 '有一只无形的手在控制世界，想永远站在食物链顶端，'
 '耶路撒冷自古以来就是巴勒斯坦不可分割的领土，大概从8000年前。'
'啪啪就是干！'
'那就是美国拉的一坨屎'
 '打 看谁兵力强'
'耶和华，有名好吧'
 '阿拉伯人是一块铁板的时候都打不过虚弱时的以色列，更别说现在的一盘散沙对正当时的以色列了'
 '放心吧，过两天f16给他们炸的屁滚尿流，他们又要躲进医院和学校去了！'
 '我带路'
'你是当年以色列嫌弃不要的那位犹太人吧？'
 '巴以问题是不是宗教对峙？犹太教，基督教，伊斯兰教在这片土地上打了多少年，请参照历史，何必咬文嚼字？'
 '新闻越短事情越大'
 '这一楼，东一榔头，西一棒子，神经如此分裂...去看看生不好吗？没事玩什么手机？'
 '有一只无形的手在控制世界'
 '强烈支持以色列干死中东佬'
 '血煮华尔街'
 '看，鸡蛋又在拿老婆孩子撞石头了。'
 '哈马斯才是搅屎棍，傻逼！
 '好，开战了。好久没热闹起来了'
 '没有了美国和朝鲜...世界会和平？'
'干，横竖都是死，大不了来个头破血流'
 '事实充分证明，用华为的不一定是傻逼，傻逼一定用华为。'
 '没有犹太人，世界就和平了。'
'打不过非要去逗他'
 '中东地区'
 '反击与缱责差别很大'
 '呵呵，有本事真敢打以色列？立马虐死你'
 '核了|slS背后支持资本家族
 '不尼玛美利坚吗？转够快的。'
 '以色列是时候统一啦了
 '要打仗了吗？中国赶紧买武器啊！两头卖'
 '人类公敌，华尔街犹以色列'
 '推翻美日资本权贵家族'
 '米国 满世界 挑事.'
 '二十一世纪，资本彻底无国界了千万不要低估了银行家的影响力。
 '這個必須贊'
 '美国人就是想让天下大乱。'
 '智障的够可以的'
 '他不知，莫怪'
 '这只是一个开始。'
 '反击，让以色列统一中东。必须还击。'
 '你算个屁 你认可了别人能多一分钱
 '中东一坨屎'
 '不知道挺以色列的什么心态，把中国并入美国好了。'
 '傻逼美国佬。不知道你美国佬整天在想什么。
 '007，幽灵党讲过类似的事情。'
'打，赶紧打，洗牌了'
 '巴勒斯坦就是个流氓无赖，动不动就搞暴恐！'
 '问的好'
'那就打下加沙地带啊'
 '越来越说明M国就是搅屎棍的正确性!'
 '嗯，一战二战鸦片战争那会儿基督教还没出现，那些侵略者都是穆斯林
 '不只巴勒斯坦，应该说整个颜色教'
 '看吧，我的预测没有错的'
 '以色列几乎是神了 ，拍马屁的真多'
 '看看谁的先知厉害'
 '你全家都日本后代，'
 '打就是要玩大得'
 '平头哥我支持你'
 '本来就是一堆屎，被某宣传机构粉饰了一层霜而已'
 '以色列也不是什么好东西。
 '再说一句美国国内的人体炸弹💣也已经启动了'
 '资本之巅'
 '放心，以色列战斗民族，早习惯了，但承认耶路撒冷对他们意义更大，美国也不会袖手旁观，大量最先进武器提供，还有美国大量军事基地做后援，这种才是真正盟友关系'
 '以色列算是正式坐上了火药桶'
 '你也不过用了个小米!'
 '灭以。'
 '华定'
 '核了侵略巴勒斯坦人民土地上的，犹太利益势力，中东日德欧美俄罗斯人民公敌'
 '开始了。先发制人！覆盖全境1.次2次.3次覆盖'
 '红绿同流合污即为屎'
 '半文明时代，战争是标志。'
 '三楼说你们，那你是美狗了？'
 '这次土鸡伊朗会不会和阿拉伯国家站到同一阵营干以色列'
 '无知可以！但是出来显摆就你的不对了！'
 '那就把阿拉伯国家全炸平
 '当然是犹太猪咯'
 '过几天不要哭'
 '世界进程被川普这个js狂莽的改变，多少人要为此丢性命？'
 '开战了？'
 '领土被占了，家园被占了，老百姓被欺负着，人家组建一个反抗的游击队怎么了？是啊，不应该针对平民。可是你平民住的是别人的地啊！你的军队武器是平民贡献的啊！你要游击队和高科技武装硬打？怎么打？一个被欺压的人你还要求他文明，绅士的反抗？'
'支持以色列'
 '对犹太人，干就完了
 '华为是官方手机标配'
 '港媒说是宝特瓶，网易说是火箭弹……'
 '华尔街犹人类公敌'
'“屎”是指？'
 '昨天我说哈马斯的火箭🚀蠢蠢欲动今天就成真了。'
 '有一只无形的手在控制世界，想统治世界一百年，控制日德殖民地'
 '这次却是是特朗普政府的锅'
 '搅到你了？'
 '这是自由的火箭弹 民主的火箭弹'
 '美国佬惹的祸'
 '666'
 '你这坨屎不高兴了？'
 '快，快请特朗普佛祖……'
 '你先把你家电力，银行，煤炭，石油的幕后寡头都姓什么认全，然后还能人没事。那你再来跟大家谈发动美国人民的问题😄'
 '二楼的，我来回答，搅屎棍是（排名不分先后）：露西亚，潮藓，伊朗，委瑞内拉，叙利亚，强国，拉灯残余组织，伊斯兰国，塔利班，哈马斯'
 '弱智，你以为单就以色列，是整个阿拉伯世界，🇺🇸没这个胆量和整个阿拉伯对抗'
'怎么和平解决，巴以打了上千年。先不说圣城的归属问题，单是宗教的对峙，必将你死我活，美国只是加速了武装斗争的进程而已。'
 '这蛋越扯越有质量了[大笑]'
 '美国又想弄石油了'
 '支持德国。
 '才几百万人口怎么统一中东'
 '以色列的铁穹还是挺叼的'
 '多行不义必自毙！所有国破家亡的人们行动起来让丫陷入人民战争的汪洋大海之中！'
 '支持以色列，特朗普英明'
 '华尔街犹'
 '以色列是绿色森里里的灯塔'
 '以色列就是坨屎'
 '好像没川普绿帽教就消停过一样'
 '赚分。'
 '历史充分证明基督才代表正义'
 '有一只无形的手在控制世界人民，想永远站在食物链顶端'
'你是'
 '要不是美国阻拦 中东多少国家被 以色列灭了'
 '我昨晚上吃你全家女性下面了你高不高兴？'
 '度擦流氓了，把妇女儿童挡在前面做肉盾的人了'
 '以色列真是闲的蛋疼，都他妈被入侵了，还玩红色警戒！'
 '哈哈！神回复'
 '拉宾是大叛徒'
 '你吐出来就有了！'
 '开始了'
 'hhh好'
 '红色警戒，红警5吗'
 '坏国'
 '唯恐天下不乱的霉鬼'
 '哈哈哈哈哈，美国真6，蛋糕吃不上了开始掀桌子。'
 '好的'
 '文明社会，从理性发贴开始。谢绝地域攻击。'
 '准备团战'
 '送你一颗玩儿玩儿？'
 '中东幺'
 '所以说为啥叫姆屎林，就是整天找屎'
 '以色列是镶嵌在中东的一颗明珠'
 '老特借刀杀人厉害。'
 '犹太人的老祖宗作孽，子孙还。希特勒没把它们整绝根，“忒狼噗”上！'
 '特朗普搅得全世界不得安宁'
 '人类公敌，背后华尔街犹利益集团'
 '穷地方出来的又一个华为傻逼……'
'你美狗？！！！'
 '新闻越短，事越大'
 '抬头写的不错'
 '为国家为民族，呵呵，不是这些傻比争权夺利，巴在1948年就建国了'
'hail hatler！（右手高举）'
 '美国这么屌，赶快移民'
 '既然美国是搅屎棍 那谁是屎？'
 '不用猜，是谁谁知道。'
'不只巴勒斯坦，应该说整个颜色教'
 '怎么还不去治疗，神经错乱的傻13。
'人类公敌'
 '红色警戒发布新版本了？'
 '字越短...'
 '怎么可能同归于尽？一巴掌打过去，立马死翘翘'
 '火药桶一点就爆'
 '你是菊花，喜欢被美国人的棍子捅
 '华为煞笔名不虚传'
 '那里有米国那里世界就不得安宁，全世界无产者联合起来！'
 '中东人民公敌，以色列'
 '垃圾们又开始找死'
 '中国如果不挺以色列，有何颜面在联合国强调“自古以来”'
 '怀念拉宾！'
 '美帝打开了潘多拉的魔盒，幽灵在飘荡...... 。'
 '以色列啊'
 '一堆烂番薯臭鸟蛋，加起来不够以色列一顿打'
 '俄及其爪牙就是臭屎'
 '阿巴斯访华后回国马上发生针对以色列的暴力。'
 '加油！以色列。'
 '华尔街犹控制日德'
 '不用说，目前不少人类的大脑里不缺少打架、撕咬基因。用野兽的方式解决问题，一直标志着人类的文明程度。'
 '以色列可以轻松消灭百万巴勒斯坦人。'
 '自己翻翻金融大鳄的黑历史，不忍直视'
 '有一只无形的手在控制世界，永远剥削世界人民，控制日傻殖民地'
 '人类公敌，华尔街犹沙特以色列
 '你赶紧去制止啊'
 '支支'
 '求求上街帶頭啦，求你！'
 '干死恐怖分子哈马屎。'
 '老朋友们'
 '先不谈政治体制，美国这么做会有更多的人死亡，人命关天的事'
 '你就是💩，哈哈哈'
 '发动美日人民群众，打倒资本权贵家族寡头'
 '巴勒斯坦在中国国民心目中的形象一塌糊涂'
 '人类公敌华尔街犹以色列'
 '最爱美国的人在中国，都混网易。'
 '干死以色别'
 '王八蛋们支持东吐'
 '穷逼联合起来只能一起要饭'
 '华尔街犹沙特以色列公然支持|s|S'</comments><comments_num>7391</comments_num><comments_result>[0]'你呗'
[1]'现在能看手机了啊'
[1]'八路永远支持俄罗斯伊朗，打击华尔街犹以色列支持的，lSⅠs'
[4.5]'越来越说明M国就是搅屎棍的正确性!
[1]'抢别人家的窝，别人当然会仇恨，虽然几千年前是以色列的窝'
[-1]'你真是傻的可怜 估计还没搞清楚 巴勒斯坦和巴基斯坦吧'
[-1]'美国蹦个屁，中东就得血雨腥风'
[0]'哈马斯出发了？'
[1]'以色列顶起来，怼那帮头巾'
[-2]'傻逼的精神病妄想迫害症'
[-2]'傻逼，正在打击'
[3]'打回去！顽强的以色列人！'
[-1]'犹大出卖了耶稣。上帝保佑以色列？'
[0]'没有这个“搅屎棍”，世界大部分民众会生活在类似槽线这样的国度'
[3]'中东希望以色列！'
[-4]'联你麻痹，智障！'
[-1]'又一个菊花傻13'
[-3]'2012年暗杀日财政大臣，灭了肯尼迪家族，掏空美国人民财富，有一只无形的手在控制世界，挑拔各国矛盾，从而永远站在食物链顶端，剥削世界人民，'
[0]'以色列'
[0]'中东本来就是以色列的'
[1]'国内的颜色教徒跃跃欲试啊也是。。。。'
[2]'把葱甩到隔壁，然后满世界飞葱。。'
[-1]'霉棍搅屎恶心世界'
[1]'耶路撒冷自古以来不都是哪个牛逼哪个占的么?'
[0]'全是美国挑起的'
[1.5]'越乱越好'
[1]'美国，唯恐天下不乱'
[0]'这块地在以色列人手里是天堂  在那群人渣手里是垃圾场你怎么解释？'
[0]'沙特的钱都是哪来的？动脑子想想。'
[-2]'巴方：不接受 不参与 不承认 不执行'
[6]'这下美国高兴了！武器大涨价！'
[1]'希望以色列把地球之癌彻底清理掉。以色列就是地球之癌的克星。'
[0]'搅谁谁屎'
[3]'屎斯坦呀，哈哈，二楼好幽默'
[3]'以色列玩火，被打正常！'
[-1]'以色列带种啊。犹太民族厉害'
[1]'犹太人掌握着华尔街，又掌握着以色列，如果让以色列称霸中东，那德国就要小心了。犹太人的野心远远不止一个耶路撒冷。'
[3.8]'美国政客要实现竞选诺言，远在万里之外的无辜者要丢性命。'
[0]'以色列一个就够了，傻逼哪来的自信'
[-3.0]'【人类学、生物学幽默短论：地球垃圾的来源】    物以类聚、人以群分。人类最早在非洲，后来人类大多数从非洲走出来，然后分流，最聪明的聚集起来形成以色列人，最愚蠢的聚集起来形成巴勒斯坦人，最下作的聚集起来形成俄罗斯人，最无赖的聚集起来形成罗兴亚人，最懒惰的留在非洲的形成黑鬼。前者和后四者天壤之别，后四者被合称为地球垃圾！'
[4]'你为什么这么自信想往以色列？它统一，对你有啥好处？ 公平么？
[0]'把你搅的猝不及防？七晕八乱？'
[0]'小部分傻逼作死了'
[-1]'彼此彼此啊，可怜的岂止一楼
[-3]'关你屁事！'
[0]'红色警戒 : 巴以冲突'
[2]'联合起来共🐶bb啥'
[-1]'人类公敌，'
[3.5]'特朗普是保护神，世界越来越安宁了！'
[0]'特朗普的炸药桶这么快就点了'
[0]'我们啊'
[-1]'每次都是先作死惹以色列，被痛揍后又装无辜'
[-3]'要乱就得大乱，小打小闹不起作用了。没有世界性的战争就不能建立新的世界秩序，看来有人是想玩大的了。'
[1.8]'很好。美国卖队友。把以色列送了。'
[0]'傻逼们，一起搅屎吧。'
[0]'海湾地区还好啊，多少去迪拜旅游的'
[-1]'政治博弈，百姓涂炭'
[0]'特朗普太弱了，既然都开始了，扔两个原子弹把巴勒斯坦炸平了，不就一劳永逸了吗？'
[-1]'为统治世界一百年，剥削世界人民'
[0]'这上千年怎么打出来的？以色列建国满打满算70年……………………'
[-2]'铲平巴勒斯坦，铲除魔鬼'
[0]'各怀鬼胎，没戏'
[-2]'闹不好这就是第三次世界大战的起点'
[0]'以色列命不久已'
[12]'胡夫金字塔底和高是地球到太阳距离的微缩，远古的人是用尺量的吗？美洲的黄泉大道上的每个寺庙是太阳系九大行星到太阳距离的微缩，古人是用尺量的吗？八别塔又叫通天塔又叫变乱塔，是太阳系到达天父星座的微缩!工匠造塔时己知通天塔的奥秘，可直通天父星座，天父害怕了，不能让兽性未除的古人上天，于是把工匠遣散到世界各地，并变乱他们的语言，所以又叫变乱塔!世界各地的古园林古帝王墓古城古寺庙古官衙皆是宇宙微缩图!所以，每座古寺庙古园林古官衙皆从南门入，皆有方向是东北方的九曲桥，过了九曲桥皆有祭祀 佛龛，因为到了天父星座必须先敬拜才能进入!皆有后花园，这后花园就是天父星座的方位和微缩!我们天父星座在太阳系东北上方第九颗恒星那里，那里有双伴恒星，以双伴恒星为中心周围上下左右十二个方向，每个方向有九颗恒星共108颗恒星围绕双伴恒星公转!从我们太阳系到达天父星座须经过九颗恒星所以S形天路必须弯九弯!S形天路就是那龙形，所以天父说，他在龙头，我们人类在龙尾!'
[-1]'人类公敌华尔街犹利益集团'
[1]'伊斯兰里头的所有组织和信徒才是人类文明的搅屎棍，这说法应该没错吧'
[3]'快速解决总比拖着好，何况以色列目前占优势。'
[0]'火药桶碰上了火星！'
[-2]'三楼，你知道搅屎棍是贬义词，但却不知道这种形容词该用在什么地方，连是非都不知道，就别乱用了'
[3]'上帝护佑以色列！'
[-1]'我要玩红警   打伊拉克'
[-1]'谁跟你玩？朝鲜？委内瑞拉？'
[1]'公你妈。'
[0]'牧羊犬真多啊'
[0]'路过'
[1]'舞矛必然膜拜基果斜叫啊'
[-1]'反人类的倒是你们的价值观'
[0]'犹太人自找的!'
[0]'一楼是屎！'
[0]'佛祖真主上帝皆保佑以色列🇮🇱！'
[-1]'以色列应该消失'
[3]'愚昧无知好吃懒做只知道生孩子等救济，有这功夫就不能学习犹太人自强不息的科研精神，以色列自助者天助！'
[0]'圣战开始了？'
[1]'明明是漂流瓶'
[1]'你能代表中国人民？？？扯犊子吧！'
[3]'从穆傻穆德去世以后，阿拉伯世界联合起来过吗？联合的起来吗？'
[-1.8]'亲贤臣，远小人'
[-2]'先说说是哪个银行家罪恶滔天'
[3]'他是放着中东的一条狗，现在恢复了狼性!'
[1]'上帝是中国本土的神，北京的天堂上就供着皇天上帝。以色列人信仰的是（造物主），造物主：没有名字。'
[0]'这次是点了优库……'
[0]'事实证明拿个破手机优越感上升的人是纯傻逼。'
[-1]'你没注意上面都是华为楼吗？两个不敢露型号。'
[0]'你啊😄'
[2]'借此统一中东，消除世界人民的安全隐患
[0]'这样的新闻，评论是一片的与众不同'
[0]'如今哪些人是“无产者”？'
[0]'跟贴被火星网友带走啦~'
[-1]'喷你麻，去过美国嘛？'
[0]'有一只无形的手在控制世界，想永远站在食物链顶端，'
[0]'耶路撒冷自古以来就是巴勒斯坦不可分割的领土，大概从8000年前。'
[-3]'啪啪就是干！'
[0]'那就是美国拉的一坨屎'
[1]'打 看谁兵力强'
[2]'耶和华，有名好吧'
[-1.2]'阿拉伯人是一块铁板的时候都打不过虚弱时的以色列，更别说现在的一盘散沙对正当时的以色列了'
[4]'放心吧，过两天f16给他们炸的屁滚尿流，他们又要躲进医院和学校去了！'
[0]'我带路'
[-2]'你是当年以色列嫌弃不要的那位犹太人吧？'
[-3]'巴以问题是不是宗教对峙？犹太教，基督教，伊斯兰教在这片土地上打了多少年，请参照历史，何必咬文嚼字？'
[0]'新闻越短事情越大'
[-6]'这一楼，东一榔头，西一棒子，神经如此分裂...去看看生不好吗？没事玩什么手机？'
[-1]'有一只无形的手在控制世界'
[0]'强烈支持以色列干死中东佬'
[0]'血煮华尔街'
[0]'看，鸡蛋又在拿老婆孩子撞石头了。'
[-3]'哈马斯才是搅屎棍，傻逼！
[3]'好，开战了。好久没热闹起来了'
[2]'没有了美国和朝鲜...世界会和平？'
[-3.5]'干，横竖都是死，大不了来个头破血流'
[-2]'事实充分证明，用华为的不一定是傻逼，傻逼一定用华为。'
[0]'没有犹太人，世界就和平了。'
[1.8]'打不过非要去逗他'
[0]'中东地区'
[-1]'反击与缱责差别很大'
[0]'呵呵，有本事真敢打以色列？立马虐死你'
[0]'核了|slS背后支持资本家族
[0]'不尼玛美利坚吗？转够快的。'
[1]'以色列是时候统一啦了
[0]'要打仗了吗？中国赶紧买武器啊！两头卖'
[-1]'人类公敌，华尔街犹以色列'
[-2]'推翻美日资本权贵家族'
[1]'米国 满世界 挑事.'
[-2]'二十一世纪，资本彻底无国界了千万不要低估了银行家的影响力。
[0]'這個必須贊'
[0]'美国人就是想让天下大乱。'
[-1]'智障的够可以的'
[-1]'他不知，莫怪'
[0]'这只是一个开始。'
[2]'反击，让以色列统一中东。必须还击。'
[2]'你算个屁 你认可了别人能多一分钱
[0]'中东一坨屎'
[0]'不知道挺以色列的什么心态，把中国并入美国好了。'
[-1]'傻逼美国佬。不知道你美国佬整天在想什么。
[2]'007，幽灵党讲过类似的事情。'
[0]'打，赶紧打，洗牌了'
[-5]'巴勒斯坦就是个流氓无赖，动不动就搞暴恐！'
[1]'问的好'
[0]'那就打下加沙地带啊'
[4.5]'越来越说明M国就是搅屎棍的正确性!'
[-1]'嗯，一战二战鸦片战争那会儿基督教还没出现，那些侵略者都是穆斯林
[-1]'不只巴勒斯坦，应该说整个颜色教'
[-2]'看吧，我的预测没有错的'
[0]'以色列几乎是神了 ，拍马屁的真多'
[0]'看看谁的先知厉害'
[0]'你全家都日本后代，'
[1]'打就是要玩大得'
[1]'平头哥我支持你'
[-1]'本来就是一堆屎，被某宣传机构粉饰了一层霜而已'
[-1]'以色列也不是什么好东西。
[0]'再说一句美国国内的人体炸弹💣也已经启动了'
[0]'资本之巅'
[6]'放心，以色列战斗民族，早习惯了，但承认耶路撒冷对他们意义更大，美国也不会袖手旁观，大量最先进武器提供，还有美国大量军事基地做后援，这种才是真正盟友关系'
[1]'以色列算是正式坐上了火药桶'
[0]'你也不过用了个小米!'
[0]'灭以。'
[0]'华定'
[-1]'核了侵略巴勒斯坦人民土地上的，犹太利益势力，中东日德欧美俄罗斯人民公敌'
[0]'开始了。先发制人！覆盖全境1.次2次.3次覆盖'
[-1]'红绿同流合污即为屎'
[0]'半文明时代，战争是标志。'
[-1]'三楼说你们，那你是美狗了？'
[1]'这次土鸡伊朗会不会和阿拉伯国家站到同一阵营干以色列'
[-3]'无知可以！但是出来显摆就你的不对了！'
[1]'那就把阿拉伯国家全炸平
[1]'当然是犹太猪咯'
[0]'过几天不要哭'
[0]'世界进程被川普这个js狂莽的改变，多少人要为此丢性命？'
[0]'开战了？'
[-2.0]'领土被占了，家园被占了，老百姓被欺负着，人家组建一个反抗的游击队怎么了？是啊，不应该针对平民。可是你平民住的是别人的地啊！你的军队武器是平民贡献的啊！你要游击队和高科技武装硬打？怎么打？一个被欺压的人你还要求他文明，绅士的反抗？'
[1]'支持以色列'
[1]'对犹太人，干就完了
[0]'华为是官方手机标配'
[-2]'港媒说是宝特瓶，网易说是火箭弹……'
[-1]'华尔街犹人类公敌'
[0]'“屎”是指？'
[-2]'昨天我说哈马斯的火箭🚀蠢蠢欲动今天就成真了。'
[-1]'有一只无形的手在控制世界，想统治世界一百年，控制日德殖民地'
[0]'这次却是是特朗普政府的锅'
[0]'搅到你了？'
[2]'这是自由的火箭弹 民主的火箭弹'
[0]'美国佬惹的祸'
[0]'666'
[-1]'你这坨屎不高兴了？'
[2]'快，快请特朗普佛祖……'
[-3.5]'你先把你家电力，银行，煤炭，石油的幕后寡头都姓什么认全，然后还能人没事。那你再来跟大家谈发动美国人民的问题😄'
[0]'二楼的，我来回答，搅屎棍是（排名不分先后）：露西亚，潮藓，伊朗，委瑞内拉，叙利亚，强国，拉灯残余组织，伊斯兰国，塔利班，哈马斯'
[-3]'弱智，你以为单就以色列，是整个阿拉伯世界，🇺🇸没这个胆量和整个阿拉伯对抗'
[-3]'怎么和平解决，巴以打了上千年。先不说圣城的归属问题，单是宗教的对峙，必将你死我活，美国只是加速了武装斗争的进程而已。'
[2.2]'这蛋越扯越有质量了[大笑]'
[1]'美国又想弄石油了'
[1]'支持德国。
[1]'才几百万人口怎么统一中东'
[0]'以色列的铁穹还是挺叼的'
[6]'多行不义必自毙！所有国破家亡的人们行动起来让丫陷入人民战争的汪洋大海之中！'
[2]'支持以色列，特朗普英明'
[0]'华尔街犹'
[1]'以色列是绿色森里里的灯塔'
[0]'以色列就是坨屎'
[2]'好像没川普绿帽教就消停过一样'
[0]'赚分。'
[1]'历史充分证明基督才代表正义'
[0]'有一只无形的手在控制世界人民，想永远站在食物链顶端'
[0]'你是'
[-1]'要不是美国阻拦 中东多少国家被 以色列灭了'
[-2]'我昨晚上吃你全家女性下面了你高不高兴？'
[-1]'度擦流氓了，把妇女儿童挡在前面做肉盾的人了'
[-3.5]'以色列真是闲的蛋疼，都他妈被入侵了，还玩红色警戒！'
[4]'哈哈！神回复'
[0]'拉宾是大叛徒'
[0]'你吐出来就有了！'
[0]'开始了'
[1]'hhh好'
[0]'红色警戒，红警5吗'
[0]'坏国'
[1]'唯恐天下不乱的霉鬼'
[1]'哈哈哈哈哈，美国真6，蛋糕吃不上了开始掀桌子。'
[1]'好的'
[0]'文明社会，从理性发贴开始。谢绝地域攻击。'
[1]'准备团战'
[0]'送你一颗玩儿玩儿？'
[0]'中东幺'
[-1]'所以说为啥叫姆屎林，就是整天找屎'
[0]'以色列是镶嵌在中东的一颗明珠'
[-2]'老特借刀杀人厉害。'
[-1]'犹太人的老祖宗作孽，子孙还。希特勒没把它们整绝根，“忒狼噗”上！'
[0]'特朗普搅得全世界不得安宁'
[-2]'人类公敌，背后华尔街犹利益集团'
[-2]'穷地方出来的又一个华为傻逼……'
[0]'你美狗？！！！'
[1]'新闻越短，事越大'
[1]'抬头写的不错'
[-3]'为国家为民族，呵呵，不是这些傻比争权夺利，巴在1948年就建国了'
[0]'hail hatler！（右手高举）'
[0]'美国这么屌，赶快移民'
[0]'既然美国是搅屎棍 那谁是屎？'
[1]'不用猜，是谁谁知道。'
[-1]'不只巴勒斯坦，应该说整个颜色教'
[-3.5]'怎么还不去治疗，神经错乱的傻13。
[-1]'人类公敌'
[1]'红色警戒发布新版本了？'
[0]'字越短...'
[-1]'怎么可能同归于尽？一巴掌打过去，立马死翘翘'
[0]'火药桶一点就爆'
[1]'你是菊花，喜欢被美国人的棍子捅
[1]'华为煞笔名不虚传'
[4]'那里有米国那里世界就不得安宁，全世界无产者联合起来！'
[-1]'中东人民公敌，以色列'
[-1]'垃圾们又开始找死'
[0]'中国如果不挺以色列，有何颜面在联合国强调“自古以来”'
[3]'怀念拉宾！'
[0]'美帝打开了潘多拉的魔盒，幽灵在飘荡...... 。'
[0]'以色列啊'
[-2]'一堆烂番薯臭鸟蛋，加起来不够以色列一顿打'
[-1]'俄及其爪牙就是臭屎'
[-1]'阿巴斯访华后回国马上发生针对以色列的暴力。'
[0]'加油！以色列。'
[0]'华尔街犹控制日德'
[0.8]'不用说，目前不少人类的大脑里不缺少打架、撕咬基因。用野兽的方式解决问题，一直标志着人类的文明程度。'
[0]'以色列可以轻松消灭百万巴勒斯坦人。'
[1]'自己翻翻金融大鳄的黑历史，不忍直视'
[-4]'有一只无形的手在控制世界，永远剥削世界人民，控制日傻殖民地'
[-1]'人类公敌，华尔街犹沙特以色列
[-1]'你赶紧去制止啊'
[0]'支支'
[-1]'求求上街帶頭啦，求你！'
[0]'干死恐怖分子哈马屎。'
[0]'老朋友们'
[-2.6]'先不谈政治体制，美国这么做会有更多的人死亡，人命关天的事'
[0]'你就是💩，哈哈哈'
[-4]'发动美日人民群众，打倒资本权贵家族寡头'
[0]'巴勒斯坦在中国国民心目中的形象一塌糊涂'
[-1]'人类公敌华尔街犹以色列'
[1.0]'最爱美国的人在中国，都混网易。'
[0]'干死以色别'
[0]'王八蛋们支持东吐'
[0]'穷逼联合起来只能一起要饭'
[2]'华尔街犹沙特以色列公然支持|s|S'</comments_result><comments_dict>text_pos_number:积极评论条数为 86 条，占全部评论比例的 %30.0
text_neg_number消极评论条数为 92 条，占全部评论比例的 %32.0
text_mid_number中性情感评论条数为 111 条，占全部评论比例的 %38.0
text_pos_mean平和
text_neg_mean愤怒
text_total_mean淡定
text_total_var情感波动很小</comments_dict></doc>