<?xml version='1.0' encoding='utf-8'?>
<doc><id>29</id><url>http://news.163.com/17/1208/23/D561PL4D0001899N.html</url><title>住户租100平米两居 一次性要交10年房租共180万</title><datetime>2017-12-08 23:55:00</datetime><body>

                    （原标题：想租个100平两居，一次性要交10年租金！180万！咋回事？）
                
2016年，北京市提出了“企业自持商品住房”的政策，鼓励房地产开发企业将所竞地块的部分住宅作为租赁房源。而目前，北京市已经有至少8个地块将在未来提供自持商品住房的租赁服务。楼市怪象：租不起的" 企业自持商品房" 租金一次付10年押金要付20年在调查中，央视财经记者却发现，这些将在未来用于租赁的住宅，或许并没有我们想象的那么便宜。北京市大兴区黄村镇兴化大街地块，位于北京市南五环至南六环之间紧邻地铁四号线清源路站，楼盘暂定名为“中国铁建理想家”，该楼建成后所有的住宅将用于租赁。中国铁建理想家销售人员表示，这边订的是十年交一次租金，然后向开发商这边支付租金，这个房子就可以使用了，至于押金，则需要向开发商这边交二十年的押金。销售人员告诉记者，楼盘将在2018年春节前后正式对外预租，主打户型为80至100平米两居。央视财经记者在该项目附近的多家房屋中介了解到目前100平米的两居室在每月5000元。以此计算，一年的租金为6万，十年租金60万。这样来看的，如果想要在这里租住10年，需要一次性交180万元。而周边50平米的二手房价格也不过240万。销售人员还表示最终的租赁价格将高于周边的租赁均价。中国铁建理想家销售人员介绍，到2019年的时候，首都机场第二机场就交工了，然后也会通好几条公共交通，不管是地铁还是什么都会更发达一些，然后也会带动那边的经济，所以2019年的价格会比现在更高一些。你在外面租房子，你租几十年这房子也是房东的，但是交了租金，这房子就是你的了。企业自持商品房有望采取“信用租赁”的形式租10年的房竟然需要一次性交近200万，“企业自持商品住房”这样出租是否合理？首都经济贸易大学土地资源管理系教授（北京市房地产法学会副会长兼秘书长） 赵秀池表示，这样的做法和目前的租赁市场的一般习惯不太吻合，有点以租代售的嫌疑。今年4月，北京市住建委和市规土委联合发布《关于本市企业自持商品住房租赁管理有关问题的通知》，明确企业持有商品房年限为70年，对外单次租期不得超过10年。尽管对押金和租赁价格没有提出明确规定，但《通知》中明确，企业不得以任何形式将自持商品住房“以租代售”或通过其他方式变相销售，行为一旦予以认定将纳入“黑名单”，规划国土部门据此取消相关企业后续参与本市土地招拍挂资格，住房城乡建设部门对其开发资质予以降级或者注销。



赵秀池说，未来的导向将会是信用租赁，如果你信用好的话我可以免押金，而且可以月付租金。


 本文来源：央视财经  
责任编辑：李杭_BJS4645 
</body><keywords>租赁 0.027582642867754362;企业 0.020948674273736152;北京市 0.017481241091777476;住房 0.015250849418090831;未来 0.01292930908673337;租金 0.012557621118450579;押金 0.011817082158832091;价格 0.011766230542254421;地块 0.010901701912402528;记者 0.010883427801533558</keywords><naive_snippet>

                    （原标题：想租个100平两居，一次性要交10年租金！180万！咋回事？）
                
2016年，北京市提出了“企业自持商品住房”的政策，鼓励房地产开发企业将所竞地块的部分住宅作为租赁房源。而目前，北京市已经有至少8个地块将在未来提供</naive_snippet><selected_snippet>尽管对押金和租赁价格没有提出明确规定，但《通知》中明确，企业不得以任何形式将自持商品住房“以租代售”或通过其他方式变相销售，行为一旦予以认定将纳入“黑名单”，规划国土部门据此取消相关企业后续参与本市土地招拍挂资格，住房城乡建设部门对其开发资质予以降级或者注销</selected_snippet><comments> '看不起就不要看，直接买吧'
 '早就立帖说了，你买不起，你更租不起'
 '180万，谁租你的烂房子，真他妈的做白日梦
 '无话可说'
 '原来如此'
 '黑吃黑'
 '五年吧'
 '一次性交180万，金镶肉吗？'
'几个意思？'
 '天天拿机场说事，机场是大噪音源，应该更便宜，还有傻逼天天说自己新房离新机场多近多近！
 '社会生态扭曲的一面，国家应及时纠正纠错。'
 '租不起'
 '每个政策都有能钻空子的，奇葩的想法还没出来呢。'
 '还是政策呀，希望政府尽快出台房产税，多建保障住房'
 '……
 '呵呵'
 '120万押金，买理财每年可以有6万的利息，加上房租6万，每年12万。呵呵'
 '厉害了'
 '买房 教育 医疗 已经把大家的钱包掏空 百姓没钱啦'
 '智障么。。有这么多钱租不买？'
 '改革春风吹满地啊哈哈哈'
'这水平确实不如南方'
 '[石化][石化]'
 '以租代售 肯定有个阴阳合同'
 '还要交20年的押金？'
 '这些乱象的根源就在最高层'
 '那意思是不租给你 想住还是买'
 '教育医疗住房 人类在现代社会的基本需求 现在成了三座大山 你告诉我说什么千秋万代 万岁万岁万万岁。我告诉你 你就只有我最后十年了'
 '这么一比房价太便宜了'
 '乱七八糟的管理。有本事回归分房的政策。钱让别人出，还不能随便别人买，好变态的管理。'
 '公司倒了房子就没人收回，也没人收租金了吧？哈哈'
 '王总'
 '仔细看看第一条一、在土地出让时，招拍挂交易文件中明确要求房地产开发企业以下简称企业自持商品住房出租的，适用本通知。'
 '三十年后的我拿着微薄的退休金，银行见我没有还款能力了，不再放款给我了，到那时候我就可以放松了，就可以拎包去四处旅游，想想内心好激动啊！'
 '100多万的押金存银行或者买理财还能赚点利息呢'
 '住房租赁单独出台条例说明管理层已将租赁纳入我国住房体系重要部分确立租赁与购买的平等地位真正实现租售并举。'
 '租都租不起了'
 '上有政策，下有对策。这帮王八蛋'
 '哈哈哈哈，过于干涉市场的政策就是如此'
 '不要侮辱猪'
 '从一个坑跳到另外一个坑而已，莎莎碎。'
 'ψΦ'
 '哦哦'
 '定个政策是好政策，无人监管有什么用，其实现在中国不缺好政策，缺监管，自己查自己，有用么？都得靠第三方的媒体'
 '180万还用租住？'
'昨晚睡的不好？这么不清醒'
 '马上租金要疯长！'
 '120万押金……'
 '不少啊啊啊啊啊啊'
 '了解了'
 '哈哈哈哈哈哈哈哈'
 '考虑了物价上涨的因素，也许以后钱不值钱'
 '一次性交多少'
'满满的套路，就不办好事。'
 '中国就是能人多，一个房屋的经营都可以花样百出，目的只有一个就是把你口袋里钱掏干净。为吉尼斯纪录创建新项目。'
'并不违反合同法，愿意租的想清楚就行了呗，媒体又想煽动什么'
 '不要脸'
 '可以贷款租房'
 '就跟当年某些陵道人在新闻里鼓励全民炒股一样'
 '打别人的'
 '公司倒了，官司都没地方打'
 '呵呵，就是变相卖房子吧？共贪出台的政策就是笑话！'
 '还是供求关系，来北京工作生活的人太多，租房就紧张，现在是出租方的市场'
 '这么点钱去哪买？'
 '以租代售不是有明令严惩么？果然一到这里zf都是纸糊的了'
 '200万可以首付了，为啥还要租'
 '买不起算个屁  现在要你租不起'
 '180万租房 我靠'
 '一次性交十年把我吸引进来。'
 '发展租赁，发展长租，缓解住房难问题。'
 '租不起算个屁，以后要你看一眼都看不起!
 '现在好多国企就有团购房吧，我们这同一个楼盘商品房1万左右人家团购的好像7000多'
 '都震塌'
 '以这种方式出租，最终的结果又是被企业内部人员以低价买了房。买不起房的，连租房也租不到到了。'
'我把标题看颠倒了，惭愧！'
 '这次连物权也没有了'
'会玩'
 '房子不好卖了，又想到租了！！！'
 '住酒店多好'
 '。。。'
 '看成一次性交了
 '要是有180万，我就去4环上买个小房子去'
 '我看成了。一次性交10年。我还有的救没'
 '下有对策'
 '1.21，一天没有打通老妈电话，失眠
 '可笑的政策。既然是鼓励，为何又要管制？'
 '脑袋坏了，有钱交180万我都自己买房了'
 '绞尽脑汁了！'
 '这样的'
 '猪还要很久才滚蛋'
 '可笑，新政策下来，企业已经都都不干了，所有地盖房出租就得。地是国家的，百姓租，国企不用，用地租出去给员工钱。国企真好。'
 '就是个笑话
 '一个月1万5！[喷水][被黑]'
'又多一个令人成为房奴的方式，请问这种方式你幸福吗？'
'上有政策，下有对策耶'
 '又多了一个另人成为房奴的方式，请问这种死法你接受么？'
 '你有张良计…我有过墙梯'
 '你发个试试'
'妈的，我看成了一次性交长达10年！'
 '总之，亏的还是百姓'
 '住酒店'
 '租赁政策出台是看好租赁市场这块蛋糕了，要收管理费了。'
 '我看成了一次性交要10年房租'
 '都是喷，没解决办法'
 '草 该死的房地产'
 '现在看清楚租房的本来面目了吧！
 '限购不让买，只有租了，官逼民卒'
 '回老家吧。
 '能租的起也不容易'
 '好吧'
 '9⑩'
 '拿180万去租三房， 病的不轻！'
 '租不起，买不起。'
 '180万，租的那个人也是智商低，那么问题来了，智商低钱又是怎么来的？'
 '这就是为何会有租房贷款的原因吗？'
 '胡来。套路
 '牛🐮'
 '太厉害了
'这就是以租代售'
 '我刚才脱了裤子放了一个响屁。'
 '一次性交10年，卧槽'
 '🈶️这么多钱还用租房吗'
 '10年，一年18万，每个月1.5万。100平米/15000元/月。这他妈的是不是抢劫？'
 '目前没有跟贴，不欢迎你发表观点'
 '中国特色
 '你在外面租房子，你租几十年这房子也是房东的，但是交了租金，这房子就是你的了。少个字吧？你在外面租房子，你租几十年这房子也是房东的，但是交了租金，这房子就是你租的了。'
 '111111'
 '我认为这个政策根本就不合理，最终大部分房子还是会流向那些有权的，有房的人手上。就像我们现在身边看到的一样，买两限房，经济适用房等政策房的好多人，其实都有房，有钱，有熟人'
 '你的手机，你就是第三方，还好美帝发明了手机加视频加拍照加互联网，让我们的表面一套背地一套的无所遁形'
 '原来我妈出了车祸。。。一家人为了让我安心在外地上学都对我撒了谎说没事。。不知道该哭还是该笑'
 '香的还是臭的？'
 '以后快租不起了'
 '一切的一切多为房子涨价做铺垫'
 '租赁同权政策很好，希望落实下来，同时也希望控制房租涨幅。'
 '标题误导！！10年租金才60万！'
 '商品住房的持有年限也应为70年全部用于租赁真是租户阿'
 '卷了钱跑了怎么办？！'
 '有病吧，180万可以做首付了。
 '加息降税，势在必行'
 '………'
 '内外兼修
 '[微笑]'
 '这特么'
 '自己人坑自己人真的是有一套！真牛🐮'
 '哎，底下层没买房的基本看不到希望！'
 '一种新方式'
'180万交了，两年后房子拆了。[窃笑]'
 '干嘛要留在北京'
 '是一次性交啊'
 '👍'
 '，，'
'优先购买权'</comments><comments_num>2619</comments_num><comments_result>[-2]'看不起就不要看，直接买吧'
[-2.5]'早就立帖说了，你买不起，你更租不起'
[-2]'180万，谁租你的烂房子，真他妈的做白日梦
[0]'无话可说'
[0]'原来如此'
[0]'黑吃黑'
[0]'五年吧'
[0]'一次性交180万，金镶肉吗？'
[0]'几个意思？'
[-2.5]'天天拿机场说事，机场是大噪音源，应该更便宜，还有傻逼天天说自己新房离新机场多近多近！
[0]'社会生态扭曲的一面，国家应及时纠正纠错。'
[0]'租不起'
[1]'每个政策都有能钻空子的，奇葩的想法还没出来呢。'
[2]'还是政策呀，希望政府尽快出台房产税，多建保障住房'
[0]'……
[0]'呵呵'
[0]'120万押金，买理财每年可以有6万的利息，加上房租6万，每年12万。呵呵'
[-1]'厉害了'
[0]'买房 教育 医疗 已经把大家的钱包掏空 百姓没钱啦'
[-1]'智障么。。有这么多钱租不买？'
[1]'改革春风吹满地啊哈哈哈'
[0]'这水平确实不如南方'
[0]'[石化][石化]'
[1]'以租代售 肯定有个阴阳合同'
[0]'还要交20年的押金？'
[0]'这些乱象的根源就在最高层'
[1]'那意思是不租给你 想住还是买'
[1]'教育医疗住房 人类在现代社会的基本需求 现在成了三座大山 你告诉我说什么千秋万代 万岁万岁万万岁。我告诉你 你就只有我最后十年了'
[2.0]'这么一比房价太便宜了'
[1.5]'乱七八糟的管理。有本事回归分房的政策。钱让别人出，还不能随便别人买，好变态的管理。'
[1]'公司倒了房子就没人收回，也没人收租金了吧？哈哈'
[0]'王总'
[4]'仔细看看第一条一、在土地出让时，招拍挂交易文件中明确要求房地产开发企业以下简称企业自持商品住房出租的，适用本通知。'
[-1]'三十年后的我拿着微薄的退休金，银行见我没有还款能力了，不再放款给我了，到那时候我就可以放松了，就可以拎包去四处旅游，想想内心好激动啊！'
[1.5]'100多万的押金存银行或者买理财还能赚点利息呢'
[6]'住房租赁单独出台条例说明管理层已将租赁纳入我国住房体系重要部分确立租赁与购买的平等地位真正实现租售并举。'
[-1]'租都租不起了'
[-1]'上有政策，下有对策。这帮王八蛋'
[-1]'哈哈哈哈，过于干涉市场的政策就是如此'
[-2]'不要侮辱猪'
[1]'从一个坑跳到另外一个坑而已，莎莎碎。'
[0]'ψΦ'
[0]'哦哦'
[2]'定个政策是好政策，无人监管有什么用，其实现在中国不缺好政策，缺监管，自己查自己，有用么？都得靠第三方的媒体'
[0]'180万还用租住？'
[-2]'昨晚睡的不好？这么不清醒'
[3]'马上租金要疯长！'
[0]'120万押金……'
[0]'不少啊啊啊啊啊啊'
[1]'了解了'
[0]'哈哈哈哈哈哈哈哈'
[0]'考虑了物价上涨的因素，也许以后钱不值钱'
[0]'一次性交多少'
[0]'满满的套路，就不办好事。'
[4]'中国就是能人多，一个房屋的经营都可以花样百出，目的只有一个就是把你口袋里钱掏干净。为吉尼斯纪录创建新项目。'
[4]'并不违反合同法，愿意租的想清楚就行了呗，媒体又想煽动什么'
[-1]'不要脸'
[0]'可以贷款租房'
[1]'就跟当年某些陵道人在新闻里鼓励全民炒股一样'
[0]'打别人的'
[0]'公司倒了，官司都没地方打'
[2]'呵呵，就是变相卖房子吧？共贪出台的政策就是笑话！'
[-1]'还是供求关系，来北京工作生活的人太多，租房就紧张，现在是出租方的市场'
[0]'这么点钱去哪买？'
[-2]'以租代售不是有明令严惩么？果然一到这里zf都是纸糊的了'
[0]'200万可以首付了，为啥还要租'
[0]'买不起算个屁  现在要你租不起'
[0]'180万租房 我靠'
[1]'一次性交十年把我吸引进来。'
[1]'发展租赁，发展长租，缓解住房难问题。'
[-2]'租不起算个屁，以后要你看一眼都看不起!
[0]'现在好多国企就有团购房吧，我们这同一个楼盘商品房1万左右人家团购的好像7000多'
[0]'都震塌'
[1]'以这种方式出租，最终的结果又是被企业内部人员以低价买了房。买不起房的，连租房也租不到到了。'
[-4]'我把标题看颠倒了，惭愧！'
[-1]'这次连物权也没有了'
[0]'会玩'
[-1]'房子不好卖了，又想到租了！！！'
[0]'住酒店多好'
[0]'。。。'
[0]'看成一次性交了
[1]'要是有180万，我就去4环上买个小房子去'
[0]'我看成了。一次性交10年。我还有的救没'
[0]'下有对策'
[-2]'1.21，一天没有打通老妈电话，失眠
[3]'可笑的政策。既然是鼓励，为何又要管制？'
[0]'脑袋坏了，有钱交180万我都自己买房了'
[0]'绞尽脑汁了！'
[0]'这样的'
[-1.5]'猪还要很久才滚蛋'
[5]'可笑，新政策下来，企业已经都都不干了，所有地盖房出租就得。地是国家的，百姓租，国企不用，用地租出去给员工钱。国企真好。'
[0]'就是个笑话
[-1]'一个月1万5！[喷水][被黑]'
[2.8]'又多一个令人成为房奴的方式，请问这种方式你幸福吗？'
[0]'上有政策，下有对策耶'
[2.8]'又多了一个另人成为房奴的方式，请问这种死法你接受么？'
[1]'你有张良计…我有过墙梯'
[0]'你发个试试'
[3]'妈的，我看成了一次性交长达10年！'
[0]'总之，亏的还是百姓'
[0]'住酒店'
[0]'租赁政策出台是看好租赁市场这块蛋糕了，要收管理费了。'
[0]'我看成了一次性交要10年房租'
[0]'都是喷，没解决办法'
[-2]'草 该死的房地产'
[0]'现在看清楚租房的本来面目了吧！
[0]'限购不让买，只有租了，官逼民卒'
[0]'回老家吧。
[-1]'能租的起也不容易'
[1]'好吧'
[0]'9⑩'
[0]'拿180万去租三房， 病的不轻！'
[0]'租不起，买不起。'
[-2.5]'180万，租的那个人也是智商低，那么问题来了，智商低钱又是怎么来的？'
[1]'这就是为何会有租房贷款的原因吗？'
[-1]'胡来。套路
[-1]'牛🐮'
[-2.0]'太厉害了
[0]'这就是以租代售'
[0]'我刚才脱了裤子放了一个响屁。'
[0]'一次性交10年，卧槽'
[0]'🈶️这么多钱还用租房吗'
[-2]'10年，一年18万，每个月1.5万。100平米/15000元/月。这他妈的是不是抢劫？'
[-2]'目前没有跟贴，不欢迎你发表观点'
[1]'中国特色
[0]'你在外面租房子，你租几十年这房子也是房东的，但是交了租金，这房子就是你的了。少个字吧？你在外面租房子，你租几十年这房子也是房东的，但是交了租金，这房子就是你租的了。'
[0]'111111'
[5]'我认为这个政策根本就不合理，最终大部分房子还是会流向那些有权的，有房的人手上。就像我们现在身边看到的一样，买两限房，经济适用房等政策房的好多人，其实都有房，有钱，有熟人'
[0]'你的手机，你就是第三方，还好美帝发明了手机加视频加拍照加互联网，让我们的表面一套背地一套的无所遁形'
[-1]'原来我妈出了车祸。。。一家人为了让我安心在外地上学都对我撒了谎说没事。。不知道该哭还是该笑'
[0]'香的还是臭的？'
[-1]'以后快租不起了'
[0]'一切的一切多为房子涨价做铺垫'
[3.8]'租赁同权政策很好，希望落实下来，同时也希望控制房租涨幅。'
[-5]'标题误导！！10年租金才60万！'
[0]'商品住房的持有年限也应为70年全部用于租赁真是租户阿'
[0]'卷了钱跑了怎么办？！'
[-1]'有病吧，180万可以做首付了。
[0]'加息降税，势在必行'
[0]'………'
[0]'内外兼修
[0]'[微笑]'
[0]'这特么'
[1]'自己人坑自己人真的是有一套！真牛🐮'
[2]'哎，底下层没买房的基本看不到希望！'
[1]'一种新方式'
[0]'180万交了，两年后房子拆了。[窃笑]'
[1]'干嘛要留在北京'
[0]'是一次性交啊'
[0]'👍'
[0]'，，'
[0]'优先购买权'</comments_result><comments_dict>text_pos_number:积极评论条数为 39 条，占全部评论比例的 %26.0
text_neg_number消极评论条数为 34 条，占全部评论比例的 %22.0
text_mid_number中性情感评论条数为 79 条，占全部评论比例的 %52.0
text_pos_mean平和
text_neg_mean愤怒
text_total_mean淡定
text_total_var情感波动很小</comments_dict></doc>