<?xml version='1.0' encoding='utf-8'?>
<doc><id>32</id><url>http://news.163.com/17/1208/09/D54HO6KH00018HKM.html</url><title>蟹棒没有蟹，奶油没有奶，我居然被骗了这么多年</title><datetime>2017-12-08 09:55:00</datetime><body>
本文系网易沸点工作室《哒哒》栏目（公众号：dadatime）出品，每周五期，聚焦年轻人关心的科普话题。民以食为天。我国饮食文化博大精深，各地美食花样迭出。对于美食，中国人讲究的是“色香味俱全”。只有达到了这三字标准，才能算是一道合格的美味。很多时候，即使“色、香、味”都到位了，这些食物也可能是名不副实的。一旦知道真正用料，我们可能会不寒而栗。徒有虚名的食物2015年7月，一则新闻刷爆网络，山西的余女士到重庆旅游，点了一盘鱼香肉丝，发现没有鱼味儿，吵着要求重做，最后只能警察出面调解。实际上，虽然名字有“鱼”，但鱼香肉丝和鱼并没有任何关系。“鱼香”是川菜中的一种口味，具有咸、甜、酸、辣、香、鲜和葱、姜、蒜的特色。同样因为名不副实让人一脸懵逼的还有蟹棒。蟹棒是吃火锅的必备食材，虽然名字有“蟹”，实则没有任何与螃蟹有关的成分，只是鱼肉模拟蟹肉的加工成品。圣彼得堡：鱼糜、蟹棒食品加工厂 | 视觉中国鱼肉经绞碎、斩拌成鱼糜，再加上淀粉、食用胶和食用色素等成分，用机器压成蟹腿肉上的纹理，就成了蟹棒。我们平常买到的虾丸等海鲜丸类，大多也都是冷冻的鱼糜制品。此外还有水果月饼、人造黄油、人造胶冻、人造肉类等。形形色色的替代性食物早已潜入百姓生活中，几乎每个人都有被“骗”的经历。20世纪60年代，替代性食物体系（alternative?food?networks）应运而生，这一体系最早产生于日本、瑞士和德国，后来在欧洲、美国迅速扩展开来。纵观全球，替代食品创业公司成为食品行业发展的重要方向。而美国的替代食品公司更在全球的替代食品行业占据绝对的领先地位。就国内市场而言，食品替代行业还未出现具有代表性和影响力的企业，但进口食品替代的概念逐渐为人所熟知。2017上半年进口食品替代概念的关注度波动上升商家和消费者各取所需改革开放以来，我国食品工业总产值年均增长趋势明显。《2013-2018年中国食品行业调查及市场前景咨询报告》中预测：未来食品行业零售额、餐饮收入将均保持10以上的增长速度。在食品行业一片大好的形势下，如何占领更大的市场成为企业的重要追求。传统食品企业经过多年的发展，开发的产品和利润已经接近透明。然而成本与定价又是商家和消费者之间博弈最直接的环节，价格永远是吸引消费者最关键的因素之一。为了占领更大的市场、获得更大的利润，许多食品企业绞尽脑汁，搜寻各种低成本替代食品。2017年12月6日，北京东直门附近，食药监对餐饮行业进行采样检测 | 视觉中国在包装、色泽和口感与原本的优质产品无异情况下，消费者很难直接感受到替代品和优质食品的不同。而商家一面选择替代食材节约成本，一面通过降低价格增加销售量，在利润变高的情况下又拓展了市场，赚得满盆金。以月饼为例，有媒体走访发现，超市销售的大部分月饼包装上都标有详细的馅料成分。其中，水果味月饼主要配料几乎都是冬瓜蓉，有的包装上甚至明确写着“荔枝味冬瓜蓉月饼”。“现在的水果味月饼，确实用冬瓜馅做基料很普遍。”一名被采访的的月饼生产企业负责人表示，“水果月饼里面全部用水果不太现实，有两方面原因，一个是因为成本代价太高，另一个则是因为水果湿润，很难塑形。”更为重要的是，各地的冬瓜批发价一般在0.8元/公斤，相比其他水果价格最多低了十几倍。在一专门销售月饼馅料的网店中，配料中含有果肉的5公斤装“果肉香橙馅”比纯冬瓜制成的“香橙馅”贵25元钱。虽然买的不如卖的精，但是消费者也不是吃素的。商家寻找廉价替代品，也需要民众心照不宣地配合。当下，大众对食品的接受程度变高，很多人秉持“只要质量过关无害健康，口感不错我就买”的心态。甚至有部分消费者认为，那些宣称真材实料的高价产品也虚虚实实，用其他食材替代的食物口感差不多，价格低一截，完全支持赞成。以蟹棒为例，真正的蟹棒多从深海进口，加上海运和冷藏费，一斤价格至少在100元以上。圣彼得堡的高端鱼糜、蟹棒食品加工厂 | 视觉中国而我们通常看到的蟹棒，零售价在十元左右，批发价更低至四五元一斤，远低于真材实料的蟹棒。对于消费者而言，为了吃个火锅，仅蟹棒一项就花去三四百，显然不符合多数人的需求。对于商家而言，选择利润回流短、翻倍多的仿生蟹棒，虽然利润空间不如优质蟹棒，但能够吸引消费者普遍购买。当然，有的消费者心理上难以承受优质食物的价格，而生产厂商更不可能让自己亏本。在这种情况下，不法之徒就有了以次充好从而谋取暴利的可能。替代食品健康隐患大大量人口带来的食品压力导致市场供不应求，低成本的替代品可以节约资源，也方便获取制作，但产生负面影响也愈加明显。首先是食品安全成为低价格的牺牲品。许多加工商使用劣质替代材料和大量食品添加剂，力图达到“物美价廉”的效果。消费者无法直观判断食品质量，被动选择了这些产品。2017年，成都，一商铺被曝奶酪以次充好刮掉霉点后分切，然后低价促销 | 视觉中国“物美价廉”的替代食品看似是人们理性选择的结果，但不规范的操作也带来了严重的社会食品安全危机。实际上，真正能够取代原材料的产品百里挑一。以近年来大受欢迎的人造海味产品为例，一些劣质的鱼丸、虾丸、蟹棒，真材实料肉的成分其实很少，甚至不含，更多的是食用明胶、香精、色素、增白剂等十几种添加剂。例如蟹棒，部分仿生食品厂商可能添加了嫩肉粉、防腐剂、反式脂肪酸等成分。长期过量食用，可能会导致添加剂沉淀体内，代谢困难，严重时影响人体健康。市监部门检测出日料店售卖不合格的海味食品除了最广泛的肉类替代食品外，替代食品还包含：非动物乳制品、鸡蛋替代食品、正餐替代食品、无麸质食品、昆虫蛋白、非动物明胶、调味剂替代品等。比较广泛使用的替代品还有人造奶油，也称植物奶油。生日蛋糕几乎人人都尝过，柜台里出售的生日蛋糕大多喷挤了大量奶油堆砌，吃起来甜而不腻。为了塑形和降低成本，用人造奶油替代乳制品奶油成为普遍现象。人造奶油由植物油、盐、水、奶粉、砂糖、香味等多种添加剂调和而成，模仿天然奶油的形状和味道，又称植物奶油。它广泛存在于我们的日常饮食中，奶油蛋糕、奶茶、速溶咖啡中都有它们的存在。人造奶油在食品企业中是非常重要的原料，既降低了使用天然黄油的高昂成本，又增强了食品的可塑性，而且获取十分便捷。然而，人造奶油中含有的反式脂肪酸却常常为人所诟病。过多摄入反式脂肪酸可使血液胆固醇增高，从而增加心血管疾病发生的风险。此外还会影响损害人脑的记忆力。对于青少年来说，大量的食用会影响中枢神经系统的发育。反式脂肪酸长期过量积累，还会诱发哮喘、肿瘤、糖尿病等严重疾病。除了上述已经上市的食品外，还有大量的替代食物充斥着我们的日常购物、饮食和生活。替代食品的衍生，能够弥补大量人口增长带来的食物需求，但质量参差不齐的仿生食物使得我们普遍面临选择的难题：你不知道下一个吃进的可能是一块雷区还是一次便宜。买不买随你人口剧增、资源匮乏、环境恶化等一系列全人类社会共同面临的难题，改变“吃”的方式正在成为一种解决之道。针对当下仿生食物热销，一些无良厂商盲目追求利润而置消费者健康不顾的现状，除了政府质检的把控外，我们作为消费者也要理智选择。一些价格明显低于市场价的高消费食物，为了健康着想，能忍则忍。50块钱一顿的海鲜自助，10块钱一大块的奶油蛋糕，9.9包邮的卤腌鸡鸭鱼兔，能少吃就少吃。你所认为的买到就是赚到，吃的是便宜还是隐患，自己心里没点数吗。关注公众号“哒哒”，回复关键词“文章”，查看更多精彩：《一个只现身过三次的神秘组织，连你姓都能改》《被面膜骗惨了的中国女人》《在中国，又一个孩子被捂死了》《永别了，人类，我是白鳍豚》《国外已叫停的运动，中国学生还在狂做》参考文献：1]Mol, A.P.J. Governing Chinas food quality through transparency: A review. Food Control, 2014(43): 49-56.2]Busch, L.and Bain, C. New! Improved The Transformation of the Global Agrifood System. Rural Sociology, 2004(3): 321-346.3]Goodman, D., DuPuis, E.M.,and Goodman, M.K.Alternative Food Networks: Knowledge, Practices and Politics. New York: Routledge, 2012.4]Si,Z., Schumilas,T., and Scott, S. Characterizing alternative food networks in China. Agriculture  Human Values, 2015(2): 299-313.5]沈再春, 沈群. 高新技术在方便食品生产中的应用J]. 中国食用菌,1996,(04):47.6]贾冰凝. 浅谈使用试剂级原料及工业级产品替代食品添加剂生产食品的危害J].中国石油和化工标准与质量,2016,(02):22-23.7]食品科技.食品工业发展报告（2016年度）N],中国食品安全报,2017-8-8.8]张新联.我国食品安全问题产生的原因及对策J]. 食品科学,?2005 (5) :1-5.



</body><keywords>食品 0.016225325421370857;替代 0.010902356890561685;中国 0.010204638182062237;食物 0.009038378663517302;消费者 0.007386945891282581;可能 0.006240145796108202;产品 0.005605492122246437;替代品 0.005555691188773565;水果 0.005279022971189252;月饼 0.005110441381128346</keywords><naive_snippet>
本文系网易沸点工作室《哒哒》栏目（公众号：dadatime）出品，每周五期，聚焦年轻人关心的科普话题。民以食为天。我国饮食文化博大精深，各地美食花样迭出。对于美食，中国人讲究的是“色香味俱全”。只有达到了这三字标准，才能算是一道合格的美味。很多时候，即使“色、香、味”都到位了，这些食物也可能是名不</naive_snippet><selected_snippet>Improved The Transformation of the Global Agrifood System. Rural Sociology, 2004(3): 321-346.3]Goodman, D., DuPuis, E.M.,and Goodman, M.K.Alternative Food Networks: Knowledge, Practices and Politics. New York: Routledge, 2012.4]Si,Z., Schumilas,T., and Scott, S. Characterizing alternative food networks in China. Agriculture  Human Values, 2015(2): 299-313.5]沈再春, 沈群. 高新技术在方便食品生产中的应用J]. 中国食用菌,1996,(04):47.6]贾冰凝. 浅谈使用试剂级原料及工业级产品替代食品添加剂生产食品的危害J].中国石油和化工标准与质量,2016,(02):22-23.7]食品科技.食品工业发展报告（2016年度）N],中国食品安全报,2017-8-8.8]张新联.我国食品安全问题产生的原因及对策J]. 食品科学,</selected_snippet><comments> '我开饭店的朋友跟我说，饭店炒菜的油基本上都是反复用的，不仅仅是节约成本的问题，最大的效果，是油越用越香，虽然会有致癌物质，但是炒出来的菜非常有味道，反到是头几次用的那种油，炒菜就出不来那种味道，所以天天在外面吃饭的朋友们，癌症就是这样吃出来的'
 '从不买'
 '鱼香肉丝是用鱼辣椒炒的，鱼辣椒是用鲜鱼泡的，不懂也敢乱写。'
 '豆腐里咋没豆子？哈哈哈'
 '我老家也是，咸甜都有，反正我都不爱吃。'
 '热狗里面也没条狗啊'
 '老婆饼里面没有老婆。'
 '这个，听上去还不错，仔细一想，怎么心里感觉怪怪的？'
 '老婆饼没老婆，钱包没钱，大家都被骗了好多年
 '我们这边的鱼香茄子真的有咸鱼粒，不要以偏概全，那是你们取巧而已'
 '恭喜'
 '我们将替代发挥到了极致。'
 '老干妈里面也没有妈啊
 '问题我们说出来了，至于去分辨，这我们就管不着了，得靠你们自己👀'
 '要是点了夫妻肺片，那店家更惨了'
 '核反应堆是不是有核在里面，好吃吗'
 '日本做的的确放鱼 之前网易推送过  你吃的只有淀粉和香精'
 '说好的苹果手机，咬一口还磕了我半边门牙'
 '举个例子，美国的趣多多饼干，味道根本比不上国内。为什么，因为国内的趣多多饼干上的巧克力豆用的是代可可脂，就是和人造黄油一个概念的东西。老美不让用啊，趣多多上面就是很廉价的可可脂，吃起来特别甜而且不怎么香。那为什么美国就不让用代可可脂，而代可可脂在国内横着走呢。监管管部门。
 '瞎，看不见'
 '你连自己都不放过'
 '替代性食物在我大天朝发扬光大……
 '垃圾食品'
 '中国（打国名全称被屏蔽）'
 '蚂蚁上树有蚂蚁？'
 '奶油没奶？'
 '六楼的弱智，你自己智障就别来回复。'
 '牛肉应该还是有的，他们公司每年生产28亿代方便面，一头牛用了十二年。'
 '绿油油的老段子'
 '苹果手机竟然没有苹果的成分'
 '费列罗就买这一个牌子'
 '人民医院'
 '所以五仁月饼被黑惨了，因为真材实料不赚钱，好坏咬一口就看得出来'
 '这文章 本质 上 是 对 上位者 针对 食品安全 管理 的 无能 的 不满。'
 '最狠的是renmin大huitang没renmin'
 '哈哈，我还一直以为撒尿牛丸有尿[喷水]'
 '人民政府有人民吗'
 '听说火锅料就是面粉和着猪肉铺板上的残渣剩肉做出来的'
'如果改叫“渝香肉丝”的话四川人民会不会不答应啊？'
 '只有剑鞘，宝剑自带'
'有假牛肉'
 '铁板烧有铁吗'
 '有啥好奇怪的？热狗里不也没有狗吗？老婆饼里不也没有老婆吗？夫妻肺片不也没有夫妻吗？鱼香肉丝里不也没有鱼吗？飞机场上不也没有飞机吗？蟹肉棒里不也没有蟹肉吗？葡萄糖里不也没有葡萄吗？西瓜霜里不也没有西瓜吗？洗头房里不也从不洗头吗？'
 '我怎么不信会放鱼糜呢'
 '有没有卖老婆饼的易友？'
 '孩子 在这片土地 很不好说 奶粉就是奶做的'
 '鱼香肉丝没有鱼，养老金不养老，新农合治不起病，没房住的申请不到公租房和廉租房，人民代表不代表人民，仆人比主人都有地位，生活的幸福，这就是中国。'
 '别人也是吃肉 我们也是吃肉  别人吃真肉 我们吃假肉  只要我们不知道是假肉    我们就以为和别人的生活是一样的[不屑]    请问你幸福吗'
 '说起替代食品，我大天朝也是很牛逼的。五六十年代时候流行的观音土，还有钱学森主导研究的工业面包，还有国家多部委推广的科学蒸米法，把大米和若干种奇怪的东西混合在一起蒸出来，从而达到一点米蒸出一大锅的效果……'
 '可能当时北方经济比较好而且那时候下海的利润都很丰厚吧，但是89年南方一个正科级干部真的只有80元左右，因为我爷爷那时候每月发工资都会带我去玩，而我每次都会拿出他的工资袋来数一数'
 '4000
 '可乐里没啥可乐，烤肠也没肠没肉，姑娘没膜……'
 '龟苓膏有乌龟吗[大笑][大笑]'
 '你要是去青甘宁买过西北版康师傅就会发现，康师傅的牛都用在清蒸版上了，价格和东部版一样，牛肉粒多3倍。。。'
 '热狗没有狗'
 '其实当年日本人打过来了更好'
'山西那位大姐，还好你没有吃老婆饼，撒尿牛丸等等，要不商家只有关门大吉了'
 '火锅那些什么丸都是淀粉加香精的，不敢吃'
 '关于丸子，用什么做的就叫什么丸子，如果不是，就是造假的了'
 '不知你母亲是什么婆子'
 '看人
 '这算什么，我有次去兰州拉面馆吃牛肉面，翻了半天都见不到牛肉呢'
 '豆浆里加上酱油 紫菜 榨菜 小葱 油条末 再放一点点麻油  我能喝三斤'
 '鱼香肉丝里面没有鱼，老婆饼里面没有老婆，钱包里面没有钱，胸罩里面没有胸'
 '甜豆腐脑吃起来很恶心，特别佩服那些吃甜豆腐脑吃的倍儿嗨的异类。'
 '真正的蟹棒多从深海进口？？？？卧槽，亚特兰蒂斯人开的工厂么？从深海进口……'
 '这些都是假货，对吗'
 '反正做爱的女人并没有爱，只有艾滋。'
 '政府许可我还能怎么办？买真材实料买不起也只能吃替代食品啊，安全就行了也就是解解馋的'
'一个没有信仰没有道义没有诚信的民族，一切的胡作非为都是很自然的。当道德需要人们去大声疾呼去维持的时候，可见这个社会道德水平已经如何底下了。'
 '净扯淡，西方的热狗难道就有狗肉？'
 '少吃零食'
 '鱼香肉丝的做法，一开始的辣椒酱是怎么腌制的，自己去查！怎么没有鱼？只不过现在的各种人工添加剂早已经把原始做法从成本和效率上排挤没了。'
'你以为蟹棒里有肉？'
 '撒尿牛丸里有尿吗？'
 '大会堂没有'
 '老婆饼没老婆，钱包没钱，大家都被骗了好多年'
 '清真不是说没猪肉就叫清真，杀的时候阿訇没念经的都不算清真 所以严格来说还是不会吃'
 '动物奶油才是鲜奶打的电话，一个六寸的奶油蛋糕，用动物奶油，成本都要100多接近200，而植物奶油的成本极低'
 '楼主头戴大绿帽'
 '上次去找 一 少妇 刚好完事，我 特意占它 老公车位，贴电话号码上 ，安全多了 ，果然 来 电话了 ，好险 ，这方法不错'
 '同5楼，小时候觉得豆腐脑咸的也能吃？好恶心……现在也吃咸豆腐脑。'
 '很正常，国内消费者只要便宜，便宜的价格那个成本做不来，自然都玩虚的。是消费者决定了市场，不是市场决定商品'
 '比如三聚氰胺？'
 '豆浆咸的比较多吧，我浙江的，甜的也有，不过还是感觉咸的好喝点。早餐店两种都有卖的'
 '多少年前的旧闻啦。一般国外的牌子的速溶咖啡跟植物奶油，早就不含反式脂肪酸啦。又在这里博眼球。'
 '挂人民的里面好处都没人民'
 '对于你这种绿了自己，取悦大家的评论，我见一个就点一个赞，哪怕知道是个梗[微笑]'
 '全文最后一句话，感觉编辑硬生生把b这个字母吞进了肚子里[窃笑]'
 '这个不实，红烧牛肉面里面，有好几丁牛肉呢~'
 '日本放我信，我国我确实不信'
 '食药部门出来走两步。'
 '钱包没钱这一点我服'
 '蟹棒能用鱼糜做已经很有良心了，赞👍🏻'
 '鱼香肉丝初始做法是有鱼味的，是咸鱼味，后来越做越变味了！'
 '大约在三十年前青年商店里买的巧克力背后配料里写的可可脂，大约过了几年又看配方结果发现可可脂已经悄悄地变成代可可脂了味道也大不如从前'
 '以前统一的真牛肉粒，不过是微量，后来康师傅发明了肉和大豆蛋白的混合物，所以现在不是纯牛肉了，方便面的成本调料比面饼还要高。'
 '代替性食物就是代替性的，比如黄瓜茄子'
 '上次说过了，日本放鱼糜，我们放面粉'
 '呐，没有鱼腥味你就过分了啊'
 '问一下易友，大保健里面到底有没有宝剑？'
 '可能是表述有问题吧，那时候做的是熟食生意，一般做到10月末就不做了，因为冬天到了，又是室外销售，人扛不住，每年也就能做7个多月，而且那时候人的收入没你想象的那么低，当年我雇佣个河北的帮工，月工资是350，'
'有车的不好处之一啊'
 '文字食品我吃了好多年，'
 '北方人表示你这是开的群炮啊。'
 '奶粉不算奶？？？那奶粉也是完全凭空人造的吗？'
 '不光吃的啊，手上摸的奶也不一定是真的啊，那啥啥。也可能是医院二次回炉修复的啊[微笑][微笑][微笑]'
 '吃过“虎咬猪”吗？'
 '大汇坛里没人民'
 '只能说，你是傻逼！'
 '这个还真有
 '遍地是黑鬼，算是乡下还是贫民窟？'
 '有啊。乾隆皇帝御赐的尚方宝剑'
 '先生这是您点的佛跳墙   请慢用等会    佛呢？跳墙跑了！'
 '想起九十年代初，上海开了家快餐店，里面有卖杏仁豆腐，这是一种甜品基本都知道，但就是有两个很凶悍的北方婆姨跟店家大吵大闹，说豆腐怎么是甜的让退钱，服务员小妹都被吓哭了'
 '有动物奶油和植物奶油。蛋糕店里基本都是用植物奶油的'
 '如果蟹肉棒真是鱼糜做的，那就谢天谢地了。还一直以为是淀粉类加入蟹味添加剂呢。'
 '生活在谎言的国度'
 '豆粉加奶香精·糖各种香料·也可以成奶粉。。。。'
 '是指从海绵宝宝和蟹老板那家餐厅进口的。'
 '转了'
 '那是因为铁棒磨成针。'
 '过去而有人工海哲，塑料布是的'
 '早就知道蟹棒里没有蟹肉，因为我对螃蟹过敏也能吃'
 '哦，那可能还真没吃过'
 '食品工业我不懂，但各种蛋糕我还是有研究的，蛋糕店用的蛋糕坯基本都是直接用全蛋做的海绵蛋糕，海绵蛋糕结构硬，不容易塌陷，成本也比较低，就是口感偏干。只用蛋清那个叫天使蛋糕，天使蛋糕蓬松程度最低，也就是说，做同样大小的蛋糕，天使蛋糕要用更多的原材料，都用天使蛋糕做蛋糕坯，蛋糕店怕是要亏死。
 '没办法，不这样说东西怎么卖的出去😁😁'
 '满车绿啊😄'
 '没事，我们有特供。'
 '吃素面肯定没牛肉
 '你是弱智吗？你一个美女给别的男人搞，人家保安同样是男人，你不给人家搞一搞，人家凭什么给你看着？'
 '豆腐脑咸的甜的都能接受，豆浆他妈的还有咸的？'
 '夫妻肺片这是还得杀人越货不成？？简直刁难'
 '那乡下婆子怎么会有见识？'
 '就服你'
 '提醒各位，购买巧克力的时候请看清食品成分表。可可里最珍贵的是可可脂，单很多商家都用“代可可脂”，说白了就是氢化植物油勾兑色素香精和脱脂可可粉，没有营养全是人体垃圾。不是'
 '，真正的蟹棒多从深海进口，是深圳上海吗'
 '你怎么知道没有3p'
'前排会被顶到第一'
 '好的吃不起，我们能咋办？'
 '还有那个大会堂'
 '这个口味应该问一下客人在给弄吧，如果人家是糖尿病你问都不问就上甜的能不生气吗？
'就是，1楼这个奸商，和那些奶味果冻当双皮奶卖的没两样。'
 '说得谁吃过真正的夫妻肺片似的[不屑]'
'甜豆浆甜油茶咸豆腐脑，粽子吃甜的也吃咸的'
 '想吃就买是一回事，但千万不要想信中国广告的真实信又是另一回事，'
 '国家早就规定反式脂肪酸必须标注，还规定食品店要明示所加添加剂。但实际情况如何？'
 '兄弟好眼力，国内很多所谓的巧克力制品用的代可可'
 '只要你不虚假宣传骗我，我觉得都可以接受'
 '钱包为啥没钱，年轻人少玩手机'
 '铁杵成针的道理嘛'
 '重点是，你知道10块钱的东西是垃圾，1000块钱的是什么货色'
 '中国菜很油'
 '难道还指望老婆饼里吃出个老婆？？'
 '你妈也不陪'
 '是，这片土地太神奇，不用奶也能做出奶粉'
 '学习吧，书上有!'
 '一楼说的是保安只是负责通知的意思，其实那啥的是另外的男人'
 '现在凤凰名城房价多少
 '蟹棒最坑爹，火腿肠里全是淀粉，愚弄人类智商的两大低劣食品'
 '诸位，杏仁豆腐和豆腐脑是两码事，杏仁豆腐是甜杏仁霜做的，豆腐脑是大豆做的，我们山东人都知道'
 '那是面制品....'
 '奶油不是鲜奶打的吗？'
 '人家爱吃啥吃啥，那些口味不同就开喷的人，你吃屎我不也没说你啥吗？'
 '说得好像你懂食品工业似的…'
 '才看懂...'
 '地沟油三鹿奶算不算'
 '都他妈添加剂'
 '我是豆浆放糖，豆腐脑吃咸，吃大米有时也放糖'
 '蟹棒是日本人发明的，发明之初就是用的鱼糜'
 '就是喜欢这种有参考文献的文章.'
 '😂😂😂
 '铁塔 蓝风车 安佳 做的蛋奶油 还是没有问题的， 贪便宜 只能吃脂植奶油，价格差三倍  工时差几倍， 所以连锁蛋糕店的一二百的蛋糕 绝大多数是不可靠的。'
 '“渝乡肉丝”，后来被错写成了“鱼香”
 '我就想知道有正儿八经鱼糜没 不求别的了'
 '这个真有！！'
'你妈不是你妈。你爸不是你爸。网易小编。这个工作钱好骗'
 '对，老家就是这样做的，放油渣，味香而不腻'
 '吃了一肚子化学品'
 '种过梦里确实只有梦'
 '难怪你在小区有个名号叫忍者神龟[大笑][大笑][大笑]'
 '您可能是傻逼业务员的受害者'
 '羊肉有假 随便你打 不是羊肉 劈脸就揍
 '你所认为的买到就是赚到，吃的是便宜还是隐患，自己心里没点数吗？'
'绿自己的段子 真的好多'
 'hen（四声） an（二声）de（一声）    我大重庆还没听说鲜鱼泡海椒呢，感情这事你们胡辣汤的做法吧。'
'应该是气候差异导致饮食习惯不同吧，吃咸的会更耐寒'
 '小时候见过高店铺做奶油，鸡蛋清奶粉牛奶这些东西用搅拌机充分搅拌弄出来的，那种味道只能想象了'
 '和衙门里立为人民服务的牌子一个道理'
 '吃的贵的也不见得安全啊'
 '康帅傅没有，康师傅还是有的，调料包里有牛肉粒'
 '有的，那个硬邦邦的方块，脱水牛肉，是正经牛肉……'
 '真的很想吃正宗的老婆饼啊！哪怕是老婆馒头也行'
 '没有添加剂口味差，没人买，'
 '这就是中国特色之处'
 '那叫人造黄油和人造奶油，都是反式脂肪酸。现在稍微正规点的蛋糕店都会用天然奶油的'
 '有，只是肉眼看不见'
'人民币没人民'
 '呵呵哒'
 '二货评论'
 '东坡肉里没有东坡，西湖醋鱼里没有西湖。
 '胸罩里面还没有胸呢。'
 '鱼糜是用清道夫做的吧？'
 '钱包没有钱'
 '不好意思，停你车位了，这就开走。'
 '你老婆空的时候还得让保安哥哥干两炮，要不人家不帮你找车位。'
 '切这算什么，中国警察还有两事呢，小事别找我，大事办不了。'
 '食品有毒，教你鉴别术。流氓多了，教你防身术。骗子多了，教你防骗术。核弹来了，教你防核术。反正不管发生啥，都靠你自己吧。'
 '切，傻瓜也不是瓜啊'
 '没必要，我上次提前回来碰见一辆车占了我的车位，人家很讲究，前面留的有电话，我打了以后没几分钟就下来开走了，可能那人是我邻居，从我家楼上下来的，很客气，走之前一个劲儿的跟我道歉，弄得我都不好意思了。'
 '为人民服务。没有……'
 '请问大家，有没有在超市内遇到过食药监的公务员在检查呢？工商的我过年前遇到过一次'
 '在天朝只要当场吃不死人的都是安全的'
 '甜豆腐脑才恶心[微笑]'
'为XX服务'
 '开厂到现在那头牛还没杀完'
 '小编混淆视听了，蟹肉棒本来就是用鱼糜做的，跟食品造假有何关系？'
'能力差收到入低只能吃这些'
 '整个198的试试'
 '虎皮青椒.....虎皮呢？
 '是不是好的添加剂都是用动植物产品作为原料，劣质的都是化学物质合成的'
 '这个绝对有'
 '杏仁豆腐难道吃咸的？'
 '用看？代可可脂的超难吃'
 '你也得送，因为他救了你一命'
 '都是好嫂子啊'
 '但是有康师傅啊'
 '你想多了！都是怎么便宜怎么来'
 '四川的鱼香肉丝是名副其实的，因为名曰‘鱼香’而不是鱼肉丝！最无耻的当属康师傅牛肉面，无论是电视广告还是包装广告都载明该面有一大坨一大坨的牛肉，谁又吃到了一丁丁牛肉？还有康师傅排骨面，好大好香的排骨你吃到了吗？这才是真正的虚假广告，应该严惩严办！'
 '一直纠结，人造奶油没有奶，是不是对奶过敏的人可以吃？'
 '甜咸总是很相宜
 '喝着三聚氰胺奶粉和地沟油长大，还在乎这些么'
 '贾乃亮连假奶都没有'
 '在美国你可以计较一下，因为那里还有FDA帮忙照看。在这里还是算了，各种有毒的东西都不知道吃了多少了！'
 '三鹿里面没有蛋白质'
'老婆饼没有老婆'
 '蟹黄包蟹黄哪弄的？'
 '人民共和国只有居民'
 '夫妻肺片没有夫妻 佛跳墙没有佛'
 'ZZ老婆饼有老婆？
 '坐等宫保鸡丁里没有鸡午餐肉里没有肉'
 '20块钱一只得烤鸭，我现在反正是不敢吃了。'
 '大豆蛋白'
 '真是，尽人皆是呀！兄弟'
'这算什么，我有次去兰州拉面馆吃牛肉面，翻了半天都见不到牛肉呢'
 '这个不是奶油，叫奶油霜，虽一字之差，但根本不是一回事，奶油主要是乳脂构成的。奶油打发后，定型不是很稳定，几小时左右造型就容易就塌了，而奶油霜定型稳定，造型一般保持 2 天没问题。'
 '地沟油是正宗产品'
 '有，宝剑入鞘，然后宝剑出鞘，然后宝剑又入鞘，然后宝剑又出鞘……'
 '鱼香肉丝那个女的真一S B！'
'那乡下婆子怎么会有见识？'
 '蟹棒是吃火锅的必备食材？四川人:？？？'
 '不是两赔，是只有两种不赔'
 '最后宝剑软了小了怎么说'
 '全是西贝货。'
 '辽阔的青青草原，真是壮丽啊'
 '龙虎斗里的龙呢？'
 '夫妻肺片这是最恐怖的一道菜(如果按小编理解)'
 '有，在豆浆里放上猪油渣和着油条一起喝非常好吃。。。'
 '看跟贴子能看到更多真相...?
 '有[窃笑]'
 '康师傅一年销售几十亿包方便面，只需一头牛。真正的环保企业'
 '日本人不清蒸的怎么办？
 '那几块是豆制品，跟辣条一样的材质[不屑]'
 '等毛，着急回家上厕所，憋一路了。再见。'
 '这些垃圾食品还是不要吃吧，吃了也就不知道什么时侯就和癌君联结在一起了。
 '大哥你好绿啊！~'
 '日本人清蒸的怎么办'
 '出差提前回来，保安看见我回来，高高兴兴给我打招呼： 大哥，回来了？你等等啊，小区好像车位满了！没事，我给你想想办法！ 保安拿手机发了条信息，一会儿开出去辆奥迪： 快进去吧，大哥，还是你经常停的车位！ 怪不得老婆总是给小区保安送烟送酒，和小区保安混熟了就是好啊！哈哈哈！'
 '棕榈油是用来炸方便面的。调料包里还是猪油牛油之类的'
 '一看就是想骗赞的，我偏不赞，还有他肯定没老婆'
 '豆浆长这么大还没喝过咸的'
 '握草，我北方人成了乡下人了，一棒子打死所有人啊'
 '缺乏诚信的社会是可怕的'
 '奶油是用牛奶打发的还没奶，你活在什么年代啊'
 '有用鲜奶打出的奶油啊'
'还有棒子面，那是真正的棒子磨成的面'
 '这要求太高了，有鱼肉就很满足了，你还要求放心？'
 '这就是你用三聚氰胺代替蛋白质的理由？'
 '精炼过了，去除精华，留下糟粕
 '中国鱼丸啥的就香精加淀粉勾兑的'
 '没有猪肉就行了
 '有这事？'
'槽你个大瞎女马，别再用着老掉牙的调侃混淆视听，老婆饼是个典故，鱼香肉丝的鱼香是一道菜的规格标准，你没做出鱼香味道当然顾客可以质疑，另外鱼香肉丝原名是余香肉丝。就是你这类无脑瞎B老女马生的狗B二百五饭桶，成天回答不到正题，就会胡乱调侃。'
 '北方是吃咸豆腐脑的。。。'
 '蟹棒鱼丸给你放鱼就很良心了'
 '想挨刀子了吧'
 '二楼智智商欠费。'
 '胸罩里也没有胸'
 '你何不直接吃清道夫'
 '什么时候取消特供食品  什么时候食品安全才能上一个台阶'
 '南方甜的豆腐脑一般是当零食或者甜品吃，北方咸的豆腐脑一般都是当饭吃，当饭吃来一大碗甜的会腻的。'
 '哦也，贱小天瞎了，制假售假赚大钱，老实人吃亏下岗失业'
 '日本的蟹肉棒是鱼肉....我吃的只有淀粉.....'
 '奶粉不是奶做的吗，不乱写会失业是不。'
'有大保作用即可'
 '提醒各位，购买巧克力的时候请看清食品成分表，里面含有“代可可脂”的千万不要买，尤其不要给孩子和老人吃。因为可可里最珍贵也最值钱的是可可脂（纯可可脂对人的身体非常好），所以生产商先将可可脂提取出来卖钱，然后用卖不出去的脱脂可可粉加“代可可脂”做成廉价巧克力卖给不明真相的消费者。所谓“代可可脂”就是氢化植物油勾兑色素香精，没有任何营养，还会堆积在身体里成为垃圾，更容易带来心脑血管疾病。'
 '酸奶才是本世纪最大的骟局！'
 '兰州牛肉面
 '这偷人有点手段'
 '没有'
 '诚信，上梁不正下梁歪！'
 '诚信变贪焚一点一点泯灭掉'
'尽说这些大实话！小编，突然好担心你的安危呀，多保重吧👈👈'
 '奴隶能吃上这些已经不错了知足吧'
 '保险有两赔！这也不赔，那也不赔。[不屑]🙄'
 '新疆和内蒙的奶茶也是咸的[挨揍][骷髅]'
 '人民代表没有.........'
 '都是坑爹的套路'
 '我记得以前的奶油是用鲜奶打出来的呀'
 '哈哈'
'羊肉串还不是羊肉呢'
 '到处都是徒有虚名。'
 '康师傅牛肉面还没有牛肉呢'
 '有两三块干的牛肉粒，看仔细点'
 '日本添加剂之神的背叛'</comments><comments_num>5590</comments_num><comments_result>[-3]'我开饭店的朋友跟我说，饭店炒菜的油基本上都是反复用的，不仅仅是节约成本的问题，最大的效果，是油越用越香，虽然会有致癌物质，但是炒出来的菜非常有味道，反到是头几次用的那种油，炒菜就出不来那种味道，所以天天在外面吃饭的朋友们，癌症就是这样吃出来的'
[0]'从不买'
[-1]'鱼香肉丝是用鱼辣椒炒的，鱼辣椒是用鲜鱼泡的，不懂也敢乱写。'
[0]'豆腐里咋没豆子？哈哈哈'
[-1]'我老家也是，咸甜都有，反正我都不爱吃。'
[0]'热狗里面也没条狗啊'
[-1]'老婆饼里面没有老婆。'
[2.5]'这个，听上去还不错，仔细一想，怎么心里感觉怪怪的？'
[0]'老婆饼没老婆，钱包没钱，大家都被骗了好多年
[-3]'我们这边的鱼香茄子真的有咸鱼粒，不要以偏概全，那是你们取巧而已'
[1]'恭喜'
[2]'我们将替代发挥到了极致。'
[-1]'老干妈里面也没有妈啊
[-2]'问题我们说出来了，至于去分辨，这我们就管不着了，得靠你们自己👀'
[0]'要是点了夫妻肺片，那店家更惨了'
[1]'核反应堆是不是有核在里面，好吃吗'
[3]'日本做的的确放鱼 之前网易推送过  你吃的只有淀粉和香精'
[1]'说好的苹果手机，咬一口还磕了我半边门牙'
[16.1]'举个例子，美国的趣多多饼干，味道根本比不上国内。为什么，因为国内的趣多多饼干上的巧克力豆用的是代可可脂，就是和人造黄油一个概念的东西。老美不让用啊，趣多多上面就是很廉价的可可脂，吃起来特别甜而且不怎么香。那为什么美国就不让用代可可脂，而代可可脂在国内横着走呢。监管管部门。
[-2]'瞎，看不见'
[0]'你连自己都不放过'
[1]'替代性食物在我大天朝发扬光大……
[-1]'垃圾食品'
[0]'中国（打国名全称被屏蔽）'
[0]'蚂蚁上树有蚂蚁？'
[0]'奶油没奶？'
[-2]'六楼的弱智，你自己智障就别来回复。'
[1]'牛肉应该还是有的，他们公司每年生产28亿代方便面，一头牛用了十二年。'
[-1]'绿油油的老段子'
[-2]'苹果手机竟然没有苹果的成分'
[0]'费列罗就买这一个牌子'
[0]'人民医院'
[0]'所以五仁月饼被黑惨了，因为真材实料不赚钱，好坏咬一口就看得出来'
[1]'这文章 本质 上 是 对 上位者 针对 食品安全 管理 的 无能 的 不满。'
[1]'最狠的是renmin大huitang没renmin'
[-0.5]'哈哈，我还一直以为撒尿牛丸有尿[喷水]'
[0]'人民政府有人民吗'
[1]'听说火锅料就是面粉和着猪肉铺板上的残渣剩肉做出来的'
[-4]'如果改叫“渝香肉丝”的话四川人民会不会不答应啊？'
[1]'只有剑鞘，宝剑自带'
[0]'有假牛肉'
[1]'铁板烧有铁吗'
[9]'有啥好奇怪的？热狗里不也没有狗吗？老婆饼里不也没有老婆吗？夫妻肺片不也没有夫妻吗？鱼香肉丝里不也没有鱼吗？飞机场上不也没有飞机吗？蟹肉棒里不也没有蟹肉吗？葡萄糖里不也没有葡萄吗？西瓜霜里不也没有西瓜吗？洗头房里不也从不洗头吗？'
[-1]'我怎么不信会放鱼糜呢'
[0]'有没有卖老婆饼的易友？'
[-2.8]'孩子 在这片土地 很不好说 奶粉就是奶做的'
[2]'鱼香肉丝没有鱼，养老金不养老，新农合治不起病，没房住的申请不到公租房和廉租房，人民代表不代表人民，仆人比主人都有地位，生活的幸福，这就是中国。'
[-2]'别人也是吃肉 我们也是吃肉  别人吃真肉 我们吃假肉  只要我们不知道是假肉    我们就以为和别人的生活是一样的[不屑]    请问你幸福吗'
[1.0]'说起替代食品，我大天朝也是很牛逼的。五六十年代时候流行的观音土，还有钱学森主导研究的工业面包，还有国家多部委推广的科学蒸米法，把大米和若干种奇怪的东西混合在一起蒸出来，从而达到一点米蒸出一大锅的效果……'
[12.4]'可能当时北方经济比较好而且那时候下海的利润都很丰厚吧，但是89年南方一个正科级干部真的只有80元左右，因为我爷爷那时候每月发工资都会带我去玩，而我每次都会拿出他的工资袋来数一数'
[0]'4000
[-2]'可乐里没啥可乐，烤肠也没肠没肉，姑娘没膜……'
[1]'龟苓膏有乌龟吗[大笑][大笑]'
[1]'你要是去青甘宁买过西北版康师傅就会发现，康师傅的牛都用在清蒸版上了，价格和东部版一样，牛肉粒多3倍。。。'
[-1]'热狗没有狗'
[1]'其实当年日本人打过来了更好'
[-1]'山西那位大姐，还好你没有吃老婆饼，撒尿牛丸等等，要不商家只有关门大吉了'
[0]'火锅那些什么丸都是淀粉加香精的，不敢吃'
[-2]'关于丸子，用什么做的就叫什么丸子，如果不是，就是造假的了'
[-1]'不知你母亲是什么婆子'
[0]'看人
[-1]'这算什么，我有次去兰州拉面馆吃牛肉面，翻了半天都见不到牛肉呢'
[-1]'豆浆里加上酱油 紫菜 榨菜 小葱 油条末 再放一点点麻油  我能喝三斤'
[-4]'鱼香肉丝里面没有鱼，老婆饼里面没有老婆，钱包里面没有钱，胸罩里面没有胸'
[3.2]'甜豆腐脑吃起来很恶心，特别佩服那些吃甜豆腐脑吃的倍儿嗨的异类。'
[2]'真正的蟹棒多从深海进口？？？？卧槽，亚特兰蒂斯人开的工厂么？从深海进口……'
[0]'这些都是假货，对吗'
[0]'反正做爱的女人并没有爱，只有艾滋。'
[4.0]'政府许可我还能怎么办？买真材实料买不起也只能吃替代食品啊，安全就行了也就是解解馋的'
[-1.2]'一个没有信仰没有道义没有诚信的民族，一切的胡作非为都是很自然的。当道德需要人们去大声疾呼去维持的时候，可见这个社会道德水平已经如何底下了。'
[0]'净扯淡，西方的热狗难道就有狗肉？'
[0]'少吃零食'
[-1]'鱼香肉丝的做法，一开始的辣椒酱是怎么腌制的，自己去查！怎么没有鱼？只不过现在的各种人工添加剂早已经把原始做法从成本和效率上排挤没了。'
[0]'你以为蟹棒里有肉？'
[-1]'撒尿牛丸里有尿吗？'
[-1]'大会堂没有'
[0]'老婆饼没老婆，钱包没钱，大家都被骗了好多年'
[-6]'清真不是说没猪肉就叫清真，杀的时候阿訇没念经的都不算清真 所以严格来说还是不会吃'
[1]'动物奶油才是鲜奶打的电话，一个六寸的奶油蛋糕，用动物奶油，成本都要100多接近200，而植物奶油的成本极低'
[1]'楼主头戴大绿帽'
[3]'上次去找 一 少妇 刚好完事，我 特意占它 老公车位，贴电话号码上 ，安全多了 ，果然 来 电话了 ，好险 ，这方法不错'
[1]'同5楼，小时候觉得豆腐脑咸的也能吃？好恶心……现在也吃咸豆腐脑。'
[3.8]'很正常，国内消费者只要便宜，便宜的价格那个成本做不来，自然都玩虚的。是消费者决定了市场，不是市场决定商品'
[0]'比如三聚氰胺？'
[1]'豆浆咸的比较多吧，我浙江的，甜的也有，不过还是感觉咸的好喝点。早餐店两种都有卖的'
[0]'多少年前的旧闻啦。一般国外的牌子的速溶咖啡跟植物奶油，早就不含反式脂肪酸啦。又在这里博眼球。'
[-1]'挂人民的里面好处都没人民'
[3]'对于你这种绿了自己，取悦大家的评论，我见一个就点一个赞，哪怕知道是个梗[微笑]'
[-1]'全文最后一句话，感觉编辑硬生生把b这个字母吞进了肚子里[窃笑]'
[0]'这个不实，红烧牛肉面里面，有好几丁牛肉呢~'
[0]'日本放我信，我国我确实不信'
[0]'食药部门出来走两步。'
[0]'钱包没钱这一点我服'
[5.2]'蟹棒能用鱼糜做已经很有良心了，赞👍🏻'
[0]'鱼香肉丝初始做法是有鱼味的，是咸鱼味，后来越做越变味了！'
[1]'大约在三十年前青年商店里买的巧克力背后配料里写的可可脂，大约过了几年又看配方结果发现可可脂已经悄悄地变成代可可脂了味道也大不如从前'
[3.5]'以前统一的真牛肉粒，不过是微量，后来康师傅发明了肉和大豆蛋白的混合物，所以现在不是纯牛肉了，方便面的成本调料比面饼还要高。'
[0]'代替性食物就是代替性的，比如黄瓜茄子'
[-1]'上次说过了，日本放鱼糜，我们放面粉'
[-2]'呐，没有鱼腥味你就过分了啊'
[2]'问一下易友，大保健里面到底有没有宝剑？'
[3.5]'可能是表述有问题吧，那时候做的是熟食生意，一般做到10月末就不做了，因为冬天到了，又是室外销售，人扛不住，每年也就能做7个多月，而且那时候人的收入没你想象的那么低，当年我雇佣个河北的帮工，月工资是350，'
[0]'有车的不好处之一啊'
[0]'文字食品我吃了好多年，'
[0]'北方人表示你这是开的群炮啊。'
[0]'奶粉不算奶？？？那奶粉也是完全凭空人造的吗？'
[0]'不光吃的啊，手上摸的奶也不一定是真的啊，那啥啥。也可能是医院二次回炉修复的啊[微笑][微笑][微笑]'
[1]'吃过“虎咬猪”吗？'
[0]'大汇坛里没人民'
[-4]'只能说，你是傻逼！'
[1.5]'这个还真有
[0]'遍地是黑鬼，算是乡下还是贫民窟？'
[0]'有啊。乾隆皇帝御赐的尚方宝剑'
[2]'先生这是您点的佛跳墙   请慢用等会    佛呢？跳墙跑了！'
[-0.8]'想起九十年代初，上海开了家快餐店，里面有卖杏仁豆腐，这是一种甜品基本都知道，但就是有两个很凶悍的北方婆姨跟店家大吵大闹，说豆腐怎么是甜的让退钱，服务员小妹都被吓哭了'
[2]'有动物奶油和植物奶油。蛋糕店里基本都是用植物奶油的'
[1]'如果蟹肉棒真是鱼糜做的，那就谢天谢地了。还一直以为是淀粉类加入蟹味添加剂呢。'
[-1]'生活在谎言的国度'
[1]'豆粉加奶香精·糖各种香料·也可以成奶粉。。。。'
[1]'是指从海绵宝宝和蟹老板那家餐厅进口的。'
[0]'转了'
[0]'那是因为铁棒磨成针。'
[0]'过去而有人工海哲，塑料布是的'
[2]'早就知道蟹棒里没有蟹肉，因为我对螃蟹过敏也能吃'
[3.0]'哦，那可能还真没吃过'
[0.5]'食品工业我不懂，但各种蛋糕我还是有研究的，蛋糕店用的蛋糕坯基本都是直接用全蛋做的海绵蛋糕，海绵蛋糕结构硬，不容易塌陷，成本也比较低，就是口感偏干。只用蛋清那个叫天使蛋糕，天使蛋糕蓬松程度最低，也就是说，做同样大小的蛋糕，天使蛋糕要用更多的原材料，都用天使蛋糕做蛋糕坯，蛋糕店怕是要亏死。
[0.5]'没办法，不这样说东西怎么卖的出去😁😁'
[0]'满车绿啊😄'
[-1]'没事，我们有特供。'
[1]'吃素面肯定没牛肉
[0]'你是弱智吗？你一个美女给别的男人搞，人家保安同样是男人，你不给人家搞一搞，人家凭什么给你看着？'
[2]'豆腐脑咸的甜的都能接受，豆浆他妈的还有咸的？'
[-3.5]'夫妻肺片这是还得杀人越货不成？？简直刁难'
[2]'那乡下婆子怎么会有见识？'
[0]'就服你'
[2.0]'提醒各位，购买巧克力的时候请看清食品成分表。可可里最珍贵的是可可脂，单很多商家都用“代可可脂”，说白了就是氢化植物油勾兑色素香精和脱脂可可粉，没有营养全是人体垃圾。不是'
[2]'，真正的蟹棒多从深海进口，是深圳上海吗'
[0]'你怎么知道没有3p'
[2]'前排会被顶到第一'
[2]'好的吃不起，我们能咋办？'
[0]'还有那个大会堂'
[3]'这个口味应该问一下客人在给弄吧，如果人家是糖尿病你问都不问就上甜的能不生气吗？
[1]'就是，1楼这个奸商，和那些奶味果冻当双皮奶卖的没两样。'
[0]'说得谁吃过真正的夫妻肺片似的[不屑]'
[3]'甜豆浆甜油茶咸豆腐脑，粽子吃甜的也吃咸的'
[1]'想吃就买是一回事，但千万不要想信中国广告的真实信又是另一回事，'
[3.5]'国家早就规定反式脂肪酸必须标注，还规定食品店要明示所加添加剂。但实际情况如何？'
[0]'兄弟好眼力，国内很多所谓的巧克力制品用的代可可'
[2]'只要你不虚假宣传骗我，我觉得都可以接受'
[0]'钱包为啥没钱，年轻人少玩手机'
[2]'铁杵成针的道理嘛'
[-1]'重点是，你知道10块钱的东西是垃圾，1000块钱的是什么货色'
[-1.8]'中国菜很油'
[1.5]'难道还指望老婆饼里吃出个老婆？？'
[0]'你妈也不陪'
[1]'是，这片土地太神奇，不用奶也能做出奶粉'
[1]'学习吧，书上有!'
[2]'一楼说的是保安只是负责通知的意思，其实那啥的是另外的男人'
[0]'现在凤凰名城房价多少
[-1]'蟹棒最坑爹，火腿肠里全是淀粉，愚弄人类智商的两大低劣食品'
[4]'诸位，杏仁豆腐和豆腐脑是两码事，杏仁豆腐是甜杏仁霜做的，豆腐脑是大豆做的，我们山东人都知道'
[0]'那是面制品....'
[-1]'奶油不是鲜奶打的吗？'
[-1]'人家爱吃啥吃啥，那些口味不同就开喷的人，你吃屎我不也没说你啥吗？'
[-1]'说得好像你懂食品工业似的…'
[0]'才看懂...'
[0]'地沟油三鹿奶算不算'
[0]'都他妈添加剂'
[0]'我是豆浆放糖，豆腐脑吃咸，吃大米有时也放糖'
[0]'蟹棒是日本人发明的，发明之初就是用的鱼糜'
[1]'就是喜欢这种有参考文献的文章.'
[0]'😂😂😂
[-5]'铁塔 蓝风车 安佳 做的蛋奶油 还是没有问题的， 贪便宜 只能吃脂植奶油，价格差三倍  工时差几倍， 所以连锁蛋糕店的一二百的蛋糕 绝大多数是不可靠的。'
[-1]'“渝乡肉丝”，后来被错写成了“鱼香”
[1]'我就想知道有正儿八经鱼糜没 不求别的了'
[0]'这个真有！！'
[-1]'你妈不是你妈。你爸不是你爸。网易小编。这个工作钱好骗'
[1]'对，老家就是这样做的，放油渣，味香而不腻'
[0]'吃了一肚子化学品'
[0]'种过梦里确实只有梦'
[3]'难怪你在小区有个名号叫忍者神龟[大笑][大笑][大笑]'
[-1]'您可能是傻逼业务员的受害者'
[-1]'羊肉有假 随便你打 不是羊肉 劈脸就揍
[3]'你所认为的买到就是赚到，吃的是便宜还是隐患，自己心里没点数吗？'
[0]'绿自己的段子 真的好多'
[0]'hen（四声） an（二声）de（一声）    我大重庆还没听说鲜鱼泡海椒呢，感情这事你们胡辣汤的做法吧。'
[1]'应该是气候差异导致饮食习惯不同吧，吃咸的会更耐寒'
[2]'小时候见过高店铺做奶油，鸡蛋清奶粉牛奶这些东西用搅拌机充分搅拌弄出来的，那种味道只能想象了'
[2]'和衙门里立为人民服务的牌子一个道理'
[1]'吃的贵的也不见得安全啊'
[-1]'康帅傅没有，康师傅还是有的，调料包里有牛肉粒'
[1]'有的，那个硬邦邦的方块，脱水牛肉，是正经牛肉……'
[5.8]'真的很想吃正宗的老婆饼啊！哪怕是老婆馒头也行'
[-2]'没有添加剂口味差，没人买，'
[1]'这就是中国特色之处'
[4.2]'那叫人造黄油和人造奶油，都是反式脂肪酸。现在稍微正规点的蛋糕店都会用天然奶油的'
[-1]'有，只是肉眼看不见'
[0]'人民币没人民'
[0]'呵呵哒'
[0]'二货评论'
[-2]'东坡肉里没有东坡，西湖醋鱼里没有西湖。
[-1.5]'胸罩里面还没有胸呢。'
[-1]'鱼糜是用清道夫做的吧？'
[-1]'钱包没有钱'
[-1]'不好意思，停你车位了，这就开走。'
[-2.0]'你老婆空的时候还得让保安哥哥干两炮，要不人家不帮你找车位。'
[-1]'切这算什么，中国警察还有两事呢，小事别找我，大事办不了。'
[-4]'食品有毒，教你鉴别术。流氓多了，教你防身术。骗子多了，教你防骗术。核弹来了，教你防核术。反正不管发生啥，都靠你自己吧。'
[-2]'切，傻瓜也不是瓜啊'
[1.5]'没必要，我上次提前回来碰见一辆车占了我的车位，人家很讲究，前面留的有电话，我打了以后没几分钟就下来开走了，可能那人是我邻居，从我家楼上下来的，很客气，走之前一个劲儿的跟我道歉，弄得我都不好意思了。'
[-1]'为人民服务。没有……'
[2]'请问大家，有没有在超市内遇到过食药监的公务员在检查呢？工商的我过年前遇到过一次'
[2]'在天朝只要当场吃不死人的都是安全的'
[0]'甜豆腐脑才恶心[微笑]'
[0]'为XX服务'
[-3.0]'开厂到现在那头牛还没杀完'
[-1]'小编混淆视听了，蟹肉棒本来就是用鱼糜做的，跟食品造假有何关系？'
[0]'能力差收到入低只能吃这些'
[0]'整个198的试试'
[0]'虎皮青椒.....虎皮呢？
[0]'是不是好的添加剂都是用动植物产品作为原料，劣质的都是化学物质合成的'
[-1]'这个绝对有'
[0]'杏仁豆腐难道吃咸的？'
[-1]'用看？代可可脂的超难吃'
[0]'你也得送，因为他救了你一命'
[2]'都是好嫂子啊'
[0]'但是有康师傅啊'
[4]'你想多了！都是怎么便宜怎么来'
[-2.0]'四川的鱼香肉丝是名副其实的，因为名曰‘鱼香’而不是鱼肉丝！最无耻的当属康师傅牛肉面，无论是电视广告还是包装广告都载明该面有一大坨一大坨的牛肉，谁又吃到了一丁丁牛肉？还有康师傅排骨面，好大好香的排骨你吃到了吗？这才是真正的虚假广告，应该严惩严办！'
[-2]'一直纠结，人造奶油没有奶，是不是对奶过敏的人可以吃？'
[1.8]'甜咸总是很相宜
[2.5]'喝着三聚氰胺奶粉和地沟油长大，还在乎这些么'
[-1]'贾乃亮连假奶都没有'
[-3]'在美国你可以计较一下，因为那里还有FDA帮忙照看。在这里还是算了，各种有毒的东西都不知道吃了多少了！'
[-2]'三鹿里面没有蛋白质'
[-1]'老婆饼没有老婆'
[0]'蟹黄包蟹黄哪弄的？'
[0]'人民共和国只有居民'
[-2]'夫妻肺片没有夫妻 佛跳墙没有佛'
[0]'ZZ老婆饼有老婆？
[-3]'坐等宫保鸡丁里没有鸡午餐肉里没有肉'
[0]'20块钱一只得烤鸭，我现在反正是不敢吃了。'
[0]'大豆蛋白'
[0]'真是，尽人皆是呀！兄弟'
[-1]'这算什么，我有次去兰州拉面馆吃牛肉面，翻了半天都见不到牛肉呢'
[3.8]'这个不是奶油，叫奶油霜，虽一字之差，但根本不是一回事，奶油主要是乳脂构成的。奶油打发后，定型不是很稳定，几小时左右造型就容易就塌了，而奶油霜定型稳定，造型一般保持 2 天没问题。'
[1]'地沟油是正宗产品'
[4]'有，宝剑入鞘，然后宝剑出鞘，然后宝剑又入鞘，然后宝剑又出鞘……'
[1]'鱼香肉丝那个女的真一S B！'
[2]'那乡下婆子怎么会有见识？'
[2]'蟹棒是吃火锅的必备食材？四川人:？？？'
[-1]'不是两赔，是只有两种不赔'
[2]'最后宝剑软了小了怎么说'
[0]'全是西贝货。'
[2]'辽阔的青青草原，真是壮丽啊'
[0]'龙虎斗里的龙呢？'
[-1.0]'夫妻肺片这是最恐怖的一道菜(如果按小编理解)'
[3.5]'有，在豆浆里放上猪油渣和着油条一起喝非常好吃。。。'
[1]'看跟贴子能看到更多真相...?
[0]'有[窃笑]'
[1]'康师傅一年销售几十亿包方便面，只需一头牛。真正的环保企业'
[0]'日本人不清蒸的怎么办？
[-1]'那几块是豆制品，跟辣条一样的材质[不屑]'
[-3]'等毛，着急回家上厕所，憋一路了。再见。'
[-1]'这些垃圾食品还是不要吃吧，吃了也就不知道什么时侯就和癌君联结在一起了。
[0]'大哥你好绿啊！~'
[0]'日本人清蒸的怎么办'
[7]'出差提前回来，保安看见我回来，高高兴兴给我打招呼： 大哥，回来了？你等等啊，小区好像车位满了！没事，我给你想想办法！ 保安拿手机发了条信息，一会儿开出去辆奥迪： 快进去吧，大哥，还是你经常停的车位！ 怪不得老婆总是给小区保安送烟送酒，和小区保安混熟了就是好啊！哈哈哈！'
[-1]'棕榈油是用来炸方便面的。调料包里还是猪油牛油之类的'
[3]'一看就是想骗赞的，我偏不赞，还有他肯定没老婆'
[-4.5]'豆浆长这么大还没喝过咸的'
[-1]'握草，我北方人成了乡下人了，一棒子打死所有人啊'
[-2]'缺乏诚信的社会是可怕的'
[0]'奶油是用牛奶打发的还没奶，你活在什么年代啊'
[0]'有用鲜奶打出的奶油啊'
[1]'还有棒子面，那是真正的棒子磨成的面'
[0.2]'这要求太高了，有鱼肉就很满足了，你还要求放心？'
[-1]'这就是你用三聚氰胺代替蛋白质的理由？'
[2]'精炼过了，去除精华，留下糟粕
[0]'中国鱼丸啥的就香精加淀粉勾兑的'
[-1]'没有猪肉就行了
[0]'有这事？'
[-2]'槽你个大瞎女马，别再用着老掉牙的调侃混淆视听，老婆饼是个典故，鱼香肉丝的鱼香是一道菜的规格标准，你没做出鱼香味道当然顾客可以质疑，另外鱼香肉丝原名是余香肉丝。就是你这类无脑瞎B老女马生的狗B二百五饭桶，成天回答不到正题，就会胡乱调侃。'
[0]'北方是吃咸豆腐脑的。。。'
[3.5]'蟹棒鱼丸给你放鱼就很良心了'
[1]'想挨刀子了吧'
[1]'二楼智智商欠费。'
[-1]'胸罩里也没有胸'
[-1]'你何不直接吃清道夫'
[0]'什么时候取消特供食品  什么时候食品安全才能上一个台阶'
[5]'南方甜的豆腐脑一般是当零食或者甜品吃，北方咸的豆腐脑一般都是当饭吃，当饭吃来一大碗甜的会腻的。'
[-3]'哦也，贱小天瞎了，制假售假赚大钱，老实人吃亏下岗失业'
[1]'日本的蟹肉棒是鱼肉....我吃的只有淀粉.....'
[-3]'奶粉不是奶做的吗，不乱写会失业是不。'
[0]'有大保作用即可'
[12.8]'提醒各位，购买巧克力的时候请看清食品成分表，里面含有“代可可脂”的千万不要买，尤其不要给孩子和老人吃。因为可可里最珍贵也最值钱的是可可脂（纯可可脂对人的身体非常好），所以生产商先将可可脂提取出来卖钱，然后用卖不出去的脱脂可可粉加“代可可脂”做成廉价巧克力卖给不明真相的消费者。所谓“代可可脂”就是氢化植物油勾兑色素香精，没有任何营养，还会堆积在身体里成为垃圾，更容易带来心脑血管疾病。'
[0]'酸奶才是本世纪最大的骟局！'
[0]'兰州牛肉面
[-2.4]'这偷人有点手段'
[-1]'没有'
[-3]'诚信，上梁不正下梁歪！'
[-1]'诚信变贪焚一点一点泯灭掉'
[3.8]'尽说这些大实话！小编，突然好担心你的安危呀，多保重吧👈👈'
[2]'奴隶能吃上这些已经不错了知足吧'
[2]'保险有两赔！这也不赔，那也不赔。[不屑]🙄'
[1]'新疆和内蒙的奶茶也是咸的[挨揍][骷髅]'
[-1]'人民代表没有.........'
[0]'都是坑爹的套路'
[0]'我记得以前的奶油是用鲜奶打出来的呀'
[1]'哈哈'
[-1.5]'羊肉串还不是羊肉呢'
[-1]'到处都是徒有虚名。'
[-1.5]'康师傅牛肉面还没有牛肉呢'
[0]'有两三块干的牛肉粒，看仔细点'
[-1]'日本添加剂之神的背叛'</comments_result><comments_dict>text_pos_number:积极评论条数为 113 条，占全部评论比例的 %36.0
text_neg_number消极评论条数为 101 条，占全部评论比例的 %32.0
text_mid_number中性情感评论条数为 101 条，占全部评论比例的 %32.0
text_pos_mean平和
text_neg_mean愤怒
text_total_mean淡定
text_total_var情感波动很小</comments_dict></doc>