<?xml version='1.0' encoding='utf-8'?>
<doc><id>34</id><url>http://sports.qq.com/a/20171116/029166.htm</url><title>ESPN更新世界拳坛P4P排名 戈洛夫金居首</title><datetime>2017-11-16 15:45:00</datetime><body>戈洛夫金重拳下现大逆转连续出击打懵吉勒正在播放自动播放开关自动播放戈洛夫金重拳下现大逆转连续出击打懵吉勒正在加载戈洛夫金腾讯体育月日讯近日，美国体育媒体公布了最新一期世界最强拳王前十榜单。所谓排名是两职业拳击全部个级别的所有拳手汇入，依据拳手的比赛成绩对手质量和参赛密度等指标作为考量，最终给出综合评价榜单。在本期排行榜上，战神戈洛夫金力压群雄高居榜首，洛马琴科与克劳福德分列二三位。排在第四到第十位的是阿尔瓦雷斯瑟曼小埃罗尔斯彭斯里贡多米奇加西亚科瓦列夫和井上尚弥。的排名是由位拳击界名人投票产生的，其中包括在拳击界颇有名气的丹拉菲尔泰迪阿特拉斯乔科泽等等。如果拳手被其中一人投票为第一，可以获得分，第二是分，依此类推，最终看总分高低。这个人当中有个人投票戈洛夫金第一，总分最高。戈洛夫金保持极高的率，但今年两场比赛胜平，打得比较吃力，未能再彰显重拳威力。冬小麦</body><keywords>戈洛夫 0.03400206481385551;拳击 0.03157079706373799;投票 0.028709568539736642;重拳 0.02702181934045485;体育 0.020615912051084682;比赛 0.020153832729446437;拳手 0.019658279327536866;自动播放 0.018630262873372338;综合 0.018157281315176056;评价 0.018157281315176056</keywords><naive_snippet>戈洛夫金重拳下现大逆转连续出击打懵吉勒正在播放自动播放开关自动播放戈洛夫金重拳下现大逆转连续出击打懵吉勒正在加载戈洛夫金腾讯体育月日讯近日，美国体育媒体公布了最新一期世界最强拳王前十榜单。所谓排名是两职业拳击全部个级别的所有拳手汇入，依据拳手的比赛成绩对手质量和参赛密度等指标作为考量，最终给出综合评</naive_snippet><selected_snippet>戈洛夫金重拳下现大逆转连续出击打懵吉勒正在播放自动播放开关自动播放戈洛夫金重拳下现大逆转连续出击打懵吉勒正在加载戈洛夫金腾讯体育月日讯近日，美国体育媒体公布了最新一期世界最强拳王前十榜单</selected_snippet><comments>戈洛夫金以后想赢一场比赛太难了，一流拳手是不行了，只能和二流拳手打打了，状态下滑的太快了。
人家可不是一龙，人家靠的是拳头不是吹逼。
如过梅威瑟在年轻7~8岁，他绝对打不过梅威瑟，看过他和阿尔瓦雷斯的比赛，重拳有可是速度偏慢，意志有可是脚步不行，总的说没有传说的那么厉害。</comments><comments_num>3</comments_num><comments_result>[1]戈洛夫金以后想赢一场比赛太难了，一流拳手是不行了，只能和二流拳手打打了，状态下滑的太快了。
[-2]人家可不是一龙，人家靠的是拳头不是吹逼。
[-3.0]如过梅威瑟在年轻7~8岁，他绝对打不过梅威瑟，看过他和阿尔瓦雷斯的比赛，重拳有可是速度偏慢，意志有可是脚步不行，总的说没有传说的那么厉害。</comments_result><comments_dict>text_pos_number:积极评论条数为 1 条，占全部评论比例的 %33.0
text_neg_number消极评论条数为 2 条，占全部评论比例的 %67.0
text_mid_number中性情感评论条数为 0 条，占全部评论比例的 %0.0
text_pos_mean平和
text_neg_mean愤怒
text_total_mean淡定
text_total_var情感波动很小</comments_dict></doc>