<?xml version='1.0' encoding='utf-8'?>
<doc><id>35</id><url>http://news.163.com/17/1208/18/D55FHQ0E000187VE.html</url><title>外交部:中朝友谊桥因维修将关闭 与联合国决议无关</title><datetime>2017-12-08 18:22:00</datetime><body>

                    （原标题：外交部回应中朝友谊桥因维修将关闭：与执行联合国决议没联系）
                
中朝友谊桥。 视觉中国 资料图据外交部网站消息，在8日的例行记者会上，发言人耿爽就中朝友谊桥因维修将关闭一事作出回应。当天，有记者问，据报道，中国丹东和朝鲜之间的中朝友谊桥因维修需要将在本月11日关闭。这对中方执行联合国安理会决议有何影响？“我看不出两者之间有什么联系。”耿爽说。11月29日，耿爽曾在例行记者会上透露，据了解，因为朝方需要对桥面进行维修，中朝友谊桥将临时关闭，待维修工作结束后，该桥将恢复正常通行。






 本文来源：澎湃新闻  作者：南博一
责任编辑：范姜国一_NN9138 
</body><keywords>维修 0.03825025027166397;中国 0.03586817055137704;外交部 0.0344314703162362;需要 0.03242469583245658;耿爽 0.02984754075095738;例行 0.02730283163023326;范姜国 0.02730283163023326;决议 0.024148033338735414;执行 0.023054275389365112;澎湃 0.02300595276553758</keywords><naive_snippet>

                    （原标题：外交部回应中朝友谊桥因维修将关闭：与执行联合国决议没联系）
                
中朝友谊桥。 视觉中国 资料图据外交部网站消息，在8日的例行记者会上，发言人耿爽就中朝友谊桥因维修将关闭一事作出回应。当天，有记者问，据报道，中国丹东和</naive_snippet><selected_snippet>视觉中国 资料图据外交部网站消息，在8日的例行记者会上，发言人耿爽就中朝友谊桥因维修将关闭一事作出回应</selected_snippet><comments>NULL</comments><comments_num>13</comments_num><comments_result>NULL</comments_result><comments_dict>NULL</comments_dict></doc>