<?xml version='1.0' encoding='utf-8'?>
<doc><id>4</id><url>http://news.163.com/17/1208/12/D54S2GAE000187VE.html</url><title>国内极限高空挑战第一人被疑失手坠楼，女友证实其死亡消息</title><datetime>2017-12-08 12:30:00</datetime><body>

                    （原标题：国内极限高空挑战第一人被疑失手坠楼，女友证实其死亡消息）
                
                                近日，有网友爆料称，自称国内极限高空挑战第一人的网络直播博主“极限-咏宁”于11月8日后再未更新所有社交网络账号，疑似因失手坠楼导致死亡。12月7日，其女友通过咏宁美拍账号发布内容为“我只是想安静的睡上一觉。以后都不会不再更新了”的视频。8日又通过个人微博发布消息称“今天是12月8号！让我想到11月8号你离开我们！离开这个世界。”证实咏宁去世消息。据了解，咏宁全名吴咏宁，此前曾在众多的视频网站上使用“极限-咏宁”账号发布小视频作品，内容多为攀登高层建筑及塔吊，其个人账号介绍信息显示：国内无任何保护极限挑战第一人，挑战全世界高楼大厦。有消息称，咏宁之所以选择拍如此危险的视频，是为了多赚钱给母亲治病。截至目前，该消息尚未得到证实。（原题为《网友爆料称国内高空挑战第一人失手坠楼 其女友证实死亡消息》）	
(原标题：国内极限高空挑战第一人被疑失手坠楼，女友证实其死亡消息)






 本文来源：澎湃新闻  
 责任编辑：王晓易_NE0011 
</body><keywords>咏宁 0.03871557832703107;账号 0.035189827843585;发布 0.02623026702912838;消息 0.025865946737131558;网络 0.023405876387658762;内容 0.02266084205186662;澎湃 0.02096456571759698;王晓易 0.02096456571759698;网友 0.02072474421186643;证实 0.020491805438082863</keywords><naive_snippet>

                    （原标题：国内极限高空挑战第一人被疑失手坠楼，女友证实其死亡消息）
                
                                近日，有网友爆料称，自称国内极限高空挑战第一人的网络直播博主“极限-咏宁”于11月8日后再</naive_snippet><selected_snippet>（原题为《网友爆料称国内高空挑战第一人失手坠楼 其女友证实死亡消息》）</selected_snippet><comments> '据说是拍视频赚钱给他妈看病，但真的有必要选择这种赚钱方式吗..
'不作不死!'</comments><comments_num>4</comments_num><comments_result>[3]'据说是拍视频赚钱给他妈看病，但真的有必要选择这种赚钱方式吗..
[-1]'不作不死!'</comments_result><comments_dict>text_pos_number:积极评论条数为 1 条，占全部评论比例的 %50.0
text_neg_number消极评论条数为 1 条，占全部评论比例的 %50.0
text_mid_number中性情感评论条数为 0 条，占全部评论比例的 %0.0
text_pos_mean平和
text_neg_mean愤怒
text_total_mean淡定
text_total_var情感波动很小</comments_dict></doc>