<?xml version='1.0' encoding='utf-8'?>
<doc><id>52</id><url>http://news.sohu.com/20170101/n477499281.shtml</url><title>长春公路两头鹿出没 原是雌雄驯鹿“私奔”(图)</title><datetime>2016-01-01 05:03:00</datetime><body>
前两头鹿就是丢失的驯鹿赵先生供图
　　新文化讯（记者唐奇）2016年12月24日下午2点钟，在长春市长清公路距东北虎园不远处，有市民看到两只鹿从密林中穿出，欲穿过马路到对面的密林中去，但因为路中间有隔挡，未能成功。两只鹿在车流中沿着围挡徘徊，非常危险。
　　据看到这两只动物的孙先生介绍，当日他从双阳驾车回长春，途经长清公路东北虎园附近时，看到了这两只鹿。当时鹿就在路中间，来往车辆特别多，两只鹿显得很惊谎，“我觉得挺惊奇，在马路上能看到梅花鹿，不知道是不是从虎园里跑出来的。”孙先生说。
　　记者随后联系了东北虎园一工作人员，“这并不是梅花鹿，而是驯鹿，不是我们园的，可能是附近的饲养户没看管好，跑了出来，在这片区域是很难抓到的。”该工作人员表示。
　　记者了解到，随后的几天里，当地有人开始发传单寻找这两头失踪的驯鹿。
　　“这两头驯鹿是我的，鹿场栅栏有个口子，两头鹿就是从那钻了出去。母鹿到了发情期，脖子上有脖套和一个铃铛，带着公鹿就跑了。”驯鹿的主人赵先生说，这两头鹿以前也跑出去过，每次自己都能回来，可是这次可能被车吓着了。
　　赵先生说，他的驯鹿有观赏价值，曾经还在长白山拉过雪橇。“我现在老上火了，跑了好多地方发传单，但都没有效果，我怀疑是被人捡走了，因为这两头驯鹿根本不怕人，母的6岁，公的5岁。如果有人提供有价值的线索，我愿意重谢。”赵先生说，这两头鹿的耳朵上都有号码牌。
　　如果您知道这两头鹿的下落，可以拨打新文化报热线0431-96618提供线索。
　　链接
　　驯鹿又名角鹿，是鹿科驯鹿属下的唯一一种动物。体长100125厘米，肩高100120厘米。雌雄皆有角，角的分枝繁复是其外观上的重要特征。在中国驯鹿只见于大兴安岭东北部林区。中国鄂温克族使用驯鹿作为交通工具。（综合）</body><keywords>驯鹿 0.049732357085063565;看到 0.01735153243955982;赵先生 0.013576672798621242;记者 0.0126892391494079;是不是 0.0126892391494079;发传单 0.0126892391494079;长春 0.01258054889356942;东北虎 0.011906707366086169;孙先生 0.011574701322486822;公路 0.01148745899790541</keywords><naive_snippet>
前两头鹿就是丢失的驯鹿赵先生供图
　　新文化讯（记者唐奇）2016年12月24日下午2点钟，在长春市长清公路距东北虎园不远处，有市民看到两只鹿从密林中穿出，欲穿过马路到对面的密林中去，但因为路中间有隔挡，未能成功。两只鹿在车流中沿着围挡徘徊，非常危险。
　　据看到这两只动物的孙先生介绍，当日他从双</naive_snippet><selected_snippet>”驯鹿的主人赵先生说，这两头鹿以前也跑出去过，每次自己都能回来，可是这次可能被车吓着了</selected_snippet><comments>长春市老赖总共才欠900万？房地产老赖都是千万起步的吧</comments><comments_num>1</comments_num><comments_result>[0]长春市老赖总共才欠900万？房地产老赖都是千万起步的吧</comments_result><comments_dict>text_pos_number:积极评论条数为 0 条，占全部评论比例的 %0.0
text_neg_number消极评论条数为 0 条，占全部评论比例的 %0.0
text_mid_number中性情感评论条数为 1 条，占全部评论比例的 %100.0
text_pos_mean平和
text_neg_mean愤怒
text_total_mean淡定
text_total_var情感波动很小</comments_dict></doc>