<?xml version='1.0' encoding='utf-8'?>
<doc><id>56</id><url>http://sports.qq.com/a/20171116/040316.htm</url><title>曝卡佩罗组队要求未获满足 已同苏宁协商解约</title><datetime>2017-11-16 20:28:00</datetime><body>战报长春亚泰江苏苏宁伊哈洛杜震宇双双建功正在播放自动播放开关自动播放战报长春亚泰江苏苏宁伊哈洛杜震宇双双建功正在加载腾讯体育讯北京时间月日，中超联赛结束后，江苏苏宁主帅卡佩罗已经返回意大利休假。此前在接受采访时，卡佩罗曾透露已经开始制定下赛季计划，但根据意大利媒体的最新消息披露，似乎卡佩罗的计划并不顺利。外媒截图根据意大利媒体米兰体育报的消息，卡佩罗已经开始与江苏苏宁商讨解约事宜。卡佩罗的合同到下赛季中超联赛结束后到期，但双方很可能提前一年结束合同。意大利媒体指出，在艰难保级之后，苏宁有计划开始一场小规模的改革，以求在来年重整旗鼓，而作为主教练的卡佩罗，也无可避免地被卷入了苏宁的改革大潮当中只可惜，这次他可能会被淘汰出局。而另一方面，意大利媒体透露，江苏苏宁高层对球队未来的一些打算设想，并没有获得卡佩罗的认可，他甚至对球队的发展前景感到怀疑。与此同时，卡佩罗向苏宁提出的一系列重组球队的方案和要求，也没有获得批准，这就更加深了卡佩罗与苏宁之间的裂痕。因此，卡佩罗已经与苏宁体育总监萨巴蒂尼开始商讨解除合同，尽管他的年薪高达万欧元，但看上去他对此并不留恋。意大利媒体曾经有过报道，在卡佩罗的计划里，拉米雷斯罗杰马丁内斯等核心外援，绝对不能在未来离开球队。不过，目前的种种迹象都显示，拉米雷斯加盟国际米兰只是个时间问题。考虑到中超的外援新政，苏宁要想再获得拉米雷斯这样的外援，要付出极为昂贵的代价，这或许就是卡佩罗与苏宁之间最主要的分歧点。米兰体育报表示，虽然卡佩罗在苏宁危难时刻接手球队，并且率队完成了保级的重任，但是完成使命后，或许也意味着卡佩罗即将告别。近日，有关卡佩罗可能出任意大利国家队主教练的传闻再度出现，即便他已经多次予以否认，但随着解约风波的产生，围绕卡佩罗未来的猜测必将继续下去。阿尔高相关推荐</body><keywords>卡佩罗 0.047608855137713894;苏宁 0.04229475129933158;球队 0.027939975240133565;意大利 0.023019681238094787;媒体 0.016994298052189247;未来 0.016051888498025395;外援 0.015936911977435388;解约 0.014772946398232279;可能 0.013728120461678003;商讨 0.013593040985025263</keywords><naive_snippet>战报长春亚泰江苏苏宁伊哈洛杜震宇双双建功正在播放自动播放开关自动播放战报长春亚泰江苏苏宁伊哈洛杜震宇双双建功正在加载腾讯体育讯北京时间月日，中超联赛结束后，江苏苏宁主帅卡佩罗已经返回意大利休假。此前在接受采访时，卡佩罗曾透露已经开始制定下赛季计划，但根据意大利媒体的最新消息披露，似乎卡佩罗的计划并不</naive_snippet><selected_snippet>而另一方面，意大利媒体透露，江苏苏宁高层对球队未来的一些打算设想，并没有获得卡佩罗的认可，他甚至对球队的发展前景感到怀疑</selected_snippet><comments>
卧榻骂以为是卡佩拉…一激灵……
卡佩罗执教这么多年了 经验肯定是有的 执教江苏也是绰绰有余 显而易见他对于中国俱乐部的发展是不认可的 突然觉得有点悲哀啊
卡佩罗给我的感觉是带队成绩不行，以往在欧洲也是，工资又高，一支球队待不了多久就走了。
苏宁这赛季的水很深，老板投资很值
老了，认老吧！一手好牌不晓得怎么打。带到保级有意思吗？
卡佩罗下课，文图拉上任
中国足协早晚毁了中国足球。现在羽毛球乒乓球都在逐步退步，厉害了体育总局的一群🐷们
摸尼玛比
凭苏宁的实力，如此保级实在丑陋。
个人认为，中超限价对于苏宁来说意义不大，完全可以通过国米买入再租借，不要永久转会，他足协也没辙
其实塞恩斯伯里这样的后卫挺好的，那个26号就是坑，卡佩罗那套早就过时了，特谢拉这赛季有伤，R马第二年特点被摸透而且很明显胖一圈，拉米雷斯是任劳任怨有当爹又当妈，吴曦没得说，孙可走了以后边路明显不如以往，李昂进步不如前几个赛季，苏宁的问题很明显，之前至少打弱队稳赢，打强队不会输太多，现在是遇弱不强，遇强则弱
老帅走好，江苏苏宁配不上您。
特谢拉、R马绝对不能走，否则苏宁下赛季降级。
苏宁从＂双亚王＂沦为保级队，决不是实力下降那么简单，内部肯定出了问题。
关键球员会同意吗？
老板们玩不起了 就开始玩赖挤兑人了 卡佩罗估计是不想赚脏钱
带领苏宁保级不能算坚难，签卡佩罗的目的不是只为保级，否则根本无需换帅
还是德拉甘的舜天让人看的热血澎湃，激情四起。
舜天，回来吧。江苏足球都快被作死了
卡佩罗、里皮，意大利两位世界名帅都被中国足球拉下水了，晚节不保。
张近东看许家印搞足球得了那么大的利，于是学样，可是搞了之后才发现，不是每个老板都会玩足球，太难了，兴趣大减，我估计2019年张近东要卖球队！
擦，苏宁好折腾啊
来了个救火的成功保级，又要分手。当初还不如让崔龙珠继续干下去，苏宁高层怎么想的。
苏宁有几个人不能动的。拉米，特谢拉，R马，吴队。苏宁最大的不足是后卫和边锋的个人能力。顾门走出阴影将来会是一个好门。希望下赛季的年卡别再坑我了。这赛季年卡买废了，都没去看全，被打的没脸了。哎！
特谢拉那么好不用！让我想起当年的罗尼，赶紧滚蛋
球员吃土豆丝？ 呵呵 现在这些球员工资那么高，被你形容的吃土豆丝。好吧，我只能说土豆丝躺枪
还是早日离开的好，苏宁根本就不是踢球的，中国非常擅长外行人瞎搞内行人。老帅的离开是明智的，毁人不倦是常态，不要乞求苏宁特殊，江湖除了产生高手，还有很多骗子！
苏宁明年完了
是不是谈了斯科拉里了？
卡佩罗赶紧滚，曾经的大罗，现在的特谢拉，都被他按在替补席上，这教练一生黑。
也许几年后才会知道真相！
卡佩罗真男人，不像里皮，就赖着不走，足协为了违约金也不敢炒里皮
真的滚蛋了？太好了
输宁请个世界名帅成功保级，真是钱多人傻～
足球本来不赚钱，米兰复兴花了那么多，现在中超砸钱的力度不比米兰差，花这么多钱苏宁不心疼吗！
这是要签约斯科拉里的节奏么？
之间就说了 不看好卡佩罗 之前带队也咋样
高洪波带苏宁会比较好的。
苏宁领导再瞎折腾明年就真降级了
去年崔龙洙就说了，他要的人都没给他买。
卡佩罗那么有性格，提前解约?
管理层好像没有雄心
苏宁还愁外援？ 随便在自己家国米租借过来玩玩就可以
要走就走吧，名气挺大，但不一定适合中国，没看出什么能耐来，
归根结底还是找不到可用的内援，足球人才太匮乏了
管理层干涉球队，永远不会好
这种烂队能有什么好留恋的。
在国外训练呼吸的空气都是买的，在中国就是舍不得花钱，全是雾霾，人家吃牛肉，中国是老板吃牛肉，球员吃土豆丝。要体力没体力，要速度没速度，更别提技术了，
日本向巴西学习，顺利晋级世界杯。
中国请来了卡佩罗，里皮等教练，成功把意大利带出了世界杯。</comments><comments_num>50</comments_num><comments_result>[-1]卧榻骂以为是卡佩拉…一激灵……
[-2.4]卡佩罗执教这么多年了 经验肯定是有的 执教江苏也是绰绰有余 显而易见他对于中国俱乐部的发展是不认可的 突然觉得有点悲哀啊
[-1]卡佩罗给我的感觉是带队成绩不行，以往在欧洲也是，工资又高，一支球队待不了多久就走了。
[1.8]苏宁这赛季的水很深，老板投资很值
[0]老了，认老吧！一手好牌不晓得怎么打。带到保级有意思吗？
[0]卡佩罗下课，文图拉上任
[-2]中国足协早晚毁了中国足球。现在羽毛球乒乓球都在逐步退步，厉害了体育总局的一群🐷们
[0]摸尼玛比
[0]凭苏宁的实力，如此保级实在丑陋。
[0]个人认为，中超限价对于苏宁来说意义不大，完全可以通过国米买入再租借，不要永久转会，他足协也没辙
[5.1]其实塞恩斯伯里这样的后卫挺好的，那个26号就是坑，卡佩罗那套早就过时了，特谢拉这赛季有伤，R马第二年特点被摸透而且很明显胖一圈，拉米雷斯是任劳任怨有当爹又当妈，吴曦没得说，孙可走了以后边路明显不如以往，李昂进步不如前几个赛季，苏宁的问题很明显，之前至少打弱队稳赢，打强队不会输太多，现在是遇弱不强，遇强则弱
[0]老帅走好，江苏苏宁配不上您。
[-4.8]特谢拉、R马绝对不能走，否则苏宁下赛季降级。
[-0.5]苏宁从＂双亚王＂沦为保级队，决不是实力下降那么简单，内部肯定出了问题。
[3]关键球员会同意吗？
[-2]老板们玩不起了 就开始玩赖挤兑人了 卡佩罗估计是不想赚脏钱
[-1]带领苏宁保级不能算坚难，签卡佩罗的目的不是只为保级，否则根本无需换帅
[3]还是德拉甘的舜天让人看的热血澎湃，激情四起。
[0]舜天，回来吧。江苏足球都快被作死了
[-1]卡佩罗、里皮，意大利两位世界名帅都被中国足球拉下水了，晚节不保。
[5.5]张近东看许家印搞足球得了那么大的利，于是学样，可是搞了之后才发现，不是每个老板都会玩足球，太难了，兴趣大减，我估计2019年张近东要卖球队！
[1]擦，苏宁好折腾啊
[2.5]来了个救火的成功保级，又要分手。当初还不如让崔龙珠继续干下去，苏宁高层怎么想的。
[-3]苏宁有几个人不能动的。拉米，特谢拉，R马，吴队。苏宁最大的不足是后卫和边锋的个人能力。顾门走出阴影将来会是一个好门。希望下赛季的年卡别再坑我了。这赛季年卡买废了，都没去看全，被打的没脸了。哎！
[3.6]特谢拉那么好不用！让我想起当年的罗尼，赶紧滚蛋
[1.5]球员吃土豆丝？ 呵呵 现在这些球员工资那么高，被你形容的吃土豆丝。好吧，我只能说土豆丝躺枪
[-1.2]还是早日离开的好，苏宁根本就不是踢球的，中国非常擅长外行人瞎搞内行人。老帅的离开是明智的，毁人不倦是常态，不要乞求苏宁特殊，江湖除了产生高手，还有很多骗子！
[1]苏宁明年完了
[0]是不是谈了斯科拉里了？
[-1]卡佩罗赶紧滚，曾经的大罗，现在的特谢拉，都被他按在替补席上，这教练一生黑。
[4]也许几年后才会知道真相！
[-3]卡佩罗真男人，不像里皮，就赖着不走，足协为了违约金也不敢炒里皮
[0]真的滚蛋了？太好了
[0]输宁请个世界名帅成功保级，真是钱多人傻～
[-1]足球本来不赚钱，米兰复兴花了那么多，现在中超砸钱的力度不比米兰差，花这么多钱苏宁不心疼吗！
[1]这是要签约斯科拉里的节奏么？
[-1]之间就说了 不看好卡佩罗 之前带队也咋样
[3.0]高洪波带苏宁会比较好的。
[0]苏宁领导再瞎折腾明年就真降级了
[0]去年崔龙洙就说了，他要的人都没给他买。
[0]卡佩罗那么有性格，提前解约?
[0]管理层好像没有雄心
[1]苏宁还愁外援？ 随便在自己家国米租借过来玩玩就可以
[1]要走就走吧，名气挺大，但不一定适合中国，没看出什么能耐来，
[-1.0]归根结底还是找不到可用的内援，足球人才太匮乏了
[-1]管理层干涉球队，永远不会好
[2]这种烂队能有什么好留恋的。
[4.5]在国外训练呼吸的空气都是买的，在中国就是舍不得花钱，全是雾霾，人家吃牛肉，中国是老板吃牛肉，球员吃土豆丝。要体力没体力，要速度没速度，更别提技术了，
[4]日本向巴西学习，顺利晋级世界杯。
[0]中国请来了卡佩罗，里皮等教练，成功把意大利带出了世界杯。</comments_result><comments_dict>text_pos_number:积极评论条数为 18 条，占全部评论比例的 %36.0
text_neg_number消极评论条数为 17 条，占全部评论比例的 %34.0
text_mid_number中性情感评论条数为 15 条，占全部评论比例的 %30.0
text_pos_mean平和
text_neg_mean愤怒
text_total_mean淡定
text_total_var情感波动很小</comments_dict></doc>