<?xml version='1.0' encoding='utf-8'?>
<doc><id>61</id><url>http://news.163.com/17/1208/05/D543B4OQ0001899N.html</url><title>美加州大火失控:20万人被迫逃离50多所学校关闭</title><datetime>2017-12-08 05:43:00</datetime><body>

                    （原标题：美加州大火失控:20万人被迫逃离50多所学校关闭）
                
美国国家航空航天局Terra卫星于2017年12月06日拍摄的加州火情，图像显示，火势已经蔓延至太平洋沿岸，大火产生的烟雾深入到海洋上空。海外网12月8日电 综合外媒报道，美国加利福尼亚州南部于当地时间12月4日发生大型山火，并在数小时内烧毁超124平方公里土地。美国家消防安全机构称，截止到12月7日，该地区已强制疏散近20万人，关闭50多所学校和部分高速公路。报道称，12月4日晚，加利福尼亚州南部的文图拉县（Ventura）首先发生火情。随即，火势开始迅速蔓延。截至12月7日上午，整个地区已经有96000英亩（编者按：1英亩约等于4046.85平方米）土地和至少150座建筑被烧毁，超过12000人受到威胁。当地消防部门7日警告称，这些数字可能会随一天中风力的增加而急剧上升。山火在延烧。据《洛杉矶时报》报道，恶劣的天气条件已经使加州南部成为一个“火药桶”。12月7日，整个加州南部都出现了强风，火势已几乎不可能被控制，这迫使更多人撤离。美国国家气象局预计，当天的风速将达到每小时80英里。加州消防队长在接受《洛杉矶时报》采访时表示，“在这样的大风中，消防队没有能力扑灭大火。”当地居民携家畜逃生。另据美国有线电视新闻网(CNN)报道，当地官员表示，他们预测火势还会“爆炸性的增长”，预计火灾燃烧指数将达到296次。据悉，这个数字系根据湿度、风速、温度和一系列其他因素计算得出。当指数超过162的评级时，就会被判定为极端风险。大火过后，建筑物被摧毁，现场一片狼藉。另有报道称，文图拉县的火焰已经到达太平洋沿岸。加州当局于6日关闭了一条主要高速公路，这造成了整个地区的交通堵塞。7日早些时候，加州当局再次关闭了位于圣巴巴拉市和文图拉县之间的一条高速公路。另据美国国家公共广播电台(NPR)的报道，出于安全考虑，洛杉矶市于6日关闭了当地受火灾威胁的50多所学校。图为消防员继续扑救大火。报道称，加州州长布朗已经宣布该州进入紧急状态，并拿出政府资金帮助解决火情。截至7日上午，加州约有1700名消防员在与大火搏斗。布朗表示，“这场火灾非常危险，而且扩散得很快，但我们将继续采取一切措施来解决问题。”面对同样的火情，洛杉矶市长埃里克・加西蒂(Eric Garcetti)则显出沮丧，他对记者称“这些日子很让人心碎”。图为文图拉县大火现场。



近几个月以来，美国加州地区频频遭受野火灾害。今年10月，加州北部纳帕市和索诺玛县发生的一系列火灾成为该州历史上最致命的大火。当地专家当时曾表示，加州政府至少需要数年的时间来恢复。


 本文来源：海外网  作者：刘亚伟
责任编辑：李杭_BJS4645 
</body><keywords>加州 0.02377894704254446;大火 0.023254006343451768;报道 0.015086758082300044;表示 0.013828806736076631;火灾 0.011433900909806229;火情 0.010325567862488698;烧毁 0.009964284810146329;洛杉矶 0.00909640254042187;风速 0.008954507899646667;数字 0.008927087879734293</keywords><naive_snippet>

                    （原标题：美加州大火失控:20万人被迫逃离50多所学校关闭）
                
美国国家航空航天局Terra卫星于2017年12月06日拍摄的加州火情，图像显示，火势已经蔓延至太平洋沿岸，大火产生的烟雾深入到海洋上空。海外网12月8日电 综</naive_snippet><selected_snippet>美国国家航空航天局Terra卫星于2017年12月06日拍摄的加州火情，图像显示，火势已经蔓延至太平洋沿岸，大火产生的烟雾深入到海洋上空</selected_snippet><comments> '或进入审美疲劳经济冷缩期。==================1、自从大家知道世界经济进长期稳定增长后，大家是不是感受经济策略、人们行为有如现在冬天1样，变冷缩了，即没有人和招数，策略好象有等待自然就能跟随增加1样。2、加之前期担心后的如今天放松，前面各种新策新物的眼花瞬时中止1样，没有刺激，这如人的生理情绪低落1样，处于低点，则成为进入审美疲劳经济冷缩期。===========================其实我说的经大方向世界已面临新的长期增长，是在于定价权人类终于想通什么资源、什么是定价权，即各国都会向上调整定价权，刺激兴奋点，这时如有的国家放松，10几年或者几下来，就被他人人均所超越，这点在东欧等已经见证，以前东欧如何，人家入欧后几年的调整定价权，成发达国了，是不是如梦般发展？？？？？？？？算了，还是由我定名命则那我就这种现象取名为张网吧综症吧，即得这种经济病的国家，会看如那时看不清东欧变，人家定价权成发达国的原因。。。。。。。。'
 '不是很能管东管西吗，怎么连自家后院起火也控制不了呢？'
 '如果是小时候听到学校无期限停课，得把我乐晕过去，管他是着火还是闹瘟疫，能不上学才是最重要的'
 '天怒'
 '有个单词叫karma。'
 '有人纵火'
 '快，滚动播出[大笑]'
'大火无情。'
 '白吃，我们人那么多，一人一口水什么火灭不得。'
 '有没有让领导先走啊'
 '我比较想知道，这个火是怎么引起来的。'
 '植被覆盖率太高也不是好事呀。。'
 '中或赢'
 '说的好，加州加油！！反正美国油便宜，使劲加，多加！'
 '主要是美国的白左们不允许在森林里建防火隔离带，说这样会破坏环境。所以美国大火都很难控制。'
 '火烧圣母婊'
 '你们要火上加油？'
 '昔闻火焰山，  今朝终得见。  西游不容易，  取经可谓难。'
 '[被黑]'
 '森林覆盖率太高也不好啊，呵呵'
 '我就想问一下，加州旅馆烧了没有'
 '你也有锅'
 '还是当郭嘉的狗好 顶着爱国的名字随便喷'
 '把整个加州给烧了吧'
 '火那么大，不要加油了。泼点冷水吧'
 '一年到头都在烧？'
 '加州经常火灾啊，那地方有啥特殊之处？'
 '好像每年都能看到加州大火，到底是怎么回事？人为还是自燃？谁懂的给分析分析。'
 '家里'
 '喷子不知为啥恐慌？这些新闻我在BBC也看到了'
 '南加州
 '领导撤了没有？领导先撤，妇女儿童断后。'
 '霉狗们赶紧过去救火啊！呵呵呵呵呵'
 '派我去灭火吧'
 '呵呵😊，'
 '今年美国这山火烧的也挺厉害'
 '楼上寄希望于什么？美利坚解放军？'
 '几年前同一天威海山火连篇导报都没有，北京有个小二楼着火新闻滚动报道好几天
 '美国现在就是shit，枪支泛滥、城市管理涣散、种族歧视、基础设施陈旧，再加上一个笨蛋总统，只能算是一个老美洲'
 '大火烧烧更健康。火灾是自然的产物，有小火就扑灭，就会积累大火'
 '这里地理条件太差，太容易火灾，不适合人类聚集居住'
 '没事儿，俺村书记买了保险的，另外还有N套房在米国各大城市'
'逃离是混乱的。。。安全撤离是有序的。。。'
'无一伤亡，这是最重要的'
 '美国好像没有签署巴黎协定吧'
 '真是灾难重重的国家，去美国的私生子们赶紧回来吧。'
 '打猎的做一顿野餐，一个火星子吹飞了，点燃厚厚的干树叶'
 '愿加州的居民平安无恙！众志成城，加州加油！'
 '开始输出雾霾了'
 '塔利班负责，烧死你美国佬'
 '我寄希望于自己的脑子和双手。估计你对它们都没抱希望。'
 '于是他们去把老师，校长打死了．'
 '肯定是🇰🇵间谍干的，华尔街见闻说到'
 '美利娟真的多亊，近來很不平靜。
 '跟贴被火星网友带走啦~'
 '此火绝壁烧不到华盛顿'
 '报应二字怎么写？哈哈哈哈。哦对了，应该是retribution for sin'
 '那个地方该多建水泥建筑，少用木材建房。'
 '真·水深火热'
 '故意纵火？与承认那个有关？'
 '希望大火尽快扑灭，减少损失'
 '天干物燥，小心火烛！
 '美帝真的是多灾多难，活得水深火热的人民啊，快快谴责特朗普吧，打倒美帝'
 '傻逼'
 '这碳排放量怎么算？'
 '美帝的建筑用的什么材料铸造的为什么火烧了就全没了，不想中国的钢筋水泥，烧了也会有个空架子在高高装备还能用'
 '烧桔梗烧出事了吧！'
 '真的   蛋疼的我就在加州'
 '不用救，等大火把你们美国所有东西都烧完了火不就灭了。'
 '你脑子烧的'
 '这时候的人民群众是不明真相的。
 '白吃，南方那么潮森林大火容易吗'
 '[大笑][大笑]'
 '不幸'
 '这么个小地方就有五十多所学校，反观我们，，，呵呵'
'美国的人均碳排放量是世界平均的5.7倍'
'谁放的'
 '天干风噪确实棘手，而且恐怕再过一周也灭不了'
'人不亡我，天欲亡我！'
 '米国发动战争被天遣了
 '看他们天天水深火热的样子，我就放心了。'
 '美国基建要是赚钱，他们的城市就不会几十年基本没有大变样了！'
 '要烧那么大面积，那么猛，才会出现雾霾。'
 '我的天啊……这都多少天了，火还没灭呢？不得不说美国政府在这方面的确不如中国厉害'
 '政府太穷 没钱修。。。。。。。。。。。'
 '放心 皿煮的火烧不死人'
 '把整个加州给烧了吧
 '加州消防加油!'
'加州水深火热啊 。。。'
 '错，滾动播出的恰恰是减税。'
 '张网吧的定价权强于达尔文的进化论===============================1、人类要解决的问题是：从哪里来，到何处去。2、达尔文解了各类人类从哪里的理论的终极定。3、张网吧解了人类各代目前各国的施正如何用工程学般定说，达明白弄通。================================4、达尔文当时没有被人类固步杀死，张网吧也没有，尽管都是传学困难，或许死后理论才能如进化论般被知，但是张网吧强于有网络。。。。。。。。。。。。。'
 '这个冬天太冷太干了！'
 '把罗兰岗烧了就行，不能一棍子打死所有人'
'水深火热水深火热'
 '看視頻真的就像看電影似的，很誇張很恐怖。'
 '尽管我使用的汉字，但是没有多少人支持定价权的提高，有些郁闷===============================大家看看今天网易右边的图片新闻：那些30元定价权的低值劳动的老人，如果有人组织做点相对更高价的定价权的工种，精心组织还是可以的，可问题是有人去组织吗？他们会自发组织吗？-------------------------结果大家就看看图片，漠视了，这定价权提高就困难了吧。。。。这样的东西其实就是自然经济--是落后的老人经济。其实印度就是1个世界最大自然经济实体---------落后至美国人均40分之1了。。。。。。。。。原定的2018年，感觉你们地球人交不出来人新神的答卷哦。。。。。。'
 '美国没有消防队吗'
 '什么时候加州加入中国了，森林火灾才有可能得到彻底遏制。'
 '每年都要着火  就不能想想办法？？   要是我 就在加州修建米字格的水渠或者隔离带   几十米宽的 把那些容易着火的区域 一片一片分开   也不要一点火星 火烧连营好不好   ！！！每年都要看美国 加拿大的 大山火   烦不烦？？？？老外也这么拖拖拉拉  混吃等死的！！！！'
 '这事在中国举国体制下还真比美国处理能力强，大家别喷。'
 '恐怖分子放火了👌'
 '美国、加拿大，每年都要烧一把，应该跟当地气候有关，冬季干燥，进山玩的人火种处理不当就会引燃大火'
'哈哈，美国的基建室不允许层层转包的！没你的份~'
 '没带防霾口罩啊'
 '这下美帝的基建又有工程包了'
'我关心伤亡情况怎么样？'
 '怎么感觉加州没隔多久又发生山林火灾'
 '水深火热'
 '比如呢？消防官兵又要吃泥水方便面了么。感动中国！'
 '直接影响，就是部分猩类孩子小蜜买机票回来了。'
 '美国人都不操心，你还替美国操心了，你还不如想想这今年大清有复国的迹象更好，有想做皇帝的迹象更好。'
 '美国火了。'
 '我们对美国起火杀人什么的都不感兴趣，比较感兴趣是美国减税。但是新闻总喜欢报道美国各种事故，我们能怎么办？？我们这些美狗还真想清楚知道美国的减税政策，希望放新闻头条，每天滚动播放。'
 '美国年年都有森林大火啊，我们这边好像森林大火很少啊。'
'美帝真是水深火热'
 '民主党48票全体反对，外加一票共和党自己的反对票，民主党代表了接近一半美国人的利益，减税没你们想的那么好，要不然干嘛49票反对？'
 '果然用小米的很多dsb'
 '世界空气环境要变化了'
 '楼上这位“无淀河”自称是中央财大的金融学或经济学博士，又或是对外财经研究生毕业，是52884南口工兵部队一员，是工作在西联金融的Dennie 张，但有时又说自己在国贸。现在北京已有7套房，上个月已经入了地处房山的第8套房的楼花。他差不多每天早上六点开始在网易发贴，“什么俄罗斯人民永远都是中国人民的慈父、什么中国人民可以没有土地，也要誓死捍卫俄罗斯”等等惊世骇俗的语言，都是出自他的口。据他自己说，他家里现有3辆车。他本人开一辆宝马X6，他老婆开一辆2.4迈锐宝，家中还有一辆大众途观是只用来平时买菜，他每年仅是网购消费要四十万。他说他2002年大学毕业，他又说他上世纪七几年读书时，校服是绿军装。他现在月薪税后净收入7万，有时候也会变成了年薪60万。他父母文革期间本科毕业，但他又说他父母是买断工龄的下岗工人和售货员，现在靠他养活。他还说过现在拿年薪10万的人，收入还没他父母退休金多。更为神奇的是一个小时内的发贴，lP地址可以遍及全国东西南北！---以上内容全部来自于“无淀河“的发贴记录，如果不信，大家去看一下他的发贴记录。'
 '军队既然还按兵不动，全靠不到2000人的消防队。】'
 '可惜加州的木材了'
 '很好听的加州旅馆，没想到如今却被烧成这样！
 '美帝果然生活在水深火热之中'
 '对哦穷鬼碳排是低  国内穷鬼还是太少  楼上加油   做个暖气和空调都开不起的穷鬼  这样碳排就低了  你也为这地球做出贡献了
 '为什么我们就是安全撤离，而他们就是逃离？'
 '天天喊人家的消费模式好的呢'
 '真的假的'
 '喷点找的不错，再提示下，这么大的火，肯定是森林覆盖率太好了，反观我们～呵呵，啧子们，敬业点～努力找，总会找到的～'
 '派去美国的记者真多'
 '美国一出事，美狗最激动，为了护主疯狂反咬！'
 '哈哈'
 '让灵道先走！'
 '烧了。。。才有重建的钱拿嘛 。。。'</comments><comments_num>7741</comments_num><comments_result>[15]'或进入审美疲劳经济冷缩期。==================1、自从大家知道世界经济进长期稳定增长后，大家是不是感受经济策略、人们行为有如现在冬天1样，变冷缩了，即没有人和招数，策略好象有等待自然就能跟随增加1样。2、加之前期担心后的如今天放松，前面各种新策新物的眼花瞬时中止1样，没有刺激，这如人的生理情绪低落1样，处于低点，则成为进入审美疲劳经济冷缩期。===========================其实我说的经大方向世界已面临新的长期增长，是在于定价权人类终于想通什么资源、什么是定价权，即各国都会向上调整定价权，刺激兴奋点，这时如有的国家放松，10几年或者几下来，就被他人人均所超越，这点在东欧等已经见证，以前东欧如何，人家入欧后几年的调整定价权，成发达国了，是不是如梦般发展？？？？？？？？算了，还是由我定名命则那我就这种现象取名为张网吧综症吧，即得这种经济病的国家，会看如那时看不清东欧变，人家定价权成发达国的原因。。。。。。。。'
[-1]'不是很能管东管西吗，怎么连自家后院起火也控制不了呢？'
[-6.0]'如果是小时候听到学校无期限停课，得把我乐晕过去，管他是着火还是闹瘟疫，能不上学才是最重要的'
[0]'天怒'
[0]'有个单词叫karma。'
[0]'有人纵火'
[2]'快，滚动播出[大笑]'
[-1]'大火无情。'
[-1]'白吃，我们人那么多，一人一口水什么火灭不得。'
[0]'有没有让领导先走啊'
[2.5]'我比较想知道，这个火是怎么引起来的。'
[0]'植被覆盖率太高也不是好事呀。。'
[1]'中或赢'
[0]'说的好，加州加油！！反正美国油便宜，使劲加，多加！'
[-5.2]'主要是美国的白左们不允许在森林里建防火隔离带，说这样会破坏环境。所以美国大火都很难控制。'
[0]'火烧圣母婊'
[0]'你们要火上加油？'
[-2]'昔闻火焰山，  今朝终得见。  西游不容易，  取经可谓难。'
[-1]'[被黑]'
[-1]'森林覆盖率太高也不好啊，呵呵'
[0]'我就想问一下，加州旅馆烧了没有'
[0]'你也有锅'
[4]'还是当郭嘉的狗好 顶着爱国的名字随便喷'
[0]'把整个加州给烧了吧'
[2.0]'火那么大，不要加油了。泼点冷水吧'
[0]'一年到头都在烧？'
[-1]'加州经常火灾啊，那地方有啥特殊之处？'
[0]'好像每年都能看到加州大火，到底是怎么回事？人为还是自燃？谁懂的给分析分析。'
[0]'家里'
[-2]'喷子不知为啥恐慌？这些新闻我在BBC也看到了'
[0]'南加州
[-1]'领导撤了没有？领导先撤，妇女儿童断后。'
[-1]'霉狗们赶紧过去救火啊！呵呵呵呵呵'
[0]'派我去灭火吧'
[0]'呵呵😊，'
[-1.2]'今年美国这山火烧的也挺厉害'
[0]'楼上寄希望于什么？美利坚解放军？'
[0]'几年前同一天威海山火连篇导报都没有，北京有个小二楼着火新闻滚动报道好几天
[-5]'美国现在就是shit，枪支泛滥、城市管理涣散、种族歧视、基础设施陈旧，再加上一个笨蛋总统，只能算是一个老美洲'
[3.0]'大火烧烧更健康。火灾是自然的产物，有小火就扑灭，就会积累大火'
[-2.0]'这里地理条件太差，太容易火灾，不适合人类聚集居住'
[1]'没事儿，俺村书记买了保险的，另外还有N套房在米国各大城市'
[1]'逃离是混乱的。。。安全撤离是有序的。。。'
[1.0]'无一伤亡，这是最重要的'
[-1]'美国好像没有签署巴黎协定吧'
[-2]'真是灾难重重的国家，去美国的私生子们赶紧回来吧。'
[-1]'打猎的做一顿野餐，一个火星子吹飞了，点燃厚厚的干树叶'
[4]'愿加州的居民平安无恙！众志成城，加州加油！'
[0]'开始输出雾霾了'
[1]'塔利班负责，烧死你美国佬'
[-1]'我寄希望于自己的脑子和双手。估计你对它们都没抱希望。'
[-1]'于是他们去把老师，校长打死了．'
[1]'肯定是🇰🇵间谍干的，华尔街见闻说到'
[-0.8]'美利娟真的多亊，近來很不平靜。
[0]'跟贴被火星网友带走啦~'
[-1]'此火绝壁烧不到华盛顿'
[0]'报应二字怎么写？哈哈哈哈。哦对了，应该是retribution for sin'
[0]'那个地方该多建水泥建筑，少用木材建房。'
[1]'真·水深火热'
[0]'故意纵火？与承认那个有关？'
[-2]'希望大火尽快扑灭，减少损失'
[3]'天干物燥，小心火烛！
[-1]'美帝真的是多灾多难，活得水深火热的人民啊，快快谴责特朗普吧，打倒美帝'
[-1]'傻逼'
[0]'这碳排放量怎么算？'
[4.0]'美帝的建筑用的什么材料铸造的为什么火烧了就全没了，不想中国的钢筋水泥，烧了也会有个空架子在高高装备还能用'
[0]'烧桔梗烧出事了吧！'
[0]'真的   蛋疼的我就在加州'
[2]'不用救，等大火把你们美国所有东西都烧完了火不就灭了。'
[0]'你脑子烧的'
[0]'这时候的人民群众是不明真相的。
[-1.5]'白吃，南方那么潮森林大火容易吗'
[2]'[大笑][大笑]'
[-1]'不幸'
[1]'这么个小地方就有五十多所学校，反观我们，，，呵呵'
[0]'美国的人均碳排放量是世界平均的5.7倍'
[0]'谁放的'
[-2.8]'天干风噪确实棘手，而且恐怕再过一周也灭不了'
[0]'人不亡我，天欲亡我！'
[0]'米国发动战争被天遣了
[1]'看他们天天水深火热的样子，我就放心了。'
[-2]'美国基建要是赚钱，他们的城市就不会几十年基本没有大变样了！'
[2]'要烧那么大面积，那么猛，才会出现雾霾。'
[0]'我的天啊……这都多少天了，火还没灭呢？不得不说美国政府在这方面的确不如中国厉害'
[0]'政府太穷 没钱修。。。。。。。。。。。'
[1]'放心 皿煮的火烧不死人'
[0]'把整个加州给烧了吧
[0]'加州消防加油!'
[0]'加州水深火热啊 。。。'
[-1]'错，滾动播出的恰恰是减税。'
[1]'张网吧的定价权强于达尔文的进化论===============================1、人类要解决的问题是：从哪里来，到何处去。2、达尔文解了各类人类从哪里的理论的终极定。3、张网吧解了人类各代目前各国的施正如何用工程学般定说，达明白弄通。================================4、达尔文当时没有被人类固步杀死，张网吧也没有，尽管都是传学困难，或许死后理论才能如进化论般被知，但是张网吧强于有网络。。。。。。。。。。。。。'
[0]'这个冬天太冷太干了！'
[-1]'把罗兰岗烧了就行，不能一棍子打死所有人'
[0]'水深火热水深火热'
[-3.1]'看視頻真的就像看電影似的，很誇張很恐怖。'
[-2.4]'尽管我使用的汉字，但是没有多少人支持定价权的提高，有些郁闷===============================大家看看今天网易右边的图片新闻：那些30元定价权的低值劳动的老人，如果有人组织做点相对更高价的定价权的工种，精心组织还是可以的，可问题是有人去组织吗？他们会自发组织吗？-------------------------结果大家就看看图片，漠视了，这定价权提高就困难了吧。。。。这样的东西其实就是自然经济--是落后的老人经济。其实印度就是1个世界最大自然经济实体---------落后至美国人均40分之1了。。。。。。。。。原定的2018年，感觉你们地球人交不出来人新神的答卷哦。。。。。。'
[-1]'美国没有消防队吗'
[0]'什么时候加州加入中国了，森林火灾才有可能得到彻底遏制。'
[-9]'每年都要着火  就不能想想办法？？   要是我 就在加州修建米字格的水渠或者隔离带   几十米宽的 把那些容易着火的区域 一片一片分开   也不要一点火星 火烧连营好不好   ！！！每年都要看美国 加拿大的 大山火   烦不烦？？？？老外也这么拖拖拉拉  混吃等死的！！！！'
[2.5]'这事在中国举国体制下还真比美国处理能力强，大家别喷。'
[-1]'恐怖分子放火了👌'
[1]'美国、加拿大，每年都要烧一把，应该跟当地气候有关，冬季干燥，进山玩的人火种处理不当就会引燃大火'
[2]'哈哈，美国的基建室不允许层层转包的！没你的份~'
[0]'没带防霾口罩啊'
[0]'这下美帝的基建又有工程包了'
[0]'我关心伤亡情况怎么样？'
[-1]'怎么感觉加州没隔多久又发生山林火灾'
[0]'水深火热'
[4]'比如呢？消防官兵又要吃泥水方便面了么。感动中国！'
[0]'直接影响，就是部分猩类孩子小蜜买机票回来了。'
[0.5]'美国人都不操心，你还替美国操心了，你还不如想想这今年大清有复国的迹象更好，有想做皇帝的迹象更好。'
[1]'美国火了。'
[6.0]'我们对美国起火杀人什么的都不感兴趣，比较感兴趣是美国减税。但是新闻总喜欢报道美国各种事故，我们能怎么办？？我们这些美狗还真想清楚知道美国的减税政策，希望放新闻头条，每天滚动播放。'
[0]'美国年年都有森林大火啊，我们这边好像森林大火很少啊。'
[0]'美帝真是水深火热'
[-1.0]'民主党48票全体反对，外加一票共和党自己的反对票，民主党代表了接近一半美国人的利益，减税没你们想的那么好，要不然干嘛49票反对？'
[1]'果然用小米的很多dsb'
[1]'世界空气环境要变化了'
[-1.5]'楼上这位“无淀河”自称是中央财大的金融学或经济学博士，又或是对外财经研究生毕业，是52884南口工兵部队一员，是工作在西联金融的Dennie 张，但有时又说自己在国贸。现在北京已有7套房，上个月已经入了地处房山的第8套房的楼花。他差不多每天早上六点开始在网易发贴，“什么俄罗斯人民永远都是中国人民的慈父、什么中国人民可以没有土地，也要誓死捍卫俄罗斯”等等惊世骇俗的语言，都是出自他的口。据他自己说，他家里现有3辆车。他本人开一辆宝马X6，他老婆开一辆2.4迈锐宝，家中还有一辆大众途观是只用来平时买菜，他每年仅是网购消费要四十万。他说他2002年大学毕业，他又说他上世纪七几年读书时，校服是绿军装。他现在月薪税后净收入7万，有时候也会变成了年薪60万。他父母文革期间本科毕业，但他又说他父母是买断工龄的下岗工人和售货员，现在靠他养活。他还说过现在拿年薪10万的人，收入还没他父母退休金多。更为神奇的是一个小时内的发贴，lP地址可以遍及全国东西南北！---以上内容全部来自于“无淀河“的发贴记录，如果不信，大家去看一下他的发贴记录。'
[-1]'军队既然还按兵不动，全靠不到2000人的消防队。】'
[-1]'可惜加州的木材了'
[-1.2]'很好听的加州旅馆，没想到如今却被烧成这样！
[0]'美帝果然生活在水深火热之中'
[0.5]'对哦穷鬼碳排是低  国内穷鬼还是太少  楼上加油   做个暖气和空调都开不起的穷鬼  这样碳排就低了  你也为这地球做出贡献了
[1]'为什么我们就是安全撤离，而他们就是逃离？'
[1]'天天喊人家的消费模式好的呢'
[0]'真的假的'
[5]'喷点找的不错，再提示下，这么大的火，肯定是森林覆盖率太好了，反观我们～呵呵，啧子们，敬业点～努力找，总会找到的～'
[1]'派去美国的记者真多'
[-4.0]'美国一出事，美狗最激动，为了护主疯狂反咬！'
[1]'哈哈'
[0]'让灵道先走！'
[0]'烧了。。。才有重建的钱拿嘛 。。。'</comments_result><comments_dict>text_pos_number:积极评论条数为 38 条，占全部评论比例的 %28.999999999999996
text_neg_number消极评论条数为 43 条，占全部评论比例的 %32.0
text_mid_number中性情感评论条数为 52 条，占全部评论比例的 %39.0
text_pos_mean平和
text_neg_mean愤怒
text_total_mean淡定
text_total_var情感波动很小</comments_dict></doc>