<?xml version='1.0' encoding='utf-8'?>
<doc><id>62</id><url>http://news.sohu.com/20170101/n477495276.shtml</url><title>陕西榆林一公厕爆炸引发坍塌 致1死7伤</title><datetime>2016-01-01 00:00:00</datetime><body>
在横山区横山镇杨市沟一座公厕疑似因沼气发生爆炸。

在横山区横山镇杨市沟一座公厕疑似因沼气发生爆炸。
　　西部网榆林讯12月31日16点47分，榆林市公安局横山分局指挥中心接到报警，在横山区横山办事处杨市沟一所公厕内发生爆炸引发垮塌，市区领导第一时间赶到现场，组织指挥救援。
　　截止目前，7名皮外伤人员正在医院观察治疗，1名被困人员被救出后，经确认已无生命体征。
　　事故具体原因正在调查当中，善后工作已紧张展开。</body><keywords>正在 0.04373308571581311;指挥 0.038162841464666586;横山 0.0362754436425893;人员 0.03360698003738573;生命 0.03121987442020722;发生爆炸 0.029423461886373792;观察 0.024555074726518432;市区 0.02425281262215597;外伤 0.024201190871457903;赶到 0.024132487691376138</keywords><naive_snippet>
在横山区横山镇杨市沟一座公厕疑似因沼气发生爆炸。

在横山区横山镇杨市沟一座公厕疑似因沼气发生爆炸。
　　西部网榆林讯12月31日16点47分，榆林市公安局横山分局指挥中心接到报警，在横山区横山办事处杨市沟一所公厕内发生爆炸引发垮塌，市区领导第一时间赶到现场，组织指挥救援。
　　截止目前，7名皮外</naive_snippet><selected_snippet>西部网榆林讯12月31日16点47分，榆林市公安局横山分局指挥中心接到报警，在横山区横山办事处杨市沟一所公厕内发生爆炸引发垮塌，市区领导第一时间赶到现场，组织指挥救援</selected_snippet><comments>西格玛来了，大家快跑！
什么人？如此，冤有头债有主？不要破坏公共财物？更不能伤害无辜生命？畜生不如？
解个手把命弄丟了，咋说呢？
现在都是冲水式厕所何来沼气？</comments><comments_num>4</comments_num><comments_result>[3]西格玛来了，大家快跑！
[-4.5]什么人？如此，冤有头债有主？不要破坏公共财物？更不能伤害无辜生命？畜生不如？
[-1]解个手把命弄丟了，咋说呢？
[0]现在都是冲水式厕所何来沼气？</comments_result><comments_dict>text_pos_number:积极评论条数为 1 条，占全部评论比例的 %25.0
text_neg_number消极评论条数为 2 条，占全部评论比例的 %50.0
text_mid_number中性情感评论条数为 1 条，占全部评论比例的 %25.0
text_pos_mean平和
text_neg_mean愤怒
text_total_mean淡定
text_total_var情感波动很小</comments_dict></doc>