<?xml version='1.0' encoding='utf-8'?>
<doc><id>63</id><url>http://news.163.com/17/1208/08/D54DK3MF0001899N.html</url><title>白人警察拦下黑人男子从身后连开8枪 被判入狱20年</title><datetime>2017-12-08 08:43:00</datetime><body>

                    （原标题：白人警察暴力执法枪杀黑人 被判入狱20年）
                
2015年4月，美国南卡罗来纳州北查尔斯顿市发生一起“白人警察暴力执法枪杀黑人”事件，涉案的白人警察迈克尔・斯莱格被控谋杀。7日，法官作出判决，斯莱格“二级谋杀”与“妨碍司法公正”罪名成立，入狱20年。这起案件发生在2015年4月4日，33岁的斯莱格在路检时拦下50岁黑人男子沃尔特・斯科特的车，据称两人发生了争执，身上并没有武器的斯科特转身逃跑，斯莱格从他身后连开八枪，斯科特身中五枪倒地。事发三天后，一段由路人拍摄的案发现场视频被上交北查尔斯顿市警察局，随即被媒体曝光。斯莱格被逮捕，一天后遭解雇。当年6月，他正式被控谋杀。虽然斯莱格一再辩解称“当时两人确实有打斗、斯科特试图抢他的电击枪、他认为自己的生命受到了威胁”，但法官认为，案发视频无法支持斯莱格的说法，被告“二级谋杀”罪名成立；此外，斯莱格在案发后曾向调查人员撒谎，“妨碍司法公正”罪名也成立。



近些年来，美国多地接连爆发“警察暴力执法”事件，尤其是其中多起案件都牵涉种族问题，全美爆发多轮抗议浪潮，导致美国警察部门与少数族裔关系紧张。斯莱格的这起案子，当年也曾引发示威活动。


 本文来源：央视  
责任编辑：张海桐_NN9053 
</body><keywords>斯科特 0.027574296347142337;美国 0.021865818782947855;发生 0.02147994692577167;警察 0.02104252541434283;视频 0.017373518018727323;认为 0.017036604369218777;黑人 0.016597368778861945;示威 0.015546736369190777;谋杀 0.014332523646430602;妨碍 0.014202675935761952</keywords><naive_snippet>

                    （原标题：白人警察暴力执法枪杀黑人 被判入狱20年）
                
2015年4月，美国南卡罗来纳州北查尔斯顿市发生一起“白人警察暴力执法枪杀黑人”事件，涉案的白人警察迈克尔・斯莱格被控谋杀。7日，法官作出判决，斯莱格“二级谋杀”与“妨</naive_snippet><selected_snippet>2015年4月，美国南卡罗来纳州北查尔斯顿市发生一起“白人警察暴力执法枪杀黑人”事件，涉案的白人警察迈克尔・斯莱格被控谋杀</selected_snippet><comments> '美国白人眼里，美国黑人就像动物一样，可以随便屠杀'
 '浙江傻狗快来'
 '河马牛逼，除了地域就认不得咋个咬。做狗都不够格'
 '人家去讨薪你去帮着老板阻止讨薪，人家推搡你怎么了？某些🐶你们吃狗粮就行，老板姓是要吃饭的'
 '你们有没有奶茶……'
 '这人长得像大表哥'
 '轮番播报一个月'
 '杀孕妇那个?'
 '美国并非天堂'
'黑鬼不该杀么？？？'
 '至少美国是人间'
 '假新闻吧，不是说白人警察杀了黑人都没有事的吗？'
 '黑鬼杂种千万别糟蹋我们的土地'
 '是，奶茶'
 '后来这所长怎么着了？'
 '顺便在请点华为手机网上辟谣，完美收官。'
 '我们不信教'
 '是不是地狱？大多数世界人民都很清楚。'
 '谋杀才20年？在中国小偷进入民宅被打死，打人者不死也得判刑'
 '如今欧/洲已经完了，咱们这广/州也快了，到处都是只会闯祸的黑/鬼。'
 '看来还是有不少人记得的'
 '这个警察进去惨了，监狱里全是黑叔叔'
 '哈哈，一群疯狗而已'
 '还是美国轩船步们没把好关，否则不会这么难堪。'
 '你连你们那县太爷长什么样都不知道吧！'
 '便利店有，你买一吨也可以'
'怪不得几百亿志愿非洲呢，用华为的跟黑鬼是一家亲'
 '黑人在美国也是随便能招惹的？别以为他们像华裔一样好欺负哦！
 '可能因为你是一头驴吧'
 '所以说警察里基本没好人。'
 '不是临时工？
 '你以为就执法部门有，有些官老爷不知几把'
 '因为他们没有用华为😄
 '呵呵，美爹就是厉害，只要是上班打人就有人给洗地，舅妈都都服你'
 '无凭无据，为了维护你美爹，张嘴就这么诬陷人家？你们这些民主派真是丧尽天良的畜生。
 '大家都还记得呢。'
 '你还忘了秤砣'
 '不要忘了他们的作为，记住他们的丑恶嘴脸，以警示自己'
想起派出所长三枪毙命店主.然后就没然后了.'
 '还有摔婴儿的，'
 '重點是美國並非天堂'
 '中国也不是，但美国的确不是天堂'
 '兰国是十八层天堂'
 '哦，所长那个事是你妈头七托梦告诉你的吗？你知道的这么清楚。'
 '那个所长现在在那个部门当领导?'
 '对，我就记得不是豆浆吗！但是是什么忘了！楼上记性真好！'
 '差评'
 '入睡以后就是天堂'
 '我只是说在监狱活不过20年，我说了判得对不对么？这理解能力'
'你们这帮真的是不怕出事啊，大佬们'
 '田忌赛马，以长对短'
 '是奶茶'
 '给人都是垃圾！'
 '开始人身攻击的套路了～'
 '中国是，天堂！我们都上天堂了，你还想啥呢！'
 '这逻辑，舅服你'
 '回家过年去了！'
 '打死的是男的！反正没人关注事情也就这么结束了'
 '别说那么远的事  就说记者采访医院被打被关   监控很配合的坏了    为什么美国这视频不坏啊？'
 '贵州的？？'
 '你触碰到二楼三楼的G点了'
 '法治国家'
 '不是螺蛳粉吗'
 '拿又懒又坏的黑人说事，你是智障吗？你放开国内游行试试，你脑子瓦特了'
 '然后呢？'
 '还有个五枪🔫的不知道怎么处理了'
 '哎，老美太公平了，黑猴子只能算是接近人类的物种，在类人猿的路上走的快了一些'
 '这狗还是条不称职的狗，主人才说了没多久就忘了，只会乱咬'
 '噗那你的意思就是文中的黑人也是死的好咯？那为什么还要给警察判刑？'
'黑鬼/'
 '假如？你美爹能做到平等的话黑人会没事就游行抗议？'
 '高二女生被强奸后遭民警遗弃 双目失明双腿截肢'
 '问题在于美国什么时候说过自己是天堂了？'
 '你真是好无底线的不要逼脸，狗篮子玩意，你自己的话自己信吗？'
 '记不清了，只报道了一天，第二天全部新闻都找不到这个消息了，大概经过就是这样，买的是啥不重要吧？'
 '后来呢？'
 '枪杀黑人，还是警察，在监狱活不过20年'
 '如果是黄种人还会坐牢吗？这值得深思。黑人在美国就像我们的少数民族一样，为了不歧视而各种优待。'
'报应来了 我感冒了- -。。。'
 '照这个逻辑，那个黑人是你爹啰'
 '楼上签名不错'
 '你确定死刑？'
 '警察有罪，黑人也不见得就多无辜……
 '官员的天堂'
 '这事不是正常，哪边都有少数败类，咱们这也有警察枪杀孕妇的'
 '没事跑两步，啪啪啪啪啪啪啪！
 '难道犯了命案丢进监狱等他自己死？这逻辑。。。'
 '我记得之前有个警察把讨薪的妇女活活打死了…'
'种族矛盾深入人心'
 '喷子'
 '逃跑'
 '警察让你接受搜查就乖乖按他说的做，不然谁知道你是不是身上正揣着炸药准备跑向引爆点，美国炸药又不是很难搞。
 '贵州也有个不跪就挨枪的'
 '绿的也一样'
 '好像还是个孕妇  最后用纳税人的钱赔偿一下 也没人敢发声了 好像是判了死刑吧'
 '啊美瑞垦滴人民水深火热。。。。。
 '垃圾黑鬼'
'说你爹了，这个不愿意，赶紧拿出来点陪葬的'
 '鸡国坑定地狱……'
 '新闻不在报道，不是当地的也不知道到底怎么处理的了'
 '本能反应吧，谁让他跑呢'
 '我们是宇宙中最最最最最最最安全的国家！'
 '美国法律很糟糕的'
 '美国警察动不动就掏枪，就算没什么事，看到警察有掏枪的动作为了保命逃跑也是可能的。'
 '敢示威，非法集会，拘留
 '别起哄了，那位已经判死刑了。'
 '美国这个家该分家了，黑人一块地，白人一块地，刚好两块地，黑美白美'
'先把自家屁股擦干净再来管别人的事儿吧。世界警察，呵呵。'
 '视频自己去看，还有，拿手机说话的基本上都是心智不熟的半傻子'
 '哦哦，好像还拍了电影，有本山和小沈阳
 '经常在电视新闻上看到某某地方喝尿治疗疾病保健养生'
'中国是吗？'
 '警察在那边是高危职业，因为持qiang自由，警察不知道对方手上是否有家伙，五毛者别再拉种族仇恨，不懂美国法律就别BB，一点技术含量都没有，一个蔑视的词都能让你入监狱。'
 '然而是死刑'
 '我拿枪要打死你，你站着让我打?'
 '警察让你接受搜查就乖乖按他说的做，不然谁知道你是不是身上正揣着炸药准备跑向引爆点，美国炸药又不是很难搞。'
 '这家伙进去要被人搞'
 '昆虫幸福地生活在手机里。'
 '这个回答没毛病！'
 '广西平南'
 '十分之一的黑人占监狱一半人口就知道黑人是什么尿性了'
 '我靠，这逻辑和南京 扶不扶 法官逻辑一样啊，你牛逼'
 '从背后开枪。。。你以为你是军统啊'
 '不论怎么说，这个可以转移视线，没什么好洗的。'
 '领导们那么多家属，二代，三代为何都往美国跑呢'
 '中国是吗？'
 '螺蛳粉'
 '记性真好'
 '哇，CCTV终于有了美国警察杀人被判刑的新闻了。也算一种进步哈'
 '我觉得物超所值了'
 '没问题你跑什么啊！'
 '终于有一个白人警察被判刑了'
 '不知道的还很多呢'
 '不用再舔了 今天狗粮加倍'
 '但至少不是地狱   隔壁新闻：高二女生被强奸后遭民警遗弃 双目失明双腿截肢'
 '在网易说美爹坏话？喷死你！'
 '没有下文了，比当年被秤砣砸死的有过之而无不及'
 '每次都说的黑人都很无辜似的，警察找茬黑人肯定有原因的，有空去查查美国的犯罪比例就知道黑人的犯罪率远超白人，好吃懒做大量侵吞社会福利的也是黑人，虽然不排除部分黑人精英，但现实就是摆在那。'
'李乐斌笑而不语'
 '1：视频居然没坏2：美国的天真特码蓝啊3：央屎滚动播出4：黑鬼就那尼玛该死5：国外真是水深火热啊6：五毛已经高潮7：美利坚人类的希望'
 '低调处理，罚酒三杯'
 '都不是，但在二楼眼里别人的屎都是香的'
 '看来有不少人记得，我们不反抗，我们只做历史的旁观者，这不算造谣所以没啥可怕的，'
 '在美国，都是警察暴力执法，在国内，都是暴民暴力抗法，实在瞒不过，就是发生冲突，双方都有伤……，临时工开除，正式工停职或调离！
 '中国才是地狱'
 '所以他被判了死刑立即执行。'
 '我怎么记得是桂林米粉？'
 '华人在美国的地位还比不上黑人'
 '免费得华为手机用肯定是天堂了！'
 '跪倒！'
 '还有那年治安大队长当着丈夫的面强奸其妻子'
 '那年有个派出所所长喝多了晚上去卖豆腐的店里买豆浆，因为店主没有就掏枪出来三枪毙命，'
 '我只能发呵呵，其它不让发'
 '厉害了
 '只是打死一个寄生虫而已'
 '好🐶，快叫二奶们回来'
 '南京法官：不是你撞的，幹嘛要去扶[微笑]'
 '区别在于，我们有XX主义，美帝没有，所以他们是邪恶的。感谢德国老马'
 '打死中国老人黑鬼只判半年？'
 '中国并非地狱'
 '南卡，好像没有死刑吧?以前看过个新闻，说什么罪犯，判了几百年。。。。'
 '哪里都不是天堂，但区别在于哪些地方最接近天堂，而哪些地方最接近地狱'
 '华为说的对
 '但离天堂近'
 '哎，黑人命只值20年！'
 '！！'
'酥鹅儿子国就喜欢这样的新闻'
 '是的'
 '是😭🔫'
 '我最大的心愿是希望美国白人和黑人全面爆发战争，希望美国本土战火连天100年最好'
 '嗯，有一部分人很聪明，用中国和美国比治安，和印度比食品安全，和加拿大比人口，和利比亚比稳定，和海地比医疗，比来比去果然还是中国最好！'
 '二楼你被击毙了？
 '喷子不是说美国警察不让动就不能动，不让打死活该吗？咋还判美国警察刑？'
 '我想知道最后怎么判的'
 '哪有米粉店不卖奶茶的？分明是欺骗人民警察。'
 '你应该去抗议美国的法官，凭啥判你爹二十年！'
 '人权在哪？不应该是“杀人偿命”吗？
 '楼上说的不能报道！先滚动播出美国白人杀黑人新闻一个月'
 '自己的美国是中国的爹'
 '用手推推搡搡？我用手能不能灭你全家？什么东西，用个逼手机好像大神似的，能不能别出来丢人？'
 '猫舞们天真认为老黑是盟友'
 '权力机构不需要执法者来维护自己的合法性，所以可以维护公正，可以对执法者进行公正的监督。'
 '凡事看证据说话，别说黑人白人'
 '黑鬼为主的国家都会慢慢完蛋
 '我不知道，剩下的新闻消失了，别的楼说判了死刑，具体不清楚，'
 '李启明撞死人判了多久啊？许季进呢？'
 '不是歧视。黑和绿除了精英可以在社会上，其余的就应该关起来或遣返，欧美的移民政策确实有问题。'
 '打死人都是小事，以前畜生干的坏事多了，像什么八九个月打胎呀，随便抓人打死呀，和黑社会勾结呀，只是以前消息容易压，现在幼儿园的事还不是轻松压下来，每家给120万'
 '记得就好，我希望有人能把从文革开始到现在的悬案全部记录起来，等以后拿出来让后人有所了解'
 '中国是啊，看看新闻联播里的我们就知道'
 '当媒体禁止报道此事，这件事也就从人民的视线里消失，慢慢的，事件的结果就大事化小小事化无，罚酒三杯，皆大欢喜了，至于死者！情绪稳定！！！！！'
 '不论在哪，少数民都不受待见'
 '对付小人的办法，iS'
 '小人'
'这事不是正常，哪边都有少数败类，咱们这也有警察枪杀孕妇的'
 '日尼玛，2年前的都要拿来当新闻，你他妈怎么不详细报一下查地沟油死的记者？'
 '杀黑英雄'</comments><comments_num>2477</comments_num><comments_result>[0]'美国白人眼里，美国黑人就像动物一样，可以随便屠杀'
[1]'浙江傻狗快来'
[-2]'河马牛逼，除了地域就认不得咋个咬。做狗都不够格'
[1]'人家去讨薪你去帮着老板阻止讨薪，人家推搡你怎么了？某些🐶你们吃狗粮就行，老板姓是要吃饭的'
[0]'你们有没有奶茶……'
[0]'这人长得像大表哥'
[0]'轮番播报一个月'
[0]'杀孕妇那个?'
[1]'美国并非天堂'
[0]'黑鬼不该杀么？？？'
[0]'至少美国是人间'
[-3]'假新闻吧，不是说白人警察杀了黑人都没有事的吗？'
[-2]'黑鬼杂种千万别糟蹋我们的土地'
[0]'是，奶茶'
[0]'后来这所长怎么着了？'
[0]'顺便在请点华为手机网上辟谣，完美收官。'
[0]'我们不信教'
[0.8]'是不是地狱？大多数世界人民都很清楚。'
[-4]'谋杀才20年？在中国小偷进入民宅被打死，打人者不死也得判刑'
[1]'如今欧/洲已经完了，咱们这广/州也快了，到处都是只会闯祸的黑/鬼。'
[0]'看来还是有不少人记得的'
[-3]'这个警察进去惨了，监狱里全是黑叔叔'
[1]'哈哈，一群疯狗而已'
[-2]'还是美国轩船步们没把好关，否则不会这么难堪。'
[0]'你连你们那县太爷长什么样都不知道吧！'
[0]'便利店有，你买一吨也可以'
[1]'怪不得几百亿志愿非洲呢，用华为的跟黑鬼是一家亲'
[0]'黑人在美国也是随便能招惹的？别以为他们像华裔一样好欺负哦！
[1]'可能因为你是一头驴吧'
[-3]'所以说警察里基本没好人。'
[-1]'不是临时工？
[-1.2]'你以为就执法部门有，有些官老爷不知几把'
[-1]'因为他们没有用华为😄
[-2]'呵呵，美爹就是厉害，只要是上班打人就有人给洗地，舅妈都都服你'
[-3]'无凭无据，为了维护你美爹，张嘴就这么诬陷人家？你们这些民主派真是丧尽天良的畜生。
[0]'大家都还记得呢。'
[0]'你还忘了秤砣'
[-1]'不要忘了他们的作为，记住他们的丑恶嘴脸，以警示自己'
[-1]想起派出所长三枪毙命店主.然后就没然后了.'
[0]'还有摔婴儿的，'
[1]'重點是美國並非天堂'
[0]'中国也不是，但美国的确不是天堂'
[1]'兰国是十八层天堂'
[2]'哦，所长那个事是你妈头七托梦告诉你的吗？你知道的这么清楚。'
[1]'那个所长现在在那个部门当领导?'
[2]'对，我就记得不是豆浆吗！但是是什么忘了！楼上记性真好！'
[0]'差评'
[1]'入睡以后就是天堂'
[-4]'我只是说在监狱活不过20年，我说了判得对不对么？这理解能力'
[1]'你们这帮真的是不怕出事啊，大佬们'
[1]'田忌赛马，以长对短'
[0]'是奶茶'
[-3]'给人都是垃圾！'
[-1]'开始人身攻击的套路了～'
[7.5]'中国是，天堂！我们都上天堂了，你还想啥呢！'
[1]'这逻辑，舅服你'
[0]'回家过年去了！'
[-4]'打死的是男的！反正没人关注事情也就这么结束了'
[-0.2]'别说那么远的事  就说记者采访医院被打被关   监控很配合的坏了    为什么美国这视频不坏啊？'
[0]'贵州的？？'
[0]'你触碰到二楼三楼的G点了'
[0]'法治国家'
[-1]'不是螺蛳粉吗'
[-3]'拿又懒又坏的黑人说事，你是智障吗？你放开国内游行试试，你脑子瓦特了'
[0]'然后呢？'
[-1]'还有个五枪🔫的不知道怎么处理了'
[1]'哎，老美太公平了，黑猴子只能算是接近人类的物种，在类人猿的路上走的快了一些'
[-1]'这狗还是条不称职的狗，主人才说了没多久就忘了，只会乱咬'
[-1.5]'噗那你的意思就是文中的黑人也是死的好咯？那为什么还要给警察判刑？'
[0]'黑鬼/'
[1]'假如？你美爹能做到平等的话黑人会没事就游行抗议？'
[-2]'高二女生被强奸后遭民警遗弃 双目失明双腿截肢'
[0]'问题在于美国什么时候说过自己是天堂了？'
[2]'你真是好无底线的不要逼脸，狗篮子玩意，你自己的话自己信吗？'
[-2]'记不清了，只报道了一天，第二天全部新闻都找不到这个消息了，大概经过就是这样，买的是啥不重要吧？'
[0]'后来呢？'
[0]'枪杀黑人，还是警察，在监狱活不过20年'
[4]'如果是黄种人还会坐牢吗？这值得深思。黑人在美国就像我们的少数民族一样，为了不歧视而各种优待。'
[-2]'报应来了 我感冒了- -。。。'
[1]'照这个逻辑，那个黑人是你爹啰'
[1]'楼上签名不错'
[0]'你确定死刑？'
[-0.2]'警察有罪，黑人也不见得就多无辜……
[1]'官员的天堂'
[-1]'这事不是正常，哪边都有少数败类，咱们这也有警察枪杀孕妇的'
[-1]'没事跑两步，啪啪啪啪啪啪啪！
[-1]'难道犯了命案丢进监狱等他自己死？这逻辑。。。'
[-1]'我记得之前有个警察把讨薪的妇女活活打死了…'
[0]'种族矛盾深入人心'
[0]'喷子'
[-1]'逃跑'
[2]'警察让你接受搜查就乖乖按他说的做，不然谁知道你是不是身上正揣着炸药准备跑向引爆点，美国炸药又不是很难搞。
[0]'贵州也有个不跪就挨枪的'
[0]'绿的也一样'
[-1]'好像还是个孕妇  最后用纳税人的钱赔偿一下 也没人敢发声了 好像是判了死刑吧'
[0]'啊美瑞垦滴人民水深火热。。。。。
[-1]'垃圾黑鬼'
[-2]'说你爹了，这个不愿意，赶紧拿出来点陪葬的'
[-1]'鸡国坑定地狱……'
[-2]'新闻不在报道，不是当地的也不知道到底怎么处理的了'
[0]'本能反应吧，谁让他跑呢'
[6.0]'我们是宇宙中最最最最最最最安全的国家！'
[-0.8]'美国法律很糟糕的'
[-1]'美国警察动不动就掏枪，就算没什么事，看到警察有掏枪的动作为了保命逃跑也是可能的。'
[-1]'敢示威，非法集会，拘留
[0]'别起哄了，那位已经判死刑了。'
[1]'美国这个家该分家了，黑人一块地，白人一块地，刚好两块地，黑美白美'
[1]'先把自家屁股擦干净再来管别人的事儿吧。世界警察，呵呵。'
[-1]'视频自己去看，还有，拿手机说话的基本上都是心智不熟的半傻子'
[2]'哦哦，好像还拍了电影，有本山和小沈阳
[0]'经常在电视新闻上看到某某地方喝尿治疗疾病保健养生'
[0]'中国是吗？'
[-3.2]'警察在那边是高危职业，因为持qiang自由，警察不知道对方手上是否有家伙，五毛者别再拉种族仇恨，不懂美国法律就别BB，一点技术含量都没有，一个蔑视的词都能让你入监狱。'
[-1]'然而是死刑'
[0]'我拿枪要打死你，你站着让我打?'
[2]'警察让你接受搜查就乖乖按他说的做，不然谁知道你是不是身上正揣着炸药准备跑向引爆点，美国炸药又不是很难搞。'
[0]'这家伙进去要被人搞'
[1]'昆虫幸福地生活在手机里。'
[-1]'这个回答没毛病！'
[0]'广西平南'
[0]'十分之一的黑人占监狱一半人口就知道黑人是什么尿性了'
[2]'我靠，这逻辑和南京 扶不扶 法官逻辑一样啊，你牛逼'
[-2]'从背后开枪。。。你以为你是军统啊'
[0]'不论怎么说，这个可以转移视线，没什么好洗的。'
[0]'领导们那么多家属，二代，三代为何都往美国跑呢'
[0]'中国是吗？'
[0]'螺蛳粉'
[2]'记性真好'
[0]'哇，CCTV终于有了美国警察杀人被判刑的新闻了。也算一种进步哈'
[0]'我觉得物超所值了'
[-1]'没问题你跑什么啊！'
[-1]'终于有一个白人警察被判刑了'
[0.0]'不知道的还很多呢'
[0]'不用再舔了 今天狗粮加倍'
[-4]'但至少不是地狱   隔壁新闻：高二女生被强奸后遭民警遗弃 双目失明双腿截肢'
[-2]'在网易说美爹坏话？喷死你！'
[0]'没有下文了，比当年被秤砣砸死的有过之而无不及'
[2.8]'每次都说的黑人都很无辜似的，警察找茬黑人肯定有原因的，有空去查查美国的犯罪比例就知道黑人的犯罪率远超白人，好吃懒做大量侵吞社会福利的也是黑人，虽然不排除部分黑人精英，但现实就是摆在那。'
[0]'李乐斌笑而不语'
[0.0]'1：视频居然没坏2：美国的天真特码蓝啊3：央屎滚动播出4：黑鬼就那尼玛该死5：国外真是水深火热啊6：五毛已经高潮7：美利坚人类的希望'
[1]'低调处理，罚酒三杯'
[0]'都不是，但在二楼眼里别人的屎都是香的'
[3]'看来有不少人记得，我们不反抗，我们只做历史的旁观者，这不算造谣所以没啥可怕的，'
[-3]'在美国，都是警察暴力执法，在国内，都是暴民暴力抗法，实在瞒不过，就是发生冲突，双方都有伤……，临时工开除，正式工停职或调离！
[-1]'中国才是地狱'
[-1]'所以他被判了死刑立即执行。'
[0]'我怎么记得是桂林米粉？'
[1]'华人在美国的地位还比不上黑人'
[5]'免费得华为手机用肯定是天堂了！'
[0]'跪倒！'
[-1]'还有那年治安大队长当着丈夫的面强奸其妻子'
[-2]'那年有个派出所所长喝多了晚上去卖豆腐的店里买豆浆，因为店主没有就掏枪出来三枪毙命，'
[0]'我只能发呵呵，其它不让发'
[-1]'厉害了
[-2]'只是打死一个寄生虫而已'
[1]'好🐶，快叫二奶们回来'
[0]'南京法官：不是你撞的，幹嘛要去扶[微笑]'
[-2]'区别在于，我们有XX主义，美帝没有，所以他们是邪恶的。感谢德国老马'
[-1]'打死中国老人黑鬼只判半年？'
[-1]'中国并非地狱'
[-4]'南卡，好像没有死刑吧?以前看过个新闻，说什么罪犯，判了几百年。。。。'
[0.0]'哪里都不是天堂，但区别在于哪些地方最接近天堂，而哪些地方最接近地狱'
[0]'华为说的对
[1]'但离天堂近'
[0]'哎，黑人命只值20年！'
[0]'！！'
[0]'酥鹅儿子国就喜欢这样的新闻'
[0]'是的'
[0]'是😭🔫'
[3]'我最大的心愿是希望美国白人和黑人全面爆发战争，希望美国本土战火连天100年最好'
[10.8]'嗯，有一部分人很聪明，用中国和美国比治安，和印度比食品安全，和加拿大比人口，和利比亚比稳定，和海地比医疗，比来比去果然还是中国最好！'
[0]'二楼你被击毙了？
[-5]'喷子不是说美国警察不让动就不能动，不让打死活该吗？咋还判美国警察刑？'
[2]'我想知道最后怎么判的'
[0]'哪有米粉店不卖奶茶的？分明是欺骗人民警察。'
[-1]'你应该去抗议美国的法官，凭啥判你爹二十年！'
[0]'人权在哪？不应该是“杀人偿命”吗？
[-4]'楼上说的不能报道！先滚动播出美国白人杀黑人新闻一个月'
[0]'自己的美国是中国的爹'
[1]'用手推推搡搡？我用手能不能灭你全家？什么东西，用个逼手机好像大神似的，能不能别出来丢人？'
[1]'猫舞们天真认为老黑是盟友'
[6]'权力机构不需要执法者来维护自己的合法性，所以可以维护公正，可以对执法者进行公正的监督。'
[0]'凡事看证据说话，别说黑人白人'
[0]'黑鬼为主的国家都会慢慢完蛋
[-4]'我不知道，剩下的新闻消失了，别的楼说判了死刑，具体不清楚，'
[0]'李启明撞死人判了多久啊？许季进呢？'
[-1.8]'不是歧视。黑和绿除了精英可以在社会上，其余的就应该关起来或遣返，欧美的移民政策确实有问题。'
[-3.5]'打死人都是小事，以前畜生干的坏事多了，像什么八九个月打胎呀，随便抓人打死呀，和黑社会勾结呀，只是以前消息容易压，现在幼儿园的事还不是轻松压下来，每家给120万'
[6]'记得就好，我希望有人能把从文革开始到现在的悬案全部记录起来，等以后拿出来让后人有所了解'
[1]'中国是啊，看看新闻联播里的我们就知道'
[-3]'当媒体禁止报道此事，这件事也就从人民的视线里消失，慢慢的，事件的结果就大事化小小事化无，罚酒三杯，皆大欢喜了，至于死者！情绪稳定！！！！！'
[-1]'不论在哪，少数民都不受待见'
[-2]'对付小人的办法，iS'
[-1]'小人'
[-1]'这事不是正常，哪边都有少数败类，咱们这也有警察枪杀孕妇的'
[0]'日尼玛，2年前的都要拿来当新闻，你他妈怎么不详细报一下查地沟油死的记者？'
[0]'杀黑英雄'</comments_result><comments_dict>text_pos_number:积极评论条数为 49 条，占全部评论比例的 %25.0
text_neg_number消极评论条数为 72 条，占全部评论比例的 %37.0
text_mid_number中性情感评论条数为 76 条，占全部评论比例的 %39.0
text_pos_mean平和
text_neg_mean愤怒
text_total_mean淡定
text_total_var情感波动很小</comments_dict></doc>