<?xml version='1.0' encoding='utf-8'?>
<doc><id>70</id><url>http://mil.cankaoxiaoxi.com/2013/0926/277973.shtml</url><title>俄媒：“欧洲野牛”可助解放军迅速控制钓鱼岛</title><datetime>2013-9-26 9:56:00</datetime><body>俄媒欧洲野牛可助解放军迅速控制钓鱼岛来源人民网核心提示随着中日两国军力对比逐渐朝着有利于中方的倾斜，不排除中国军队在岛屿争议地区的行动将更加坚定。资料图野牛大型气垫船人民网月日讯据俄罗斯之声网站报道，战略与技术分析中心专家瓦西里卡什认为，从年初起中国改变了在钓鱼岛争端问题上的行为路线。随着中日两国军力对比逐渐朝着有利于中方的倾斜，不排除中国军队在岛屿争议地区的行动将更加坚定。俄罗斯之声网站报道原文如下正如亚洲边境冲突历史表明的那样，对他国目的和动机的错误估计有可能导致军事冲突，即使这种冲突不符合任何一方的利益。今天没有一个争议方是完全理智的玩家，都不过是出于自己的民族利益而行动。在日本政府购岛事件中，日本政府总的来说不愿恶化同中国的关系。但是它被迫采取破坏日中关系的措施，以防民族情绪强烈的东京市长的政治地位的加强。中国领导层不得不对日本旨在加强对争议岛主权的任何行动做出强烈反应，因为不能不考虑到国内爱国民族和反日情绪的日益高涨。在钓鱼岛问题上，日本可预见到的未来将变得越来越困难。中国人民解放军对岛屿采取突袭的可能性日益增大，这让日本人感到十分的不安。虽然日方占有技术上的很大优势，但是中国也在迅速增强自己的军事实力。中国已经从乌克兰获得大批欧洲野牛气垫登陆舰，它们可让中国军方向岛屿闪电般部署陆战队。在俄罗斯购买的苏战斗机以及中国海军实力的提升都让中国人拥有了额外的优势。中国准备将来购买俄罗斯的地空导弹系统。同类系统一旦安装上所谓的重型导弹，其射程可达约公里。钓鱼岛距最近海岸公里。这样在可预见的未来中国将能借助地面防空系统至少可以部分控制争议岛屿的上空。月日中国展示了在争议岛上空利用无人机的新的能力，中国在争议地区军事实力迅速增长的或促使日本通过一揽子新的防御措施。这里指的是将经常向该地区派出飞机和潜艇进行巡逻。到了一定阶段有可能在岛上部署常驻岗哨。而这将引起中日关系前所未有的危机。从军事角度看，围绕钓鱼岛形势的紧张的升级看上去像是预先安排好的。每一方都唯恐在领土争端中遭遇失败，因此都纷纷向争议地区派出越来越先进的武器和军械。岛屿面积微乎其微，地势凸凹不平，很容易占领它，但却很难坚守。为了避免悲剧的发生，双方迟早要签署限制双方在该地区军事存在的协议。但是为此日本需要承认争议的存在，进行解决争议的谈判。这也正是中国希望最初达到的目标。黄子娟更多精彩内容，请见参考消息官方网站首页。网址相关阅读欧洲野牛解放军钓鱼岛美华媒美中日钓鱼岛心结肯尼迪女儿也添堵日本向钓鱼岛方向增派大型巡逻船读卖新闻传两岸三地保钓人士日赴钓鱼岛朝日新闻前原诚司称理解中国钓鱼岛立场责任编辑倪林军标签俄罗斯之声网站复制链接打印收藏凡本网注明来源参考消息网的所有作品，未经本网授权，不得转载摘编或以其他方式使用。查看心情排行你看到此篇文章的感受是高兴感人无聊搞笑震惊愤怒无奈害怕难过</body><keywords>中国 0.03167686409853065;钓鱼岛 0.024579271889163708;争议 0.0140917478395632;日本 0.013176850632196573;岛屿 0.013157607671528881;野牛 0.007704520186263165;系统 0.007375333419223592;争议地区 0.007340725574674902;日益 0.00721665206406376;参考消息 0.006903115066103031</keywords><naive_snippet>俄媒欧洲野牛可助解放军迅速控制钓鱼岛来源人民网核心提示随着中日两国军力对比逐渐朝着有利于中方的倾斜，不排除中国军队在岛屿争议地区的行动将更加坚定。资料图野牛大型气垫船人民网月日讯据俄罗斯之声网站报道，战略与技术分析中心专家瓦西里卡什认为，从年初起中国改变了在钓鱼岛争端问题上的行为路线。随着中日两国军</naive_snippet><selected_snippet>网址相关阅读欧洲野牛解放军钓鱼岛美华媒美中日钓鱼岛心结肯尼迪女儿也添堵日本向钓鱼岛方向增派大型巡逻船读卖新闻传两岸三地保钓人士日赴钓鱼岛朝日新闻前原诚司称理解中国钓鱼岛立场责任编辑倪林军标签俄罗斯之声网站复制链接打印收藏凡本网注明来源参考消息网的所有作品，未经本网授权，不得转载摘编或以其他方式使用</selected_snippet><comments>NULL</comments><comments_num>0</comments_num><comments_result>NULL</comments_result><comments_dict>NULL</comments_dict></doc>