<?xml version='1.0' encoding='utf-8'?>
<doc><id>83</id><url>http://news.163.com/17/1208/21/D55OUTDK0001875P.html</url><title>麻省理工回应"与山东14岁神童签约":不存在这情况</title><datetime>2017-12-08 21:20:00</datetime><body>
山东莱阳市的14岁“神童”李某【麻省理工学院回应山东莱阳14岁神童质疑】来自山东莱阳市的14岁“神童”李某火了，面对被网友扒出问题重重的简历和科研成果，面对已经被华南理工大学否认的“考察”邮件，莱阳当地教体局却仍然简称他是货真价实地被麻省理工学院录取了，而且是因为他优秀被“提前签约”，之后读完高中就可以直接去读麻省。



但我们记者从麻省理工学院本科生录取办公室官方了解到的消息是：麻省理工学院不存在主动去签下一个学生，或是与学生签合同的情况。所有的学生都是通过一样的程序被录取的，即在高中最后一年开始申请。山东莱阳教体局回应14岁神童跟麻省理工签约：真的近日，山东莱阳的一名14岁男生被美国麻省理工学院录取的消息引起了各方的关注。12月8日下午，莱阳市教育体育局宣传处一位工作人员表示，该李姓学生被麻省理工学院录取一事是事实，“我们看到了（签约的）照片，不会存在差错“，而正式签约文件正在从美国邮寄到莱阳的途中。


 本文来源：环球时报-环球网 。更多精彩，请登录环球网 http://www.huanqiu.com 
责任编辑：范姜国一_NN9138 
</body><keywords>麻省理工学院 0.03826485298923166;录取 0.03470070799674867;签约 0.027750113933399004;山东 0.026075876459894492;学生 0.021367151488510917;莱阳 0.021059600386937473;环球网 0.020857697422376927;消息 0.020379384946452223;范姜国 0.01931480309694305;面对 0.01865974080674222</keywords><naive_snippet>
山东莱阳市的14岁“神童”李某【麻省理工学院回应山东莱阳14岁神童质疑】来自山东莱阳市的14岁“神童”李某火了，面对被网友扒出问题重重的简历和科研成果，面对已经被华南理工大学否认的“考察”邮件，莱阳当地教体局却仍然简称他是货真价实地被麻省理工学院录取了，而且是因为他优秀被“提前签约”，之后读完高中</naive_snippet><selected_snippet>山东莱阳市的14岁“神童”李某【麻省理工学院回应山东莱阳14岁神童质疑】来自山东莱阳市的14岁“神童”李某火了，面对被网友扒出问题重重的简历和科研成果，面对已经被华南理工大学否认的“考察”邮件，莱阳当地教体局却仍然简称他是货真价实地被麻省理工学院录取了，而且是因为他优秀被“提前签约”，之后读完高中就可以直接去读麻省</selected_snippet><comments> '这三个至少都有宣传的成分'
 '齐鲁晚报的也能信？'
 '臭不要脸'
 '一群沙币领导！看着就好笑'
 'mit與一個人簽約
 '我觉得还是麻痹理工大学比较靠谱'
 '这特么不是申请信吗，那个字说他被录取了？领导的知识就那么浅薄么？啧啧啧，内幕深啊。。。'
 '麻绳理工大学政治教育学院表示愿意录取
 '要不你说被克莱顿大学录取大家更信！'
 '教育局带头作假，在教育上作假是非常恶劣的，这样也能没事？'
 '啪啪啪---啪啪啪---啪啪啪啪啪啪啪啪'
 '四川理工学院吧，四川可以算个麻将之省，简称麻省。'
 '没有地狱的意思。特别山东这个宣传需要把山东人好面子的性格体现的淋漓尽致。'
 '人间四月天，麻城看杜鹃。'
 '麻城理工大学'
 '不用出钱，有一个麻城理工[不屑]'
 '这可咋办'
 '打脸啪啪啪'
 '这脸打得啪啪响啊！
 '加利墩大学发来贺电'
 '着实让人心寒 连官方都这样'
'上一篇文章不是信誓旦旦说是真的吗'
 '我是哥伦比亚社会主义学院毕业的，我有骄傲过吗？'
 '这神童最适合读档效，天生就有光荣传统'
 '你是1坨原始的生物机器人，这里定语，即你无越过你自过你自身的脑物质，远不如新神的机器狗'
 '当地领导觉得你们找不到MIT，他们估计领电脑都不会用，在他们的年代，连文武斗都是靠吹牛逼'
 '说得跟真的一样'
 '丢人的玩意'
'宣传等于浮夸'
 '围城的时代背景是上个世纪30年代。80多年后的现在，居然还有方鸿渐。'
 '它们迟早要完蛋'
 '大师专家教授院士科学家全是骗子骗钱'
 '一帮无知的没文化蠢货罢了，还要格文化呢，哈哈哈'
'教体部门跟着说谎，太丢脸'
 '往前三十年，吹这牛没准大家信了，现在互联网时代造这样的假，简直脑残'
 '跟贴被火星网友带走啦~'
 '麻城有职业技术学院！14岁确实可以上的……'
 '性生活估计它们也只能用嘴炮，一个个太监样基本上阳痿的命。'
 '難道他走關係了？'
 '这不是造谣吗，还宣传你大爷'
 '现在北大清华都不吃香。干脆签约克莱登大学，当方鸿渐的学弟'
 '麻省是山东省隔壁的省吧
 '过几天看看🇺🇸麻省理工邮寄的材料是否丢失了不就知道了[大笑]'
 '真有神童？'
 '干nmb'
 '哈尔滨佛学院来函表示愿意录取这位神童'
 '卧槽……前几天我还对这个孩子佩服得五体投地，万万没想到官方居然能明目张胆虾扯蛋
又不是教職工
 '长得一脸弱智样！'
 '媚上欺下，郭将不郭'
 'MIT表示再牛逼有屁用，都得按劳资的程序啦，劳资从不走后门，不按规矩办事就去我隔壁上学去，别进劳资大门'
 '我现在才回过味来 恨来网易太迟'
'校长教育局长全是骗子骗钱'
'要不哪来的这大好河山 ？'
 '信用能当饭吃吗？'
 '山东骗子多，人傻钱多啊！'
 '越是穷地方，越出怪物'
 '这脸胡子，14岁'
 'N年前自己觉得当“不明真相”的群众还有点犹豫彷徨的话。。。。。现在觉得是绝对是个光荣！！！'
 '以前 西点军校的校长也出来辟谣过'
 '一个小骗子，一群老骗子，跟一群傻子的故事'
 '没脸疼个毛？'
'中国又一次打了美国的脸'
 '一群蠢货！'
 '自己捧出来的“神童”，含着泪也得捧下去，哪怕是咬着屎橛子头不松口！'
 '就是吹牛逼'
 '领导:孩子啊，麻城你不想去也得去了'
 '哈尔滨佛教大学发来贺电'
 '这政府教育部门，真是被打脸啊！
 '签到'
 '维 文它可是心狠手辣，错杀一千，也不错过一个！'
 '无利不起早，猫腻多多
 '对，至少先挂一牌子'
 '几十年如一日的瞎话，它们的嘴脸……'
 '什么，麻省你们都能联系上，我特么以为没人会去核对'
 '你🉐️说当地官员要脸不'
 '唉，资本主义国家就是不会办事，这个场也不帮着圆一下
 '脑残玩意'
 '山东这些官员简直臭不要脸!羞死人了还不辞职滚回家种地。'
 '你怎么就不懂四楼的幽默呢。'
 'sksksk'
 '环球还转发了呢。'
 '其实签他的是山东蓝翔'
 '麻省的天才街上拿块石头丢出去能砸到几十个，会缺个小孩？'
 '想想还有多少真才实干的钱学森回来'
 '麻省理工需要回应么？不理就行了！'
 '不好意思，打错字，是麻痹理工'
 '标点符号都不信.'
 '波士顿牛校之一必然不吊你，查尔斯河对面哈佛、这边波士顿大学连着mit完了去纽约路上耶鲁，麻省全是好大学，新英格兰不是白叫的，逼格最高的省份。'
 '？？？？？？？？？？？？？？？？？？？？？？？？？？？？？？？？？？？？？？？？？？？？？？'
 '至少大家都知道你了，宣传的不错嘛'
 '这种事要纪检来'
 '山东，呵呵'
 '成立靠嘴炮、崛起靠嘴炮、发家靠嘴炮、维 文考嘴炮、发展靠嘴炮、治理靠嘴炮。老铁，这没毛病！哈哈'
 '哈哈😄😄厉害👍👍
 '北大青鸟，清华紫光'
 '牛逼是吹的'
 '为了所谓“宣传需要”，简直滑天下之大稽！丢人丢倒麻省理工了！'
 '这长得跟河南那个还很像'
 '？？？？？？？？？？？？？？？？？？？？？？？？'
 '我想起了龙珠。。妈的生的崽一下把各种boss爆出翔'
 '一脸土逼屌丝样，还编程，我看你特码死循环都不会'
 '教体局这是为了啥啊'
 '狗比们的日常，它们说的话，你连标点符号都不信就对了'
 '哈哈哈哈'
 '不明白你们，签约个麻省理工有什么问题吗，上海街头有好几家店，我还去吃过。常年门上都贴有招聘信息。不信的自己去大众点评搜搜看'
 '蓝翔妓院发来贺电'
 '从上到下吹牛吹习惯了'
 '丢人大了！'
 '为了证明自己永远伟大正确，无所不用，都什么年代了还没从前苏联思想中走出来'
 '会不会又是一个华南虎事件。'
 '麻省的校长怎么也得部级干部了，局长算个毛，不给脸正常'
 'MIT也是看了CCAV后才知道自己被签约了[窃笑]'
 '太奇葩太丢人太恶劣  发这样的消息的人和单位领导都应该开除
 '造谣且情节特别恶劣引起社会强烈反响的可以判几年'
 '鲁国现神童，  被吹样样懂。  谁料遭打脸，  原来是胡弄。
 '哈哈不知道以前有多少宣传需要的'
 '傻逼！！！'
 '改，没有办法改，再改又回到袁大头那里了，哈哈哈'
'觀猿都是些什么东西！'
 '呵呵'
'真是特么不要脸'
 '不是说了吗 是麻省理工大学录取的不是学院[窃笑]
 '麻省理工回应与山东14岁神童签约:不存在这情况
 '说白了，我写的是填权小说，人类文明中心说理'
 '我就喜欢看骗子被扒个精光的感觉！'
 '鲁吹一号后继有人'
 '麻绳又不是野鸡大学'
 '堵眼的。变烤猪的。被汽车拍成屎的。哪一个是真的？全是宣传需要。
 '别丢人了'
 '山东莱阳教体局回应14岁神童跟麻省理工签约：真的
 '山东省莱阳市第二实验中学在校李姓学生，6岁自主设计了一键式关闭学校电脑的程序；8岁自主研发了云计算平台；13岁注册成立“莱阳喔普云计算有限公司”并研发了一款3D扫描仪。十三岁可以注册公司吗？法人是谁？'
 '北大青鸟'
 '都是麻省，一个是理工大学，一个是理工学院，一个野鸡，一个瑰宝，你懂就好'
 '假新闻也搞大了'
 '你意思南京大屠杀也有疑问了？别为了喷而喷，找点现在的才能显得你厉害'
 '一个骗子的社会'
 '把脸打肿了还硬撑着可悲！'
 '从他们诞生就开始宣传了……让我笑会儿……'
 '哈哈，论嘴炮网易民主精英说第二，谁敢说第一，起码我就不服。还是网易民主精英厉害！！'
 '一天连续反复了6次'
 '这是什么东东？'
 '看那天才，得上麻绳理工大学'
 '不是媒体………'
 '也不想想雇佣童工是什么后果'
 '一群狗比玩意！！'
 '更正，应该是，居然还有，韩学愈。高调炫耀着他们的非正常取得的或真或假的文凭。'
 '兄弟们注册一个，大家现在开始投，一千算一股，多拿多得'
'有才！麻省理工该录取你啊！'
 '他们很多字不让显示，是不是要网吧日麻B，问题是张网吧讲人权，：日不着是张风定义：==============================那么你们其他网是不是去日了呢？？？？？？？？？？？？？？？？？？？？？？？？？？？？？？？？？？？？？'
'又是一相情愿不要脸！'
 '这是政绩啊，你们不懂'
 '对，不是麻省理工学院。大学的地址、资料什么的，你们就别问了，说了你们也不懂。'
 '加州理工大学同贺'
 '要点脸不'
 '跟日美尿，一个德性'
 '地利干学院发来贺电'
 '哈佛靠谱，全称“哈尔滨佛学院”
'教体局要放卫星，领导要捞政绩吗？？？'
 '哈尔滨佛学院。。。。。。'
 '殡仪馆的化妆间。'
 '全靠谎言和欺骗苟延残喘'
 '那牛逼吹上天，摔下来不成牛吊了！'
 '所以，404的好处就这样了，关起门来随便忽悠'
 '这种神童的故事以前经常编。'
 '你说签约德州大学还靠谱点。这样即使人家质疑了，实在圆不了，你就说是我们山东也有德州啊？我们没说德克萨斯啊。这个麻省有点麻烦，中国各省包括简称没有“麻”。实在不行给你指个路，武汉旁边有个麻城，想想辙，你们出钱，办个麻城理工学院。'
 '人家上的麻省理工大学[大笑]'
 '娱乐圈里女明星的化妆师'
 '最年轻的骗子，还是集团作案，后面跟着一批团队集体行骗。'
 '无知限制了它们的想象力'
 '你说对了，中国确实有麻城理工学院，简称就是MIT。让山东莱阳市赶快联系MIT
'官方不是一直都这样吗'
 '作为一个政府部门，这样就太不负责任了，媒体大V什么的瞎编也就算了'
 '我艸，都是名校啊，合影，幸甚'
 '还是层次太低。建议你去读一读量子佛学，真的有这本书的哟。'
 '变态教育系统全是骗子骗钱'
 '伟稳靠的可不是嘴炮'
何來的簽約
 '中国没一个真的。 吹牛逼时候DF系列世界第一，精度第一，射程第一。。。。需要保命时候毫不犹豫买毛子的S400.。 丫军费养的就是 群🐷'
 '全世界最早最伟大的宣传部长是戈博士吧'
 '你小子早晚能成大气候
 '丫才不怕疼呢！'
 '叫麻省理工的书记过来，你们学校还想不想活了！'
 '所有东西都是假的，导致社会对造假没有任何羞耻感'
 '吹大了'
 '豫章学院发来贺电'
 '只会让外国人越来越鄙视瞧不起中国人'
 '哈哈😄'
 '所以如果你相信官方说法，你就是猪'
 '又一个孩子要被毁'
 '这帮孙子一直都是这副嘴脸'
 '是它们，记准了哥们。'
 '可以啊租个旧厂房挂个牌子'
 '宣传布一直都是战五渣！'
'这个新闻不能提镭风……不然都删'
 '真他妈是丢人丢到国外去了！！'
 '大家理解錯了，是14歲神童覺得麻省理工沒有國內好，不去了[捱揍][捱揍][捱揍]'
 '去你的家里屯大学吧!Sb东西，恶心人。'
 'MIT回应这个干什么？不该理会！'
'好玩儿吗😄'
 '学院根本不需要你[狗]'
 '打脸'
 '追责'
 '维文还真不是靠嘴炮'
 '造谣传谣不坐牢吗？'
 '人有多大胆，地有多大产！看来这亩地中到了国外，也算是与时俱进了！哈哈！'
 '所以就知道真假了吧，还有许多！也许它们从来就是宣传需要！'
 '麻省党校发来贺电'
 '恭候下闻！'
 '明明就是老外不配合，麻省理工领导要负责任！'
 '而且还是搞教育的官方。。。'
 '麻省是全球的，畜生是它们独有的，凭什么给它面子？'
 '现在不是60年代宣传累疯了
 '亩产万斤'
 '能说得出亩产万斤的媒体 就算有一天跟我说成功登陆太阳 我也不觉得奇怪 考上麻省这事也就不足为奇了 当人人都知道它在吹牛逼 还不知道悔改继续一本正经地吹牛逼的时候 就表示那个人已经做好了干一切坏事的准备了'
 '不如各地捐建一家哈尔滨佛学院吧，以后圆不了就说被这家录取了。不然在山东原地建一家耶鲁大学也行，反正山东就是鲁'
 '注意错别字，是它们。'
 '别伤害了孩子，停停吧'
 '齐鲁腐败，全国罕见！'
 '任大炮说得对'
'当年各种这样的造假！现在网络时代了地方政府依然保持着造假习惯！'
 '这你也信？云计算平台，世界上那么多顶级科学家专家近些年才因为科技进步，硬件跟上才有这能力搞出来，他8岁就搞出来，那么多天才科学家不是要羞愧的自杀？！'
'这脸啊  怎么啪啪啪的响  你以为人家是麻城理工学院啊'
 '我老家麻城的，哪里还真有个理工学院'
 '唉 为当地的相关部门和领导感到恶心 都是些什么人'
 '搞笑'
 '对于边界之战，你们地球人，压根还没有玩过，呵呵，，，，，，，，，，，，，，而且你们连全民大学都要张网吧做值，低下得可怜，，，，，，，，，，，，，'
 '在職嗵吃本硕博#易如反掌的唯有工行易会満#'
 '四川理工？🐱'
 '人家不会有宣传炒作的需要。。'
 '不明白你们这些看热闹的，签约个麻省理工有什么问题吗，上海街头有好几家店，我还去吃过。常年门上都贴有招聘信息。不信的自己去大众点评搜搜看'
 '亩产万斤
 '宣传需要到底是个什么意思？'
 '人家说的就是麻城理工大学，是我们听岔了'
 '对于这几十年，只能用一个词:罄竹难书！人生，能有几个几十年？？而我们，生不逢时！！'
'山东特色，就出这样的怪物，林子大了，什么鸟都有！'
 '还是克莱登大学比较靠谱些，毕竟货真价实在国外。'
 '丢人丢到国外了，不过没什么，诺贝尔奖都可以造假这点事小儿科'
 '[大笑]丢人丢到美帝了'
 '麻省吓尿了，美国惊呆了'
 '请你自重不要一而再再而三的侮辱狗。'
 '鲁吹一号，牛皮吹爆，为了宣传，胡编乱造。'
 '官僚作风'
 '那帮鳖孙从上到下一个卵样！'
直到10月12日我请来中大医院邱海波副院长会诊，他们才给我爸做了增强CT。我请邱海波來会诊的目的就是想是推动他们积极治疗。他问我请邱海波來解決什么问題，我说是救我爸命。增加CT，确诊病情，肝静脉血管破裂，血液冲入腹腔继发感染。如果立即做介入止血，我爸爸不会走的。'
 '不好意思，麻城本来就有理工。[鄙视][鄙视][鄙视]'
 '简单沒下限，'
 '我觉得他说的所有点都成功了呀，成立了，崛起了，发家了，稳定了，发展了，治理也不错。哪点不行呢，没看出来'
 '这邮件英语水平是小学生写的吧'
 'MIT：别把我们说得跟清华北大似的。'
 '媒体这样也就算了，连政府部门都这样，着实让人觉得...'
 '哈佛科技大学我笑了'
 '那个00后CEO 都是长得胖胖的看上去有点傻 都拿互联网来诈骗'
 '丢人丢到国外'
 '同样持进化论大脑进化程度相同人类，你们为何达到甚至于到是低1等的发展中国家的低1等国家群全体部人类中的中这人群呢？？？？？？？？？？======================基于是什么理论，道来听听，为何低下1等？工程学的全休认知？人文学的全体无赖何？政经的团火主义？开拓进如美国老子有全人类的大学人文环与理念？？？？？？？？？？？？？？？？？？？？？？？？？？？？？？？------------------------我的问号有点多，那显然是反问的，比如全民大学，于中这样基础工业完成的国家，是显然可以开办全民大学的，，，，，，为不不开？？？？？？？？？？？？？？？顶[0]踩[0
'这样的造新闻，不应追责吗！丢人到了国外了！😪😪😪'
 '教育部文化部宣传部全是骗子骗钱
 '他们还怕丢人？他们就是丢人丢大的。
 '上梁不正下梁歪！！！！'
 '莱阳牛又飞了'
 '不过都没有我写得好，我不会广告的，我写的是开篇是人类编造理论中，爱因斯坦与三国物理学，达尔文与三国人文分析'
 '真丢人啊！'
 '不要脸了？'
 '早稻田农大发来贺电'
 '小胖子演技挺好呀，估计会被北影提前录取'
 '这脸打得啪啪啪啊！
 '这个国家已经被他们糟蹋的成为真正的东亚病夫了。'
 '脸疼吗？
 '🔫'
 '教育局丑不丑？'
 '莱阳教体局在忽悠幼儿园的小孩吧？要么莱阳教体局的人晒脑残吧？造假的水平也太差，漏洞百出！也可能莱阳的教师水平太差，招不到好学生，才出了歪门邪道的假东西！'
 '在所谓的高大上之下，精彩真是无所不在。'
'前苏早就灭亡了'
 '这句话说的让我必须支持你！'
 '山东不有个德州么，德州大学靠谱，全称德克萨斯州立大学[狗]'
 '不是媒体是正儿八经的国家机构造谣！'
 '大手印子，在脸上真显眼'
 '还特么死不承认'
 '哈佛科技大学发来贺电。'
 '日本日人民大学共贺！
 '齐鲁大地从孔老二开始就是没本事但会吹，所以被捧为圣人！'
 '广西工学院女子收割精工专业发来接收函。'
'麻省一点也不给当地教体局领导面子，这脸打的啪啪的，疼不？'
 '看看，这帮狗比那有什么信用，从发家到现在，他们的狗德行一直就没变过 社会需要战争
 '这就是公务员吗？他们在干什么？'
 '造谣都造到国外了，咋办？'
还来得及'
 '麻省理工。什么玩意。老子这里的学生。随便秒你大中华。清华北大。在我麻省面前就是渣。[窃笑]不过麻省貌似真的没有中国人在读[疑问]'
 '越来越补药碧莲了！'
 '莱阳市教育局吗？你需要什么照片、什么邀请我给你邮寄过去[大笑][大笑][大笑]'
 '丢人丢到国外了'
 '你湖北黄冈麻城的吗？'
 '【支付宝邀你瓜分10亿现金红包啦！红包天天都能领，周五周六及双十二期间最高可达1212元】#吱口令#长按复制此消息，打开支付宝就能领取！BS5RZe182j'
 '大哥，德州最好的一个大学叫：德州学院。并不存在“德州大学”'
 '别侮辱麻省理工了'
 '这他妈就很尴尬了。
 '宾州大学也行 大不了说打错字 是滨州'
 '这孩子适合上加里敦大学'
 '一个什么都敢造假的时代，真他么幸福啊'
 '丢脸丢到姥姥家了'
 '麻省理工回应与山东14岁神童签约:不存在这情况'
 '😓😓
'长亭外，古道边，芳草天！'
 '也可以说哈佛吗，这到时候也好解释'
 '要政绩！呵呵！'
 '指着这帮教育局的搞好教育天大的笑话，开会、媚上都是好手'
 '这孩子不是在知乎被扒了吗？'
 '作死的节奏'
 '昨天澎湃新闻的推送看的这条新闻，当时就觉得牛逼啊，这父母得多光荣，今天就尼玛打脸了……'
 '都没有脸的'
 '打得这么响，还早逼脸吗？'
 '一点也不尴尬，二皮脸嘛'
 '诚信是核心价值观'
 '这脸真疼'
 '还麻省理工学院，还是麻子大学吧'
 '我发现最近这狗德行越来越厉害，是不是回光返照。'
 '又一个五道杠少年
 '无耻'
 '光有嘴炮能成？还有毛子爹呢！还有听话的仓呢！'
 '呵呵呵呵。不要脸。不过这才是你们。'
 '人家签的是麻省理工大学，你一个学院回应什么？！'
 '每天挨打都习惯了，不疼。'
 '麻城理工学校是真有的，一个中专学校，初中毕业去上这个中专，那刚好就圆回去了。'
 '斯坦福商业大学发来贺电'
 '虚假宣传'
 '越来越下贱，满清狗改不了吃屎。看看东北那群玩意'
 '就是，国内土鳖连宇宙第一麻省理工大学都没听说过[大笑]'
 '新英格兰不是一个省，是一个地区。
'又想搞运动。'
 '麻省的宣传部门一点儿不配合'
 '这些个狗东西真不要脸，利用公共资源宣传虚构的东西，为达到不可告人的目的，无耻到极点。'
 '这个官猿因宣传有功上吊了
 '被打脸了，抽的很疼……'
編假新聞也編得這麼沒水平...不過你確定不是麻省理功火鍋店找他簽約廣告代言?'
 '教育局里是不是网罗了全国的煞笔？'
 '[窃笑]烟台教育局下属单位捧出来的神童'
 '你还知道麻城呀，我们麻城确实有个理工学校，不过是中专    你是湖北的吧'
 '江苏省人民医院管理混乱，心脏科李春坚陶正贤icu李金海草菅人命。我爸爸因为房颤肺部感染胸闷住进医院，进去医院不拍片，不做心脏B超，在白细胞高的情况下，赶在国庆前给我爸爸做支架，术后第五天肝血管破裂，肺部积液有2升。心脏科没及时转入急诊外科做介入止血，最后我爸在icu就是输血输球蛋白，一共花去31万多元。我爸都快走了，省人医这时才把呼吸科心脏科外科介入科等科室的人一期请来会诊。我们要病历医院也是拖着不给，医患中心工作人员说，医院不会改病历，这是犯法的，这么大的医院，有的是钱赔。医者仁心，江蘇省人民醫院Icu的一帮人从主任到下面的医生除了几个医生，都是沒有人性。icu曹全主任跟中大医院邱海波院長的差距不仅仅是医术，更重要的是医德。刚进icu，病人家属说曹全他不管病人的病情，而是关心病床的使用率，赶人走。我还將信将疑。我爸爸10月6日中午转到哦icu
'人有多大胆[大笑]'
'土包子开花都这样，农民后代'
 '都让开 加里蹲大学早就已经录取他了
 '建议莱阳教体局联系麻省教育厅，处分MIT的院长和书记。'
 '你说尼玛呢！？不要个碧莲！'
 '我感觉这个国家什么神奇的事情都有可能发生。
 '麻城？是“让子弹飞一会儿”里面的那个麻城？那里没有教书育人的，只有“麻匪”吧😂'
 '人家签约的是麻省理工大学，你一个理工学院是什么鬼？本三私立的吧？😲'
 '一直无耻，从未改变'
 '占茅坑不拉屎'
 '麻城理工学院，哈哈。。。'
 'MIT秋季EDEA 11月才截止…你10月份就录取了？？牛b'
 '这下牛逼吹爆了吧！哈哈😄😄😄'
 '这孩子要被毁'
 '这都什么垃圾东西占据着公务员的位置啊？'
 '馆方[微笑]'
 '想骗培养神童经费，这次糊了。'
 '壮士们，虎气'
'我们这搓麻绳的都是大工不要小工'
 '双鸭山养殖技术学院发来贺电'
 '麻省聚集了全世界最顶尖的人才，真是神童你还没发现人家就已经带走了。'
'麻城理工大学'
 '哈尔滨剑桥学院（这学校是真的，在一家制药厂边上）'
 '哈哈哈哈哈'
'牛粪！'
 '其实可以说哈佛的，如果哈佛否认，就拉出哈尔滨佛学院出来顶缸，完美。。。'
 '啪啪啪打脸，媒体！你们的脸，你们的原则，你们的底线在哪里！！！'
 '纽伊斯特大学表示这是我的菜！'
 '又特么打脸了'
 '就是不能堂堂正正、光明磊落、顶天立地做人'
 '在中国，官方还有诚信可言吗？'
 '世界知名大学没有中国这样的传统，把教育搞得像一场交易。'
 '比如石油巨人、做好事不留名。'
 '那西点军校也得回应一下学雷锋的事儿啊'
 '把脸伸过来，啪啪啪'
 '关于人类能获得的共知表达是随便人类的认知而增长的，比如全民大学，分田地、人权，选举等等，'
 '只见神棍，不见神童。'
 '吹牛吹到直接把人家国外大学的录取流程都改了。他们可能以为人家都像他们一样没点底线的。'
 '这多不和谐'
 '麻省一点也不给当地教体局领导面子，这脸打的啪啪的，疼不？'
 '人家西点军校挂雷锋照片是不是也是宣传需要？'
 '这其实真的不是个事，明明查一下就能辨别的事情，为什么当地教育局这么敢明目张胆说瞎话？这种行为不让人感觉恐怖吗？'
 '看看，这帮狗比那有什么信用，从发家到现在，他们的狗德行一直就没变过'
 '你们政治不正确啊，凭什么中国14岁学生就不能签外国大学？你们是在抹黑中国学生，是不爱国，是勾结敌对势力'
 '国人的信用真是没话可说'
 '14岁就会这么忽悠，前途无量啊。'
 '狗屁'
 '玛拉屎学院发来贺电.
 '五道杠少年？'
 '刚才有篇说真的 现在不存在'
 '??????????????????????????????????????????????????????????????????????????????????'
 '要不要脸哦，这样的人竟然在教育系统.........悲哀啊！'
 '围城啊？
 '记者要不要这么敬业查到麻省理工去了！死磕到底啊'
 '麻省为什么给你们面子a\u2006c'
 '[窃笑][窃笑][窃笑]'
 '这种故事以前编了好多，时代变了，编故事还是老思维，不行啊。'
 '之前承认的媒体呢  出来洗地了'
 '家长要天才，领导要典型，臭味相投一拍即合'
 '哈哈'
 '哈佛，麻省，可不是国内大学，搞什么神童，什么少年班'
 '太特么机智了，就缺你这样的人才，明天来上班！[大笑]'</comments><comments_num>12199</comments_num><comments_result>[0]'这三个至少都有宣传的成分'
[1]'齐鲁晚报的也能信？'
[-2]'臭不要脸'
[1]'一群沙币领导！看着就好笑'
[0]'mit與一個人簽約
[-1]'我觉得还是麻痹理工大学比较靠谱'
[-1.5]'这特么不是申请信吗，那个字说他被录取了？领导的知识就那么浅薄么？啧啧啧，内幕深啊。。。'
[1]'麻绳理工大学政治教育学院表示愿意录取
[0]'要不你说被克莱顿大学录取大家更信！'
[-4.0]'教育局带头作假，在教育上作假是非常恶劣的，这样也能没事？'
[0]'啪啪啪---啪啪啪---啪啪啪啪啪啪啪啪'
[0]'四川理工学院吧，四川可以算个麻将之省，简称麻省。'
[2]'没有地狱的意思。特别山东这个宣传需要把山东人好面子的性格体现的淋漓尽致。'
[0]'人间四月天，麻城看杜鹃。'
[0]'麻城理工大学'
[-1]'不用出钱，有一个麻城理工[不屑]'
[1]'这可咋办'
[0]'打脸啪啪啪'
[0]'这脸打得啪啪响啊！
[1]'加利墩大学发来贺电'
[0]'着实让人心寒 连官方都这样'
[-1]'上一篇文章不是信誓旦旦说是真的吗'
[0]'我是哥伦比亚社会主义学院毕业的，我有骄傲过吗？'
[4.0]'这神童最适合读档效，天生就有光荣传统'
[-1]'你是1坨原始的生物机器人，这里定语，即你无越过你自过你自身的脑物质，远不如新神的机器狗'
[-4]'当地领导觉得你们找不到MIT，他们估计领电脑都不会用，在他们的年代，连文武斗都是靠吹牛逼'
[-1]'说得跟真的一样'
[-1]'丢人的玩意'
[-1]'宣传等于浮夸'
[-2]'围城的时代背景是上个世纪30年代。80多年后的现在，居然还有方鸿渐。'
[0]'它们迟早要完蛋'
[1]'大师专家教授院士科学家全是骗子骗钱'
[2]'一帮无知的没文化蠢货罢了，还要格文化呢，哈哈哈'
[-3.0]'教体部门跟着说谎，太丢脸'
[-2.5]'往前三十年，吹这牛没准大家信了，现在互联网时代造这样的假，简直脑残'
[0]'跟贴被火星网友带走啦~'
[0]'麻城有职业技术学院！14岁确实可以上的……'
[0]'性生活估计它们也只能用嘴炮，一个个太监样基本上阳痿的命。'
[0]'難道他走關係了？'
[-3.5]'这不是造谣吗，还宣传你大爷'
[1]'现在北大清华都不吃香。干脆签约克莱登大学，当方鸿渐的学弟'
[0]'麻省是山东省隔壁的省吧
[-2]'过几天看看🇺🇸麻省理工邮寄的材料是否丢失了不就知道了[大笑]'
[1]'真有神童？'
[-1]'干nmb'
[2]'哈尔滨佛学院来函表示愿意录取这位神童'
[2.5]'卧槽……前几天我还对这个孩子佩服得五体投地，万万没想到官方居然能明目张胆虾扯蛋
[-1]又不是教職工
[-3]'长得一脸弱智样！'
[0]'媚上欺下，郭将不郭'
[-4]'MIT表示再牛逼有屁用，都得按劳资的程序啦，劳资从不走后门，不按规矩办事就去我隔壁上学去，别进劳资大门'
[-1]'我现在才回过味来 恨来网易太迟'
[-1]'校长教育局长全是骗子骗钱'
[-2]'要不哪来的这大好河山 ？'
[2]'信用能当饭吃吗？'
[-4]'山东骗子多，人傻钱多啊！'
[-2.5]'越是穷地方，越出怪物'
[0]'这脸胡子，14岁'
[4.2]'N年前自己觉得当“不明真相”的群众还有点犹豫彷徨的话。。。。。现在觉得是绝对是个光荣！！！'
[0]'以前 西点军校的校长也出来辟谣过'
[-3]'一个小骗子，一群老骗子，跟一群傻子的故事'
[-2]'没脸疼个毛？'
[0]'中国又一次打了美国的脸'
[-3]'一群蠢货！'
[1]'自己捧出来的“神童”，含着泪也得捧下去，哪怕是咬着屎橛子头不松口！'
[-1]'就是吹牛逼'
[0]'领导:孩子啊，麻城你不想去也得去了'
[1]'哈尔滨佛教大学发来贺电'
[0]'这政府教育部门，真是被打脸啊！
[0]'签到'
[3]'维 文它可是心狠手辣，错杀一千，也不错过一个！'
[-2]'无利不起早，猫腻多多
[1]'对，至少先挂一牌子'
[-2]'几十年如一日的瞎话，它们的嘴脸……'
[1]'什么，麻省你们都能联系上，我特么以为没人会去核对'
[-1]'你🉐️说当地官员要脸不'
[0]'唉，资本主义国家就是不会办事，这个场也不帮着圆一下
[0]'脑残玩意'
[-2.5]'山东这些官员简直臭不要脸!羞死人了还不辞职滚回家种地。'
[-1]'你怎么就不懂四楼的幽默呢。'
[0]'sksksk'
[0]'环球还转发了呢。'
[1]'其实签他的是山东蓝翔'
[4]'麻省的天才街上拿块石头丢出去能砸到几十个，会缺个小孩？'
[1]'想想还有多少真才实干的钱学森回来'
[-2]'麻省理工需要回应么？不理就行了！'
[-2]'不好意思，打错字，是麻痹理工'
[-1]'标点符号都不信.'
[3]'波士顿牛校之一必然不吊你，查尔斯河对面哈佛、这边波士顿大学连着mit完了去纽约路上耶鲁，麻省全是好大学，新英格兰不是白叫的，逼格最高的省份。'
[0]'？？？？？？？？？？？？？？？？？？？？？？？？？？？？？？？？？？？？？？？？？？？？？？'
[2]'至少大家都知道你了，宣传的不错嘛'
[0]'这种事要纪检来'
[0]'山东，呵呵'
[1]'成立靠嘴炮、崛起靠嘴炮、发家靠嘴炮、维 文考嘴炮、发展靠嘴炮、治理靠嘴炮。老铁，这没毛病！哈哈'
[0]'哈哈😄😄厉害👍👍
[0]'北大青鸟，清华紫光'
[-1]'牛逼是吹的'
[0]'为了所谓“宣传需要”，简直滑天下之大稽！丢人丢倒麻省理工了！'
[0]'这长得跟河南那个还很像'
[0]'？？？？？？？？？？？？？？？？？？？？？？？？'
[-1]'我想起了龙珠。。妈的生的崽一下把各种boss爆出翔'
[-1]'一脸土逼屌丝样，还编程，我看你特码死循环都不会'
[0]'教体局这是为了啥啊'
[-1]'狗比们的日常，它们说的话，你连标点符号都不信就对了'
[0]'哈哈哈哈'
[-1.5]'不明白你们，签约个麻省理工有什么问题吗，上海街头有好几家店，我还去吃过。常年门上都贴有招聘信息。不信的自己去大众点评搜搜看'
[1]'蓝翔妓院发来贺电'
[0]'从上到下吹牛吹习惯了'
[0]'丢人大了！'
[0.5]'为了证明自己永远伟大正确，无所不用，都什么年代了还没从前苏联思想中走出来'
[0]'会不会又是一个华南虎事件。'
[-2]'麻省的校长怎么也得部级干部了，局长算个毛，不给脸正常'
[1]'MIT也是看了CCAV后才知道自己被签约了[窃笑]'
[-9.5]'太奇葩太丢人太恶劣  发这样的消息的人和单位领导都应该开除
[-1]'造谣且情节特别恶劣引起社会强烈反响的可以判几年'
[2]'鲁国现神童，  被吹样样懂。  谁料遭打脸，  原来是胡弄。
[-1]'哈哈不知道以前有多少宣传需要的'
[-7]'傻逼！！！'
[-1]'改，没有办法改，再改又回到袁大头那里了，哈哈哈'
[-3.2]'觀猿都是些什么东西！'
[0]'呵呵'
[-1]'真是特么不要脸'
[-3]'不是说了吗 是麻省理工大学录取的不是学院[窃笑]
[1]'麻省理工回应与山东14岁神童签约:不存在这情况
[2]'说白了，我写的是填权小说，人类文明中心说理'
[3]'我就喜欢看骗子被扒个精光的感觉！'
[0]'鲁吹一号后继有人'
[-1]'麻绳又不是野鸡大学'
[1]'堵眼的。变烤猪的。被汽车拍成屎的。哪一个是真的？全是宣传需要。
[1]'别丢人了'
[1]'山东莱阳教体局回应14岁神童跟麻省理工签约：真的
[2]'山东省莱阳市第二实验中学在校李姓学生，6岁自主设计了一键式关闭学校电脑的程序；8岁自主研发了云计算平台；13岁注册成立“莱阳喔普云计算有限公司”并研发了一款3D扫描仪。十三岁可以注册公司吗？法人是谁？'
[0]'北大青鸟'
[1]'都是麻省，一个是理工大学，一个是理工学院，一个野鸡，一个瑰宝，你懂就好'
[1]'假新闻也搞大了'
[-1]'你意思南京大屠杀也有疑问了？别为了喷而喷，找点现在的才能显得你厉害'
[-1]'一个骗子的社会'
[-3.5]'把脸打肿了还硬撑着可悲！'
[0]'从他们诞生就开始宣传了……让我笑会儿……'
[-1]'哈哈，论嘴炮网易民主精英说第二，谁敢说第一，起码我就不服。还是网易民主精英厉害！！'
[-2]'一天连续反复了6次'
[0]'这是什么东东？'
[0]'看那天才，得上麻绳理工大学'
[-1]'不是媒体………'
[1]'也不想想雇佣童工是什么后果'
[0]'一群狗比玩意！！'
[-2]'更正，应该是，居然还有，韩学愈。高调炫耀着他们的非正常取得的或真或假的文凭。'
[0]'兄弟们注册一个，大家现在开始投，一千算一股，多拿多得'
[0]'有才！麻省理工该录取你啊！'
[2]'他们很多字不让显示，是不是要网吧日麻B，问题是张网吧讲人权，：日不着是张风定义：==============================那么你们其他网是不是去日了呢？？？？？？？？？？？？？？？？？？？？？？？？？？？？？？？？？？？？？'
[-3]'又是一相情愿不要脸！'
[0]'这是政绩啊，你们不懂'
[-1]'对，不是麻省理工学院。大学的地址、资料什么的，你们就别问了，说了你们也不懂。'
[0]'加州理工大学同贺'
[0]'要点脸不'
[-1]'跟日美尿，一个德性'
[1]'地利干学院发来贺电'
[0]'哈佛靠谱，全称“哈尔滨佛学院”
[2]'教体局要放卫星，领导要捞政绩吗？？？'
[0]'哈尔滨佛学院。。。。。。'
[-1]'殡仪馆的化妆间。'
[-2]'全靠谎言和欺骗苟延残喘'
[-3]'那牛逼吹上天，摔下来不成牛吊了！'
[0]'所以，404的好处就这样了，关起门来随便忽悠'
[1]'这种神童的故事以前经常编。'
[-7.7]'你说签约德州大学还靠谱点。这样即使人家质疑了，实在圆不了，你就说是我们山东也有德州啊？我们没说德克萨斯啊。这个麻省有点麻烦，中国各省包括简称没有“麻”。实在不行给你指个路，武汉旁边有个麻城，想想辙，你们出钱，办个麻城理工学院。'
[1]'人家上的麻省理工大学[大笑]'
[0]'娱乐圈里女明星的化妆师'
[-3.0]'最年轻的骗子，还是集团作案，后面跟着一批团队集体行骗。'
[-2]'无知限制了它们的想象力'
[0]'你说对了，中国确实有麻城理工学院，简称就是MIT。让山东莱阳市赶快联系MIT
[-1]'官方不是一直都这样吗'
[-2.0]'作为一个政府部门，这样就太不负责任了，媒体大V什么的瞎编也就算了'
[0]'我艸，都是名校啊，合影，幸甚'
[0]'还是层次太低。建议你去读一读量子佛学，真的有这本书的哟。'
[-1]'变态教育系统全是骗子骗钱'
[0]'伟稳靠的可不是嘴炮'
[0]何來的簽約
[0]'中国没一个真的。 吹牛逼时候DF系列世界第一，精度第一，射程第一。。。。需要保命时候毫不犹豫买毛子的S400.。 丫军费养的就是 群🐷'
[2.0]'全世界最早最伟大的宣传部长是戈博士吧'
[2]'你小子早晚能成大气候
[4]'丫才不怕疼呢！'
[4.5]'叫麻省理工的书记过来，你们学校还想不想活了！'
[-3]'所有东西都是假的，导致社会对造假没有任何羞耻感'
[0]'吹大了'
[1]'豫章学院发来贺电'
[-2.5]'只会让外国人越来越鄙视瞧不起中国人'
[1]'哈哈😄'
[1]'所以如果你相信官方说法，你就是猪'
[1]'又一个孩子要被毁'
[-1]'这帮孙子一直都是这副嘴脸'
[0]'是它们，记准了哥们。'
[0]'可以啊租个旧厂房挂个牌子'
[0]'宣传布一直都是战五渣！'
[-1]'这个新闻不能提镭风……不然都删'
[3]'真他妈是丢人丢到国外去了！！'
[3]'大家理解錯了，是14歲神童覺得麻省理工沒有國內好，不去了[捱揍][捱揍][捱揍]'
[-2]'去你的家里屯大学吧!Sb东西，恶心人。'
[3]'MIT回应这个干什么？不该理会！'
[1]'好玩儿吗😄'
[-2]'学院根本不需要你[狗]'
[0]'打脸'
[0]'追责'
[0.5]'维文还真不是靠嘴炮'
[-1]'造谣传谣不坐牢吗？'
[6.8]'人有多大胆，地有多大产！看来这亩地中到了国外，也算是与时俱进了！哈哈！'
[4]'所以就知道真假了吧，还有许多！也许它们从来就是宣传需要！'
[1]'麻省党校发来贺电'
[3]'恭候下闻！'
[2]'明明就是老外不配合，麻省理工领导要负责任！'
[0]'而且还是搞教育的官方。。。'
[0]'麻省是全球的，畜生是它们独有的，凭什么给它面子？'
[-1]'现在不是60年代宣传累疯了
[0]'亩产万斤'
[-0.5]'能说得出亩产万斤的媒体 就算有一天跟我说成功登陆太阳 我也不觉得奇怪 考上麻省这事也就不足为奇了 当人人都知道它在吹牛逼 还不知道悔改继续一本正经地吹牛逼的时候 就表示那个人已经做好了干一切坏事的准备了'
[-3]'不如各地捐建一家哈尔滨佛学院吧，以后圆不了就说被这家录取了。不然在山东原地建一家耶鲁大学也行，反正山东就是鲁'
[0]'注意错别字，是它们。'
[1]'别伤害了孩子，停停吧'
[2]'齐鲁腐败，全国罕见！'
[0]'任大炮说得对'
[-0.5]'当年各种这样的造假！现在网络时代了地方政府依然保持着造假习惯！'
[3.2]'这你也信？云计算平台，世界上那么多顶级科学家专家近些年才因为科技进步，硬件跟上才有这能力搞出来，他8岁就搞出来，那么多天才科学家不是要羞愧的自杀？！'
[0]'这脸啊  怎么啪啪啪的响  你以为人家是麻城理工学院啊'
[1.5]'我老家麻城的，哪里还真有个理工学院'
[0]'唉 为当地的相关部门和领导感到恶心 都是些什么人'
[0]'搞笑'
[-2.5]'对于边界之战，你们地球人，压根还没有玩过，呵呵，，，，，，，，，，，，，，而且你们连全民大学都要张网吧做值，低下得可怜，，，，，，，，，，，，，'
[1]'在職嗵吃本硕博易如反掌的唯有工行易会満'
[0]'四川理工？🐱'
[0]'人家不会有宣传炒作的需要。。'
[-1.5]'不明白你们这些看热闹的，签约个麻省理工有什么问题吗，上海街头有好几家店，我还去吃过。常年门上都贴有招聘信息。不信的自己去大众点评搜搜看'
[0]'亩产万斤
[1]'宣传需要到底是个什么意思？'
[-1]'人家说的就是麻城理工大学，是我们听岔了'
[-2]'对于这几十年，只能用一个词:罄竹难书！人生，能有几个几十年？？而我们，生不逢时！！'
[0.5]'山东特色，就出这样的怪物，林子大了，什么鸟都有！'
[1]'还是克莱登大学比较靠谱些，毕竟货真价实在国外。'
[-2]'丢人丢到国外了，不过没什么，诺贝尔奖都可以造假这点事小儿科'
[0]'[大笑]丢人丢到美帝了'
[-1]'麻省吓尿了，美国惊呆了'
[-1]'请你自重不要一而再再而三的侮辱狗。'
[0]'鲁吹一号，牛皮吹爆，为了宣传，胡编乱造。'
[0]'官僚作风'
[0]'那帮鳖孙从上到下一个卵样！'
[2]直到10月12日我请来中大医院邱海波副院长会诊，他们才给我爸做了增强CT。我请邱海波來会诊的目的就是想是推动他们积极治疗。他问我请邱海波來解決什么问題，我说是救我爸命。增加CT，确诊病情，肝静脉血管破裂，血液冲入腹腔继发感染。如果立即做介入止血，我爸爸不会走的。'
[-4]'不好意思，麻城本来就有理工。[鄙视][鄙视][鄙视]'
[1]'简单沒下限，'
[2]'我觉得他说的所有点都成功了呀，成立了，崛起了，发家了，稳定了，发展了，治理也不错。哪点不行呢，没看出来'
[0]'这邮件英语水平是小学生写的吧'
[1]'MIT：别把我们说得跟清华北大似的。'
[1]'媒体这样也就算了，连政府部门都这样，着实让人觉得...'
[0]'哈佛科技大学我笑了'
[-2.2]'那个00后CEO 都是长得胖胖的看上去有点傻 都拿互联网来诈骗'
[0]'丢人丢到国外'
[6.0]'同样持进化论大脑进化程度相同人类，你们为何达到甚至于到是低1等的发展中国家的低1等国家群全体部人类中的中这人群呢？？？？？？？？？？======================基于是什么理论，道来听听，为何低下1等？工程学的全休认知？人文学的全体无赖何？政经的团火主义？开拓进如美国老子有全人类的大学人文环与理念？？？？？？？？？？？？？？？？？？？？？？？？？？？？？？？------------------------我的问号有点多，那显然是反问的，比如全民大学，于中这样基础工业完成的国家，是显然可以开办全民大学的，，，，，，为不不开？？？？？？？？？？？？？？？顶[0]踩[0
[2]'这样的造新闻，不应追责吗！丢人到了国外了！😪😪😪'
[-1]'教育部文化部宣传部全是骗子骗钱
[-3.5]'他们还怕丢人？他们就是丢人丢大的。
[-9]'上梁不正下梁歪！！！！'
[-1]'莱阳牛又飞了'
[-0.8]'不过都没有我写得好，我不会广告的，我写的是开篇是人类编造理论中，爱因斯坦与三国物理学，达尔文与三国人文分析'
[-2]'真丢人啊！'
[-1]'不要脸了？'
[1]'早稻田农大发来贺电'
[2.4]'小胖子演技挺好呀，估计会被北影提前录取'
[0]'这脸打得啪啪啪啊！
[0]'这个国家已经被他们糟蹋的成为真正的东亚病夫了。'
[0]'脸疼吗？
[0]'🔫'
[0]'教育局丑不丑？'
[-11.0]'莱阳教体局在忽悠幼儿园的小孩吧？要么莱阳教体局的人晒脑残吧？造假的水平也太差，漏洞百出！也可能莱阳的教师水平太差，招不到好学生，才出了歪门邪道的假东西！'
[1]'在所谓的高大上之下，精彩真是无所不在。'
[-1]'前苏早就灭亡了'
[3]'这句话说的让我必须支持你！'
[0]'山东不有个德州么，德州大学靠谱，全称德克萨斯州立大学[狗]'
[-4]'不是媒体是正儿八经的国家机构造谣！'
[1]'大手印子，在脸上真显眼'
[0]'还特么死不承认'
[1]'哈佛科技大学发来贺电。'
[0]'日本日人民大学共贺！
[3]'齐鲁大地从孔老二开始就是没本事但会吹，所以被捧为圣人！'
[0]'广西工学院女子收割精工专业发来接收函。'
[1]'麻省一点也不给当地教体局领导面子，这脸打的啪啪的，疼不？'
[1]'看看，这帮狗比那有什么信用，从发家到现在，他们的狗德行一直就没变过 社会需要战争
[0]'这就是公务员吗？他们在干什么？'
[-1]'造谣都造到国外了，咋办？'
[0]还来得及'
[-2.8]'麻省理工。什么玩意。老子这里的学生。随便秒你大中华。清华北大。在我麻省面前就是渣。[窃笑]不过麻省貌似真的没有中国人在读[疑问]'
[0]'越来越补药碧莲了！'
[4]'莱阳市教育局吗？你需要什么照片、什么邀请我给你邮寄过去[大笑][大笑][大笑]'
[0]'丢人丢到国外了'
[0]'你湖北黄冈麻城的吗？'
[2]'【支付宝邀你瓜分10亿现金红包啦！红包天天都能领，周五周六及双十二期间最高可达1212元】吱口令长按复制此消息，打开支付宝就能领取！BS5RZe182j'
[1]'大哥，德州最好的一个大学叫：德州学院。并不存在“德州大学”'
[1]'别侮辱麻省理工了'
[-1.8]'这他妈就很尴尬了。
[-0.5]'宾州大学也行 大不了说打错字 是滨州'
[2]'这孩子适合上加里敦大学'
[2]'一个什么都敢造假的时代，真他么幸福啊'
[0]'丢脸丢到姥姥家了'
[1]'麻省理工回应与山东14岁神童签约:不存在这情况'
[0]'😓😓
[0]'长亭外，古道边，芳草天！'
[-1]'也可以说哈佛吗，这到时候也好解释'
[3]'要政绩！呵呵！'
[1]'指着这帮教育局的搞好教育天大的笑话，开会、媚上都是好手'
[-1]'这孩子不是在知乎被扒了吗？'
[-1]'作死的节奏'
[1.8]'昨天澎湃新闻的推送看的这条新闻，当时就觉得牛逼啊，这父母得多光荣，今天就尼玛打脸了……'
[-1]'都没有脸的'
[0]'打得这么响，还早逼脸吗？'
[1.2]'一点也不尴尬，二皮脸嘛'
[1]'诚信是核心价值观'
[0]'这脸真疼'
[0]'还麻省理工学院，还是麻子大学吧'
[-3.0]'我发现最近这狗德行越来越厉害，是不是回光返照。'
[0]'又一个五道杠少年
[-1]'无耻'
[0]'光有嘴炮能成？还有毛子爹呢！还有听话的仓呢！'
[-1]'呵呵呵呵。不要脸。不过这才是你们。'
[0]'人家签的是麻省理工大学，你一个学院回应什么？！'
[0]'每天挨打都习惯了，不疼。'
[1]'麻城理工学校是真有的，一个中专学校，初中毕业去上这个中专，那刚好就圆回去了。'
[1]'斯坦福商业大学发来贺电'
[-1]'虚假宣传'
[-2.5]'越来越下贱，满清狗改不了吃屎。看看东北那群玩意'
[0]'就是，国内土鳖连宇宙第一麻省理工大学都没听说过[大笑]'
[-1]'新英格兰不是一个省，是一个地区。
[1]'又想搞运动。'
[-1.2]'麻省的宣传部门一点儿不配合'
[-5]'这些个狗东西真不要脸，利用公共资源宣传虚构的东西，为达到不可告人的目的，无耻到极点。'
[0]'这个官猿因宣传有功上吊了
[1.8]'被打脸了，抽的很疼……'
[-1]編假新聞也編得這麼沒水平...不過你確定不是麻省理功火鍋店找他簽約廣告代言?'
[0]'教育局里是不是网罗了全国的煞笔？'
[1]'[窃笑]烟台教育局下属单位捧出来的神童'
[1.5]'你还知道麻城呀，我们麻城确实有个理工学校，不过是中专    你是湖北的吧'
[-2.5]'江苏省人民医院管理混乱，心脏科李春坚陶正贤icu李金海草菅人命。我爸爸因为房颤肺部感染胸闷住进医院，进去医院不拍片，不做心脏B超，在白细胞高的情况下，赶在国庆前给我爸爸做支架，术后第五天肝血管破裂，肺部积液有2升。心脏科没及时转入急诊外科做介入止血，最后我爸在icu就是输血输球蛋白，一共花去31万多元。我爸都快走了，省人医这时才把呼吸科心脏科外科介入科等科室的人一期请来会诊。我们要病历医院也是拖着不给，医患中心工作人员说，医院不会改病历，这是犯法的，这么大的医院，有的是钱赔。医者仁心，江蘇省人民醫院Icu的一帮人从主任到下面的医生除了几个医生，都是沒有人性。icu曹全主任跟中大医院邱海波院長的差距不仅仅是医术，更重要的是医德。刚进icu，病人家属说曹全他不管病人的病情，而是关心病床的使用率，赶人走。我还將信将疑。我爸爸10月6日中午转到哦icu
[2.8]'人有多大胆[大笑]'
[-1]'土包子开花都这样，农民后代'
[0]'都让开 加里蹲大学早就已经录取他了
[1]'建议莱阳教体局联系麻省教育厅，处分MIT的院长和书记。'
[-6]'你说尼玛呢！？不要个碧莲！'
[1]'我感觉这个国家什么神奇的事情都有可能发生。
[-2]'麻城？是“让子弹飞一会儿”里面的那个麻城？那里没有教书育人的，只有“麻匪”吧😂'
[1]'人家签约的是麻省理工大学，你一个理工学院是什么鬼？本三私立的吧？😲'
[-1]'一直无耻，从未改变'
[1]'占茅坑不拉屎'
[1]'麻城理工学院，哈哈。。。'
[-1]'MIT秋季EDEA 11月才截止…你10月份就录取了？？牛b'
[-2]'这下牛逼吹爆了吧！哈哈😄😄😄'
[1]'这孩子要被毁'
[-3]'这都什么垃圾东西占据着公务员的位置啊？'
[0]'馆方[微笑]'
[1]'想骗培养神童经费，这次糊了。'
[1]'壮士们，虎气'
[-1]'我们这搓麻绳的都是大工不要小工'
[1]'双鸭山养殖技术学院发来贺电'
[4.0]'麻省聚集了全世界最顶尖的人才，真是神童你还没发现人家就已经带走了。'
[0]'麻城理工大学'
[0]'哈尔滨剑桥学院（这学校是真的，在一家制药厂边上）'
[1]'哈哈哈哈哈'
[0]'牛粪！'
[0]'其实可以说哈佛的，如果哈佛否认，就拉出哈尔滨佛学院出来顶缸，完美。。。'
[0]'啪啪啪打脸，媒体！你们的脸，你们的原则，你们的底线在哪里！！！'
[0]'纽伊斯特大学表示这是我的菜！'
[0]'又特么打脸了'
[2]'就是不能堂堂正正、光明磊落、顶天立地做人'
[0]'在中国，官方还有诚信可言吗？'
[2.0]'世界知名大学没有中国这样的传统，把教育搞得像一场交易。'
[1]'比如石油巨人、做好事不留名。'
[0]'那西点军校也得回应一下学雷锋的事儿啊'
[0]'把脸伸过来，啪啪啪'
[4]'关于人类能获得的共知表达是随便人类的认知而增长的，比如全民大学，分田地、人权，选举等等，'
[0]'只见神棍，不见神童。'
[1]'吹牛吹到直接把人家国外大学的录取流程都改了。他们可能以为人家都像他们一样没点底线的。'
[-1]'这多不和谐'
[1]'麻省一点也不给当地教体局领导面子，这脸打的啪啪的，疼不？'
[0]'人家西点军校挂雷锋照片是不是也是宣传需要？'
[3]'这其实真的不是个事，明明查一下就能辨别的事情，为什么当地教育局这么敢明目张胆说瞎话？这种行为不让人感觉恐怖吗？'
[1]'看看，这帮狗比那有什么信用，从发家到现在，他们的狗德行一直就没变过'
[-5]'你们政治不正确啊，凭什么中国14岁学生就不能签外国大学？你们是在抹黑中国学生，是不爱国，是勾结敌对势力'
[1]'国人的信用真是没话可说'
[0]'14岁就会这么忽悠，前途无量啊。'
[-1]'狗屁'
[0]'玛拉屎学院发来贺电.
[0]'五道杠少年？'
[0]'刚才有篇说真的 现在不存在'
[0]'??????????????????????????????????????????????????????????????????????????????????'
[-3.5]'要不要脸哦，这样的人竟然在教育系统.........悲哀啊！'
[-1]'围城啊？
[2]'记者要不要这么敬业查到麻省理工去了！死磕到底啊'
[0]'麻省为什么给你们面子a\u2006c'
[0]'[窃笑][窃笑][窃笑]'
[-2]'这种故事以前编了好多，时代变了，编故事还是老思维，不行啊。'
[1]'之前承认的媒体呢  出来洗地了'
[3]'家长要天才，领导要典型，臭味相投一拍即合'
[1]'哈哈'
[1]'哈佛，麻省，可不是国内大学，搞什么神童，什么少年班'
[2.5]'太特么机智了，就缺你这样的人才，明天来上班！[大笑]'</comments_result><comments_dict>text_pos_number:积极评论条数为 132 条，占全部评论比例的 %33.0
text_neg_number消极评论条数为 133 条，占全部评论比例的 %33.0
text_mid_number中性情感评论条数为 135 条，占全部评论比例的 %34.0
text_pos_mean平和
text_neg_mean愤怒
text_total_mean淡定
text_total_var情感波动很小</comments_dict></doc>