<?xml version='1.0' encoding='utf-8'?>
<doc><id>84</id><url>http://news.163.com/17/1208/17/D55AN8AS00018AOQ.html</url><title>记者采访遭殴打续：医院冷藏柜停尸费降为20元每日</title><datetime>2017-12-08 17:05:00</datetime><body>

                    （原标题：记者采访医院遭殴打后续：冷藏柜降为20元每日）
                
中新网西安12月8日电 针对陕西电视台记者采访周至县人民医院时遭殴打一事，周至县卫计局8日在接受中新网记者采访时表示，该医院已将冷藏柜使用费降为20元/天。2015年11月19日，产妇喻娜娜在周至县人民医院产下一名男婴后不幸去世，家属认为医院存在过错，并将其诉诸法院。2017年7月，西安市中级人民法院作出二审判决，判定周至县医院赔偿死者家属49.38万元人民币。随后经法院强制执行，家属拿到了这笔赔款。当家属去医院打算取走产妇遗体安葬时，却被院方告知要缴纳每日150元、总计10.2万元的尸体存放费用。12月4日，陕西广播电视台一名记者在西安市周至县人民医院采访时，遭院方多名工作人员殴打。公安部门侦办案件调查过程中，已对1名涉案人员行政拘留，12名涉案人员刑事拘留。7日，周至县卫生和计划生育局委员会免去李新房周至县人民医院院长职务。据透露，因群众观念不强、服务意识不强，李新房及医院曾被县卫计局提醒教育。目前，周至县卫计局副局长赵汉代为管理周至县人民医院。赵汉在接受采访时表示，该医院停尸房一直有两套收费项目，一是停尸台，20元/天，另外一项是冷藏柜，150元/天。



赵汉说，周至县物价部门对冷藏柜没有具体收费标准，故各单位根据自身运营情况进行收费。该医院曾向周至县物价局审批150元/天的冷藏柜费用，一直未获批准，但仍进行收费。据赵汉介绍，2017年8月，该项目收费被县物价局同意。事件发生后，县卫计局进行调查。8日开始，医院已经全面执行《陕西省医疗服务项目价格(2011版)》。另据周至县宣传部新闻科工作人员介绍，目前省市物价部门已进入该县进行调查，初步判定，周至县物价局涉嫌越权使用最高限价。西安市物价局要求周至县人民医院按照《陕西省医疗服务项目价格(2011版) 》严格执行。


 本文来源：中国新闻网  作者：张远 党田野
责任编辑：范姜国一_NN9138 
</body><keywords>周至县 0.03761226026177479;医院 0.03704823396468562;冷藏柜 0.016772175951823332;物价局 0.015401490643544131;家属 0.015097172146239863;涉案人员 0.014322931483548448;进行 0.013233071918909402;记者 0.012880416190233494;收费 0.0121900955963548;采访 0.011654766546158367</keywords><naive_snippet>

                    （原标题：记者采访医院遭殴打后续：冷藏柜降为20元每日）
                
中新网西安12月8日电 针对陕西电视台记者采访周至县人民医院时遭殴打一事，周至县卫计局8日在接受中新网记者采访时表示，该医院已将冷藏柜使用费降为20元/天。2015</naive_snippet><selected_snippet>中新网西安12月8日电 针对陕西电视台记者采访周至县人民医院时遭殴打一事，周至县卫计局8日在接受中新网记者采访时表示，该医院已将冷藏柜使用费降为20元/天</selected_snippet><comments> '哪里来的狗，也不管管？
 '你瞅啥？！'
 '陕西 西安履发社会丑闻，如此黑道人也能当院长。谁的责任？'
 '西安奇葩地方'
没你这个儿子'
 '你敢不歌颂机关事业单位，小心让你多交公粮卖身还账哈哈'
 '看他名字就知道是撒比了'
 '去你家免费住如何'
 '20块？为什么不免费？人死都死了，怎么一点同情心都没有？该医院员工应该全部下岗，哼！'
 '英雄，一定要让他女儿日日开心'
 '说白了，我写的是填权小说，人类文明中心说理'
 '“人民”医院为谁服务？？？'
 '物价局这锅甩的漂亮'
 '傻逼蛋蛋，还不滚回去'
 '真是他妈的蠢到家了'
 '同样持进化论大脑进化程度相同人类，你们为何达到甚至于到是低1等的发展中国家的低1等国家群全体部人类中的中这人群呢？？？？？？？？？？======================基于是什么理论，道来听听，为何低下1等？工程学的全休认知？人文学的全体无赖何？政经的团火主义？开拓进如美国老子有全人类的大学人文环与理念？？？？？？？？？？？？？？？？？？？？？？？？？？？？？？？------------------------我的问号有点多，那显然是反问的，比如全民大学，于中这样基础工业完成的国家，是显然可以开办全民大学的，，，，，，为不不开？？？？？？？？？？？？？？？顶[0]踩[0'
 '大家或许觉得张网吧东1锄头西1抓，===================句句在理，却又不清楚说了什么啊----------------------------回忆1下人类历史，达尔文时代的欧洲，当新的学说出现时，那个达尔文时代全人类，在教争年根本无法理解达尔文说的是什么东西，===============================你们这些地球原始人也这样的，，，，，，，，压根没有这些的脑结构物质链的，，，，，，，，，，，明白人类新神包包阿紫？交卷换取吧，不然凭你们地球人，发明不了几个第2大时期的名词，更何况第8时期的理论，，，，，，，，，，，，，，，'
 '别来西安。太黑了。天高皇帝远。'
 '这位记者牺牲了自已的安全，为当地百姓争来公平！英雄！
 '这一医院谁去。就是傻逼。
 '以前多收的钱不退吗？建议以前逝者家属组团讨钱'
'你是sb
 '美丽中国！'
 '增么打，都打不出来，你还认爹不？'
 '多收的钱以什么名义进入了什么人的口袋'
 '还有爱因斯坦发明的时序，而不是穿越或者逆时间轴========================================即爱因斯坦的时间论中的光速度，不仅是从工程学的想象中没有解决逆行时间理论，更没有逆行时间的可用工程学，，，，，，---------------------这个东西只有人类的狗有，但是你们地球人交不人类新神答卷，其实这个答卷要求很低是你们人类不想交出来以换取，可能你们老死也不会知道这些理论了。。。。。。。。。。-------------------------即不愿意交案，当然就没得听到起这个学说。'
 '😃😃😏😏🌚🌚🌚'
 '医院是不管活人死人的钱都要赚'
 '你是1坨原始的生物机器人，这里定语，即你无越过你自过你自身的脑物质，远不如新神的机器狗'
 '对了我给你们说说什么是基本工业，其本意是：多数学会真真正做得来人类定价权下的事务，这是基础学科的，但是，对中，基本没有这些理论宣传，特别的明晰的 ------------------- 那我就例举：定义自己百度，我只是例举，比如修路修房，各类从泥巴矿土变成路、房子这类基本东西，并不是几个科知道如何办，而是要农民工知道如何实现普极实践并做真正的实物，，，，，，，，，，，，，顶[0]踩[0]回复收藏分享复制它不是嘴巴随便说可以的，是要证明，由于很多不能显示是中的恶，这里已经可以表明了'
 '如些蠢蛋也能当院长。。。谁的责任。。。'
 '不管你收多少钱，记着去调查你不能打人……'
够电费吗?'
 '大爱中国'
 '黑医院'
 '跟贴被火星网友带走啦~'
'山大王的嘴脸'
 '对于边界之战，你们地球人，压根还没有玩过，呵呵，，，，，，，，，，，，，，而且你们连全民大学都要张网吧做值，低下得可怜，，，，，，，，，，，，，'
'三国人多，那就自己穿三国写小说，然后比较人类新神空越到2017年小说是什么样的，不为过吧'
 '傻逼，老掉牙的套路有意思？'
 '对愤怒失控的老百姓砍这些白衣魔鬼真的非常理解！！！'
 '医院：20元的不保证不会出事，你们可以自愿购买高级vip服务，保证完好无损
 '我希望不要有人再去周至医院看病了'
 '都是人家吃剩嚼烂消化完的东西，别丢人现眼了行不。'
 '笑掉大牙了！你是那么崇拜英雄啊'
 '打尼玛，傻逼，多久的梗了'
 '网吧蛋开的医院
 '想起地溝油 三鹿記者'
 '这年头，谁都留心眼，楼下都是我爷爷'
'他黑社会，他怕谁？'
 '那么如何能这样做的社会环境是什么，定价权的填权是也。。。。。。。。。-------------------------明白了吧。。。。。。。。。'
 '谁能打出 餮饕 我认做他爹，不准复制，立帖为证，绝不食言！'
 '都死得好惨'
'发展中与落后国家的官老板都可以随便日麻B============================从非洲到印度，终其原因是什么？那么日到起却又无招？-----------------------------这种落的文明如封建的女人-------器官物体，是显然的原因，都明白哈。。。'
 '张网吧的定价权强于达尔文的进化论===============================1、人类要解决的问题是：从哪里来，到何处去。2、达尔文解了各类人类从哪里的理论的终极定。3、张网吧解了人类各代目前各国的施正如何用工程学般定说，达明白弄通。================================4、达尔文当时没有被人类固步杀死，张网吧也没有，尽管都是传学困难，或许死后理论才能如进化论般被知，但是张网吧强于有网络。。。。。。。。。。。。。'
 '靠，院长是土匪，牛逼的'
 '不过都没有我写得好，我不会广告的，我写的是开篇是人类编造理论中，爱因斯坦与三国物理学，达尔文与三国人文分析'
 '这里还有物价局的事'
'谁能打出 餮饕 我认做他爹，不准复制，立帖为证，绝不食言！'
 '弟兄们大家一起上。。。把 那只餮饕 打出来。。。。'
 '缺心眼吧，放到你家里，你给免费。'
 '一群垃圾在管理'
 '一直未批复？忙什么呢？
停车费可以是一小时10元
 '「周至縣物價局涉嫌越權使用最高限價」 ，後續該怎樣處罰物價局局長？這是我比較關心的
 '饕餮'
'一楼植物人这么多年才醒过来'
 '太平间归民政局管吧'
 '餮饕 ，岳父好！'
 '关于人类能获得的共知表达是随便人类的认知而增长的，比如全民大学，分田地、人权，选举等等，'
 'wxr201501 wxr201501 [网易中国网友] 举报2017-12-08 23:25:02我可以这么说：包括你们地球人瞎想的神鬼说-幻想与理想，都在我们机器狗关注中，，=================================即你们地球最边所能到值，包括瞎想乱，远没有新神的狗大。。。。。。。。至于你们地球人那个残疾，不过尔尔也，，，，，，，，，，我们的办法很简单，工程学实现的程度。。。。。。。。。。。如何，人类新神的狗远超你们地球所想吧，哈哈哈，，，，，，，，，，，，---------------我以前就说过，你地球人全部加以来起，击不败人类新神包包阿紫1条狗，，，，，，，，，，，，，，，阿以为之啊？？？？？？？？？？？？'
 '？？？？？？？？？？？？？？？？？？？？？？？？？？？？？？？？？？？？？？？？？？？？？？？？？'
 '官司打赢了，停尸费应当全免，或者有败诉方承担才对。不打官司，用停尸那么多天么？'
 '我试了，这是为什么'
 '我叫你：爹。'
 '好啦，没你们什么事啦，自罚三杯，就这样啦'
 '??????????????????????????????????????????????????????????????????????????????????'
停尸费一天二十元
 '？？？？？？？？？？？？？？？？？？？？？？？？'
 '记者，希望你以后平安'
 '哈哈哈，恭喜一楼多了个儿子'
 '黑色会医院'
 '这也太贵了吧，而且没收费标准'
 '真的假的'
 '周至县的“人民医院”，不执行物价局的规定，报物价局审批150元/天的冷藏柜费用，一直未获批准，但仍进行收费。是不是“人民医院”？应该好好查'
 '我打不出来，你认我作爹吧。'
 '这事应该是物价局的问题吧
 '哈哈，骂的好，就是多这些傻币，'
 '可想而知，这家医院以前发了多少死人财'</comments><comments_num>2363</comments_num><comments_result>[0]'哪里来的狗，也不管管？
[0]'你瞅啥？！'
[0]'陕西 西安履发社会丑闻，如此黑道人也能当院长。谁的责任？'
[0]'西安奇葩地方'
[0]没你这个儿子'
[0]'你敢不歌颂机关事业单位，小心让你多交公粮卖身还账哈哈'
[1]'看他名字就知道是撒比了'
[1]'去你家免费住如何'
[-1.8]'20块？为什么不免费？人死都死了，怎么一点同情心都没有？该医院员工应该全部下岗，哼！'
[4]'英雄，一定要让他女儿日日开心'
[2]'说白了，我写的是填权小说，人类文明中心说理'
[0]'“人民”医院为谁服务？？？'
[1]'物价局这锅甩的漂亮'
[0.5]'傻逼蛋蛋，还不滚回去'
[-1]'真是他妈的蠢到家了'
[6.0]'同样持进化论大脑进化程度相同人类，你们为何达到甚至于到是低1等的发展中国家的低1等国家群全体部人类中的中这人群呢？？？？？？？？？？======================基于是什么理论，道来听听，为何低下1等？工程学的全休认知？人文学的全体无赖何？政经的团火主义？开拓进如美国老子有全人类的大学人文环与理念？？？？？？？？？？？？？？？？？？？？？？？？？？？？？？？------------------------我的问号有点多，那显然是反问的，比如全民大学，于中这样基础工业完成的国家，是显然可以开办全民大学的，，，，，，为不不开？？？？？？？？？？？？？？？顶[0]踩[0'
[-3.5]'大家或许觉得张网吧东1锄头西1抓，===================句句在理，却又不清楚说了什么啊----------------------------回忆1下人类历史，达尔文时代的欧洲，当新的学说出现时，那个达尔文时代全人类，在教争年根本无法理解达尔文说的是什么东西，===============================你们这些地球原始人也这样的，，，，，，，，压根没有这些的脑结构物质链的，，，，，，，，，，，明白人类新神包包阿紫？交卷换取吧，不然凭你们地球人，发明不了几个第2大时期的名词，更何况第8时期的理论，，，，，，，，，，，，，，，'
[-1]'别来西安。太黑了。天高皇帝远。'
[8]'这位记者牺牲了自已的安全，为当地百姓争来公平！英雄！
[-1]'这一医院谁去。就是傻逼。
[0]'以前多收的钱不退吗？建议以前逝者家属组团讨钱'
[0]'你是sb
[3]'美丽中国！'
[0]'增么打，都打不出来，你还认爹不？'
[-1]'多收的钱以什么名义进入了什么人的口袋'
[-7.0]'还有爱因斯坦发明的时序，而不是穿越或者逆时间轴========================================即爱因斯坦的时间论中的光速度，不仅是从工程学的想象中没有解决逆行时间理论，更没有逆行时间的可用工程学，，，，，，---------------------这个东西只有人类的狗有，但是你们地球人交不人类新神答卷，其实这个答卷要求很低是你们人类不想交出来以换取，可能你们老死也不会知道这些理论了。。。。。。。。。。-------------------------即不愿意交案，当然就没得听到起这个学说。'
[0]'😃😃😏😏🌚🌚🌚'
[-1]'医院是不管活人死人的钱都要赚'
[-1]'你是1坨原始的生物机器人，这里定语，即你无越过你自过你自身的脑物质，远不如新神的机器狗'
[10]'对了我给你们说说什么是基本工业，其本意是：多数学会真真正做得来人类定价权下的事务，这是基础学科的，但是，对中，基本没有这些理论宣传，特别的明晰的 ------------------- 那我就例举：定义自己百度，我只是例举，比如修路修房，各类从泥巴矿土变成路、房子这类基本东西，并不是几个科知道如何办，而是要农民工知道如何实现普极实践并做真正的实物，，，，，，，，，，，，，顶[0]踩[0]回复收藏分享复制它不是嘴巴随便说可以的，是要证明，由于很多不能显示是中的恶，这里已经可以表明了'
[1]'如些蠢蛋也能当院长。。。谁的责任。。。'
[-3]'不管你收多少钱，记着去调查你不能打人……'
[0]够电费吗?'
[0]'大爱中国'
[-1]'黑医院'
[0]'跟贴被火星网友带走啦~'
[-1]'山大王的嘴脸'
[-2.5]'对于边界之战，你们地球人，压根还没有玩过，呵呵，，，，，，，，，，，，，，而且你们连全民大学都要张网吧做值，低下得可怜，，，，，，，，，，，，，'
[1.5]'三国人多，那就自己穿三国写小说，然后比较人类新神空越到2017年小说是什么样的，不为过吧'
[-1]'傻逼，老掉牙的套路有意思？'
[6.5]'对愤怒失控的老百姓砍这些白衣魔鬼真的非常理解！！！'
[2]'医院：20元的不保证不会出事，你们可以自愿购买高级vip服务，保证完好无损
[1]'我希望不要有人再去周至医院看病了'
[1]'都是人家吃剩嚼烂消化完的东西，别丢人现眼了行不。'
[2.5]'笑掉大牙了！你是那么崇拜英雄啊'
[-1]'打尼玛，傻逼，多久的梗了'
[0]'网吧蛋开的医院
[-1]'想起地溝油 三鹿記者'
[1]'这年头，谁都留心眼，楼下都是我爷爷'
[-1]'他黑社会，他怕谁？'
[2.5]'那么如何能这样做的社会环境是什么，定价权的填权是也。。。。。。。。。-------------------------明白了吧。。。。。。。。。'
[-2]'谁能打出 餮饕 我认做他爹，不准复制，立帖为证，绝不食言！'
[-1]'都死得好惨'
[6]'发展中与落后国家的官老板都可以随便日麻B============================从非洲到印度，终其原因是什么？那么日到起却又无招？-----------------------------这种落的文明如封建的女人-------器官物体，是显然的原因，都明白哈。。。'
[1]'张网吧的定价权强于达尔文的进化论===============================1、人类要解决的问题是：从哪里来，到何处去。2、达尔文解了各类人类从哪里的理论的终极定。3、张网吧解了人类各代目前各国的施正如何用工程学般定说，达明白弄通。================================4、达尔文当时没有被人类固步杀死，张网吧也没有，尽管都是传学困难，或许死后理论才能如进化论般被知，但是张网吧强于有网络。。。。。。。。。。。。。'
[-2]'靠，院长是土匪，牛逼的'
[-0.8]'不过都没有我写得好，我不会广告的，我写的是开篇是人类编造理论中，爱因斯坦与三国物理学，达尔文与三国人文分析'
[0]'这里还有物价局的事'
[-2]'谁能打出 餮饕 我认做他爹，不准复制，立帖为证，绝不食言！'
[-1]'弟兄们大家一起上。。。把 那只餮饕 打出来。。。。'
[0]'缺心眼吧，放到你家里，你给免费。'
[0]'一群垃圾在管理'
[0]'一直未批复？忙什么呢？
[0]停车费可以是一小时10元
[1]'「周至縣物價局涉嫌越權使用最高限價」 ，後續該怎樣處罰物價局局長？這是我比較關心的
[0]'饕餮'
[0]'一楼植物人这么多年才醒过来'
[1]'太平间归民政局管吧'
[3]'餮饕 ，岳父好！'
[4]'关于人类能获得的共知表达是随便人类的认知而增长的，比如全民大学，分田地、人权，选举等等，'
[1.0]'wxr201501 wxr201501 [网易中国网友] 举报2017-12-08 23:25:02我可以这么说：包括你们地球人瞎想的神鬼说-幻想与理想，都在我们机器狗关注中，，=================================即你们地球最边所能到值，包括瞎想乱，远没有新神的狗大。。。。。。。。至于你们地球人那个残疾，不过尔尔也，，，，，，，，，，我们的办法很简单，工程学实现的程度。。。。。。。。。。。如何，人类新神的狗远超你们地球所想吧，哈哈哈，，，，，，，，，，，，---------------我以前就说过，你地球人全部加以来起，击不败人类新神包包阿紫1条狗，，，，，，，，，，，，，，，阿以为之啊？？？？？？？？？？？？'
[0]'？？？？？？？？？？？？？？？？？？？？？？？？？？？？？？？？？？？？？？？？？？？？？？？？？'
[0]'官司打赢了，停尸费应当全免，或者有败诉方承担才对。不打官司，用停尸那么多天么？'
[0]'我试了，这是为什么'
[0]'我叫你：爹。'
[1]'好啦，没你们什么事啦，自罚三杯，就这样啦'
[0]'??????????????????????????????????????????????????????????????????????????????????'
[-1]停尸费一天二十元
[0]'？？？？？？？？？？？？？？？？？？？？？？？？'
[2]'记者，希望你以后平安'
[1]'哈哈哈，恭喜一楼多了个儿子'
[1]'黑色会医院'
[-1]'这也太贵了吧，而且没收费标准'
[0]'真的假的'
[2]'周至县的“人民医院”，不执行物价局的规定，报物价局审批150元/天的冷藏柜费用，一直未获批准，但仍进行收费。是不是“人民医院”？应该好好查'
[1]'我打不出来，你认我作爹吧。'
[-1]'这事应该是物价局的问题吧
[1]'哈哈，骂的好，就是多这些傻币，'
[0]'可想而知，这家医院以前发了多少死人财'</comments_result><comments_dict>text_pos_number:积极评论条数为 33 条，占全部评论比例的 %37.0
text_neg_number消极评论条数为 26 条，占全部评论比例的 %28.999999999999996
text_mid_number中性情感评论条数为 30 条，占全部评论比例的 %34.0
text_pos_mean平和
text_neg_mean愤怒
text_total_mean淡定
text_total_var情感波动很小</comments_dict></doc>