<?xml version='1.0' encoding='utf-8'?>
<doc><id>85</id><url>http://news.163.com/17/1208/12/D54OVVON0001899N.html</url><title>军队印发规定：明确级别为文职人员工资重要依据</title><datetime>2017-12-08 12:02:00</datetime><body>

                    （原标题：中央军委办公厅印发《文职人员级别管理暂行规定》）
                
经中央军委批准，中央军委办公厅日前印发《文职人员级别管理暂行规定》（以下简称《规定》），自2017年12月6日起施行。《规定》是新修订的《中国人民解放军文职人员条例》的重要配套文件，对建立完善与文职人员制度相适应的激励和保障机制、规范文职人员级别管理工作具有重要意义。《规定》明确，级别是文职人员职务、能力、资历和累积贡献的综合体现，是确定文职人员工资待遇的重要依据。《规定》共5章25条，按照统一规范、体现特色、注重效能、激发活力的原则，对文职人员级别的设置作了规范，对文职人员各岗位等级对应的级别范围，级别晋升、降低等的情形条件，以及级别调整的审批权限、办理程序等作了明确。






 本文来源：国防部  
责任编辑：张海桐_NN9053 
</body><keywords>文职人员 0.07250825908585336;级别 0.057377038354317886;规范 0.030443387808928184;体现 0.024634672254535316;规定 0.022955739292343152;中央军委 0.02248199798384034;办公厅 0.019634114909191973;印发 0.01867231161192171;程序 0.017998667677250627;标题 0.01680338893264221</keywords><naive_snippet>

                    （原标题：中央军委办公厅印发《文职人员级别管理暂行规定》）
                
经中央军委批准，中央军委办公厅日前印发《文职人员级别管理暂行规定》（以下简称《规定》），自2017年12月6日起施行。《规定》是新修订的《中国人民解放军文职人员条</naive_snippet><selected_snippet>《规定》共5章25条，按照统一规范、体现特色、注重效能、激发活力的原则，对文职人员级别的设置作了规范，对文职人员各岗位等级对应的级别范围，级别晋升、降低等的情形条件，以及级别调整的审批权限、办理程序等作了明确</selected_snippet><comments> '必须支持'
'支持！'
 '支持~！</comments><comments_num>424</comments_num><comments_result>[2]'必须支持'
[3]'支持！'
[3]'支持~！</comments_result><comments_dict>text_pos_number:积极评论条数为 3 条，占全部评论比例的 %100.0
text_neg_number消极评论条数为 0 条，占全部评论比例的 %0.0
text_mid_number中性情感评论条数为 0 条，占全部评论比例的 %0.0
text_pos_mean平和
text_neg_mean愤怒
text_total_mean淡定
text_total_var情感波动很小</comments_dict></doc>