<?xml version='1.0' encoding='utf-8'?>
<doc><id>94</id><url>http://news.163.com/17/1208/18/D55GGU4L000187VE.html</url><title>浙江一公司虚开增值税专用发票 涉案金额120余亿</title><datetime>2017-12-08 18:42:00</datetime><body>

                    （原标题：浙江舟山破获特大虚开增值税专用发票案，涉案金额120余亿）
                
浙江舟山市警方日前破获浙江席琳贸易有限公司特大虚开增值税专用发票案，涉案金额120余亿元，涉及20多个省市800余家企业，警方已抓获10名犯罪嫌疑人并移送检察机关起诉。去年初，舟山市公安局经侦支队与中国人民银行舟山中心支行反洗钱部门在资金账户监控中发现，2014年7月成立、从事粮油贸易的席琳公司规模不大，但百万、千万元资金频繁进出。随即，民警以上门调研等方式走访，了解该公司经营情况。去年8月，市国税局通过电子底账分析比对系统发现，该公司近期开具增值税发票频繁且税额庞大，在登记地点还注册了5家农副产品贸易公司，登记人员均来自河北邢台，手机号为连号，短期内均有开具大量增值税专用发票的行为。综合线索和核查情况，警方、税务和人行认为席琳公司等有虚开增值税专用发票的重大嫌疑，警方随即立案侦查。



专案组发现，席琳公司涉嫌虚开增值税专用发票团伙核心成员8人，位胜涛、位江涛兄弟为头目，其余6人均为亲戚、老乡、同学，负责财务、指令开票、操作倒账、业务接洽、分红等。该团伙注册多家空壳公司，设计了多环节的流转模式。为掩饰犯罪行为，也装模作样地开展贸易，如购入少量粮油，委托小作坊生产农副产品；“自编自导”资金流向，取得银行回单入账；并伪造文书应付检查。去年11月，警方对犯罪嫌疑人进行抓捕。从掌握的证据看，该团伙一直在国内流窜，在一地待的时间都不会特别长，案发前不久已在嘉兴注册新公司。


 本文来源：澎湃新闻  
责任编辑：范姜国一_NN9138 
</body><keywords>公司 0.030469968102551877;警方 0.019217310864090648;贸易 0.018905727826098336;增值税 0.013352523913015123;资金 0.013203237059051062;团伙 0.013142406821681342;浙江 0.012743019026621128;席琳 0.0124219076109538;专用发票 0.01215433634142243;舟山市 0.011050997901840052</keywords><naive_snippet>

                    （原标题：浙江舟山破获特大虚开增值税专用发票案，涉案金额120余亿）
                
浙江舟山市警方日前破获浙江席琳贸易有限公司特大虚开增值税专用发票案，涉案金额120余亿元，涉及20多个省市800余家企业，警方已抓获10名犯罪嫌疑人并移</naive_snippet><selected_snippet>浙江舟山市警方日前破获浙江席琳贸易有限公司特大虚开增值税专用发票案，涉案金额120余亿元，涉及20多个省市800余家企业，警方已抓获10名犯罪嫌疑人并移送检察机关起诉</selected_snippet><comments> '蛀虫，败类。'
 '1 虚开也要缴税 2把鱼养大，一网打尽，开票的买票的一起数倍罚！鱼饵都不用，这生意做的NB[大笑]'
 '嗯 北方是真的虚'
 '偷税'
 '用共的要交百分之17，用百姓的只用3到5，你觉得共会肯丢掉这块大肉？？？'
 '只许你喝百姓血，不许百姓吃点回扣'
 '国企央企无所谓，反正亏了国家补贴，大型上市企业，也无所谓反正股票市场融资简单，中小企业夹缝中生存，一旦有风吹草动立马完蛋，不然只能铤而走险，小微企天步步艰难，不偷税只能完蛋，所以啊人家说在国外创业失败了再来就是，在中国产业失败了很可能坐牢。'
 '中国税收是17，造个桥几百个亿。修个路几亿。就现在中国经济人口众多搞个免费医疗还是有这个钱的。人民需要的多吗？只不过医疗免费，有人奋斗一生有点经济能力了父母或者自己得个什么病谁承受得住，对大货车少收点过路费这样所有东西也会降下来了，房价平民一点。这就够了。'
 '虎口夺食'
 '楼上我读书少 别忽悠我哈 增值税是增值部分 那么就应该是100X17%  剩余的所得税是扣除成本之后 的25%。对吧？但是还是真他妈高！'
 '花票面价格2到10个点的价格去买17%税率的发票回公司抵扣！这也是偷税漏税的一种方法！说白话就是挖社会主义墙角！
 '没猪油留下！'
 '还好我福建在南方排倒数...'
 '看你们瞎白活急死哥了，给你们科普一下，1.小规模纳税人3%的票根本不能抵扣进项，只能做成本。2.所有虚开增值税发票的基本都涉及农产品收购，如棉花，因为国家对此有税收优惠，收购公司用收购白条加3-5%的税就可以开出17%的发票，这类发票流转进纺织企业就是很大的利益链条，再进一步的话这类出口企业出口后能获得15%的出口退税，国家等于实打实损失了10%税收。其实最终的解决办法是取消收购环节的税收优惠政策，让他们没有可操作空间。'
 '企业在税务那边每年都评级，类似信用，很多做生意的都看对方企业税务方面的等级。企业自己乱搞弄不好被非正常，买卖还做不做？
 '几乎所有的企业都是两套帐，企业和税务合谋掏空国家财政和压榨百姓'
 '啧啧啧，大耗子'
 '当然有风险，你可以自己下个天眼查，看看你所在的公司是不是皮包公司'
 '有点多嘛，这一下玩大发了！'
 '查处一下这120亿抵扣的取消，被抵扣部分补交税款，再处以一到三倍处罚，办案人员。。。你懂的，他们是皆大欢喜'
 '以前还要枪毙的'
 '曾经有公司在本地上了五六亿的税，然后GDP高涨，现在被查了，GDP还是涨'
 '这120亿也算在GDP里面的吧'
 '少收个毛，只是其它收票所在地税局没有收到税而已，这单位所在地国税直接收入2O亿。'
 '这么可怕？'
 '坑国家的，那是大罪，这个公司胆子真肥'
 '浙江全额除了17%还有地税合计18.5%'
 '又能怎么样？损失公务员收入了？'
 '3--5个点是营业税。17%是增值税，可以用成本抵扣的'
 '看看三亚宰客那些东北人。你们还有脸说南方人'
 '卖票的是它们放的🐍！懂吗？这些买票的这下恐怕要\U0001f92e二百亿出来的！'
 '这800家企业倒霉了，国家光罚款至少收入20亿'
 '对啊，这比例起码几千亿的GDP。'
 '一直想不通，虚开的单位他们增值税和所得税一样交的啊！'
 '谁都缺进项'
 '有抵扣的'
'又能怎么样？损失公务员收入了？'
 '经济不景气
 '这个很容易查的'
 '每个行业税负率，税务局大概都知道的，低了会被注意的，你以为他们傻啊'
 '增值税祸国殃民！'
 '不觉得百分之十七和抢劫有什么区别？'
 '最恶心的就是发票真假一开始根本就查不出来，等到查出来就是几个月一年以后得事了，那时候才知道是假的，什么滞纳金罚款就上来了。'
 '涉案公司负责人全部要坐牢了 不管卖票的 还是买票的'
 '当然你也必须缴税，2%左右的应税率是必须的，你营业额越来越大，又总做0申报，必然要被查的'
 '国家针对某些特定的农产品企业是免税的'
 '不是老实补税，是不补税就停你票，无赖才补的，大家都不愿意啊。黄金票200多亿，涉及全国所有省份。
 '开完就缴税之前就注销吧，不太懂'
 '营业税你跑的掉吗？
'再空白也是要去税务部门领取的……不完税只领票？我正常情况一个月只有250万……根本不够用，但是为啥那些不完税的空壳却能虚开那么多？难道他们会变发票出来然后还能进金三税务系统？'
 '这个是最中肯的，最正确的建议。因为，损失最大的是有意无意接受虚开发票的，往往一次就倒闭。现在大环境下，根本，绝对不可能杜绝虚开发票的普遍现象。'
 '天天接到开发票电话。'
 '也不完全是这样，有些公司给客户回扣，请客高消费，或者单位领导想捞些，就需要这些发票冲账，不然这些金额全算是利润，需要交所得税。'
 '枪毙了'
 '有几个能跑掉？还是老实挣钱吧'
 '小规模3个点，一般纳税人17个点，2楼说的没毛病啊'
 '完了，死刑！'
 '肤浅'
'120亿发票收20亿税你觉得很多了？你去问问随便哪个有企业的或者会计...'
 '我一个辽宁人告诉你再虚假经济环境 势头 形势……等任何方面都比东北强太多了！
 '120多亿元，一个月能开出来吗，没看到还倒银行账'
 '虚开，只有一次税，郭嘉在中间的材料生产销售环节税都没捞到，所以要抓'
 '大企业很难隐藏，也不屑，因为会造成管理混乱，进出都不涉及开票量都不会很大，不然有哪个大批量买货还冒险不要票的？税局一般都懒得理这点小事，或者直接按定额交'
 '不是剩余的25是总共的25%，比如100万营业额你需要交17%之后，再交25%。也就是100-（100x0.17）-(100x0.25)剩下的钱还得交一部分。创业难啊'
 '这是落后的理由？'
 '本来政策就有漏洞'
'没有什么不是加税不能解决的。如果有 那就是多加一点'
 '农副产品'
 '简单来说吧，你有10个员工，每人开5k工资，每个月你补不够5w票款就不能算进成本，都要交税。'
 '请到每个大学每个可以报销的地方查一查，没了'
 '企业都要跑了
 '确实不好弄，很多还会对不上号，或者要另外加点'
 '呵呵，阁下那里应该是最真实的吧'
'以前打井队就按5.39往上加，现在17个点往上加，价格能不贵嘛'
 '很好奇，这个公司是怎么解决进销之间增值税差额的？虚开后的高额毛利是怎么销账避税的？'
 '确实如此'
 '你这个太狠了，有流水但是一分税不交肯定查'
 '开出去的时候已经交完营业税了，现在还得找别人开进来当成本，又交一遍税，一出一进要10个点'
 '没毛病，你说的是农产品，海关完税凭证，废旧物资回收之类的，但是管的很严。如果一般的套票也非常难，金三系统几乎可以让你无处遁形，稍微有点疏忽，税局就电话过来，至于文中的事件或许是地方国税人员不作为吧！'
 '都不记账，皮包公司不对就跑路，交个毛税'
 '好想要枪毙的'
 '对，先交增值部分的17％，再交利润部分的25％
 'RPG'
 '真是不懂装懂最可怕，我都知道虚开增值税发票主要用来抵顶进项税款的。'
 '收票的有什么冤？本来就是知道是虚开的票'
 '没有进账就等于没有成本，全额交完17以后，还有所得税等着你呢'
 '要的就这个嘛'
 '三楼，怎么做零申报?票开出去，不是要有进项对抵的?还是大公司的申报制度不一样?
 '金税三期上线后，虚开增值税发票风险大的多了。中国现行税种是18税加1费'
 '搞不好的'
 '开900万交45万，纳税也才5个点，增值税点真心低....'
 '坦率的讲，你是正确的，因为已经取消死刑，现在虚开代开增值税发票，每年偷逃税收已经达1万亿，根本无法阻挡，每年警察因公牺牲或受伤有很多。所以，可以肯定，中国取消抵扣行为只是时间问题。'
 '为什么有发票？为什么报销？为什么留下漏洞给人钻？当初不制定出来不更好？
 '的确如此
 '小额'
 '自从注册了工商 每天都有骚扰电话打来要不要开发票
 '没有增值税是不是就可以不这么犯罪了'
 '杀还不能全杀光'
 '对呀，睡少收了，小金库就瘪了'
 '虚假繁荣'
 '呵呵'
 '乖乖，在网易秀财务水平的我还是第一次见'
 '但是很有可能要掏出去120亿啊，你以为这些发票谁拿去报销了的。。。'
 '45'
 '买票也要钱。开票要纳税。
 '情况存在，但是。也比北方经济好。'
 '对的，企业所得税25，如果提取到个人账户还要25的个人所得税，很多企业这笔钱不交的，只要税务想查你绝大多数小企业都跑不掉，如果你正规纳税那对不起，一年的税费总额能占你营业额的50%+++'
税收上不来
 '唉 万岁'
 '一堆不懂税的在跟帖里瞎bb，他们盈利主要是靠最后一个月开票（次月才缴税），开完发票卖完就跑路'
 '抵扣税款'
 '现在税务系统不断升级换代，就是要卡死这种乱开票的行为。税务部门有两点比较恶心，第一先放羊，养肥了再使劲薅羊毛。第二，连带责任人包括收票方，收票后抵扣成本等一律取消，还得罚款，冤不冤枉。反正他们的钱是少不了'
 '刚接个电话:你好我公司可代开发票'
 '这个睡本来就是个奇葩！遗臭万年[不屑]'
 '哈哈，可能吧，真是让您费心了'
 '你懂个球，客户真实从他哪里买钢材，走公帐，他应该开钢材票，他也开了，难道不是真的交易，，，只能说他与上他的上家才不是真实交易。你税务局只能处罚他和他的上家才合理才对，关下面的客户什么关系？'
 '虚，是正的虚还是负的虚'
 '预缴头税，后进项抵扣差价部分，并避缴企所税。如果沒进项抵扣进行消项。那么全额缴纳17%增税额，全额缴企所税额。估计企业主哭了。'
'营改增  不是虚开不了吗'
 '把可能去掉'
 '鬼👻在捉鬼👻'
 '哦谢谢谢谢'
'虚开120亿，国家不是也收入近20亿吗，还有地税，企业所得税，何乐而不为？'
 '厉害了我的哥'
'这种不健全的税务制度下催生的产业，查掉了这个还会出现另一个'
 '是的，国家不亏'
 '会追踪源头  用了这些公司抵扣成本的企业挨罚'
 '没办法啊，摊子大啊，这航母不要钱啊，这水军不要钱啊，筑这墙不要钱啊，城管不要钱啊，“据外媒报道”外媒不要钱啊，中国特色哪个不要钱啊……
 '没有进项减去劳务成本300万20%再减去1÷1.11x0.11=9.91缴税额(减税额13%地税)再减去应缴残疾人保证金1.5%剩余按企业所得利润25%征缴
 '不管是小规模还是一般纳税人，开票都有限额的。怎么就可以搞那么大？'
 '老板，代开发票！'
 '分税，就是把17%的税分开，原料，产品，批发，零售，哪可能是3或者是4
 '不假，确实有钱，大街上看看车，路边看看房价，就知道了'
 '是开票公司跑路了吧？'
 '装个毛呀，发票真假怎么查不出来？本文不是真假，是虚开，虚开的发票本身是真的，但业务不真实，你取得发票的人难道不知道有没有真实采购销售业务？'
 '10%卖了'
 'GDP啊！'
 '交了的税充公，非法虚开发票再判刑 没收非法所得。这个才是王道……'
 '各洗钱500万的意思是 双方都少交了这500万的税？'
 '单号可查'
 '餐饮的要来毛用？'
 '可以抵税'
 '哦，动它们的食了。'
 '别信口开河，增值税怎么避？下家少上的税，不都是上家给提供的？难道上家开完票，不上税，开完票直接走人？'
 '年底了，大家都需要报销，120亿保守估计有三分之一都是虚开的，实际发生的交易额可能也就60—80亿，如果是洗钱的话，这家公司的财务真特么坑爹，这么多钱就不能请一个靠谱的财务？虚开发票本来就是一个很普遍的行为，做的这么过火连工商局都看不下去了，可想而知老板也太特么抠门了😂😂😂'
'先税个毛，都是先开票，按月申报，几个皮包公司之间拼命虚开，申报税很少或者是零，税局发现问题要查的时候早跑了，你想皮包公司老实开票纳税是不是很傻很天真？'
 '小微企业就是靠这个发的'
 '钱啊'
 '有很多卖空白的！！！！'
 '重复收了增值税为毛还收所得税'
 '不诱导犯罪怎么罚款'
 '白痴，销项税减去进项税才是应交的增值税，哪有20亿那么多。多读点书再来喷行不行？'
 '墟开就没有收税？'
 '进项发票没了，收不到这部分钱'
 '去年初，舟山市公安局经侦支队与中国人民银行舟山中心支行反洗钱部门在资金账户监控中发现，2014年7月成立、从事粮油贸易的席琳公司规模不大，但百万、千万元资金频繁进出。 —\x00— 银行的保密义务呢'
 '想的美，没有增值税，税收少一半'
 '能报销的就那几个人！要不就是有些公司可以退税！在没用了n'
各位企业主小心了'
 '没进项怎么会没成本呢？很多费用开不了票的！企业负担真的很重，重到你无法想象！'
 '可以拖一段时间，然后关闭公司。正常公司不肯卖票，早晚要被发现的'
 '行业都有好坏的时候'
 '买票的企业现在倒霉了，挨个查，挨个过堂补税款，不懂别乱说。'
 '就好比那些做工地生意的像钢筋，下水管，PPR管，镀锌管及这些用的配件，开出来的票只要6个点左右。别的公司会拿这些票去做进项，然后再开别的产品出去。这样只合到8个点左右，现在不行了。你公司进项票进什么东西进来就要开什么东西出去。税务局系统查得到。票是真的。只不过进项跟开出的票产品不一。'
 '先让你开再查，你说正常交税和后查罚款哪个收益大'
 '这个税本来就是抢劫，大家都不应该缴。'
 '毛不懂，本文就是要虚开，还跟你傻乎乎记账？还就得呢？过一段时间发现势头不对就甩掉皮包公司跑路了，居然有你这么傻的？'
 '你最后一个月开120亿？
 '收支平衡啊！'
 '虚开的也是缴税的……'
 '全靠开票对吧？'
'120亿× 17% = 20.4亿元人民币。比农行的一纸票据麻烦多了。这得开几年开多少张才彼得上农行的一张30多亿元的假票据。'
 '我觉得虚开发票税并不少交，洗钱居多吧'
 '卧槽5个点，这么高，我才收2个点'
 '不要用你那卖烧烤开直播的智商来思量生意场上的事好吗？为何要虚开发票？因为平时逃税太多了，偶尔需要应付一下，属于瞒报经济。南方大多家庭作坊式，甚至很多上了规模的企业也可以避开很多税务，政府大多睁一只眼闭一只眼，这叫藏富于民，你一个跳二人转的能理解？'
 '够死刑了'
 '把税收降低，取消发票，就如同美国，哪个愿意去偷税，罚死'
 'f\u2006f'
 '这么说根源在于上游做了太多去税销售的生意，然后发票多了要3个点卖掉。'
 '做梦'
 '给国家创造千亿的收入'
 '竟然被辽宁的说……'
 '这里有几点，第一，该公司营业范围是否有黄金制品交易？第二，进出项不一致；第三，该公司问题肯定不止这一项，它所开出的发票为问题票，都被作废了。如果购买方人为流转税转出有问题，那就去税务申诉。既然已经老老实实补税了，那还是有违法事实。'
 '你们那没有假象，都是真虚'
 '因为这800家企业要进项税转出，还要罚款和滞纳金。耍一下你就晓得有好恐怖。'
 '蠢死了'
 '首次罚款不多。但是税款补缴这是必须的。'
 '你这个跟国企私企无关，国企本身肯定不敢卖票赚钱，都是开票员私下搞得，私企一样有'
 '等你关公司注销的时候就要补了'
 '很多卖票的虚开后，扔掉公司不纳税的，法人都是找些老头老太'
 '😏😏😃😃'
 '虚开偷税不记账，怎么算？'
 '胆子不小'
 '东北养貉子的都是开假发票退税
 '虚开增值税当然是骗退税的，17个点，国家根据品名补贴，我做宠物用品出口的，国家补贴13个点，赚差价，受损的是政府，不抓你抓谁？'
 '每家企业都有两本帐！不然百分之十七的增值税，百分之二十五的个人所得税。谁交得起！'
 '办厂虚开，财务做账，关系到位，政府返点 。 就说这么多，能理解多少理解多少'
 '被企业买了'
 '税务局跟打了鸡血一样有干劲'
 '好多好吃可能哦就'
 '11个点'
 '枪毙'
'问题大'
'难道增值税税票每个月不报税吗？'
 '诀窍当然没有写出来：就是这些人去粮油国企买粮油发票进来，因为这些国企不用偷税，一般人去买粮油不开具发票，就有了发票剩余。买回来发票后，又开出其他项目的发票，他们甚至会以钢材的项目开出来，这就容易被监控到。所以他们的税全部被抵掉了，不用交税，最后两个月要甩掉公司的时候，甚至进项都不用买，第二个月利用窗口期继续开发票'
 '南方一些发达省份可能存在严重经济虚假现象'
 '我们这里也是每天接到开发票电话，每天几十个，国家有关部门对这些电话为什么不追究，不侦查，不成立专案组。
 '动组织的奶酪，你有几条命。。。。'
'农产品收购可以免税，加工后才有增值税。'
 '那他们开了增值税，也要缴税的啊'
 '无期徒刑。'
 '套钱 逃所得税
 '这样合理 营改增没看出来好在哪'
 '取消增值税。'
 '都是税赋过高引起的，小微企业已经快压死啦！'
 '操作模式就是去国(共)企买粮油增值税专用发票，一般会是3%的费用，因为国企不用偷税，会有大量未开票，国企里面的会卖掉赚钱。这些团伙买回来后，会以钢材等名义开出去，一般卖到5%，赚的就是这差价。由于去国企买了发票进行抵扣，所以什么税都不用交，或者为了掩盖，就交几百块。如果没有去国企买发票进来，会有17%的增值税，在增值税的基础上还有12%的附加税，还有25%的企业所得税，万分之三的印花税，税负超过45%'
 '对的，没有哪个公司敢说税务没一点问题的，除非特殊行业暴利，缴的多也无所谓'
 '皮包公司纳个毛税'
 '发票可以顶税'
 '买他一个亿'
 '增税这么多问题，还要营改增。比如每个行业税率不同，如何抵扣的问题。'
 '就是做账，100买101卖赚钱很少，上的税就少'
 '为什么只是南方呢！全国都是重灾区，
 '但是这样会导致经济虚假繁荣'
 '你要是增值税不高谁去开假票'
 '难怪每次车子停路边都会收到这样的小广告。'
 '看行业，做钢材5o0o的本赚50元，怎么上，做批发才2o元的利润。'
 '经济真好'
 '我就是小规模的，妈的，开了30万，今年，今天会计让我月底前开30万进来！😂😂😂😂'
 '我三年一直都是零申报呀  小的没事'
 '要是普票可以这么想 但是这是专票啊亲，进项可以抵扣，两个税率17%的公司互开给对方500w的发票，俩公司增值税，所得税全都是0，每个公司还能各洗钱500w'
 '做梦想想吧'
 '太对了'
 '用到的企业都要被罚款，补税'
 '他们应该搞了很 多公司，最终让一个公司虚开最多，其他的公司都做平，这个开最多的那个公司最后不经营了，法人跑路才玩得转，不然虚开是要交税的。'
 '额？'
 '以前能买到，现在的发行制度尤其是金税盘，弄不出来了。我就是个财务。'
 '看来卖的是真发票。如同开印钞厂'
 '连带的企业都会查，看背景了'
 '你那是梦！养这么多闲人，没有税吃啥喝啥？怎么在国外装逼！'
所以查税、补税、以往认定的减免直接否认
 '那800家企业又跟着倒霉了'
 '地税才不要脸，我觉得国税稍微强点'
 '票越来越少，缴的越来越多
 '让其他企业避税了'
 '不懂税务的事，麻烦高人说一下，这种虚开增值税发票的盈利模式是什么？'
 '进项发票哪来呢？奇怪了！不可能30天内开出120亿的发票吧！'
 '买票的要背黑锅了，这么多年到现在才说要罚多少钱啊，一年来个几次比增值税收的还爽'
 '偷税光荣纳税养贪官可耻。'
 '营业税'
 '兄弟，你没在网上找过开发票的？'
 '每天都能收到卖发票的垃圾电话，烦死了，怎么举报他们？'
 '这是交过税的，没有实际交易的都是虚开。因为下家公司可以用这发票冲减成本，将利润部分也可以冲减了，这样，25%的企业所得税就不用交了。这年头还有利润的企业也真的好企业了，这次可以一次逮800多个，真算共和国的胜利！！！'
 '这家伙肯定是挡了不少人的路'
 '努比亚就是傻逼'
 '是啊！一定要去税务局买'
 '买给其他企业拿去抵扣了啊 什么屁问题'
 '缴完各种企业税费后仍还不是你的，给个人还要交个人所得税。
 '为什么可以领到那么多的fap'
'农产品是免税的，他们虚构农产品收购交易，自己开出农产品发票，农产品发票是11的税率，然后往外开票，赚取税点，下家是可以拿着虚开的发票抵扣的，没有真实交易，抵扣的税款就是骗国家的钱'
 '少收了
 '六楼，100进上家也得交税啊，哪有这么多进？还是不懂'
 '只涉及企业倒是好了，机关单位呢'
 '给他交20亿还得三跪九叩，要不人家不收'
 '虚开也要纳税吧！这个没毛病吧！
 '虚开，收少了'
 '增值税是不管你赚钱不赚钱，只要你有收入，先交总收入的17%，但是你的产品生产出来或者买时候也有购入的发票，这些属于成本的增值税票可以抵扣。企业所得税是按利润算的，营业收入减去各种成本就是应该交税的收入，就是税前利润的25%要交给国家了，但是如果没利润当然就不交了。所以说合理避税只能避所得税，增值税除了买票是一点办法也没有的。'
 '本文的这种根本不是什么富余票，是几个皮包公司纯虚开不记账不纳税，发现了就扔下皮包公司跑路，跟你交个毛税'
 '总体来说还是少缴税了，帮助其他企业避税了'
 '虚开发票不是也缴税了吗！'
 '收钱方面不遗余力'
 '所得税少了，而且说增值税少了重复收取，重复收取，重复收取。'
 '税务局估计要挨罚了'
 '本来是个明白帐，原料税，产品税，批发税，零售税，还包括物流税，非要弄个糊涂帐，抵扣来抵扣去，骗来骗去骗自己，税票是真的，虚开也是税务局的错。'
 '如果是交齐了税的，就没毛病。'
 '中国是先税，你开了票能不交税？第一家开的第一家交起，进项票没有虚开就是十七个点'
 '这就得想想谁会需要这种发票'
 '谢谢你啊，我刚来几天，跟着出了两趟差，宾馆登记她都规避用自己身份证，我应该还没有被登记什么法人，但是介绍我过来的朋友 他名开的银行卡有大额大额的转账汇款记录，他自己还只说自己就是个干活的，他自己会有风险么'
 '人家拿去开发票报销列费用开支'
 '犯不着您操心'
 '那么问题来了，那么多增值税发票最终去哪了？'
 '增值税发票是可以抵扣的'
 '看了半天没有一个企业老板过来说说应该怎样合理避税'
 '你真是傻逼！知道增值税害苦了多少企业！'
 '税太高，才有人去虚开'
 '虚开这个词用的好。发票是假的吗？不交税吗？不是正规进项吗？'
 '大胖子进税务局出来就成麻杆了，怪不得前几年新闻里说单位花不完预算年底还得突击花钱，真是富的流油'
 '谁用这个发票，税务局上门让你罚款补税！ 美滋滋 ！ 2倍哦'
 '真假发票一验旧就能查出来，一口说的还是虚开！'
 '其实就是帮小公司走账，还不是税太高了，又有后门，就有人来做了嘛。。。制度有问题，一抓了事。'
 '还有万分之五的印花税了。。。'
 '我做空调的可以从我的角度解释一下，空调分工程和零售，做零售的比如专卖店社区店这种卖出去设备用户往往不要票，或者提前说好我们价格便宜都是不带票，那么拿到的进项票就会富裕做工程的给甲方开票才能结账，但是他们的合同额是含安装以及材料费的，这两种上税太高一般得在10个点左右，安装费算纯利，材料费市面上没有票，所以票要全开成设备，这样就造成进项票不够，高开部分不能找到抵扣就要上17%的税，所以就要去买票，一般是6个点，现在年底8个点左右吧。卖票一方也是要承担不到两个点的基础税率的'
 '不了了之'
 '为什么在大超市老是有人问手中的购物单要不要？不要就给他？
 '那么，是谁？'
 '分红统一按20%计算，最高级别个毛啊'
 '对分红还要交20个人所得税'
 '你懂鸟，被需要的拿来抵扣了，少交增值税。不止，还有所得税。。。。。'
 '谈保密不觉得可笑吗，你没有秘密，你就是赤身裸体'
 '洗黑钱啊，当然要搞他丫的啊'
 '人家可不这么说，南方人把这叫做聪明，勤劳致富。'
 '这种国家也不会把800家全关了 只是会按11%收你的增值税 农产品是11个点'
 '增值税发票就是好！！'
 '拿来税局冲减啊'
 '做外贸有出口退税，开票金额高，退税也多，我做外贸是这样的，这行业很多骗税的'
 '厉害了'
 '这个算入GDP吗？'
 '虚开也要纳税吧！这个没毛病吧！'
'[微笑][微笑]'
 '不懂不要装懂'
 '牛逼个🐔、你没见我津巴布韦兄弟还没吃饭！一会把这点💰送过去🐳'
 '哦！天哪！'
 '你懂，科普一下，'
 '还要罚一。起码50亿。开发票的立了大功！'
 '增值税就是流氓税'
 '我只想说：艹它嘛的个B！'
 '你真的不懂，很多公司就是专门开增值税发票的，收5个点费用，空白发票到处都能买到，基本都是跨省买票，后面发现要来查都是一两年后的事了'
 '如果企业隐藏部分进货和出货的数量，是不是可以逃税？税务局会一家一家去查吗？还不得累死他们'
 '一般是系统比对后提示才进行处理，一般不允许专管员自行查账，不作为的板子打不到人家身上。'
 '这些东西怎么去了解呢，什么进项，增值税，一出一进，它们之间的关系，有哪位朋友给细说下啊'
 '我觉得应该把可能去掉！
'这几天为进项发票愁死了，贵得离谱'
 '九牛一毛'
 '恶意提问，他们黑吃黑'
 '其实不止，买票也要8-10个点了，以前是6个，但是我能省10个点税钱'
 '好企业少啊半死不活的多，都靠税上抠点下来'
 '赶紧关了[大笑]'
 '凉水能要你的命'
 '企业都倒了，老爷们就轻松了～'
 '农产品是免税的，所以国家对农产品监管特别严。'
 '能有抵税票进来，账做的平有何不可'
'不懂税务的事，麻烦高人说一下，这种虚开增值税发票的盈利模式是什么？'
 '你不知道有个东西叫抵扣！！！普票才三个点！'
 '没有真实交易开这么多增票拿什么交税？开公司的开着增票玩嘛？自己垫钱交税？'
 '看不懂，能再详细嘛？'
 '对，不过交了25％的所得税之后，。那剩下的仍还不是你的，还有城建费，教育附加，残联基金等费。'
 '解决方法很简单取消6，11，17个点的增值税，像美国学习开征3个点的消费税，取消抵扣行为'
 '营改增哈哈'
'呵呵沟通费劲 懒得教你'
 '个体户和是否一般纳税人没关系，个体户也可以是一般纳税人。增值税属于价外税，如200元的销售价（这是不含税价，含税价应该是234元），100的进货成本（不含税价，含税价是117元），正常交增值那部分100元的17%（34-17=17）增值税，如果买了一张票面金额100块（因为没有实物交易，实际花10%左右的钱，也就是10块钱）的增值税专用发票回来，那么一分钱都不用交给税局，企业省了7块钱税。至于卖票方怎样赚钱，，，，我不能再说了，不然查水表了，反正整个环节下来，国家会少收很多税。'
 '纳税了，钱款流向呢？'
 '傻逼'
'给国家增加了税收，给统计局贡献了GDP，功臣啊'
 '真有大胆的，可能‘利令智昏＇一词就是因为这些人而来的吧'
 '买票的，300%罚款，500%罚金！卖票的，咔！路过，每人赏五百！👏'
 '开展业务……'
 '增值税不能说不好，但是太高，现在的基础上下降5%到7个点，会好很多。至少会少很大一部分人去买票'
 '是的，也要纳税，营业税和增值税'
 '不抵扣，那商品就是天价了，估计田七，中华牙膏都要天价了，如果分开来开票税，那就没有具体的收税点。比如苹果手机，电子产品，硬件差不多，可是系统不一样，价格不一样，难道系统以及研发要上税？'
 '在17%的增值税重税下，中国有不偷税漏税的企业吗？？'
 '虚开不用缴税么？'
 '没有内部人员的参与   你觉得他能活那么久， 养肥了杀而已，最后钱去了哪里 一目了然'
'对，他收票的时候就知道是虚开的，基本没有被骗的。'
 '二楼sb，千年不变的真理'
 '那不一定啊，开100，抵两百，能叫纳税吗'
 '税务局同志表示很不服！公安开始抢饭碗！'
 '现在就是这个样子，专坑老实做事的人和公司～'
 '虚开应该是逃不了税的吧，没有抵扣就全额缴纳，国家没损失'
 '顶你'
 '虚开的盈利模式一直不明白，虚开单位没有进项，也要交增值税和所得税的。除非，除非是虚开单位做了很多去税销售的生意，也就是卖出去的货不开发票的，那就积累了大量的进项发票。京东自营，都开发票的，某宝就没有发票的，里面的大店也很多。'
'所以是税收制度下的产业链啊'
 '想的比较轻松，像这种买票的起码要补的就是17的增值税和25的企业所得税，还不含后面的罚款，想抢国家的钱，补税、罚款再判刑！'
 '没有给税务局送到脾气。'
 '身份证都给用！你心太大！用身份证去税务机关查查，你是什么身份的。如果是法人代表，你麻烦最大。然后，去工商再看看，是否还是法人代表。如是，要不就报警（冒用，最好，你没在登记过程签字），要不就换掉。转回头，如果你不是法人代表，是其他的，抓紧变更就好。'
 '这么好的事吗？天天烧香盼着了。国家会轻易把这块肥肉扔了？'
 '我个人观点，仅供看看，不代表我懂。其它方面，你再咨询更多的人。'
 '原来是养肥了再杀'
'这800家企业倒霉了，国家光罚款至少收入20亿'
 '进项票太少'
 '真票都要纳税！代开应该只是赚点手续费；
 '下游公司补税加罚款，反而收上来更多了，话说能开这种公司的都不是省油的灯，竟然能拿到那么多空票呵呵。'
 '17%的增值税确实太高了 有多少企业有这么高的利润 除非是垄断行业'
 '[报警]'
 '现在发达的企业都不怎么干净！还是漏洞多呀！'
年初定的税收增长目标实现不了要挨板子
 '我也想干这个生意   有没有有门道的   教教我'
 '开了那么多才发现，是故意的吧！为了秋后算账搞罚款！！！'
 '买来抵扣了 国内可抵扣票据太少基本都开不出票 会计做税只能买'
 '无知，开了就跑路不上税了。接票的最惨，花了几个点买回来，最后税务补税，稽查来罚款，1-5倍税金。这种犯罪就该枪毙
 '就是收不到才查，正常缴税没有人查的'
 '7楼，农民得罪你吗？'
 '最终都会进项转出，收到这些虚开发票的单位要倒霉了。'
 '敢少国家的份子钱，胆够肥的'
 '如果国家税负合理谁愿意冒险，这种公司也就不会存在了。'
 '虚开120亿，国家不是也收入近20亿吗，还有地税，企业所得税，何乐而不为？'
 '人才啊，英雄。'
 '4O了'
 '我今年开票900万，估计上税45万左右，'
 '不懂就别瞎喷'
 '虚开增值税发票比印制假币危害更大…应该判死刑'
 '不要告诉我这里面没有税务内鬼的功劳[窃笑][窃笑][窃笑]税票那么好拿？我申请百万元版的都不过，害我走个几百万的账都要挪啊挪☞'
 '哪个公司不做账？真当👆不知道？一查一个准，养肥而已…'
 '洗呀洗呀洗钱钱！'</comments><comments_num>7386</comments_num><comments_result>[-2]'蛀虫，败类。'
[3]'1 虚开也要缴税 2把鱼养大，一网打尽，开票的买票的一起数倍罚！鱼饵都不用，这生意做的NB[大笑]'
[-1]'嗯 北方是真的虚'
[-1]'偷税'
[1]'用共的要交百分之17，用百姓的只用3到5，你觉得共会肯丢掉这块大肉？？？'
[-1]'只许你喝百姓血，不许百姓吃点回扣'
[-4.0]'国企央企无所谓，反正亏了国家补贴，大型上市企业，也无所谓反正股票市场融资简单，中小企业夹缝中生存，一旦有风吹草动立马完蛋，不然只能铤而走险，小微企天步步艰难，不偷税只能完蛋，所以啊人家说在国外创业失败了再来就是，在中国产业失败了很可能坐牢。'
[5.9]'中国税收是17，造个桥几百个亿。修个路几亿。就现在中国经济人口众多搞个免费医疗还是有这个钱的。人民需要的多吗？只不过医疗免费，有人奋斗一生有点经济能力了父母或者自己得个什么病谁承受得住，对大货车少收点过路费这样所有东西也会降下来了，房价平民一点。这就够了。'
[0]'虎口夺食'
[3]'楼上我读书少 别忽悠我哈 增值税是增值部分 那么就应该是100X17%  剩余的所得税是扣除成本之后 的25%。对吧？但是还是真他妈高！'
[1]'花票面价格2到10个点的价格去买17%税率的发票回公司抵扣！这也是偷税漏税的一种方法！说白话就是挖社会主义墙角！
[0]'没猪油留下！'
[0]'还好我福建在南方排倒数...'
[3]'看你们瞎白活急死哥了，给你们科普一下，1.小规模纳税人3%的票根本不能抵扣进项，只能做成本。2.所有虚开增值税发票的基本都涉及农产品收购，如棉花，因为国家对此有税收优惠，收购公司用收购白条加3-5%的税就可以开出17%的发票，这类发票流转进纺织企业就是很大的利益链条，再进一步的话这类出口企业出口后能获得15%的出口退税，国家等于实打实损失了10%税收。其实最终的解决办法是取消收购环节的税收优惠政策，让他们没有可操作空间。'
[0]'企业在税务那边每年都评级，类似信用，很多做生意的都看对方企业税务方面的等级。企业自己乱搞弄不好被非正常，买卖还做不做？
[1]'几乎所有的企业都是两套帐，企业和税务合谋掏空国家财政和压榨百姓'
[1]'啧啧啧，大耗子'
[1]'当然有风险，你可以自己下个天眼查，看看你所在的公司是不是皮包公司'
[-3]'有点多嘛，这一下玩大发了！'
[-1]'查处一下这120亿抵扣的取消，被抵扣部分补交税款，再处以一到三倍处罚，办案人员。。。你懂的，他们是皆大欢喜'
[-1.5]'以前还要枪毙的'
[1]'曾经有公司在本地上了五六亿的税，然后GDP高涨，现在被查了，GDP还是涨'
[0]'这120亿也算在GDP里面的吧'
[-2]'少收个毛，只是其它收票所在地税局没有收到税而已，这单位所在地国税直接收入2O亿。'
[-1]'这么可怕？'
[0]'坑国家的，那是大罪，这个公司胆子真肥'
[0]'浙江全额除了17%还有地税合计18.5%'
[0]'又能怎么样？损失公务员收入了？'
[0]'3--5个点是营业税。17%是增值税，可以用成本抵扣的'
[0]'看看三亚宰客那些东北人。你们还有脸说南方人'
[2]'卖票的是它们放的🐍！懂吗？这些买票的这下恐怕要\U0001f92e二百亿出来的！'
[0]'这800家企业倒霉了，国家光罚款至少收入20亿'
[1]'对啊，这比例起码几千亿的GDP。'
[3]'一直想不通，虚开的单位他们增值税和所得税一样交的啊！'
[-1]'谁都缺进项'
[0]'有抵扣的'
[0]'又能怎么样？损失公务员收入了？'
[0]'经济不景气
[1.8]'这个很容易查的'
[2]'每个行业税负率，税务局大概都知道的，低了会被注意的，你以为他们傻啊'
[-3]'增值税祸国殃民！'
[-2]'不觉得百分之十七和抢劫有什么区别？'
[-2.0]'最恶心的就是发票真假一开始根本就查不出来，等到查出来就是几个月一年以后得事了，那时候才知道是假的，什么滞纳金罚款就上来了。'
[0]'涉案公司负责人全部要坐牢了 不管卖票的 还是买票的'
[7.5]'当然你也必须缴税，2%左右的应税率是必须的，你营业额越来越大，又总做0申报，必然要被查的'
[0]'国家针对某些特定的农产品企业是免税的'
[-1]'不是老实补税，是不补税就停你票，无赖才补的，大家都不愿意啊。黄金票200多亿，涉及全国所有省份。
[0]'开完就缴税之前就注销吧，不太懂'
[0]'营业税你跑的掉吗？
[2.5]'再空白也是要去税务部门领取的……不完税只领票？我正常情况一个月只有250万……根本不够用，但是为啥那些不完税的空壳却能虚开那么多？难道他们会变发票出来然后还能进金三税务系统？'
[0.0]'这个是最中肯的，最正确的建议。因为，损失最大的是有意无意接受虚开发票的，往往一次就倒闭。现在大环境下，根本，绝对不可能杜绝虚开发票的普遍现象。'
[0]'天天接到开发票电话。'
[4]'也不完全是这样，有些公司给客户回扣，请客高消费，或者单位领导想捞些，就需要这些发票冲账，不然这些金额全算是利润，需要交所得税。'
[-1]'枪毙了'
[2]'有几个能跑掉？还是老实挣钱吧'
[2]'小规模3个点，一般纳税人17个点，2楼说的没毛病啊'
[-2]'完了，死刑！'
[-1]'肤浅'
[2]'120亿发票收20亿税你觉得很多了？你去问问随便哪个有企业的或者会计...'
[0]'我一个辽宁人告诉你再虚假经济环境 势头 形势……等任何方面都比东北强太多了！
[1]'120多亿元，一个月能开出来吗，没看到还倒银行账'
[4]'虚开，只有一次税，郭嘉在中间的材料生产销售环节税都没捞到，所以要抓'
[-2.5]'大企业很难隐藏，也不屑，因为会造成管理混乱，进出都不涉及开票量都不会很大，不然有哪个大批量买货还冒险不要票的？税局一般都懒得理这点小事，或者直接按定额交'
[0.0]'不是剩余的25是总共的25%，比如100万营业额你需要交17%之后，再交25%。也就是100-（100x0.17）-(100x0.25)剩下的钱还得交一部分。创业难啊'
[-1]'这是落后的理由？'
[-1]'本来政策就有漏洞'
[-2]'没有什么不是加税不能解决的。如果有 那就是多加一点'
[0]'农副产品'
[0]'简单来说吧，你有10个员工，每人开5k工资，每个月你补不够5w票款就不能算进成本，都要交税。'
[1]'请到每个大学每个可以报销的地方查一查，没了'
[1]'企业都要跑了
[0.2]'确实不好弄，很多还会对不上号，或者要另外加点'
[2.0]'呵呵，阁下那里应该是最真实的吧'
[0]'以前打井队就按5.39往上加，现在17个点往上加，价格能不贵嘛'
[2.8]'很好奇，这个公司是怎么解决进销之间增值税差额的？虚开后的高额毛利是怎么销账避税的？'
[0]'确实如此'
[1]'你这个太狠了，有流水但是一分税不交肯定查'
[2.5]'开出去的时候已经交完营业税了，现在还得找别人开进来当成本，又交一遍税，一出一进要10个点'
[-1.2]'没毛病，你说的是农产品，海关完税凭证，废旧物资回收之类的，但是管的很严。如果一般的套票也非常难，金三系统几乎可以让你无处遁形，稍微有点疏忽，税局就电话过来，至于文中的事件或许是地方国税人员不作为吧！'
[-1]'都不记账，皮包公司不对就跑路，交个毛税'
[0]'好想要枪毙的'
[2]'对，先交增值部分的17％，再交利润部分的25％
[0]'RPG'
[0.0]'真是不懂装懂最可怕，我都知道虚开增值税发票主要用来抵顶进项税款的。'
[1]'收票的有什么冤？本来就是知道是虚开的票'
[-2]'没有进账就等于没有成本，全额交完17以后，还有所得税等着你呢'
[1]'要的就这个嘛'
[1]'三楼，怎么做零申报?票开出去，不是要有进项对抵的?还是大公司的申报制度不一样?
[-1]'金税三期上线后，虚开增值税发票风险大的多了。中国现行税种是18税加1费'
[0]'搞不好的'
[0]'开900万交45万，纳税也才5个点，增值税点真心低....'
[2]'坦率的讲，你是正确的，因为已经取消死刑，现在虚开代开增值税发票，每年偷逃税收已经达1万亿，根本无法阻挡，每年警察因公牺牲或受伤有很多。所以，可以肯定，中国取消抵扣行为只是时间问题。'
[-1]'为什么有发票？为什么报销？为什么留下漏洞给人钻？当初不制定出来不更好？
[0]'的确如此
[0]'小额'
[0]'自从注册了工商 每天都有骚扰电话打来要不要开发票
[2]'没有增值税是不是就可以不这么犯罪了'
[-0.5]'杀还不能全杀光'
[1]'对呀，睡少收了，小金库就瘪了'
[0]'虚假繁荣'
[0]'呵呵'
[2]'乖乖，在网易秀财务水平的我还是第一次见'
[2.8]'但是很有可能要掏出去120亿啊，你以为这些发票谁拿去报销了的。。。'
[0]'45'
[1]'买票也要钱。开票要纳税。
[2]'情况存在，但是。也比北方经济好。'
[4]'对的，企业所得税25，如果提取到个人账户还要25的个人所得税，很多企业这笔钱不交的，只要税务想查你绝大多数小企业都跑不掉，如果你正规纳税那对不起，一年的税费总额能占你营业额的50%+++'
[0]税收上不来
[0]'唉 万岁'
[2]'一堆不懂税的在跟帖里瞎bb，他们盈利主要是靠最后一个月开票（次月才缴税），开完发票卖完就跑路'
[0]'抵扣税款'
[-4.0]'现在税务系统不断升级换代，就是要卡死这种乱开票的行为。税务部门有两点比较恶心，第一先放羊，养肥了再使劲薅羊毛。第二，连带责任人包括收票方，收票后抵扣成本等一律取消，还得罚款，冤不冤枉。反正他们的钱是少不了'
[0]'刚接个电话:你好我公司可代开发票'
[-2]'这个睡本来就是个奇葩！遗臭万年[不屑]'
[3]'哈哈，可能吧，真是让您费心了'
[1]'你懂个球，客户真实从他哪里买钢材，走公帐，他应该开钢材票，他也开了，难道不是真的交易，，，只能说他与上他的上家才不是真实交易。你税务局只能处罚他和他的上家才合理才对，关下面的客户什么关系？'
[-3]'虚，是正的虚还是负的虚'
[1]'预缴头税，后进项抵扣差价部分，并避缴企所税。如果沒进项抵扣进行消项。那么全额缴纳17%增税额，全额缴企所税额。估计企业主哭了。'
[-2]'营改增  不是虚开不了吗'
[1]'把可能去掉'
[2]'鬼👻在捉鬼👻'
[2]'哦谢谢谢谢'
[0]'虚开120亿，国家不是也收入近20亿吗，还有地税，企业所得税，何乐而不为？'
[-1]'厉害了我的哥'
[-2]'这种不健全的税务制度下催生的产业，查掉了这个还会出现另一个'
[0]'是的，国家不亏'
[0]'会追踪源头  用了这些公司抵扣成本的企业挨罚'
[-4]'没办法啊，摊子大啊，这航母不要钱啊，这水军不要钱啊，筑这墙不要钱啊，城管不要钱啊，“据外媒报道”外媒不要钱啊，中国特色哪个不要钱啊……
[-7.0]'没有进项减去劳务成本300万20%再减去1÷1.11x0.11=9.91缴税额(减税额13%地税)再减去应缴残疾人保证金1.5%剩余按企业所得利润25%征缴
[0.5]'不管是小规模还是一般纳税人，开票都有限额的。怎么就可以搞那么大？'
[0]'老板，代开发票！'
[-1]'分税，就是把17%的税分开，原料，产品，批发，零售，哪可能是3或者是4
[2.8]'不假，确实有钱，大街上看看车，路边看看房价，就知道了'
[0]'是开票公司跑路了吧？'
[-3]'装个毛呀，发票真假怎么查不出来？本文不是真假，是虚开，虚开的发票本身是真的，但业务不真实，你取得发票的人难道不知道有没有真实采购销售业务？'
[0]'10%卖了'
[0]'GDP啊！'
[-4]'交了的税充公，非法虚开发票再判刑 没收非法所得。这个才是王道……'
[0]'各洗钱500万的意思是 双方都少交了这500万的税？'
[0]'单号可查'
[1]'餐饮的要来毛用？'
[0]'可以抵税'
[0]'哦，动它们的食了。'
[1]'别信口开河，增值税怎么避？下家少上的税，不都是上家给提供的？难道上家开完票，不上税，开完票直接走人？'
[0]'年底了，大家都需要报销，120亿保守估计有三分之一都是虚开的，实际发生的交易额可能也就60—80亿，如果是洗钱的话，这家公司的财务真特么坑爹，这么多钱就不能请一个靠谱的财务？虚开发票本来就是一个很普遍的行为，做的这么过火连工商局都看不下去了，可想而知老板也太特么抠门了😂😂😂'
[1.2]'先税个毛，都是先开票，按月申报，几个皮包公司之间拼命虚开，申报税很少或者是零，税局发现问题要查的时候早跑了，你想皮包公司老实开票纳税是不是很傻很天真？'
[0]'小微企业就是靠这个发的'
[0]'钱啊'
[9]'有很多卖空白的！！！！'
[-1]'重复收了增值税为毛还收所得税'
[-1]'不诱导犯罪怎么罚款'
[-2]'白痴，销项税减去进项税才是应交的增值税，哪有20亿那么多。多读点书再来喷行不行？'
[-1]'墟开就没有收税？'
[0]'进项发票没了，收不到这部分钱'
[2]'去年初，舟山市公安局经侦支队与中国人民银行舟山中心支行反洗钱部门在资金账户监控中发现，2014年7月成立、从事粮油贸易的席琳公司规模不大，但百万、千万元资金频繁进出。 —\x00— 银行的保密义务呢'
[1]'想的美，没有增值税，税收少一半'
[5]'能报销的就那几个人！要不就是有些公司可以退税！在没用了n'
[1]各位企业主小心了'
[-5.2]'没进项怎么会没成本呢？很多费用开不了票的！企业负担真的很重，重到你无法想象！'
[1]'可以拖一段时间，然后关闭公司。正常公司不肯卖票，早晚要被发现的'
[0]'行业都有好坏的时候'
[1]'买票的企业现在倒霉了，挨个查，挨个过堂补税款，不懂别乱说。'
[1]'就好比那些做工地生意的像钢筋，下水管，PPR管，镀锌管及这些用的配件，开出来的票只要6个点左右。别的公司会拿这些票去做进项，然后再开别的产品出去。这样只合到8个点左右，现在不行了。你公司进项票进什么东西进来就要开什么东西出去。税务局系统查得到。票是真的。只不过进项跟开出的票产品不一。'
[1]'先让你开再查，你说正常交税和后查罚款哪个收益大'
[-1]'这个税本来就是抢劫，大家都不应该缴。'
[-5.5]'毛不懂，本文就是要虚开，还跟你傻乎乎记账？还就得呢？过一段时间发现势头不对就甩掉皮包公司跑路了，居然有你这么傻的？'
[0]'你最后一个月开120亿？
[0]'收支平衡啊！'
[0]'虚开的也是缴税的……'
[1]'全靠开票对吧？'
[-2]'120亿× 17% = 20.4亿元人民币。比农行的一纸票据麻烦多了。这得开几年开多少张才彼得上农行的一张30多亿元的假票据。'
[-1]'我觉得虚开发票税并不少交，洗钱居多吧'
[1]'卧槽5个点，这么高，我才收2个点'
[3]'不要用你那卖烧烤开直播的智商来思量生意场上的事好吗？为何要虚开发票？因为平时逃税太多了，偶尔需要应付一下，属于瞒报经济。南方大多家庭作坊式，甚至很多上了规模的企业也可以避开很多税务，政府大多睁一只眼闭一只眼，这叫藏富于民，你一个跳二人转的能理解？'
[-1]'够死刑了'
[-3]'把税收降低，取消发票，就如同美国，哪个愿意去偷税，罚死'
[0]'f\u2006f'
[0.8]'这么说根源在于上游做了太多去税销售的生意，然后发票多了要3个点卖掉。'
[0]'做梦'
[1]'给国家创造千亿的收入'
[-2]'竟然被辽宁的说……'
[-5]'这里有几点，第一，该公司营业范围是否有黄金制品交易？第二，进出项不一致；第三，该公司问题肯定不止这一项，它所开出的发票为问题票，都被作废了。如果购买方人为流转税转出有问题，那就去税务申诉。既然已经老老实实补税了，那还是有违法事实。'
[-1]'你们那没有假象，都是真虚'
[0.5]'因为这800家企业要进项税转出，还要罚款和滞纳金。耍一下你就晓得有好恐怖。'
[0]'蠢死了'
[0]'首次罚款不多。但是税款补缴这是必须的。'
[0]'你这个跟国企私企无关，国企本身肯定不敢卖票赚钱，都是开票员私下搞得，私企一样有'
[0]'等你关公司注销的时候就要补了'
[1]'很多卖票的虚开后，扔掉公司不纳税的，法人都是找些老头老太'
[0]'😏😏😃😃'
[-1]'虚开偷税不记账，怎么算？'
[0]'胆子不小'
[0]'东北养貉子的都是开假发票退税
[1]'虚开增值税当然是骗退税的，17个点，国家根据品名补贴，我做宠物用品出口的，国家补贴13个点，赚差价，受损的是政府，不抓你抓谁？'
[0]'每家企业都有两本帐！不然百分之十七的增值税，百分之二十五的个人所得税。谁交得起！'
[2]'办厂虚开，财务做账，关系到位，政府返点 。 就说这么多，能理解多少理解多少'
[0]'被企业买了'
[1]'税务局跟打了鸡血一样有干劲'
[2]'好多好吃可能哦就'
[0]'11个点'
[-1]'枪毙'
[0]'问题大'
[0]'难道增值税税票每个月不报税吗？'
[-1]'诀窍当然没有写出来：就是这些人去粮油国企买粮油发票进来，因为这些国企不用偷税，一般人去买粮油不开具发票，就有了发票剩余。买回来发票后，又开出其他项目的发票，他们甚至会以钢材的项目开出来，这就容易被监控到。所以他们的税全部被抵掉了，不用交税，最后两个月要甩掉公司的时候，甚至进项都不用买，第二个月利用窗口期继续开发票'
[1.2]'南方一些发达省份可能存在严重经济虚假现象'
[2]'我们这里也是每天接到开发票电话，每天几十个，国家有关部门对这些电话为什么不追究，不侦查，不成立专案组。
[0]'动组织的奶酪，你有几条命。。。。'
[0]'农产品收购可以免税，加工后才有增值税。'
[1]'那他们开了增值税，也要缴税的啊'
[0]'无期徒刑。'
[0]'套钱 逃所得税
[2.5]'这样合理 营改增没看出来好在哪'
[-1]'取消增值税。'
[3]'都是税赋过高引起的，小微企业已经快压死啦！'
[3]'操作模式就是去国(共)企买粮油增值税专用发票，一般会是3%的费用，因为国企不用偷税，会有大量未开票，国企里面的会卖掉赚钱。这些团伙买回来后，会以钢材等名义开出去，一般卖到5%，赚的就是这差价。由于去国企买了发票进行抵扣，所以什么税都不用交，或者为了掩盖，就交几百块。如果没有去国企买发票进来，会有17%的增值税，在增值税的基础上还有12%的附加税，还有25%的企业所得税，万分之三的印花税，税负超过45%'
[2.8]'对的，没有哪个公司敢说税务没一点问题的，除非特殊行业暴利，缴的多也无所谓'
[0]'皮包公司纳个毛税'
[0]'发票可以顶税'
[0]'买他一个亿'
[-2.8]'增税这么多问题，还要营改增。比如每个行业税率不同，如何抵扣的问题。'
[1]'就是做账，100买101卖赚钱很少，上的税就少'
[0]'为什么只是南方呢！全国都是重灾区，
[2.5]'但是这样会导致经济虚假繁荣'
[-1]'你要是增值税不高谁去开假票'
[3.0]'难怪每次车子停路边都会收到这样的小广告。'
[0]'看行业，做钢材5o0o的本赚50元，怎么上，做批发才2o元的利润。'
[3]'经济真好'
[0]'我就是小规模的，妈的，开了30万，今年，今天会计让我月底前开30万进来！😂😂😂😂'
[-1]'我三年一直都是零申报呀  小的没事'
[2.5]'要是普票可以这么想 但是这是专票啊亲，进项可以抵扣，两个税率17%的公司互开给对方500w的发票，俩公司增值税，所得税全都是0，每个公司还能各洗钱500w'
[0]'做梦想想吧'
[0]'太对了'
[0]'用到的企业都要被罚款，补税'
[-2.5]'他们应该搞了很 多公司，最终让一个公司虚开最多，其他的公司都做平，这个开最多的那个公司最后不经营了，法人跑路才玩得转，不然虚开是要交税的。'
[0]'额？'
[2]'以前能买到，现在的发行制度尤其是金税盘，弄不出来了。我就是个财务。'
[1]'看来卖的是真发票。如同开印钞厂'
[0]'连带的企业都会查，看背景了'
[-4]'你那是梦！养这么多闲人，没有税吃啥喝啥？怎么在国外装逼！'
[-1]所以查税、补税、以往认定的减免直接否认
[0]'那800家企业又跟着倒霉了'
[0.2]'地税才不要脸，我觉得国税稍微强点'
[0]'票越来越少，缴的越来越多
[0]'让其他企业避税了'
[-1]'不懂税务的事，麻烦高人说一下，这种虚开增值税发票的盈利模式是什么？'
[-2]'进项发票哪来呢？奇怪了！不可能30天内开出120亿的发票吧！'
[2.5]'买票的要背黑锅了，这么多年到现在才说要罚多少钱啊，一年来个几次比增值税收的还爽'
[-2]'偷税光荣纳税养贪官可耻。'
[0]'营业税'
[0]'兄弟，你没在网上找过开发票的？'
[-1]'每天都能收到卖发票的垃圾电话，烦死了，怎么举报他们？'
[9]'这是交过税的，没有实际交易的都是虚开。因为下家公司可以用这发票冲减成本，将利润部分也可以冲减了，这样，25%的企业所得税就不用交了。这年头还有利润的企业也真的好企业了，这次可以一次逮800多个，真算共和国的胜利！！！'
[0]'这家伙肯定是挡了不少人的路'
[-1]'努比亚就是傻逼'
[2]'是啊！一定要去税务局买'
[-1]'买给其他企业拿去抵扣了啊 什么屁问题'
[-1.5]'缴完各种企业税费后仍还不是你的，给个人还要交个人所得税。
[0]'为什么可以领到那么多的fap'
[-1]'农产品是免税的，他们虚构农产品收购交易，自己开出农产品发票，农产品发票是11的税率，然后往外开票，赚取税点，下家是可以拿着虚开的发票抵扣的，没有真实交易，抵扣的税款就是骗国家的钱'
[0]'少收了
[0]'六楼，100进上家也得交税啊，哪有这么多进？还是不懂'
[1]'只涉及企业倒是好了，机关单位呢'
[2.5]'给他交20亿还得三跪九叩，要不人家不收'
[2]'虚开也要纳税吧！这个没毛病吧！
[0]'虚开，收少了'
[-1.2]'增值税是不管你赚钱不赚钱，只要你有收入，先交总收入的17%，但是你的产品生产出来或者买时候也有购入的发票，这些属于成本的增值税票可以抵扣。企业所得税是按利润算的，营业收入减去各种成本就是应该交税的收入，就是税前利润的25%要交给国家了，但是如果没利润当然就不交了。所以说合理避税只能避所得税，增值税除了买票是一点办法也没有的。'
[0]'本文的这种根本不是什么富余票，是几个皮包公司纯虚开不记账不纳税，发现了就扔下皮包公司跑路，跟你交个毛税'
[1]'总体来说还是少缴税了，帮助其他企业避税了'
[-4]'虚开发票不是也缴税了吗！'
[1]'收钱方面不遗余力'
[-1]'所得税少了，而且说增值税少了重复收取，重复收取，重复收取。'
[1]'税务局估计要挨罚了'
[-1]'本来是个明白帐，原料税，产品税，批发税，零售税，还包括物流税，非要弄个糊涂帐，抵扣来抵扣去，骗来骗去骗自己，税票是真的，虚开也是税务局的错。'
[1]'如果是交齐了税的，就没毛病。'
[0]'中国是先税，你开了票能不交税？第一家开的第一家交起，进项票没有虚开就是十七个点'
[2]'这就得想想谁会需要这种发票'
[-2.0]'谢谢你啊，我刚来几天，跟着出了两趟差，宾馆登记她都规避用自己身份证，我应该还没有被登记什么法人，但是介绍我过来的朋友 他名开的银行卡有大额大额的转账汇款记录，他自己还只说自己就是个干活的，他自己会有风险么'
[0]'人家拿去开发票报销列费用开支'
[-1]'犯不着您操心'
[-1.5]'那么问题来了，那么多增值税发票最终去哪了？'
[0]'增值税发票是可以抵扣的'
[-3]'看了半天没有一个企业老板过来说说应该怎样合理避税'
[0]'你真是傻逼！知道增值税害苦了多少企业！'
[0]'税太高，才有人去虚开'
[0]'虚开这个词用的好。发票是假的吗？不交税吗？不是正规进项吗？'
[1]'大胖子进税务局出来就成麻杆了，怪不得前几年新闻里说单位花不完预算年底还得突击花钱，真是富的流油'
[0]'谁用这个发票，税务局上门让你罚款补税！ 美滋滋 ！ 2倍哦'
[-2]'真假发票一验旧就能查出来，一口说的还是虚开！'
[-1.5]'其实就是帮小公司走账，还不是税太高了，又有后门，就有人来做了嘛。。。制度有问题，一抓了事。'
[0]'还有万分之五的印花税了。。。'
[3.0]'我做空调的可以从我的角度解释一下，空调分工程和零售，做零售的比如专卖店社区店这种卖出去设备用户往往不要票，或者提前说好我们价格便宜都是不带票，那么拿到的进项票就会富裕做工程的给甲方开票才能结账，但是他们的合同额是含安装以及材料费的，这两种上税太高一般得在10个点左右，安装费算纯利，材料费市面上没有票，所以票要全开成设备，这样就造成进项票不够，高开部分不能找到抵扣就要上17%的税，所以就要去买票，一般是6个点，现在年底8个点左右吧。卖票一方也是要承担不到两个点的基础税率的'
[-1]'不了了之'
[-1]'为什么在大超市老是有人问手中的购物单要不要？不要就给他？
[0]'那么，是谁？'
[0]'分红统一按20%计算，最高级别个毛啊'
[1]'对分红还要交20个人所得税'
[1]'你懂鸟，被需要的拿来抵扣了，少交增值税。不止，还有所得税。。。。。'
[-4]'谈保密不觉得可笑吗，你没有秘密，你就是赤身裸体'
[1]'洗黑钱啊，当然要搞他丫的啊'
[0]'人家可不这么说，南方人把这叫做聪明，勤劳致富。'
[0]'这种国家也不会把800家全关了 只是会按11%收你的增值税 农产品是11个点'
[5]'增值税发票就是好！！'
[0]'拿来税局冲减啊'
[2]'做外贸有出口退税，开票金额高，退税也多，我做外贸是这样的，这行业很多骗税的'
[-1]'厉害了'
[0]'这个算入GDP吗？'
[2]'虚开也要纳税吧！这个没毛病吧！'
[0]'[微笑][微笑]'
[1]'不懂不要装懂'
[0]'牛逼个🐔、你没见我津巴布韦兄弟还没吃饭！一会把这点💰送过去🐳'
[0]'哦！天哪！'
[0]'你懂，科普一下，'
[0]'还要罚一。起码50亿。开发票的立了大功！'
[-1]'增值税就是流氓税'
[-2]'我只想说：艹它嘛的个B！'
[5]'你真的不懂，很多公司就是专门开增值税发票的，收5个点费用，空白发票到处都能买到，基本都是跨省买票，后面发现要来查都是一两年后的事了'
[-1.5]'如果企业隐藏部分进货和出货的数量，是不是可以逃税？税务局会一家一家去查吗？还不得累死他们'
[4]'一般是系统比对后提示才进行处理，一般不允许专管员自行查账，不作为的板子打不到人家身上。'
[0]'这些东西怎么去了解呢，什么进项，增值税，一出一进，它们之间的关系，有哪位朋友给细说下啊'
[3]'我觉得应该把可能去掉！
[-3]'这几天为进项发票愁死了，贵得离谱'
[0]'九牛一毛'
[-1]'恶意提问，他们黑吃黑'
[2]'其实不止，买票也要8-10个点了，以前是6个，但是我能省10个点税钱'
[0]'好企业少啊半死不活的多，都靠税上抠点下来'
[1]'赶紧关了[大笑]'
[0]'凉水能要你的命'
[1]'企业都倒了，老爷们就轻松了～'
[1]'农产品是免税的，所以国家对农产品监管特别严。'
[2]'能有抵税票进来，账做的平有何不可'
[-1]'不懂税务的事，麻烦高人说一下，这种虚开增值税发票的盈利模式是什么？'
[-8]'你不知道有个东西叫抵扣！！！普票才三个点！'
[-1]'没有真实交易开这么多增票拿什么交税？开公司的开着增票玩嘛？自己垫钱交税？'
[2]'看不懂，能再详细嘛？'
[-1.5]'对，不过交了25％的所得税之后，。那剩下的仍还不是你的，还有城建费，教育附加，残联基金等费。'
[2.5]'解决方法很简单取消6，11，17个点的增值税，像美国学习开征3个点的消费税，取消抵扣行为'
[1]'营改增哈哈'
[-2]'呵呵沟通费劲 懒得教你'
[3]'个体户和是否一般纳税人没关系，个体户也可以是一般纳税人。增值税属于价外税，如200元的销售价（这是不含税价，含税价应该是234元），100的进货成本（不含税价，含税价是117元），正常交增值那部分100元的17%（34-17=17）增值税，如果买了一张票面金额100块（因为没有实物交易，实际花10%左右的钱，也就是10块钱）的增值税专用发票回来，那么一分钱都不用交给税局，企业省了7块钱税。至于卖票方怎样赚钱，，，，我不能再说了，不然查水表了，反正整个环节下来，国家会少收很多税。'
[0]'纳税了，钱款流向呢？'
[-1]'傻逼'
[3]'给国家增加了税收，给统计局贡献了GDP，功臣啊'
[1]'真有大胆的，可能‘利令智昏＇一词就是因为这些人而来的吧'
[-1]'买票的，300%罚款，500%罚金！卖票的，咔！路过，每人赏五百！👏'
[0]'开展业务……'
[1]'增值税不能说不好，但是太高，现在的基础上下降5%到7个点，会好很多。至少会少很大一部分人去买票'
[2]'是的，也要纳税，营业税和增值税'
[2]'不抵扣，那商品就是天价了，估计田七，中华牙膏都要天价了，如果分开来开票税，那就没有具体的收税点。比如苹果手机，电子产品，硬件差不多，可是系统不一样，价格不一样，难道系统以及研发要上税？'
[-1]'在17%的增值税重税下，中国有不偷税漏税的企业吗？？'
[0]'虚开不用缴税么？'
[-1]'没有内部人员的参与   你觉得他能活那么久， 养肥了杀而已，最后钱去了哪里 一目了然'
[2]'对，他收票的时候就知道是虚开的，基本没有被骗的。'
[2]'二楼sb，千年不变的真理'
[0]'那不一定啊，开100，抵两百，能叫纳税吗'
[0]'税务局同志表示很不服！公安开始抢饭碗！'
[2]'现在就是这个样子，专坑老实做事的人和公司～'
[0]'虚开应该是逃不了税的吧，没有抵扣就全额缴纳，国家没损失'
[0]'顶你'
[2]'虚开的盈利模式一直不明白，虚开单位没有进项，也要交增值税和所得税的。除非，除非是虚开单位做了很多去税销售的生意，也就是卖出去的货不开发票的，那就积累了大量的进项发票。京东自营，都开发票的，某宝就没有发票的，里面的大店也很多。'
[-1]'所以是税收制度下的产业链啊'
[3.5]'想的比较轻松，像这种买票的起码要补的就是17的增值税和25的企业所得税，还不含后面的罚款，想抢国家的钱，补税、罚款再判刑！'
[-2]'没有给税务局送到脾气。'
[4]'身份证都给用！你心太大！用身份证去税务机关查查，你是什么身份的。如果是法人代表，你麻烦最大。然后，去工商再看看，是否还是法人代表。如是，要不就报警（冒用，最好，你没在登记过程签字），要不就换掉。转回头，如果你不是法人代表，是其他的，抓紧变更就好。'
[3]'这么好的事吗？天天烧香盼着了。国家会轻易把这块肥肉扔了？'
[0]'我个人观点，仅供看看，不代表我懂。其它方面，你再咨询更多的人。'
[0]'原来是养肥了再杀'
[0]'这800家企业倒霉了，国家光罚款至少收入20亿'
[0]'进项票太少'
[3]'真票都要纳税！代开应该只是赚点手续费；
[-2]'下游公司补税加罚款，反而收上来更多了，话说能开这种公司的都不是省油的灯，竟然能拿到那么多空票呵呵。'
[2]'17%的增值税确实太高了 有多少企业有这么高的利润 除非是垄断行业'
[0]'[报警]'
[0.0]'现在发达的企业都不怎么干净！还是漏洞多呀！'
[3]年初定的税收增长目标实现不了要挨板子
[0]'我也想干这个生意   有没有有门道的   教教我'
[-10]'开了那么多才发现，是故意的吧！为了秋后算账搞罚款！！！'
[4.0]'买来抵扣了 国内可抵扣票据太少基本都开不出票 会计做税只能买'
[-3]'无知，开了就跑路不上税了。接票的最惨，花了几个点买回来，最后税务补税，稽查来罚款，1-5倍税金。这种犯罪就该枪毙
[0]'就是收不到才查，正常缴税没有人查的'
[-1]'7楼，农民得罪你吗？'
[1]'最终都会进项转出，收到这些虚开发票的单位要倒霉了。'
[1]'敢少国家的份子钱，胆够肥的'
[0]'如果国家税负合理谁愿意冒险，这种公司也就不会存在了。'
[0]'虚开120亿，国家不是也收入近20亿吗，还有地税，企业所得税，何乐而不为？'
[2]'人才啊，英雄。'
[0]'4O了'
[0]'我今年开票900万，估计上税45万左右，'
[-1]'不懂就别瞎喷'
[-2]'虚开增值税发票比印制假币危害更大…应该判死刑'
[2.0]'不要告诉我这里面没有税务内鬼的功劳[窃笑][窃笑][窃笑]税票那么好拿？我申请百万元版的都不过，害我走个几百万的账都要挪啊挪☞'
[-1]'哪个公司不做账？真当👆不知道？一查一个准，养肥而已…'
[0]'洗呀洗呀洗钱钱！'</comments_result><comments_dict>text_pos_number:积极评论条数为 141 条，占全部评论比例的 %36.0
text_neg_number消极评论条数为 108 条，占全部评论比例的 %28.000000000000004
text_mid_number中性情感评论条数为 143 条，占全部评论比例的 %36.0
text_pos_mean平和
text_neg_mean愤怒
text_total_mean淡定
text_total_var情感波动很小</comments_dict></doc>