<?xml version='1.0' encoding='utf-8'?>
<doc><id>96</id><url>http://sports.qq.com/a/20171116/042049.htm</url><title>U20国足德国首战即将打响 对手：能挣钱很开心</title><datetime>2017-11-16 21:21:00</datetime><body>冲击东京奥运！国足将参加下赛季德国地区联赛正在播放自动播放开关自动播放冲击东京奥运！国足将参加下赛季德国地区联赛正在加载腾讯体育讯北京时间月日，据德国媒体报道，中国男足将在德国当地时间月日点迎来德国西南地区联赛的首个对手目前排名该联赛倒数第二名的肖特美因茨。外媒截图西南地区联赛属于德国第四级别联赛，共有支队伍。经与德国足协商定，中国男足将与每轮联赛轮空队伍进行比赛，但成绩不计入联赛积分和排名，德国足协将单独为中国队设立联赛计分与排名系统。由孙继海担任教练组组长的中国男足已经在本周初抵达德国，正在备战第一场比赛。中国男足的首战对手肖特美因茨俱乐部成立于年，该队曾长期参加德国业余联赛，年才升入属于德国职业联赛序列的德国西南地区联赛，最好成绩是赛季获得西南地区联赛第名。本赛季上半程轮过后，肖特美因茨以胜平负的成绩暂居西南地区联赛第名。也就是说，中国男足的首战对手是该联赛中相对较弱的一支队伍。由于和中国队交手可以从中国足协领到万欧元的补贴，因此肖特美因茨普雷格在日前接受德国媒体采访时显得非常开心我们为每一笔收入而感到快乐。我们是一个小俱乐部，因此非常高兴有机会参加这样的比赛。唐小蜜</body><keywords>德国 0.06671888382075346;联赛 0.05966317223337131;中国男足 0.025728640815913716;正在 0.02209966594770245;西南地区 0.020597063190509808;排名 0.020445006379734027;肖特 0.01950910259264258;美因茨 0.01924560534959628;参加 0.018781185352856212;自动播放 0.01712657491942787</keywords><naive_snippet>冲击东京奥运！国足将参加下赛季德国地区联赛正在播放自动播放开关自动播放冲击东京奥运！国足将参加下赛季德国地区联赛正在加载腾讯体育讯北京时间月日，据德国媒体报道，中国男足将在德国当地时间月日点迎来德国西南地区联赛的首个对手目前排名该联赛倒数第二名的肖特美因茨。外媒截图西南地区联赛属于德国第四级别联赛，</naive_snippet><selected_snippet>中国男足的首战对手肖特美因茨俱乐部成立于年，该队曾长期参加德国业余联赛，年才升入属于德国职业联赛序列的德国西南地区联赛，最好成绩是赛季获得西南地区联赛第名</selected_snippet><comments>
真心搞不懂，花这冤枉钱，不如好好发展我国青训及校园足球
第一轮国足u23大比分败北。以后的比赛别提了。 还嫌不够丢人
如果国家队被德甲第四级别的球队狂虐，我是该哭还是该笑？仔细想想这还真是个问题！
中国足球关键是青训！多建球场，让更多孩子有机会踢上足球，而不是弄这么个球队去德国就提高了中国足球的水平！没有好好蛰伏十年的耐心，弯下腰在基层好好干点具体实事的理念，这个球队就是第二个健力宝！
孩子去踢球，学习上不去怎么办？谁给饭吃？你会给自己的孩子去踢球？
烧钱
走出去是好事，记得一定带着进步回来，要知道这是一件多么屈辱的事，我大中华屹立于世界，绝不能被足球拖后腿！
这样的锻炼还是很有必要的 长时间的磨合能培养整体意识
别国做足球队来我国踢，中国出钱。我国足球队出国踢球，中国出钱。中国足协土豪啊！
他这样打 还不如在国内打中甲 或是足协杯，人家摆明了 阴奉阳违 看不上你！
瞎胡闹，什么玩意
来，现在把这些钱给你，你说说你的合理建议！一个队给9000欧，咱就算15个队，跟每个队踢两场，15*2*9000*10＝270万人民币，你在支配一下
伊拉克和叙利亚的孩子们在满是弹片的废墟里踢球
中国足球就是一个笑话
希望球员们谦虚点，踢球干净点，脾气压着点，脑子活点，机会不是很多，珍惜点，只要有能力踢的好，中国球迷什么都能给你……
按每个净胜球1.5万欧结算效果更好
要是放下水，让更多的中国球迷高兴，还能赚得更多
有钱任性哈哈哈
有什么用，？中国队以前没联赛时也是长期集训的！你不知道吗
出去被人家藏独做广告？！广告费都不话就上了新闻
呵呵，好也捧，坏也捧
中国足球跟现代足球两码事
钱不是白给的，中国小伙子们踢废他们😄
国足实在是太糟蹋钱了，永远不会赢的球队，也就是国营的，要不早解散了
不一样 那时候集训没用 这是打比赛 德国低级别联赛也比咱中超强 长时间跟高手过招能学到东西 这些小伙子要是在国内联赛锻炼基本上没啥意义 没几个能有机会上场实战 所以说集中起来跟国外的队打联赛是有前途的
美因茨：全军出击。 U28 ：系统提示离投降认输还有5分43秒
还不如许家印说要办U19世界杯！
扯淡吧！我还是对我恒大足校西班牙分校抱有希望！恒大足校精华都在西班牙接受皇马青训！
俱乐部青训还是要有钱 恒大 鲁能 上港这样的 绿城前几年青训还算中等偏上了 现在没钱都在中甲了 卖人为生 质量又不如鲁能 上港那些 估计明年中乙了
一定要带着耻辱回来
今天学德国，明天学巴西，后天学西班牙，就不会结合中国人身体特点来规划
希望对手要认真对待比赛 但前提是不能虐我们
在家练好脚下技术，这就可以了，懂不
找一群纨绔子弟去踢球 能踢明白都怪了
差不多就可以了啊，别进太多，我怕孙继海面子挂不住
其实每场是三万欧。剩下的进了菜狗口袋
呵呵，好也喷，坏也喷，
真是屈辱啊！去参加比赛，还要给钱与对方球队。
这个模式不错，我的评论为什么没人点赞呢
又是乱花钱，，还不如给全国幼儿园一人发一个足球⚽，难道我把你送清华去读几天书，你就能变多了，踢个几场没变化，如果是几年的话，还是能有质变的，！
真是各种喷啊。
国内你能打个什么鸟样出来？中国联赛水平低不说，还抱怨裁判！素质低！然后又是现在国足这个吊样！出去最好德国第四价级别联赛也比中甲强太多，真的！传球，控球，跑位！这都可以学到的
陪太子读书
比赛有屁用，人家强是强在基本功过硬，
注定是个笑话?这样的比赛有卵用!
这种馊主意也能想的出来，真是&amp;quot;天才&amp;quot;！
真正的现代足球起源于英国。
好玩就行了😁，有钱！😯就是叼😕
重要的是人家还不接受哈哈哈😂</comments><comments_num>50</comments_num><comments_result>[3]真心搞不懂，花这冤枉钱，不如好好发展我国青训及校园足球
[-3.5]第一轮国足u23大比分败北。以后的比赛别提了。 还嫌不够丢人
[-2.5]如果国家队被德甲第四级别的球队狂虐，我是该哭还是该笑？仔细想想这还真是个问题！
[8.6]中国足球关键是青训！多建球场，让更多孩子有机会踢上足球，而不是弄这么个球队去德国就提高了中国足球的水平！没有好好蛰伏十年的耐心，弯下腰在基层好好干点具体实事的理念，这个球队就是第二个健力宝！
[2]孩子去踢球，学习上不去怎么办？谁给饭吃？你会给自己的孩子去踢球？
[0]烧钱
[1.2]走出去是好事，记得一定带着进步回来，要知道这是一件多么屈辱的事，我大中华屹立于世界，绝不能被足球拖后腿！
[5.4]这样的锻炼还是很有必要的 长时间的磨合能培养整体意识
[-3]别国做足球队来我国踢，中国出钱。我国足球队出国踢球，中国出钱。中国足协土豪啊！
[-3]他这样打 还不如在国内打中甲 或是足协杯，人家摆明了 阴奉阳违 看不上你！
[-1]瞎胡闹，什么玩意
[0]来，现在把这些钱给你，你说说你的合理建议！一个队给9000欧，咱就算15个队，跟每个队踢两场，15*2*9000*10＝270万人民币，你在支配一下
[1]伊拉克和叙利亚的孩子们在满是弹片的废墟里踢球
[0]中国足球就是一个笑话
[7]希望球员们谦虚点，踢球干净点，脾气压着点，脑子活点，机会不是很多，珍惜点，只要有能力踢的好，中国球迷什么都能给你……
[0]按每个净胜球1.5万欧结算效果更好
[4.1]要是放下水，让更多的中国球迷高兴，还能赚得更多
[2]有钱任性哈哈哈
[-1]有什么用，？中国队以前没联赛时也是长期集训的！你不知道吗
[0]出去被人家藏独做广告？！广告费都不话就上了新闻
[0]呵呵，好也捧，坏也捧
[0]中国足球跟现代足球两码事
[-2]钱不是白给的，中国小伙子们踢废他们😄
[-0.5]国足实在是太糟蹋钱了，永远不会赢的球队，也就是国营的，要不早解散了
[1]不一样 那时候集训没用 这是打比赛 德国低级别联赛也比咱中超强 长时间跟高手过招能学到东西 这些小伙子要是在国内联赛锻炼基本上没啥意义 没几个能有机会上场实战 所以说集中起来跟国外的队打联赛是有前途的
[-1]美因茨：全军出击。 U28 ：系统提示离投降认输还有5分43秒
[3.5]还不如许家印说要办U19世界杯！
[4]扯淡吧！我还是对我恒大足校西班牙分校抱有希望！恒大足校精华都在西班牙接受皇马青训！
[2]俱乐部青训还是要有钱 恒大 鲁能 上港这样的 绿城前几年青训还算中等偏上了 现在没钱都在中甲了 卖人为生 质量又不如鲁能 上港那些 估计明年中乙了
[1]一定要带着耻辱回来
[-1]今天学德国，明天学巴西，后天学西班牙，就不会结合中国人身体特点来规划
[-1]希望对手要认真对待比赛 但前提是不能虐我们
[1]在家练好脚下技术，这就可以了，懂不
[0]找一群纨绔子弟去踢球 能踢明白都怪了
[0]差不多就可以了啊，别进太多，我怕孙继海面子挂不住
[1]其实每场是三万欧。剩下的进了菜狗口袋
[0]呵呵，好也喷，坏也喷，
[-2]真是屈辱啊！去参加比赛，还要给钱与对方球队。
[2]这个模式不错，我的评论为什么没人点赞呢
[4]又是乱花钱，，还不如给全国幼儿园一人发一个足球⚽，难道我把你送清华去读几天书，你就能变多了，踢个几场没变化，如果是几年的话，还是能有质变的，！
[0]真是各种喷啊。
[-3.5]国内你能打个什么鸟样出来？中国联赛水平低不说，还抱怨裁判！素质低！然后又是现在国足这个吊样！出去最好德国第四价级别联赛也比中甲强太多，真的！传球，控球，跑位！这都可以学到的
[0]陪太子读书
[1]比赛有屁用，人家强是强在基本功过硬，
[0]注定是个笑话?这样的比赛有卵用!
[5]这种馊主意也能想的出来，真是&amp;quot;天才&amp;quot;！
[1]真正的现代足球起源于英国。
[4]好玩就行了😁，有钱！😯就是叼😕
[-3.0]重要的是人家还不接受哈哈哈😂</comments_result><comments_dict>text_pos_number:积极评论条数为 22 条，占全部评论比例的 %45.0
text_neg_number消极评论条数为 14 条，占全部评论比例的 %28.999999999999996
text_mid_number中性情感评论条数为 13 条，占全部评论比例的 %27.0
text_pos_mean平和
text_neg_mean愤怒
text_total_mean淡定
text_total_var情感波动很小</comments_dict></doc>