<?xml version='1.0' encoding='utf-8'?>
<doc><source>souhu</source><id>37414</id><url>http://news.sohu.com/20170101/n477496717.shtml</url><title>电话用户今起进入全实名时代 若被冒名这么办</title><datetime>2016-01-01 00:37</datetime><body>

资料图。中新网吴涛摄

　　中新网北京1月1日电（吴涛）新的一年到来了，也许有人发现自己电话打不出去了，这可能是因为你还未办理电话号码实名补登记。速去补登记吧，拖久了会被销号。同时，你也可去运营商营业网点查询身份信息是否被“冒名”用于了实名登记，可及时对不是自己的手机号进行销号处理。
　　我国跨入电话用户全实名时代
　　按照此前要求，2016年年底中国电话用户将全部实名，新的一年到来了，完成情况如何呢？在2017年全国工业和信息化工作会议上，工信部表示，2016年，工信部防范和打击通讯信息诈骗专项行动取得阶段性成效，关停违规语音专线2.3万条、“400”号码67.5万个，下架改号软件和产品1700余个，全面实现了电话用户实名登记。
　　以江苏为例，今年8月以来，江苏省电信企业通过电话、短信等方式累计通知2800万人次未实名用户办理真实身份信息补登记，截至2016年12月底，江苏已有530万用户成功办理补登记，电话用户实名率已达100%。
　　另外，工信部还部署了2017年重点工作任务，就电话用户实名方面，工信部表示，将持续深入推进防范和打击通讯信息诈骗专项行动；巩固电话用户实名登记成果，提升登记信息准确率；强化语音专线和“400”等重点电信业务的规范管理；强化内外部举报受理、监测处置和考核追责协同治理机制。
　　为防范打击电信诈骗提前半年完成
　　在电话用户全面实名的过程中，值得注意的是，在2016年，曾有一个提速的过程。最早工信部的要求是，在2016年年底电话用户实名率达到95%，2017年6月30日前全部电话用户实名登记。
　　2016年5月24日，工信部下发《工业和信息化部关于贯彻落实&lt;反恐怖主义法&gt;等法律规定进一步做好电话用户真实身份信息登记工作的通知》，要求各基础电信企业要确保在2016年12月31日前本企业全部电话用户实名率达到95%以上，2017年6月30日前全部电话用户实现实名登记。
　　2016年9月23日，工信部等6部门联合下发《关于防范和打击电信网络诈骗犯罪的通告》，要求，电信企业（含移动转售企业）要严格落实电话用户真实身份信息登记制度，确保到2016年10月底前全部电话实名率达到96%，年底前达到100%。
　　关于电话用户实名的规定，最早可追溯到2013年。2013年6月28日，《电话用户真实身份信息登记规定》审议通过，2013年9月1日起施行。该规定要求，电信业务经营者为用户办理入网手续时，应当要求用户出示有效证件、提供真实身份信息，用户应当予以配合。
　　不实名有啥影响？被“双停”乃至销号
　　近几年来，尤其是2016年，国家在电话用户实名方面下了很大力气，可为什么一定要电话用户实名呢？在工信部2016年十大事件中显示，电话用户实名登记是保障人民群众合法权益、维护国家安全与社会和谐稳定的重要举措，同时也是防范打击通讯信息诈骗的迫切需要。
　　不难发现，电话用户实名既关系到国家安全，也和电话用户信息安全息息相关，如果电话用户不实名会有什么影响呢？工信部表示，在规定时间内（2016年12月底）未完成补登记的电话用户，一律予以停机。三大运营商此前也表示，2016年12月底，未实名电话用户将面临“双停”，即打不出电话、发不出短信等；也不可接收电话、短信等。
　　被“双停”后，用户也不要着急，多地都提供了实名补登记的机会。但是即便是这样，也建议用户抓紧时间进行实名补登记，以免停机时间长了被销号。
　　被“冒名”咋办？可对手机号销号处理
　　至于如何办理实名，三大运营商此前已经通过宣传、公告、短信和电话通知（拨打本机或系统留存联系电话）等多种方式，通知老用户实名补登记。具体操作，用户可以去三大运营商线下自有营业厅和网上营业厅办理实名补登记；另外，有的运营商还提供手机营业厅、微信公众号等自助实名补登记服务，用户可自行选择办理。
　　中新网（微信公众号：cns2012）调查发现，在办理过程中，有用户存在被“冒名”现象，即名下有陌生的电话号是用自己身份证实名的。北京地区的陈先生就对中新网表示，“我去办理实名补登记，发现自己名下有几个别的手机号，吓我一跳。”陈先生说，“这些手机号有的还是欠费状态，要销号，需要先缴清‘欠费’。”
　　陈先生自己猜测，这或和自己曾经丢失过身份证有关系。中新网记者此前在走访中也了解到，有些运营商线下营业厅是支持代办实名补登记服务的，只要拿着对方身份证和电话号即可。
　　为了保证“真实名”，中国移动曾对中新网表示，其将严格执行新入网的实名登记管理要求，在实体渠道全部配备二代证读取设备或NFC手机现场核验身份信息，未具备身份证芯片信息读取设备的网点不允许售卡；同时强化网络售卡监督管理，不对任何社会渠道授权网络售卡。（完）</body><comments>不要成为笑话，火车实名了，黄牛照样。
举手之劳，却迟至今日，贻苦害至今
啥都实名制，官员的财产什么时候也实名制
早该做的事了，拖到今天~~
诈骗犯罪分子，有钱有势，警察都怕何谈老百姓。
NULL
同时，也要设置所有电话主叫都必须在被叫机上显示主叫机的真实的电话号码！！！！以便于当遇到诈骗电话时，立即锁定骗子的主叫机的电话号码。有利于及时抓捕骗子。
啥都实名制，官员的财产什么时候也实名制
这个可以有，喊了好多年了，大部分都是贪官怎么实名？
电话诈骗找不到骗子的，运营商应该付一半责任，因为运营商给骗子提供了空子。
啥都实名制，官员的财产什么时候也实名制
天荒地老时、
好好好，以后电话诈骗也可以追踪到了。
高兴的太早，有手段的人永远可以找到破解的办法，不说别的，网上有的是可以买卖的身份证、手机卡、银行卡一条龙，只要你肯出钱，这也叫事？
好好好，以后电话诈骗也可以追踪到了。
早就应该这样了！
这一计策叫做“补锅法”！补锅匠见人家的锅只有一条小裂缝，便以敲锅盔的理由用小铁锤猛敲，导致裂缝增大，然后说你看，你的锅大补，不然就废了……其实电信诈骗三大运营商有办法解决，而大腐官们故意让事态发展到严重状态，激起民愤，以舆论引导一些头脑简单的人呼吁全部实名制，从而进一步完成“网络实名制”，封民众的嘴，减少网络举报渠道。
公号私号要分清，公号不得实名制。别搞的像公房，离任不退，据为己有。有的离任者甚至连办公室都不退，还时不时地跑去自我瞻仰。这怎么行！
傻子真多！这是大腐官们为了实现“网络实名制”，封堵举报渠道布下的一步棋！！当年杭州西湖区那个玩了100多个女人被枪毙的区委书记就曾是拼命要求网络实名制的一个！因为有些有正义感的人一直在网上举报他！！！
好消息，一点一点改变一点一点完善，假以时日相信以后就不会这么混乱了。
找矬爷去！
目前，中国移动，中国联通，中国电信先后对所有的手机用户实行了实名制登记。很多手机用户的垃圾短信少了很多，是好事。由此看出，三大运行商对那些垃圾短信得到了控制。那些不法人员贼心不死，他们又开始利用座机电话骚扰我们用户。不知咱们对此有何对策。请尽快出台相应办法来净化我们的网络。谢谢！
电信说了年底降价的.降了吗？
啥都实名制，官员的财产什么时候也实名制
能不能理解为实名制只对草民不对官？
你能不能举个例子，说明只对咱草民？否则，你的话没法信！
NULL
那实在是太多了。你无法证明实名制只针对草民！我亲眼所见，一位官员证明他有三套住房，两辆车，存款多少。人家说明了来源。
早就该实名了！
请公开官员的所有收入和家产。
支持
长城宽带太垃圾了，100兆流量连手机网页都打不开。
咱们这的10M长城宽带10元/月，便宜不？
买号必须是本人拿身份证购买，或替别人买号也要拿着本人身份证和买号者的身份证购买！只拿着对方身份证和电话号是不可办业务的！</comments><comments_num>0</comments_num></doc>