<?xml version='1.0' encoding='utf-8'?>
<doc><source>souhu</source><id>37408</id><url>http://news.sohu.com/20170101/n477499296.shtml</url><title>北京多冰场冰层未达标爽约元旦 被指十几年未见</title><datetime>2016-01-01 05:07</datetime><body>
昨日，龙潭公园冰雪嘉年华，受天气影响，游客减少。

昨日，一对父子来到陶然亭公园冰场售票处，该冰场尚未开放。本版摄影/新京报记者信娜
　　昨日为元旦小长假第一天。与往年元旦开放冰场不同，今年，由于气温较高，冰层厚度未达标，市区内6家大型冰场未开放，如颐和园、北海公园、什刹海、陶然亭、紫竹院及植物园等。同时，14万人共游市属公园，与往年相比略有减少。
　　市区大型冰场均未开放
　　昨日，记者从市区6家大型冰场了解到，由于近期气温较高，冰场均未开放，其中包括什刹海、颐和园、北海公园、陶然亭、紫竹院、植物园。
　　记者在陶然亭公园内冰场看到，数名工作人员正在整理冰场设施，几十个冰车整齐码放在冰场周围。售票亭的显示屏上写着“冰层厚度14公分”。一位工作人员告诉记者，冰层厚度还未达标，目前冰场未开放。
　　几位市民徘徊不前，确认冰场未开放后才不舍离去。一位特意游玩雪场嘉年华的市民称，去年元旦，冰场已经开放了。所以今年想再来玩玩。
　　往年元旦期间颇受欢迎的什刹海冰场也尚未开放。什刹海冰场相关负责人告诉记者，冰层厚度未达标。如果达到开放标准并验收合格后，会统一开放所有冰场，不会单独先开放某一区域。“什刹海冰场一般都会赶在元旦开放，这种情况，十几年都没见。”他说。
　　颐和园冰场负责人告诉记者，相比往年，今年冬天平均气温较高，未出现连续低温天气，冰层的厚度还未达标。
　　此前也曾遭遇暖冬冰场延期开放
　　往年，元旦前夕，上述冰场均已开门迎客。以2015年为例，12月底，北海公园、植物园等冰场便已开放。同时，2016年元旦，颐和园、什刹海及北海公园也已相继开放。
　　此前也曾遭遇因暖冬，导致冰场未及时开放，但并未出现类似今年集体延后的情况。
　　以2014年为例，往年12月底便已开放的北海公园冰场，推后至次年1月23日才正式开放。负责人曾解释，因为水面面积更大，日晒风吹导致冰层厚度一直不够，无法开放。但元旦期间，市民仍可在市区找到冰场一展身手，例如颐和园及什刹海冰场均在当年12月底正式开放。
　　释疑
　　冰场开放需满足什么条件？
　　冰层厚度需达到15厘米
　　什么情况下才允许开放冰场？颐和园冰场负责人告诉记者，一般情况下，冰层厚度需要达到15厘米。“颐和园区域现在的冰层厚度仅3到5厘米左右”。
　　即使浇筑的冰场，也因为温度较高，未达到开放要求。北京植物园会浇筑1000平方米左右室外冰场。昨日，一位工作人员介绍，由于上午温度略高，冰有些化掉。需要看未来天气情况，是否能冻住冰，才能判断冰场开放时间。
　　那么，北京市区内各个冰场到底何时才能开放？北海公园一位工作人员告诉记者，按照往年的经验，冰冻上后，需要持续一周零下的低温天气，冰层才会逐渐增厚到15厘米。
　　上述颐和园冰场相关负责人也介绍，根据目前天气情况，预计5日左右冰层厚度可达15厘米。同时，还需要由体育局及公安部门人员检测冰层厚度及设施安全性，才能判断冰场是否开放。
　　冰场一旦开放也并非“一劳永逸”。什刹海冰场相关负责人介绍，即使冰场开放后，每日也需定时测量冰层厚度。如果厚度小于15厘米，为保证安全则会暂时关闭。
　　以2014年为例，由于温度较高，什刹海冰场冰面出现融冰，随后冰场关闭。随着冷空气来临，几日后重张。
　　探访
　　假期遇雾霾冰雪嘉年华“遇冷”
　　昨日是元旦小长假的第一天。但记者发现，与以往门庭若市的公园冰雪嘉年华相比，昨日的气氛显然有些冷清。
　　进入龙潭公园北门后，其内冰雪嘉年华的售票点“门可罗雀”。
　　昨日下午约2点，记者看到，10分钟内仅3组游客约10人购票后进入雪场内。售票员告诉记者，往年元旦假期，这个时候买票的人差不多一个挨一个。
　　由于游客量少，空旷的雪场甚至变得有些“孤单”。哪怕雪场内最受欢迎的“雪圈”项目，也很少有人排队。一位工作人员告诉记者，往年元旦假期，一般上午10点或下午2点为高峰期。这个时候，雪圈项目基本都要排队，两边通道人一个挨着一个。他说，天气好的时候，常能看到老人带着孩子来玩。今天雾霾，看到的大多是年轻人带着孩子。“如果明天天气好，人估计会多点”。
　　不止工作人员，去年元旦曾带着孩子来玩的李先生也发觉，今天的人少了很多。三天假期，不想出远门又能让孩子在冬天玩到雪，市区公园的冰雪场地成为“不二选择”。
　　记者昨日在各个冰雪嘉年华内体验发现，部分设施及人流疏导仍欠缺，存在安全隐患。
　　在龙潭公园冰雪嘉年华内，乘坐雪圈需要爬上十几层台阶。虽然台阶已铺上红毯防滑，但不断上下的游客留下的积雪仍让台阶越发湿滑，上下台阶伴随跌倒危险。
　　记者在陶然亭冰雪嘉年华看到，游客通过两侧台阶步行来到平台后，乘坐雪圈滑下。在工作人员疏导下，当滑道内游客已离开后，下一位游客乘着雪圈再从上方滑下。但部分游客拉着乘坐在雪圈的同伴在雪场内随意滑动。记者看到，一位乘坐雪圈的女士被同伴快速拖行，向前滑动时，险些将另一游客撞倒。工作人员提醒，雪圈的惯性较大，快速滑动时很难控制方向，容易伤到他人。</body><comments /><comments_num>0</comments_num></doc>