<?xml version='1.0' encoding='utf-8'?>
<doc><source>souhu</source><id>10999</id><url>http://news.sohu.com/20170101/n477499304.shtml</url><title>北京城市副中心行政区办公楼封顶 明年底可办公</title><datetime>2016-01-01 05:09</datetime><body>
2016年12月30日，北京城市副中心行政办公区A2项目工程结构封。新京报记者浦峰摄
　　记者近日获悉，北京城市副中心行政办公区首批约65万平方米的办公楼，已实现了主体结构封顶。根据计划，2017年底，北京市委、市人大、市政府、市政协四套班子及部分委办局，将率先搬到北京城市副中心办公，这将带动40万人来到城市副中心，北京市委、市政府于日前发文明确提出，市级行政办公区建设必须在2017年底前完成。新京报记者赵实
　　行政办公区及各楼宇之间将不设围墙
　　记者从施工现场了解到，整个行政办公区的绝大多数建筑主体为钢结构，建筑下方有两层的地下空间，以混凝土结构为主。另外，行政办公区内将实现内部办公功能共享，比如采取会议设施、地下食堂、接待中心等办公区域配套设施的集约化建设，下沉庭院、绿化露台、绿化屋面等公共空间建设，地下空间的互联互通建设。
　　按照北京市委和市政府联合印发《贯彻落实〈中共北京市委北京市人民政府关于全面深化改革提升城市规划建设管理水平的意见〉分工方案》，要在2016年年底前完成城市副中心各类规划编制工作，2017年底前建设完成市级行政办公区，2020年副中心林水环境，以及交通、教育、医疗、卫生等相关基础设施配套达到预定目标等8大任务。
　　北京城市副中心行政办公区工程建设办公室负责人张亚芹曾在接受媒体采访时介绍，行政办公区内的建筑群突出建筑功能的开放与交流，公共活动区域将面向市民最大限度开放，行政办公区及各楼宇之间将不设围墙，并按照开放要求规划建设停车设施、体育设施、会议中心等。
　　新建建筑超90%达绿色建筑三星级水平
　　根据《北京市“十三五”时期民用建筑节能发展规划》，未来5年，北京将推动超低能耗建筑试点示范，北京城市副中心等具备条件的绿色生态示范区内，将推动超低能耗建筑规模化发展。
　　据北京城市副中心行政办公区工程施工方负责人介绍，自2016年6月启动正式施工以来，在绿色施工方面，行政办公区的施工现场采取了洒水降尘、土方苫盖、道路硬化等8项扬尘治理措施，还采取了塔吊喷淋系统、工业吸尘器、高清视频监控、高效洗轮机等多种科技创新设施设备，绿色施工比例达到100%。
　　据了解，副中心行政办公区内的建筑，将全部达到绿色建筑二星级及以上水平，新建建筑90%以上达到三星级水平。</body><comments>有个精神叫全面停止建设“楼、堂、馆、所”,你怎么看？
一正多副，如同肿瘤，衍生不止，何時方休?
停建楼堂馆所得口号下建起了行政中心，全国人民赶快向北京看齐
就想问下去上班的这些公务员会不会又分房？
除了增加交通拥堵没觉得有啥好处，城区到通州本来就绪，现在只会更堵，老百姓办个事跑的更远了，往老城上班去通州，想不通花这么大本钱能改善什么？
付付付付中心五年内全部建成
减少行政流程做单一窗口才是王道，否则办什么东西都得一个个部门去跑，光会折腾人，要你公务员干嘛，应该是百姓只要准备好全部材料，你只要一个窗口收件，剩下你爱怎么跑是你的事，这样才是王道，当你自己必须体验过程的繁复，你才会想要去提高效率简化流程
就想问下去上班的这些公务员会不会又分房？
上班前从城里往通州跑，下班则反。
机构庞大人浮于事贪污腐败劳民伤财该精减机构了打破公务员的金饭碗于劳动者同甘共苦国家才有希望
通篇没说在什么地方？
北京市通州区
通州?
气球扎住了口子
有个精神叫全面停止建设“楼、堂、馆、所”,你怎么看？
这叫方便人民办事，知道吗
除了增加交通拥堵没觉得有啥好处，城区到通州本来就绪，现在只会更堵，老百姓办个事跑的更远了，往老城上班去通州，想不通花这么大本钱能改善什么？
雾霾期间还是在一直建，视而不见？
通篇没说在什么地方？
.不实报丶地点在?.冀?
40万人家还在老北京市内,人口压力不能降低
一正多副，如同肿瘤，衍生不止，何時方休?
停建楼堂馆所得口号下建起了行政中心，全国人民赶快向北京看齐
不是不让建了吗
有个精神叫全面停止建设“楼、堂、馆、所”,你怎么看？
通州
通篇没说在什么地方？</comments><comments_num>0</comments_num></doc>