<?xml version='1.0' encoding='utf-8'?>
<doc><source>Tencent</source><id>5824</id><url>http://sports.qq.com/a/20171117/009158.htm</url><title>组图：人缘太好！小威婚礼众星云集卡戴珊现身</title><datetime>2017-11-17 09:00</datetime><body> 
.g-btn, .galleryList-btn, .mask_btn span, .pop_iv_bg, .contextDiv span{ background:url(http://mat1.gtimg.com/news/dc/images/s_gallery_2012110702.png) no-repeat 0 0; display:inline-block }
.gallery { width:640px; overflow:hidden; margin:0 auto 20px; position:relative; text-align:center; font-size:14px }
#galleryPicWrap { width:100%; position:relative; z-index:1; text-align:center; overflow:hidden; background:#fff url(http://mat1.gtimg.com/news/hd2009fin/ajax-loader.gif) center center no-repeat; height:395px }
#galleryPic { background:#000; filter:Alpha(opacity = 0); opacity:0}
.galleryInfo { position:absolute; bottom:0;left:0; text-align:left; z-index:1; width:640px; visibility:hidden }
#galleryTxtWrap { line-height:25px; font-size:14px; color:#fff; width:100%; text-align:left; position:absolute;bottom:0; z-index:3;background:url(http://mat1.gtimg.com/news/dc/images/galleryTxtWrap_bg.png) repeat 0 0; _background:none;  _filter: progid:DXImageTransform.Microsoft.gradient( GradientType = 0, startColorstr = '#AA000000', endColorstr = '#AA000000');}
#galleryTxt{ padding:5px 40px 0 11px; font-size:14px; line-height:21px; }
#galleryTxt p { padding:0; font-size:14px; height:30px; }
.galleryInfo-btn { position:absolute; right:5px; bottom:0; height:25px; width:70px; line-height:25px; z-index:2 }
.galleryInfo-btn div { font-size:12px; color:#999; position:absolute; right:0; cursor:pointer }
.galleryInfo-btn b { position:absolute; width:0; height:0; top:9px; margin-left:3px; border-width:4px; border-style:solid; font-size:0; line-height:0; border-color:#999 transparent transparent; _width:7px; _height:4px; _border:none; _background:url(http://mat1.gtimg.com/news/dc/images/gallery_txt_cor1.png) no-repeat }
.gallery-btn-close { width:40px; }
.gallery-btn-open { background:#3E3E3E; color:#fff; cursor:pointer; padding:0 5px; display:none }

.contextDiv { cursor:pointer; width:50%;height:100%;position:absolute; top:0; z-index:2; background:url(http://mat1.gtimg.com/www/curls/images/s.png) no-repeat}
.contextDiv span { width:24px; height:43px; position:absolute; top:50%; margin-top:-22px; visibility:hidden}
.contextDiv:hover { zoom:1}
.contextDiv:hover span { visibility:visible;}
#preArrow span { background-position:0 -50px; left:16px }
#nextArrow span { background-position:-30px -50px; right:16px }
#preArrow { left:0 }
#nextArrow { right:0 }

#lastCon { position:absolute; background: #fff; height:400px; top:0; left:0; width:100%; z-index:6; display:none }
.gallery-AD { margin:0 auto; width:550px;  position:absolute; left:38px; _left:20px; top:0; z-index:11}
.gallery-AD .l_qq_com { left:0 !important; top:0 !important}
.galleryBottom { border-top:1px solid #e0e0e0; border-bottom:1px solid #e0e0e0; position:relative; z-index:9 }
.galleryList { height:68px; border-top:1px solid #fff; border-bottom:1px solid #fff; background-color:#f2f2f2; padding:5px 0 }
.galleryList ul { position:absolute; left:0; top:5px }
.galleryList li { width:80px; height:60px; overflow:hidden; float:left; margin:0 3px 0 1px; display:inline; text-align:center; border:3px solid #f2f2f2; padding:1px; background:#f2f2f2 }
.galleryList li.hover{  border:3px solid #2d96e9; background:#fff }
.galleryList li a { display:block; width:80px;height:60px; overflow:hidden }
.galleryList li img { height:60px } 
.galleryList-btn { position:absolute; top:30px; width:22px; z-index:3; height:22px; filter:Alpha(opacity = 60); opacity:0.6; -moz-transition: opacity 0.5s ease; -webkit-transition: opacity 0.5s ease; -o-transition: opacity 0.5s ease; transition: opacity 0.5s ease  }
.galleryList-btn:hover { opacity:1; filter:Alpha(opacity = 100); color:#379BE9 }
.galleryList-btn-l { left:5px; background-position:0 -23px }
.galleryList-btn-r { right:3px; background-position:-30px -23px }

.galleryTool { position:absolute; top:10px; left:50%; z-index:2; margin-left:-84px; width:166px; height:30px; border-width:1px 0; border-color:#c5b9b6; border-style:solid; visibility:hidden }
#Mask_Pic_wrap .galleryTool { visibility : visible; top:15px }
.galleryTool-wrap { border-width:0 1px; border-color:#c5b9b6; border-style:solid; float:left; position:relative; margin:0 -1px; width:100%; overflow:visible;background:rgba(0, 0, 0, 0.2); height:30px; filter: progid:DXImageTransform.Microsoft.gradient( GradientType = 0, startColorstr = '#30000000', endColorstr = '#30000000') \9}
.galleryTool-num { float:left; width:60px; padding:0 5px; text-align:right; color:#fff; line-height:30px }
.galleryTool-num em { margin:0 2px;color:#fff}
.galleryTool-btn { float:left; width:80px; padding:6px 0 0 10px }
.galleryTool-btn .g-btn { margin-right:8px }

.g-btn { filter:Alpha(opacity = 70); opacity:0.7 }
.g-btn:hover { filter:Alpha(opacity = 100); opacity:1 }
.g-btn-left { width:10px; height:20px; background-position:0 0 }
.g-btn-right { width:10px; height:20px; background-position:-16px 0 }
.g-btn-play { width:20px; height:20px; background:url(http://mat1.gtimg.com/news/dc/images/g_btn_play.png) no-repeat; _background:url(http://mat1.gtimg.com/news/dc/images/play1.png) no-repeat 0 0 }
.g-btn-pause { width:20px; height:20px; background:url(http://mat1.gtimg.com/news/dc/images/pause1.png) no-repeat 3px 1px }

/* 模拟右键 */
#cmenu { border:1px solid #5EB4D8;background-color:#F6F9FD;padding:2px;}
#cmenu ul,#cmenu li { list-style:none; margin:0px; padding:0px; text-align:center; font-size:12px; cursor:pointer }
#cmenu .item { list-style:none; margin:0px; padding:0px; height:23px; line-height:23px; display:block; padding:0px }
#cmenu .itemOver { background-color:#68B5EA; color:#fff; cursor:default }

/* 末页推荐――内容 */
.endMain { width:564px; margin:0 auto; text-align: left; line-height: 18px }
.endMain .title { padding-bottom:8px; text-align: left; } 
.endMain h2 { font-size:14px; line-height:26px; color:#44a2ea; font-family: "微软雅黑", 'Microsoft YaHei', 'STHeiti' }
.endMain ul { width: 600px }
.endMain li { float:left; width:126px; height:126px; font-size:12px; margin-right: 15px }
.endMain li img { background:url(http://mat1.gtimg.com/www/hd2013/images/shadowBg.png) right top no-repeat; padding-right:6px; width:120px }
.endMain li a { color:#000 }
.endMain li .lastImg { display:block; height:75px;width:126px; overflow:hidden; margin-bottom:5px }


/* 末页推荐――按钮 */
.endBtn { border-top:1px dotted #dbdbdb; padding-top: 20px; text-align:center }
.endBtn a { width:112px; height:34px; margin: 0 20px; font-family: "Microsoft YaHei"; line-height:34px; font-size:14px; display:inline-block; background:url(http://mat1.gtimg.com/www/hd2013/images/hd_sprite_v1.0.png) no-repeat 0 0 }
.endBtn a:hover { text-decoration: none }
.endBtn .btnReplay { background-position:0 -254px; padding-left:40px; width:82px; color:#575757; text-align: left;}
.endBtn .btnReplay:hover { background-position:0 -295px; color:#575757 }
.endBtn .btnEnter { background-position:-189px -304px; text-align:center; color:#fff }
.endBtn .btnEnter:hover { background-position:-189px -345px; color:#fff }


/* Floating layer */
#MyMaskWrap { position: absolute; width:100%; height:100%; z-index: 1000; top: 0; left: 0; background: #000; overflow: hidden; font-size:14px }
#MyMaskCon { position: absolute; width:100%; height:100%; z-index: 1001; left: 0; top: 0; overflow: hidden; font-family:"simSun" }
#MyMaskCon a { outline:0 }
/*.pop_iv_bg { position:absolute; right:-35px; top:0; width:32px; height:32px; overflow:hidden; cursor:pointer; background:url(http://mat1.gtimg.com/joke/curls/Mask_close2_a.png); line-height:99em; z-index:9;_background-image: none; _filter:progid:DXImageTransform.Microsoft.AlphaImageLoader(src="http://mat1.gtimg.com/www/hd/mask/images/Mask_close2_a.png", sizingMethod="scale") }
.pop_iv_bg:hover { background:url(http://mat1.gtimg.com/www/hd/mask/images/Mask_close2_h.png);_background-image: none; _filter:progid:DXImageTransform.Microsoft.AlphaImageLoader(src="http://mat1.gtimg.com/www/hd/mask/images/Mask_close2_h.png", sizingMethod="scale")}*/
.pop_iv_bg { position:absolute; right:20px; top:20px; width:54px; height:54px; overflow:hidden; cursor:pointer; background-position:0 -294px; line-height:99em; z-index:9;_background-image: none; _filter:progid:DXImageTransform.Microsoft.AlphaImageLoader(src="http://mat1.gtimg.com/www/hd/mask/images/Mask_close2_a.png", sizingMethod="scale") }
.pop_iv_bg:hover { background:url(http://mat1.gtimg.com/news/dc/images/close1.png) no-repeat 0 0}
#Mask_Pic_wrap { margin:0 auto; position:absolute; z-index:3; background:url(http://mat1.gtimg.com/www/hd/mask/images/loading.gif) center center no-repeat }
#Mask_Picture { border:9px solid #fff; overflow:hidden }
#Mask_Pic_wrap a { overflow:hidden }
#Mask_Pic_wrap .mask_cur{ position:absolute; width:50%; height:100%; margin-top:-39px; top:0; background:#fff; filter:Alpha(opacity = 0); opacity:0 }
#Mask_Pic_wrap .mask_cur_prev { left:0; cursor: url("http://mat1.gtimg.com/news/2009hd/arr_left.cur"), auto }
#Mask_Pic_wrap .mask_cur_next { right:0; cursor: url("http://mat1.gtimg.com/news/2009hd/arr_right.cur"), auto }
#Mask_Pic_wrap .mask_zoom{ position:absolute; bottom:39px; right:8px; width:31px; height:31px; background:url(http://mat1.gtimg.com/www/hd/mask/images/Mask_zoom_a.png); _background-image: none; _filter:progid:DXImageTransform.Microsoft.AlphaImageLoader(src="http://mat1.gtimg.com/www/hd/mask/images/Mask_zoom_a.png", sizingMethod="scale") }
#Mask_Pic_wrap .mask_zoom:hover{ background:url(http://mat1.gtimg.com/www/hd/mask/images/Mask_zoom_h.png);_background-image: none; _filter:progid:DXImageTransform.Microsoft.AlphaImageLoader(src="http://mat1.gtimg.com/www/hd/mask/images/Mask_zoom_h.png", sizingMethod="scale")}

.Mask_Info { color:#fff; width: 800px;font-size:14px; position:absolute; left:50%; margin-left:-400px }
.Mask_Info p { text-indent:2em; line-height:25px; font-size:14px }
.txtC, .txtC p { text-align:center }

.Mask_hd { height:37px; line-height:37px}
.Mask_hd h3 { font-size:18px; color:#484848; float:left }
.mask_btn { width:50%; height:100%; overflow:visible; position:absolute; z-index:2; outline:none   }
.mask_btn:hover { background:none }

.mask_btn span{ height:93px; position:relative; width:47px; position:absolute; top:50%; margin:-47px 0 0 0; cursor:pointer }
.mask_btn_prev { text-align:left; left:0} 
.mask_btn_prev span{ left:5%; background-position:0 -98px;  _background-image: none; _filter:progid:DXImageTransform.Microsoft.AlphaImageLoader(src="http://mat1.gtimg.com/www/hd/mask/images/Mask_b_l_a.png", sizingMethod="scale") }
.mask_btn_prev:hover span{  _background-image: none; _filter:progid:DXImageTransform.Microsoft.AlphaImageLoader(src="http://mat1.gtimg.com/www/hd/mask/images/Mask_b_l_h.png", sizingMethod="scale") }
.mask_btn_next { text-align:right; right:0 }
.mask_btn_next span{ right:5%; background-position:0 -196px;  _background-image: none; _filter:progid:DXImageTransform.Microsoft.AlphaImageLoader(src="http://mat1.gtimg.com/www/hd/mask/images/Mask_b_r_a.png", sizingMethod="scale") }
#Mask_Loading { position: absolute; z-index: 1 }
.mask_btn_next:hover span{  _background-image: none; _filter:progid:DXImageTransform.Microsoft.AlphaImageLoader(src="http://mat1.gtimg.com/www/hd/mask/images/Mask_b_r_h.png", sizingMethod="scale") }

#Mask_Loading { position: absolute; z-index: 1 }
#Mask_Error { position: absolute; z-index: 2 }
#Mask_PerHint {position: absolute; z-index: 3; width: 62px; height: 28px; text-align: center; font: bold 13px/28px Tahoma; color: #fff; background:url(http://mat1.gtimg.com/www/hd/mask/images/perHint.gif); cursor: default}
#Mask_Hint {position: absolute; z-index: 3; height: 25px; bottom:53px; width:100%; color: #fff; font: 12px/25px Tahoma, "simSun"; text-align: center}
#Mask_Bottom {position: absolute; z-index: 4; width:100%; bottom:0; left:0; overflow:hidden; height:29px  }
#Mask_Count { width:100%; text-align:center; z-index:3; height:27px; border-bottom:2px solid #232323; color:#fff;  font-size:12px}
#Mask_Count span { display:inline-block; background:url(http://mat1.gtimg.com/www/hd/mask/images/Mask_count.png) no-repeat; width:82px; height:29px  }
#Mask_Count em { margin:0 5px; font-family:Tahoma; text-shadow:1px 1px 1px #494949  }
.num_Cur { font-size:18px; color:#0a96d0 }
#Mask_Items { height:77px; background-color:#000; overflow:hidden; padding:11px 0 0; position:relative }
#Mask_List { overflow:hidden; margin:0 auto; position:relative; height:77px }
#Mask_List ul { position:absolute; top:0; left:0 }

#Mask_Items li {float: left;  width: 80px; height:60px; display:inline;  margin:0 2px 0; cursor: pointer; border:3px solid #000; padding:1px; background:#000; opacity:0.6 }
#Mask_Items li.hover { border:3px solid #0a96d0; padding:1px; background:#fff } 
#Mask_Items li:hover {  opacity:1 }
#Mask_Items li a { display:block; width: 80px; height:60px; overflow:hidden; text-align:center }

#Mask_Items img { height: 60px }

.Mask_Items_btn { position:absolute; top:24px; width:26px; height:41px }

.Mask_Items_btnL { left:13px; background:url(http://mat1.gtimg.com/www/hd/mask/images/Item_b_l_a.png) no-repeat;_background-image: none; _filter:progid:DXImageTransform.Microsoft.AlphaImageLoader(src="http://mat1.gtimg.com/www/hd/mask/images/Item_b_l_a.png", sizingMethod="scale") }
.Mask_Items_btnL:hover { left:13px; background:url(http://mat1.gtimg.com/www/hd/mask/images/Item_b_l_h.png) no-repeat;_background-image: none; _filter:progid:DXImageTransform.Microsoft.AlphaImageLoader(src="http://mat1.gtimg.com/www/hd/mask/images/Item_b_l_h.png", sizingMethod="scale") }
.Mask_Items_btnR { right:13px; background:url(http://mat1.gtimg.com/www/hd/mask/images/Item_b_r_a.png) no-repeat;_background-image: none; _filter:progid:DXImageTransform.Microsoft.AlphaImageLoader(src="http://mat1.gtimg.com/www/hd/mask/images/Item_b_r_a.png", sizingMethod="scale") }
.Mask_Items_btnR:hover { right:13px; background:url(http://mat1.gtimg.com/www/hd/mask/images/Item_b_r_h.png) no-repeat;_background-image: none; _filter:progid:DXImageTransform.Microsoft.AlphaImageLoader(src="http://mat1.gtimg.com/www/hd/mask/images/Item_b_r_h.png", sizingMethod="scale") }


.mask-last-photo { width:530px; height:320px; background:#fff; position:absolute; left:24px; top:14px; z-index:999 }
.mask-last-photo .hd { border-bottom:1px solid #e6e6e6 }
.m-picList { padding-left:183px; position:relative; height:115px; text-align:center }
.m-picList-pic { position:absolute; left:0; top:0 }
.m-picList-pic a { width:155px; height:100px; display:block; text-align:center; overflow:hidden }
.m-picList-pic a img {  height:100px }
.m-picList-title { font-size:14px; font-weight:bold; text-align:left }
.m-picList-title a { color:#093c8b }
.m-picList-btn { margin-top:24px }
.m-picList-btn a { display:inline-block; line-height:28px; margin-right:6px; padding-right:20px; background:url(http://mat1.gtimg.com/ent/hdTest/button.png) no-repeat right top;}
.m-picList-btn a span { float:left;height:28px;padding-right:20px;background:url(http://mat1.gtimg.com/ent/hdTest/button.png) no-repeat left top;}
.m-picList-btn a em { float:left; height:28px;}
.m-picList-btn .btn-replayPic em {width:13px;background:url(http://mat1.gtimg.com/ent/hdTest/button.png) no-repeat -34px -32px;padding-right:5px;}
.m-picList-btn .btn-MIcblog em {width:16px;background:url(http://mat1.gtimg.com/ent/hdTest/button.png) no-repeat -211px -32px;padding-right:5px;}
.mask-last-photo .bd h3 { color:#093c8b; padding:4px 0 6px }
.maskComend li { float:left; width:142px; height:148px; border:1px solid #ececec; text-align:center; background:#f3f6fd; padding:8px 9px 0; margin-right:10px }
.maskComend li .img { width:142px; height:92px; overflow:hidden; display:block; margin-bottom:10px }
.maskComend li img { height:92px }

.Mask-share-box { background:#fff; height:30px; text-align:right; padding:0 30px 0 9px; position:relative }
#t_weibo { background:url(http://mat1.gtimg.com/joke/temp/t_weibo.png) no-repeat 0 0; width:14px; height:17px; position:absolute; right:10px; top:2px }

























0/0





隐藏
查看图注




 








大家都在看



再看一次
进入图片中心











查看原图



//图片中心链接
if("edu.qq.com"===location.hostname.toLowerCase()){
    try{document.getElementById("enterPicSite").href="http://edu.qq.com/photo/";}catch(e){};
}




var GroupjsUrl = true;
var isMask = false;
var photoJson = new Array();
var url = document.location.href;

var sogouUrl = {
    news    : 'http://wap.sogou.com/data/hotwords/qq_gaoqing_news.js',
    finance : 'http://wap.sogou.com/data/hotwords/qq_gaoqing_news.js',
    tech    : 'http://wap.sogou.com/data/hotwords/qq_gaoqing_news.js',
    digi    : 'http://wap.sogou.com/data/hotwords/qq_gaoqing_news.js',
    auto    : 'http://wap.sogou.com/data/hotwords/qq_gaoqing_news.js',
    house   : 'http://wap.sogou.com/data/hotwords/qq_gaoqing_news.js',
    cul     : 'http://wap.sogou.com/data/hotwords/qq_gaoqing_news.js',
    edu     : 'http://wap.sogou.com/data/hotwords/qq_gaoqing_news.js',
    baby    : 'http://wap.sogou.com/data/hotwords/qq_gaoqing_news.js',
    ent     : 'http://wap.sogou.com/data/hotwords/qq_gaoqing.js',
    sports  : 'http://wap.sogou.com/data/hotwords/qq_gaoqing.js',
    fashion : 'http://wap.sogou.com/data/hotwords/qq_gaoqing.js',
    gamezone: 'http://wap.sogou.com/data/hotwords/qq_gaoqing.js',
    health  : 'http://wap.sogou.com/data/hotwords/qq_gaoqing.js'
};
var sogouPos = [];
/**
组图
*http://mat1.gtimg.com/news/dc/js/gallery/mask_v1.1.8.js
*pgv新版统计
**/
try{
	GroupjsUrl &amp;&amp; qq.getScript('http://mat1.gtimg.com/pingjs/ext2020/dc/module/mask.js', function(){
		qq.get(url.split(".htm")[0]+".hdPic.js?time="+Math.random(), doit);
		function doit (){
			var arrMe = eval("(" + arguments[0] + ")");
			var length = arrMe.Children[0].Children[0].Children[0].Content;//长度
			photoJson = [];
			for(var i=0; i&lt;length; i++){
				var pgvs = "";
				if(typeof arrMe.Children[0].Children[1].Children[i].Children[4]!=="undefined" &amp;&amp; typeof arrMe.Children[0].Children[1].Children[i].Children[5]!=="undefined" &amp;&amp; arrMe.Children[0].Children[1].Children[i].Children[4].Children[0].Content == "datalib"){
					pgvs = arrMe.Children[0].Children[1].Children[i].Children[5].Children[0].Content;
				}
				photoJson.push({showtit:''+arrMe.Children[0].Children[1].Children[i].Children[0].Children[0].Content+'', showtxt:''+arrMe.Children[0].Children[1].Children[i].Children[3].Children[0].Content+'', smallpic:''+arrMe.Children[0].Children[1].Children[i].Children[1].Children[0].Content+'', bigpic:''+arrMe.Children[0].Children[1].Children[i].Children[2].Children[0].Content+'',pgv:''+pgvs+''});
			};
			//幻灯调用
			myGallery = new Gallery();
			myGallery.initialize();
		}
	}, 'utf-8');
}catch(e){}


/*
 * 末页广告
 * NoLastAD 不显示末页广告频道
 * LastADSet {"ch":域名,"ad":广告位id},全站通发为*,gaoqing_F_pic
*/
var QQ_Ad_Config = {
	noAd: 'news,finance,kid', //不显示广告频道
	lastAd: 'huandeng_F_pic', //末页广告id
	sideAd: 'huandeng_F_clcf'  //侧边广告id
}



/* 末页推荐图片 */
try{
	 
		var lastPic_hd_4 =  [{id: '20170805003796',title: 'NBA另类高手：海沃德电竞称霸 有人会开战斗机',url: 'http://sports.qq.com/a/20170805/003796.htm',fimg: 'http://img1.gtimg.com/20/2018/201804/20180477_small.jpg'},{id: '20170804054235',title: '高清：内马尔亮相王子公园球场 球迷夹道欢迎',url: 'http://sports.qq.com/a/20170804/054235.htm',fimg: 'http://img1.gtimg.com/20/2018/201803/20180355_small.jpg'},{id: '20170805005016',title: '画面太美！5岁红衣小舞者抢镜绿衣广场舞大妈',url: 'http://sports.qq.com/a/20170805/005016.htm',fimg: 'http://img1.gtimg.com/20/2018/201810/20181092_small.jpg'},{id: '20170805013878',title: '组图：C罗乔治娜浪漫度假 总裁忘情扶臀+热吻',url: 'http://sports.qq.com/a/20170805/013878.htm',fimg: 'http://img1.gtimg.com/20/2018/201823/20182348_small.jpg'},{id: '20170806001653',title: '加特林跪地致敬博尔特 闪电鞠躬献吻告别(图)',url: 'http://sports.qq.com/a/20170806/001653.htm',fimg: 'http://img1.gtimg.com/20/2018/201841/20184140_small.jpg'},{id: '20170805008191',title: '前方组图：周琦现身火箭篮球训练营 小表情亮了',url: 'http://sports.qq.com/a/20170805/008191.htm',fimg: 'http://img1.gtimg.com/20/2018/201815/20181522_small.png'},{id: '20170805003647',title: '保罗出席派对会老友 西装配运动鞋帅气有型',url: 'http://sports.qq.com/a/20170805/003647.htm',fimg: 'http://img1.gtimg.com/20/2018/201809/20180936_small.jpg'},{id: '20170805003725',title: '最伟大黑人运动员41-50：石佛垫底 海军上将入围',url: 'http://sports.qq.com/a/20170805/003725.htm',fimg: 'http://img1.gtimg.com/20/2018/201804/20180412_small.png'},{id: '20170806004734',title: '啼笑皆非！英国男子乱入赛场 裸奔引混乱',url: 'http://sports.qq.com/a/20170806/004734.htm',fimg: 'http://img1.gtimg.com/20/2018/201845/20184520_small.jpg'},{id: '20170805001607',title: '数字解析男篮蓝队：杜锋迎来百日 六人零经验',url: 'http://sports.qq.com/a/20170805/001607.htm',fimg: 'http://img1.gtimg.com/20/2018/201808/20180805_small.jpg'},{id: '20170805003748',title: '媒体科黑：抱加索尔大腿夺冠 最后一战遭吐槽',url: 'http://sports.qq.com/a/20170805/003748.htm',fimg: 'http://img1.gtimg.com/20/2018/201804/20180455_small.png'},{id: '20170805025701',title: '高清：巴西女排多点开花 主帅手舞足蹈献表情包',url: 'http://sports.qq.com/a/20170805/025701.htm',fimg: 'http://img1.gtimg.com/20/2018/201832/20183229_small.jpg'}]; 

&lt;!--[if !IE]&gt;|xGv00|36028cf2ec9d0fced1a93e1e9b37cccd&lt;![endif]--&gt;
	 
		var lastPic_hd_8 =  [{id: '20170805003794',title: '暑假萌娃在哪里 李小鹏奥莉清爽夏日亲子示范',url: 'http://fashion.qq.com/a/20170805/003794.htm',fimg: 'http://img1.gtimg.com/20/2016/201632/20163209_small.jpg'},{id: '20170805003777',title: '都说“包”治百病 看看明星机场都背哪款包',url: 'http://fashion.qq.com/a/20170805/003777.htm',fimg: 'http://img1.gtimg.com/20/2016/201631/20163129_small.jpg'},{id: '20170805012568',title: '30年渔民变护渔人 被同行叫“叛徒”',url: 'http://news.qq.com/a/20170805/012568.htm',fimg: 'http://img1.gtimg.com/20/2018/201821/20182162_small.jpg'},{id: '20170805022206',title: 'Baby活动照曝光 一身黑白搭配简约迷人',url: 'http://ent.qq.com/a/20170805/022206.htm',fimg: 'http://img1.gtimg.com/20/2018/201830/20183040_small.jpg'},{id: '20170805011012',title: '谭松韵苹果头配粉色荷叶边蛋糕裙 俏皮小可爱',url: 'http://fashion.qq.com/a/20170805/011012.htm',fimg: 'http://img1.gtimg.com/20/2018/201820/20182083_small.jpg'},{id: '20170805006125',title: '张柏芝竟让全家录视频祝福锋菲 是要搞事情？',url: 'http://ent.qq.com/a/20170805/006125.htm',fimg: ''},{id: '20170805004317',title: '洪灾过后，12岁志愿者累瘫照走红',url: 'http://news.qq.com/a/20170805/004317.htm',fimg: ''},{id: '20170805003752',title: '美女日历：甜美界代表唐艺昕 黑眼圈演绎冷漠风情',url: 'http://fashion.qq.com/a/20170805/003752.htm',fimg: 'http://img1.gtimg.com/20/2016/201631/20163111_small.jpg'}];	 

&lt;!--[if !IE]&gt;|xGv00|ad7b6744010160f884485f92ede3bb21&lt;![endif]--&gt;
}catch(e){}

/* 末页 可视化数据源 激活域名 */
try{
	lastPic_ksh_sites = ["news","ent","sports","auto","fashion","tech","digi.tech","space","finance","stock","comic","ru","foxue","dao","house","games","edu","dajia","cul","astro.fashion"];
}catch(e){}


lastUrl = 'http://sports.qq.com/a/20171117/002787.htm';

 

    var related_video_info = {
        vid: 's00250f8wm0',
        cid: '849g3g1v1orz4v9',
        url: 'http://v.qq.com/page/s/m/0/s00250f8wm0.html',
        pic: 'http://vpic.video.qq.com/200079/s00250f8wm0_ori_1.jpg',
        title: '小威即将大婚 百万美元打造梦中顶级婚礼'
    };

.rv-root-v2{font-family:"\5FAE\8F6F\96C5\9ED1",sans-serif;color:#000}.rv-root-v2 a{text-decoration:none;color:#000}.rv-root-v2 h1,.rv-root-v2 h2,.rv-root-v2 h3,.rv-root-v2 ol,.rv-root-v2 p,.rv-root-v2 ul{display:block;padding:0;margin:0}.rv-root-v2 img{border:0}.rv-root-v2 .rv-cf:after,.rv-root-v2 .rv-cf:before{content:" ";display:table}.rv-root-v2 .rv-cf:after{clear:both}.rv-root-v2 .rv-cf{*zoom:1}.rv-root-v2 .rv-top{height:40px;line-height:40px;background-color:#363636}.rv-root-v2 .rv-top .rv-fold-btn{float:right;padding-left:20px;margin-right:16px;font-size:14px;background-image:url(http://mat1.gtimg.com/news/dc/images/fold.png);background-position:left center;background-repeat:no-repeat}.rv-root-v2 .rv-top .rv-autoplay{float:right;width:110px;margin-right:16px}.rv-root-v2 .rv-top .rv-autoplay span{font-size:14px;float:right;color:#fff}.rv-root-v2 .rv-top .rv-autoplay a{float:right;display:block;width:32px;height:16px;padding:2px;margin-top:10px;margin-left:12px;border-radius:10px;font-size:0;text-indent:-9999px;cursor:pointer;background-color:#CCC;transition:background .3s ease-out}.rv-root-v2 .rv-top .rv-autoplay a i{display:block;width:16px;height:16px;border-radius:50%;background-color:#fff;margin-left:0;box-shadow:1px 1px 3px rgba(0,0,0,.6);transition:all .3s ease-out}.rv-root-v2 .rv-top .rv-autoplay a:hover{background-color:#d9d9d9}.rv-root-v2 .rv-top .rv-autoplay a.enabled{background-color:#ad5d16}.rv-root-v2 .rv-top .rv-autoplay a.enabled i{margin-left:15px}.rv-root-v2 .rv-top .rv-autoplay a.enabled:hover{background-color:#c46919}.rv-root-v2 .rv-top .rv-autoplay a:active i{box-shadow:none}.rv-root-v2 .rv-top .rv-title{overflow:hidden}.rv-root-v2 .rv-top .rv-title a{display:block;font-size:17px;font-weight:400;text-indent:12px;white-space:nowrap;text-overflow:ellipsis;overflow:hidden;color:#fff}.rv-root-v2 .rv-top .rv-title a:hover{text-decoration:underline}.rv-root-v2 .rv-middle .rv-player{position:relative;min-height:360px}.rv-root-v2 .rv-middle .rv-player .rv-player-wrap{position:absolute;width:100%;height:100%;top:0;left:0;background-color:#000;box-shadow:inset 0 0 20px rgba(0,0,0,.6)}.rv-root-v2 .rv-middle .rv-player .rv-player-wrap .rv-player-mod{position:relative;width:100%;height:100%}.rv-root-v2 .rv-middle .rv-player .rv-player-wrap .rv-player-mod .rv-player-loading{width:100%;height:100%;text-align:center;color:#999;font-family:verdana,arial,sans-serif}.rv-root-v2 .rv-middle .rv-player .rv-player-wrap .rv-player-mod .tvp_titles{display:none}.rv-root-v2 .rv-middle .rv-player .rv-player-wrap .rv-player-mini-ctrl{display:none;position:absolute;right:0;z-index:99;bottom:18px;width:30px}.rv-root-v2 .rv-middle .rv-player .rv-player-wrap .rv-player-mini-ctrl-close,.rv-root-v2 .rv-middle .rv-player .rv-player-wrap .rv-player-mini-ctrl-mute,.rv-root-v2 .rv-middle .rv-player .rv-player-wrap .rv-player-mini-ctrl-resize{display:block;margin-top:3px;width:30px;height:30px;line-height:30px;background-color:#000;background-color:rgba(0,0,0,.6);background-image:url(http://mat1.gtimg.com/news/dc/images/rv_mini_sprites_v2.png);background-repeat:no-repeat;text-align:center}.rv-root-v2 .rv-middle .rv-player .rv-player-wrap .rv-player-mini-ctrl-close:hover,.rv-root-v2 .rv-middle .rv-player .rv-player-wrap .rv-player-mini-ctrl-mute:hover,.rv-root-v2 .rv-middle .rv-player .rv-player-wrap .rv-player-mini-ctrl-resize:hover{color:#FFF;background-color:#000;background-color:rgba(0,0,0,.9)}.rv-root-v2 .rv-middle .rv-player .rv-player-wrap .rv-player-mini-ctrl-mute,.rv-root-v2 .rv-middle .rv-player .rv-player-wrap .rv-player-mini-ctrl-mute.mute-off{background-position:0 -150px}.rv-root-v2 .rv-middle .rv-player .rv-player-wrap .rv-player-mini-ctrl-mute.mute-on{background-position:0 -180px}.rv-root-v2 .rv-middle .rv-player .rv-player-wrap .rv-player-mini-ctrl-close{background-position:0 0}.rv-root-v2 .rv-middle .rv-player .rv-player-wrap .rv-player-mini-ctrl-resize{background-position:0 -30px}.rv-root-v2 .rv-middle .rv-player .rv-player-mini{position:fixed;width:270px;height:170px;left:0;bottom:0;top:auto;z-index:99;box-shadow:0 0 3px rgba(0,0,0,.3)}.rv-root-v2 .rv-middle .rv-player .rv-player-mini .rv-player-mini-ctrl{display:block}@media only screen and (min-width:1300px){.rv-root-v2 .rv-middle .rv-player .rv-player-mini.rv-player-mini-sp1{left:50%;margin-left:-692px}}.rv-root-v2 .rv-middle .rv-player .rv-player-mini.rv-player-mini-big{width:640px;height:378px}.rv-root-v2 .rv-middle .rv-player .rv-player-mini.rv-player-mini-big .rv-player-mini-ctrl-resize{background-position:0 -60px}.rv-root-v2 .rv-middle .rv-playlist{display:none;height:100px;background-color:#2f2f2f}.rv-root-v2 .rv-middle .rv-playlist .rv-playlist-ctrl{position:relative;width:100%;height:0;z-index:2}.rv-root-v2 .rv-middle .rv-playlist .rv-playlist-ctrl a{display:block;position:absolute;top:0;width:17px;height:100px;line-height:100px;font-size:14px;font-weight:700;font-family:NanumMyeongjo,"\5B8B\4F53",sans-serif;text-align:center;color:#a3a3a3;background-color:#2f2f2f;background-color:rgba(47,47,47,.8);cursor:pointer}.rv-root-v2 .rv-middle .rv-playlist .rv-playlist-ctrl a:hover{background-color:#494949;background-color:rgba(73,73,73,.8)}.rv-root-v2 .rv-middle .rv-playlist .rv-playlist-ctrl a.disabled{cursor:not-allowed;color:#505050}.rv-root-v2 .rv-middle .rv-playlist .rv-playlist-ctrl a.disabled:hover{background-color:#2f2f2f;background-color:rgba(47,47,47,.8);box-shadow:none}.rv-root-v2 .rv-middle .rv-playlist .rv-playlist-ctrl .prev{left:0}.rv-root-v2 .rv-middle .rv-playlist .rv-playlist-ctrl .next{right:0}.rv-root-v2 .rv-middle .rv-playlist .rv-playlist-wrap{height:100px;width:100%;overflow:hidden;position:relative;z-index:1}.rv-root-v2 .rv-middle .rv-playlist .rv-playlist-wrap .rv-playlist-scroller{height:130px;width:100%;overflow-y:hidden;overflow-x:scroll;-webkit-overflow-scrolling:touch}.rv-root-v2 .rv-middle .rv-playlist .rv-playlist-wrap .rv-playlist-scroller ol.rv-playlist-list{width:9999px;padding:0 17px;list-style:none}.rv-root-v2 .rv-middle .rv-playlist .rv-playlist-wrap .rv-playlist-scroller ol.rv-playlist-list li{display:block;float:left}.rv-root-v2 .rv-middle .rv-playlist .rv-playlist-wrap .rv-playlist-scroller ol.rv-playlist-list li a{opacity:.62;display:block;position:relative;width:170px;height:100px;overflow:hidden;cursor:pointer}.rv-root-v2 .rv-middle .rv-playlist .rv-playlist-wrap .rv-playlist-scroller ol.rv-playlist-list li a img{width:100%;height:100%;opacity:0;transition:opacity .3s ease-out;vertical-align:top}.rv-root-v2 .rv-middle .rv-playlist .rv-playlist-wrap .rv-playlist-scroller ol.rv-playlist-list li a div{position:absolute;width:100%;left:0;bottom:0;font-size:12px;line-height:18px}.rv-root-v2 .rv-middle .rv-playlist .rv-playlist-wrap .rv-playlist-scroller ol.rv-playlist-list li a div span{display:block;height:18px;padding:5px 10px 2px;overflow:hidden;font-family:Arial,sans-serif;color:#ababab;background-color:rgba(0,0,0,.8);-ms-filter:"progid:DXImageTransform.Microsoft.gradient(GradientType=1, StartColorStr='#CC000000', EndColorStr='#CC000000')";filter:progid:DXImageTransform.Microsoft.Gradient(GradientType=1, StartColorStr='#CC000000', EndColorStr='#CC000000');-webkit-transition:all .2s ease-out;-moz-transition:all .2s ease-out;-ms-transition:all .2s ease-out;-o-transition:all .2s ease-out;transition:all .2s ease-out}.rv-root-v2 .rv-middle .rv-playlist .rv-playlist-wrap .rv-playlist-scroller ol.rv-playlist-list li a div span:not([dummy]){filter:progid:DXImageTransform.Microsoft.Gradient(enabled='false')}.rv-root-v2 .rv-middle .rv-playlist .rv-playlist-wrap .rv-playlist-scroller ol.rv-playlist-list li a:before{content:'正在播放';position:absolute;left:-100%;top:0;font-size:12px;z-index:1;background:#fd7700;line-height:1.8;color:#fff;display:inline-block;padding:0 5px}.rv-root-v2 .rv-middle .rv-playlist .rv-playlist-wrap .rv-playlist-scroller ol.rv-playlist-list li a:after{border:2px solid #fd7700;content:"";position:absolute;left:0;top:0;width:166px;height:96px;opacity:0}.rv-root-v2 .rv-middle .rv-playlist .rv-playlist-wrap .rv-playlist-scroller ol.rv-playlist-list li a.current{opacity:1;background:#101010}.rv-root-v2 .rv-middle .rv-playlist .rv-playlist-wrap .rv-playlist-scroller ol.rv-playlist-list li a.current div span{color:#ff6d1a}.rv-root-v2 .rv-middle .rv-playlist .rv-playlist-wrap .rv-playlist-scroller ol.rv-playlist-list li a.current:before{left:0;transition:all .3s}.rv-root-v2 .rv-middle .rv-playlist .rv-playlist-wrap .rv-playlist-scroller ol.rv-playlist-list li a.current:after{transition:all .3s;opacity:1}.rv-root-v2 .rv-middle .rv-playlist .rv-playlist-wrap .rv-playlist-scroller ol.rv-playlist-list li a:hover{opacity:1;background:#252525}.rv-root-v2 .rv-middle .rv-playlist .rv-playlist-wrap .rv-playlist-scroller ol.rv-playlist-list li a:hover div span{height:36px}@media only screen and (min-width:1260px){.rv-adjust-wide-article{width:895px;margin-left:-97px}}#sports_video_mask{position:fixed;top:0;left:0;background:#000;opacity:.5;z-index:100;filter:alpha(opacity=50)}#sports_video_Vip{width:560px;height:320px;overflow:hidden;box-shadow:0 0 10px #fff;position:fixed;z-index:101;background:rgba(0,0,0,.8);filter:progid:DXImageTransform.Microsoft.gradient(startcolorstr=#CF000000, 0, endcolorstr=#CF000000, 0)}#sports_video_Vip #sports_video_Vip_close{position:absolute;padding:10px;top:0;right:0;color:#fff;cursor:pointer;font-size:16px}#sports_video_Vip .sports_video_code{position:absolute;width:114px;padding-top:124px;text-align:center;background:url(http://mat1.gtimg.com/sports/tangent/adImg/sportVip2code.png) no-repeat;top:88px;right:40px}#sports_video_Vip .sports_video_content{color:#b6b6b6;width:320px;margin-left:50px;line-height:1.5;font-size:13px;top:48px;border-right:2px dashed #5d5d5d;position:relative}




自动播放开关
自动播放


小威即将大婚 百万美元打造梦中顶级婚礼






正在加载...










&lt;
&gt;









!function t(i,e,o){function n(r,s){if(!e[r]){if(!i[r]){var l="function"==typeof require&amp;&amp;require;if(!s&amp;&amp;l)return l(r,!0);if(a)return a(r,!0);throw new Error("Cannot find module '"+r+"'")}var c=e[r]={exports:{}};i[r][0].call(c.exports,function(t){var e=i[r][1][t];return n(e?e:t)},c,c.exports,t,i,e,o)}return e[r].exports}for(var a="function"==typeof require&amp;&amp;require,r=0;r&lt;o.length;r++)n(o[r]);return n}({1:[function(t,i,e){function o(t){var i=!1,e=l.get();if(!0===a.playingGlobalSign.isAnyonePlaying()||"0"===e)return t(!1);if("1"===e)return t(!0);if(s){var o=(new Date).getTime();s.get(n.autoplay_cookie.key,function(e,r){if(!i){if(i=!0,a.debug_log("get localstorage from qq.com differTime",(new Date).getTime()-o+"ms",r),!e&amp;&amp;r){var s=JSON.parse(r);if("1"===s.val)return void t(!0);var l=(new Date).getTime()-s.time,c=l/864e5;return a.debug_log("set "+c.toFixed(2)+"days"),c&lt;n.autoplay_cookie.expires?void t(!1):void t(!0)}t(!0)}}),setTimeout(function(){i||(t(!0),i=!0,a.debug_log("timeout cross localstorage 400ms"))},800)}else t(!0),a.debug_log("no cross and default true")}var n=t("./config"),a=t("./tools"),r=a.cookie,s=t("./crossLocalStorage"),l={_config:n.autoplay_cookie,_set:function(t){if(r.set(this._config.key,t,{expires:this._config.expires,domain:this._config.domain,path:this._config.path}),window.JSON){var i={time:(new Date).getTime(),val:t};s&amp;&amp;s.set(this._config.key,i,function(){})}},get:function(){var t=r.get(this._config.key);return t},on:function(){this._set("1")},off:function(){this._set("0")}};i.exports={getAutoPlay:o,autoPlaySign:l}},{"./config":2,"./crossLocalStorage":3,"./tools":9}],2:[function(t,i,e){var o=t("./tools").cookie,n=location.hostname.match(/(\w+)\.qq\.com/),a={};a.option=window.related_video_info,a.aticleInfo=window.ARTICLE_INFO||{},a.domainName=n&amp;&amp;n[1],a.sportVip={vip:0},a.isLogin=function(){return!!o.get("skey")&amp;&amp;!!o.get("uin")||!!o.get("lskey")&amp;&amp;!!o.get("luin")||"wx"===o.get("main_login")},a.showMini=!0,a.showVList=!0,a.showVListByApi=!1,a.modName="dc_related_video",a.autoplay_cookie={key:"aboutVideo_v",domain:".qq.com",path:"/",expires:30},a.playing_cookie={key:"dc_vplaying",domain:".qq.com",path:"/",expires:function(){return new Date((new Date).getTime()+72e5)}},a.mini_unmute={key:"rv_mini_unmute",domain:".qq.com",path:"/",expires:1},a.player=null,a.qqcomstore=null,a.videos=[],a.automute=!1,a.bossList={},a.volumeChange={isUserAction:!1,volume:0},a.isSport=location.host.match(/sports/g);var r=function(t,i){for(var e in t)i[e]=t[e]};window.txPlayer_config&amp;&amp;r(window.txPlayer_config,a),window.txPlayer_config=a,i.exports=a},{"./tools":9}],3:[function(t,i,e){document.domain="qq.com";var o;o=function(t){this.id=this._getId(),this._init(t),this._origin=this._getOrigin(t),this._callbacks={_get:{},_set:{},_del:{}},this._bindEvent()},o.prototype._getId=function(){return id=0,function(){return++id}}(),o.prototype._init=function(t){var i=this,e=document.createElement("iframe");e.style.display="none",e.src=t,document.body.appendChild(e),this._hub=e.contentWindow,e.onload=function(){i.load()}},o.prototype.load=function(){},o.prototype._getOrigin=function(t){var i,e;return i=document.createElement("a"),i.href=t,e=i.protocol+"//"+i.host},o.prototype._parseMessage=function(t,i,e){return JSON.stringify({method:t,key:i,value:e})},o.prototype._bindEvent=function(){var t=this;window.addEventListener?window.addEventListener("message",function(i){var e=JSON.parse(i.data);if(e&amp;&amp;523==e.id){var o=e.error,n=e.result&amp;&amp;JSON.parse(e.result)||null;t._callbacks["_"+e.method][e.key](o,n)}},!1):""},o.prototype.get=function(t,i){this._hub.postMessage(this._parseMessage("get",t),this._origin),this._callbacks._get[t]=i},o.prototype.set=function(t,i,e){this._hub.postMessage(this._parseMessage("set",t,i),this._origin),this._callbacks._set[t]=e},o.prototype.del=function(t,i){this._hub.postMessage(this._parseMessage("del",t),this._origin),this._callbacks._del[t]=i};var n;n=window.addEventListener&amp;&amp;window.localStorage&amp;&amp;window.JSON?new o("//news.qq.com/dc_article2016/module/localStorageqq.htm"):null,i.exports=n},{}],4:[function(t,i,e){function o(t,i){n.aticleInfo.title&amp;&amp;t.ajax({url:"//i.match.qq.com/pac/tools",data:{action:"check_text",text:n.aticleInfo.title},dataType:"jsonp"}).always(function(t){a.debug_log(t),i(t&amp;&amp;0===t.code&amp;&amp;t.data?!0:!1)})}var n=t("./config"),a=t("./tools"),r=n.option,s=t("./inview"),l=t("./autoPlay");a.loadJquery(function(i){t("./sportVip");var e=t("./ui"),c=t("./videoevent");i.getScript("//vm.gtimg.cn/tencentvideo/txp/js/txplayer.js").done(function(){function d(d){if(!p){d&amp;&amp;a.trace.boss2619("first_auto",r.vid),p=1,e.autoPlaySW.setStatus(d),e.autoPlaySW.bind(function(t){l.autoPlaySign[t?"on":"off"](),t?(a.trace.boss2619("user_on"),f.play()):(a.trace.boss2619("user_off"),-1===f.getPlayerState()?f.stop():f.pause())});var u=t("./play"),f=u(r,d);f.on("ready",function(){f.mute(),n.showMini&amp;&amp;e.scrollPlay.init(f,n)}),c(),s.once(e.dom.$root,function(){if(a.trace.boss2619("video_pro"),n.showVList){var e=t("./getVideoList");n.showVListByApi?o(i,function(t){!t&amp;&amp;e(r,f)}):e(r,f)}}),e.dom.$title.click(function(t){var e=i(this).attr("data-vid");a.trace.boss2619("video_tit",e)})}}a.debug_log("txplayer.js ready",r);var p=0;try{l.getAutoPlay(d)}catch(u){a.debug_log(u),d(!0)}})})},{"./autoPlay":1,"./config":2,"./getVideoList":5,"./inview":6,"./play":7,"./sportVip":8,"./tools":9,"./ui":10,"./videoevent":11}],5:[function(t,i,e){function o(t,i){if(n=i,t.cid&amp;&amp;"null"!==t.cid)$.ajax({method:"GET",url:"//data.video.qq.com/fcgi-bin/data",data:{tid:"25",idlist:t.cid,appid:"10001009",appkey:"c5a3e1529a7ba805",otype:"json"},dataType:"jsonp",cache:!0,scriptCharset:"utf-8"}).done(function(i){if(i&amp;&amp;!i.errorno){var e=[],o=i.results[0].fields,n=o.c_vids||o.c_vclips||[];$.each(n,function(t,i){e.push({vid:i.c_vid,title:i.c_title,pic:i.c_pic_160_90,url:i.c_play_url})}),a.debug_log("with cid\u5904\u7406\u5b8c\u7684\u89c6\u9891\u5217\u8868",e),d(t,e)}});else if(t.vid){var e=[];e.push("vid="+t.vid),$.ajax("https://access.video.qq.com/fcgi/video_end_recommend_4_qq?vappid=09693353&amp;vsecret=6de1b046b48e5d3030f6e41a422681fc27b26cb9c597644d",{dataType:"jsonp",data:{dataKey:encodeURIComponent(e.join("&amp;"))}}).done(function(i){if(a.debug_log("form:access.video.qq.com",i),0==i.ret&amp;&amp;i.data){var e=[];$.each(i.data.coverList,function(t,i){var o=i.poster.configstrs.vid,n=i.poster.firstLine,a=i.poster.imageUrl,r=i.poster.action.url;a=a&amp;&amp;a.replace(/^http[s]*:/,""),o&amp;&amp;n&amp;&amp;a&amp;&amp;e.push({vid:o,title:n,pic:a,url:r})}),a.debug_log("with vid\u5904\u7406\u5b8c\u7684\u89c6\u9891\u5217\u8868",e),d(t,e)}})}}var n,a=t("./tools"),r=t("./ui"),s=t("./play"),l=t("./inview"),c=t("./config"),d=function(t,i){r.dom.$playlist_node.show();var e=[];t.pic&amp;&amp;t.pic.match(/vpic\.video\.qq\.com.*ori_\d+\.jpg/g)&amp;&amp;(t.pic="https://puui.qpic.cn/qqvideo/0/"+t.vid+"/0"),e.push(t),$.each(i,function(i,o){o.vid!==t.vid&amp;&amp;e.push(o)});var o="";$.each(e,function(t,i){i.title&amp;&amp;i.title.replace(/[^\x00-\xff]/gi,"**").length&gt;40?i.stitle=a.cutstr2(i.title,40)+"...":i.stitle=i.title||"",o+="&lt;li&gt;",o+="    &lt;a data-vid='"+i.vid+"' data-idx='"+t+"' href='"+i.url+"' target='_self' class='"+(0===t?"current":"")+"' bosszone='rvideo_list_title'&gt;",o+="        &lt;img src='"+i.pic+"' onload='this.onload=null;this.style.opacity=1;' /&gt;",o+="        &lt;div&gt;",o+="            &lt;span&gt;"+i.stitle+"&lt;/span&gt;",o+="        &lt;/div&gt;",o+="    &lt;/a&gt;",o+="&lt;/li&gt;"}),r.dom.$playlist_list.html(o),r.playlist.init();var d=function(t){if(t){var i,o;return $.each(e,function(e,n){return n.vid===t?(i=n,o=e,!1):void 0}),i&amp;&amp;(i.idx=o),i}},p=function(t){0&gt;t||t&gt;e.length-1||(s(e[t]),r.playlist.setCurrentToIdx(t),r.playlist.scrollToItemIdx(t))};r.dom.$playlist_list.on("click","a[data-vid]",function(t){t.preventDefault();var i=$(this).attr("data-vid"),e=d(i);p(e.idx),a.trace.boss2619("user_click",i),c.bossList=null,c.bossList={}}),n.on("playStateChange",function(t){if(0==t.state){var i=n.getVid(),o=d(i),s=o.idx+1,c=l.inview(r.dom.$root);a.debug_log("\u64ad\u653e\u5668\u662f\u5426\u53ef\u89c1",c),s&lt;e.length&amp;&amp;c&amp;&amp;(a.debug_log("event: \u64ad\u653e\u4e0b\u4e00\u4e2a"),p(s),a.trace.boss2619("auto_next",i),a.trace.boss2619("video_play",i,"end"))}})};i.exports=o},{"./config":2,"./inview":6,"./play":7,"./tools":9,"./ui":10}],6:[function(t,i,e){function o(t,i){var i=i||{top:0,bottom:0},e=i.top||0,o=i.bottom||0,n=$(window).scrollTop(),a=t.offset().top,r=$(window).height(),s=[n,n+r],l=[a+e,a+t.height()+o];return Math.max(s[0],l[0])&lt;Math.min(s[1],l[1])}var n=function(t,i){function e(){o(t)&amp;&amp;!n&amp;&amp;(i(),n=!0,$(window).off("scroll",e))}var n=!1;$(window).scroll(e),e()};i.exports={once:n,inview:o}},{}],7:[function(t,i,e){function o(t,i){var e="tvp-mod-player-"+t.vid;if(a.setPlayerModId(e),a.setTitle(t.title,t.url,t.vid),n)n.play({vid:t.vid});else{var t={useFlashVIPLayer:0,vid:t.vid,cid:t.cid,muted:!0,containerId:e,width:"100%",height:"100%",flashplayerUrl:"//imgcache.qq.com/tencentvideo_v1/playerv3/TencentPlayer.swf?max_age=86400&amp;v=20161117",autoplay:i};location.host.match(/sports/g)?(t.useFlashVIPLayer=-1,t.chid=8,t.authfrom="40001",t.getUserType=function(){return window.isSportVip||login.sportVip?10:r.isLogin()?1:0},t.showOpenVIPGuide=function(){r.isLogin()?l.pop("ad"):(window.isVideoVipShow=!0,window.sportsWebApi&amp;&amp;sportsWebApi.userLogin())}):(t.useFlashVIPLayer=-1,t.showOpenVIPGuide=function(){s.vip(n,"ad")}),location.host.match(/news/g)&amp;&amp;(t.flashvar={showend:0}),n=new Txplayer(t),r.player=n}return window.sportVip=l,n}var n,a=t("./ui"),r=t("./config"),s=t("./vip"),l=t("./sportVip");window.isVideoVipShow=!1,i.exports=o},{"./config":2,"./sportVip":8,"./ui":10,"./vip":12}],8:[function(t,i,e){function o(t){if(n.player){var i=function(){var t=$(window).width(),i=$(window).height(),e=(t-560)/2,o=(i-320)/2;o=o&gt;0?o:0,$("#sports_video_Vip").css({left:e,top:o}),$("#sports_video_mask").css({width:t,height:i})};if(0==$("#sports_video_Vip").size()){var e="&lt;div id='sports_video_mask'&gt;&lt;/div&gt;",o="&lt;div id='sports_video_Vip'&gt;&lt;/div&gt;",a="&lt;div id='sports_video_Vip_close'&gt;\u2715&lt;/div&gt;&lt;div class='sports_video_content'&gt;&lt;div style='color:#fff;font-size: 18px;margin-bottom: 30px;'&gt;&lt;b&gt;\u672c\u7279\u6743\u4e3a\u817e\u8baf\u4f53\u80b2\u4f1a\u5458\u4e13\u4eab&lt;/b&gt;&lt;/div&gt;&lt;a href='http://vip.sports.qq.com/' target='_blank' style='background:url(http://mat1.gtimg.com/sports/tangent/adImg/sportvip.png);display: block;width:221px;height: 43px;'&gt;&lt;/a&gt;&lt;div style='margin: 30px 0 5px;font-size: 15px;'&gt;\u817e\u8baf\u4f53\u80b2\u4f1a\u5458\u7279\u6743&lt;/div&gt;&lt;li&gt;NBA\u3001NHL\u7b49\u8d5b\u4e8b\u72ec\u5bb6\u76f4\u64ad&lt;/li&gt;&lt;li&gt;\u4eab\u53d7\u514d\u5e7f\u544a\u3001\u84dd\u5149\u753b\u8d28\u3001\u82f1\u6587\u539f\u97f3&lt;/li&gt;&lt;li&gt;\u70b9\u51fb\u201c\u5f00\u901a\u201d\u4e86\u89e3\u66f4\u591a\u7279\u6743\uff0c\u5f00\u901a\u540e\u8bf7\u5237\u65b0\u672c\u9875&lt;/li&gt;&lt;/div&gt;&lt;div class='sports_video_code'&gt;&lt;div style='color:#fff;font-size: 12px;'&gt;\u626b\u4e00\u626b\u5f00\u901a\u4f53\u80b2\u4f1a\u5458&lt;/div&gt;&lt;/div&gt;&lt;/div&gt;"+$("body").append(e).append(o);$("#sports_video_Vip").html(a),i(),$(window).resize(i)}$("#sports_video_mask,#sports_video_Vip_close").click(function(){"ad"==t&amp;&amp;n.player.trigger("1080pVipGuideClose",{action:"closeSkipAd"}),"1080p"==t&amp;&amp;n.player.trigger("1080pVipGuideClose",{action:"close1080p"}),$("#sports_video_mask,#sports_video_Vip").hide(),$("#sports_video_mask,#sports_video_Vip_close").unbind("click")}),$("#sports_video_mask,#sports_video_Vip").show()}}var n=t("./config"),a=t("./tools");"sports"==n.domainName&amp;&amp;(window.__tenplay_skipad=function(){return o("ad"),1}),"sports"==n.domainName&amp;&amp;n.isLogin()&amp;&amp;$.ajax({url:"http://matchweb.sports.qq.com/vip/status2?upgrade=1",dataType:"jsonp"}).done(function(t){a.debug_log("sport vip status",t),0==t[0]&amp;&amp;t[1].vip&gt;0&amp;&amp;(window.isSportVip=!0,window.__tenplay_getuinfo=function(){return 10})}),i.exports={pop:o}},{"./config":2,"./tools":9}],9:[function(t,i,e){var o=t("./config"),n=function(t,i){var e=document.head||document.getElementsByTagName("head")[0]||document.documentElement,o=document.createElement("script"),n=!1;o.async=!0,o.src=t,o.onload=o.onreadystatechange=function(){n||o.readyState&amp;&amp;!/loaded|complete/.test(o.readyState)||(n=!0,o.onload=o.onreadystatechange=null,o.parentNode&amp;&amp;o.parentNode.removeChild(o),o=null,"function"==typeof i&amp;&amp;i())},e.insertBefore(o,e.firstChild)},a=function(t){window.jQuery?t(window.jQuery):n("http://mat1.gtimg.com/libs/jquery/1.12.0/jquery.min.js",function(){t(window.jQuery)})},r=function(){var t=function(){return t.get.apply(t,arguments)},i=t.utils={isArray:Array.isArray||function(t){return"[object Array]"===Object.prototype.toString.call(t)},isPlainObject:function(t){return!!t&amp;&amp;"[object Object]"===Object.prototype.toString.call(t)},toArray:function(t){return Array.prototype.slice.call(t)},getKeys:Object.keys||function(t){var i=[],e="";for(e in t)t.hasOwnProperty(e)&amp;&amp;i.push(e);return i},escape:function(t){return String(t).replace(/[,;"\\=\s%]/g,function(t){return encodeURIComponent(t)})},retrieve:function(t,i){return null===t?i:t}};return t.defaults={},t.expiresMultiplier=86400,t.set=function(t,e,o){if(i.isPlainObject(t))for(var n in t)t.hasOwnProperty(n)&amp;&amp;this.set(n,t[n],e);else{o=i.isPlainObject(o)?o:{expires:o};var a=void 0!==o.expires?o.expires:this.defaults.expires||"",r=typeof a;"string"===r&amp;&amp;""!==a?a=new Date(a):"number"===r&amp;&amp;(a=new Date(+new Date+1e3*this.expiresMultiplier*a)),""!==a&amp;&amp;"toGMTString"in a&amp;&amp;(a=";expires="+a.toGMTString());var s=o.path||this.defaults.path;s=s?";path="+s:"";var l=o.domain||this.defaults.domain;l=l?";domain="+l:"";var c=o.secure||this.defaults.secure?";secure":"";document.cookie=i.escape(t)+"="+i.escape(e)+a+s+l+c}return this},t.remove=function(t){t=i.isArray(t)?t:i.toArray(arguments);for(var e=0,o=t.length;o&gt;e;e++)this.set(t[e],"",-1);return this},t.empty=function(){return this.remove(i.getKeys(this.all()))},t.get=function(t,e){e=e||void 0;var o=this.all();if(i.isArray(t)){for(var n={},a=0,r=t.length;r&gt;a;a++){var s=t[a];n[s]=i.retrieve(o[s],e)}return n}return i.retrieve(o[t],e)},t.all=function(){if(""===document.cookie)return{};for(var t=document.cookie.split("; "),i={},e=0,o=t.length;o&gt;e;e++){var n,a,r=t[e].split("=");try{n=decodeURIComponent(r[0])}catch(s){n=r[0]}try{a=decodeURIComponent(r[1])}catch(s){a=r[1]}i[n]=a}return i},t.enabled=function(){if(navigator.cookieEnabled)return!0;var i="_"===t.set("_","_").get("_");return t.remove("_"),i},t}(),s=function(t,i){for(var e=0,o="",n=0;n&lt;t.length;n++)if(t.charCodeAt(n)&gt;128?e+=2:e++,o+=t.charAt(n),e&gt;=i)return o;return o},l=function(t,i){var e,o,n,a,r,s,l=c(function(){r=a=!1},i);return function(){e=this,o=arguments;var c=function(){n=null,r&amp;&amp;(s=t.apply(e,o)),l()};return n||(n=setTimeout(c,i)),a?r=!0:(a=!0,s=t.apply(e,o)),l(),s}},c=function(t,i,e){var o,n;return function(){var a=this,r=arguments,s=function(){o=null,e||(n=t.apply(a,r))},l=e&amp;&amp;!o;return clearTimeout(o),o=setTimeout(s,i),l&amp;&amp;(n=t.apply(a,r)),n}},d=function(){if(-1!==location.search.indexOf("debug=1")&amp;&amp;window.console){var t=Array.prototype.slice.call(arguments);t.unshift("relatedVideo: "),console.log.apply(null,t)}},p={on:function(){window.dc_playing_sign||(window.dc_playing_sign={}),window.dc_playing_sign[o.modName]=!0},off:function(){window.dc_playing_sign||(window.dc_playing_sign={}),window.dc_playing_sign[o.modName]=!1},isAnyonePlaying:function(){if(window.dc_playing_sign){for(var t in window.dc_playing_sign)if(t!==o.modName&amp;&amp;window.dc_playing_sign.hasOwnProperty(t)&amp;&amp;window.dc_playing_sign[t])return!0;return!1}return!1}},u={boss2619:function(t,i){d("boss: "+t," vid: "+i);var e=$.param({BossId:"2619",CheckSum:"1312852225",sIp:"",iQQ:r.get("o_cookie")||"",sOp:t||"",sDomain:window.location.hostname||"",sUrl:window.location.href||"",sRef:window.document.referrer||"",vid:i||"",_dc:""+Math.random()});(new Image).src="//btrace.qq.com/kvcollect?"+e}};i.exports={getScript:n,loadJquery:a,cookie:r,cutstr2:s,throttle:l,debounce:c,debug_log:d,playingGlobalSign:p,trace:u}},{"./config":2}],10:[function(t,i,e){var o=t("./tools"),n=t("./config"),a=t("./inview");n.mini_unmute={key:"rv_mini_unmute",domain:".qq.com",path:"/",expires:1};var r={};r.$root=$(".rv-js-root"),r.$title=r.$root.find(".rv-title a"),r.$autoplay_sw=r.$root.find(".rv-js-autoplay"),r.$player_wrap=r.$root.find(".rv-player-wrap"),r.$player_mod=r.$player_wrap.find(".rv-player-mod"),r.$player_mini_ctrl=r.$player_wrap.find(".rv-player-mini-ctrl"),r.$playlist_node=r.$root.find(".rv-playlist"),r.$playlist_scol=r.$playlist_node.find(".rv-playlist-scroller"),r.$playlist_list=r.$playlist_node.find("ol.rv-playlist-list"),r.$playlist_ctrl=r.$playlist_node.find(".rv-playlist-ctrl a"),r.$playlist_prev=r.$playlist_ctrl.filter(".prev"),r.$playlist_next=r.$playlist_ctrl.filter(".next");var s=function(){return{width:r.$player_mod.width(),height:r.$player_mod.height()}};e.setPlayerModId=function(t){r.$player_mod.attr("id",t)},e.setTitle=function(t,i,e){return r.$title.html(t).attr("href",i).attr("data-vid",e)};var l=function(){var t="enabled",i=function(){r.$autoplay_sw.attr("bosszone",function(){return o()?"bofang_button_close":"bofang_button_open"})},e=function(e){r.$autoplay_sw[e?"addClass":"removeClass"](t),i()},o=function(){return r.$autoplay_sw.hasClass(t)},n=function(e){var n=r.$autoplay_sw;n.on("click",function(){n.toggleClass(t),"function"==typeof e&amp;&amp;e.call(null,o()),i()})};return{bind:n,setStatus:e,getStatus:o,updateBosszone:i}}();e.autoPlaySW=l;var c=function(){var t,i,e,n,a,s,l=function(){f(),r.$playlist_next.on("click",function(){u("forward"),o.trace.boss2619("next_right")}),r.$playlist_prev.on("click",function(){u("backward"),o.trace.boss2619("next_left")}),r.$playlist_scol.on("scroll",o.throttle(function(){var i=r.$playlist_scol.scrollLeft(),e="disabled";0===i||i===a||0&gt;=a?(0===i&amp;&amp;r.$playlist_prev.addClass(e),(i===a||0&gt;=a)&amp;&amp;r.$playlist_next.addClass(e)):r.$playlist_ctrl.removeClass(e),-1!==navigator.appVersion.indexOf("MSIE 7.")&amp;&amp;t.css("visibility","inherit").css("visibility","visible")},50)),r.$playlist_scol.trigger("scroll")},c=function(t){r.$playlist_scol.stop().animate({scrollLeft:parseInt(t,10)},500)},d=function(o){if(!(0&gt;o||o&gt;i-1)){var n=r.$playlist_scol;$item=t.filter(":eq("+o+")"),c(n.scrollLeft()+$item.position().left-n.width()/2+e/2),s=o}},p=function(i){var e="current";t.find("&gt; a."+e).removeClass(e),t.filter(":eq("+i+")").find("&gt; a").addClass(e)},u=function(t){var i,o=r.$playlist_scol,n=o.scrollLeft(),s=Math.round(.7*o.width());"forward"===t?i=n+s:"backward"===t&amp;&amp;(i=n-s),e&gt;i?i=0:i&gt;a-e&amp;&amp;(i=a),c(i)},f=function(){t=r.$playlist_list.find("&gt; li"),i=t.length,e=t.filter(":eq(0)").outerWidth(!0),n=r.$playlist_scol.width()/e,r.$playlist_list.css("width",i*e),a=r.$playlist_list.outerWidth(!0)-r.$playlist_scol.width()};return{init:l,setCurrentToIdx:p,scrollToItemIdx:d,forward:function(){u("forward")},backward:function(){u("backward")},hide:function(){return r.$playlist_node.slideUp(300)},update:f}}();e.playlist=c;var d=function(){var t,i=!1,e=function(){var t=$("#Main-Article-QQ");if(t.length&gt;0){var i=t.offset(),e=t.width();return 2*i.left+e===$(window).width()?e:!1}return!1},l=function(){if(n.player){var o=n.player,s=i?!0:a.inview(r.$root);if(!(!0===t&amp;&amp;!0===s||!1===t&amp;&amp;!1===s)){if(r.$player_wrap.css("visibility","hidden").toggleClass("rv-player-mini",!s),s)r.$player_wrap.css({"margin-left":"",left:""});else if(window.ARTICLE_INFO&amp;&amp;1===window.ARTICLE_INFO.isUnique)r.$player_wrap.addClass("rv-player-mini-sp1");else{var l=e();if(l){var d,p,u=r.$player_wrap.width(),f=($(window).width()-l)/2-10&gt;=u;f?(d=0-l/2-r.$player_wrap.width()-10,p="50%"):(d=0,p=0),r.$player_wrap.css({"margin-left":d,left:p})}}c(o),r.$player_wrap.css("visibility","visible"),t=s}}},c=function(t){var i=s().height;t.resize({height:i})},d=r.$player_mini_ctrl.find("a[data-action=mute]"),p=function(t){t.isMuted&amp;&amp;(n.mute=!!t.isMuted(),d.removeClass("mute-off mute-on").addClass(t.isMuted()?"mute-on":"mute-off"))},u=function(t){l(),$(window).scroll(l),$(window).resize(l),r.$player_mini_ctrl.on("click","a[data-action=close]",function(e){e.preventDefault(),i=!0,l(),t.pause()}),r.$player_mini_ctrl.on("click","a[data-action=resize]",function(i){i.preventDefault(),r.$player_wrap.toggleClass("rv-player-mini-big"),c(t)}),p(t),d.click(function(){t.isMuted&amp;&amp;(t.isMuted()?(t.unMute(),f.on()):(t.mute(),f.off()),d.removeClass("mute-off mute-on").addClass(t.isMuted()?"mute-on":"mute-off"))})},f={_configName:"mini_unmute",_config:null,_set:function(t){this._config=n[this._configName],o.cookie.set(this._config.key,t,{expires:this._config.expires,domain:this._config.domain,path:this._config.path})},get:function(){return this._config=n[this._configName],o.cookie.get(this._config.key)},on:function(){this._set("1")},off:function(){this._set("0")}};return{init:u}}();e.scrollPlay=d,e.dom=r},{"./config":2,"./inview":6,"./tools":9}],11:[function(t,i,e){var o=t("./config"),n=t("./tools"),a=t("./sportVip"),r=t("./vip");i.exports=function(){var t=o.player;t||n.debug_log("no player cont bind event "),t.on("volumeChange",function(t){t.isUserAction&amp;&amp;(o.volumeChange=t)}),t.on("playStateChange",function(i){if(1==i.state){var e=t.getVid();o.bossList.vid||(n.trace.boss2619("video_play",e),o.bossList.vid=1),$(window).trigger("video:pause",o.modName)}i.state&gt;0?n.playingGlobalSign.on():n.playingGlobalSign.off()}),t.on("showUIVipGuide",function(i){n.debug_log(i),i.switchDefinitionFail&amp;&amp;(location.host.match(/sports/g)?a.pop("1080p"):r.vip(t,"1080p"))}),$(window).on("video:pause",function(i,e){e!==o.modName&amp;&amp;(-1===t.getPlayerState()?t.stop():t.pause())}),$(window).on("video:replay",function(i,e){if(n.debug_log("trigger video:replay"),e&amp;&amp;t&amp;&amp;"function"==typeof t.getPlayerState)if(t.getPlayerState()&lt;0&amp;&amp;e.reload)window.location.reload();else{var o=t.getCurrentTime(),a=t.getVid();t.play(a),t.seekTo(o)}}),$(window).on("login:closeIframe",function(){o.player&amp;&amp;o.player.trigger("1080pVipGuideClose",{action:"closeSkipAd"})})}},{"./config":2,"./sportVip":8,"./tools":9,"./vip":12}],12:[function(t,i,e){var o=t("./tools");window.txvip||$.ajax("//vm.gtimg.cn/tencentvideo_v1/script/film/open/txvip.layer.js",{dataType:"script",scriptCharset:"utf-8"});var n={};n.vip=function(t,i){return t&amp;&amp;window.txvip?void txvip.showVipLayer({sourceType:location.host,onClose:function(){"ad"==i&amp;&amp;t.trigger("1080pVipGuideClose",{action:"closeSkipAd"}),"1080p"==i&amp;&amp;t.trigger("1080pVipGuideClose",{action:"close1080p"})},msgEvent:"1080p"==i?"1080p":"skipad",onOpen:function(){},login:function(t){return t&amp;&amp;window.login.cbArr.push(t),{login:window.userLogin,isLogin:window.login.isLogin}}}):void o.debug_log("\u7f3a\u5c11player\u5bf9\u8c61\uff0c\u6216\u8005\u5f39\u7a97\u5bf9\u8c61")},i.exports=n},{"./tools":9}]},{},[4]);




</body><comments>猪不肯留给你啃
图三 刚刚吃完午饭 想吐 那是两个男人吗？ 好重的口味
卡戴珊确实有女人味。
&amp;#039;&amp;#039;
那对我类个去，不想吐槽，可惜了那块土地
大威那个，竟然啃得下?不是看在钱份上真不信……
刚吃完早饭他妈的都吐出来了
图3那是两个人男人手拉手嘛，看完记得回来点赞
为什么男的都那么帅、女的都那么丑？
图三看到我崩溃
小威妈妈那表情也是神了，怎么好像很无奈？哈哈哈哈哈哈哈。。。
jayZ是谁？是不是周杰伦？
你满足不了她 哈哈
就好像中国的朝红.如果不是为了钱，别TM的说爱情！！！
这都是什么鬼，吓死人！美国杂交人口
你还是自己打飞机吧。呵呵呵。。
如果让我选对象的话首选伊娃，其次沃兹尼亚奇，其它哪几位屁股太大了.重口味就留给哈登享受呗
名人到是很多
单身
都是重口味哈哈
怎么都这么难看，这是到中国的话猪都不啃
搞体育的娇娃最好一个也别要！伤不起呀。
重口味。。哈哈哈。。人家就喜欢变态辣。
沃兹尼亚奇和大卫李好上了？😓
说实话，卡戴珊确实有女人味，同意我上她的，举手，我看看有多少
卧槽！你真看得起周杰伦！世界乐坛影响力周杰伦差他几条街！
非洲🐔
网球名将小威廉姆斯和未婚夫奥哈尼安的婚礼在新奥尔良举行
真他妈丑啊
黑猩猩似的 真尼玛丑
伊娃还是那么漂亮，帕克怎么不知道珍惜呢</comments><comments_num>31</comments_num></doc>