<?xml version='1.0' encoding='utf-8'?>
<doc><source>Tencent</source><id>4794</id><url>http://sports.qq.com/a/20171116/045009.htm</url><title>费德勒大战西里奇 奶牛神情专注奋力击球(图)</title><datetime>2017-11-16 22:42</datetime><body>
.g-btn, .galleryList-btn, .mask_btn span, .pop_iv_bg, .contextDiv span{ background:url(http://mat1.gtimg.com/news/dc/images/s_gallery_2012110702.png) no-repeat 0 0; display:inline-block }
.gallery { width:640px; overflow:hidden; margin:0 auto 20px; position:relative; text-align:center; font-size:14px }
#galleryPicWrap { width:100%; position:relative; z-index:1; text-align:center; overflow:hidden; background:#fff url(http://mat1.gtimg.com/news/hd2009fin/ajax-loader.gif) center center no-repeat; height:395px }
#galleryPic { background:#000; filter:Alpha(opacity = 0); opacity:0}
.galleryInfo { position:absolute; bottom:0;left:0; text-align:left; z-index:1; width:640px; visibility:hidden }
#galleryTxtWrap { line-height:25px; font-size:14px; color:#fff; width:100%; text-align:left; position:absolute;bottom:0; z-index:3;background:url(http://mat1.gtimg.com/news/dc/images/galleryTxtWrap_bg.png) repeat 0 0; _background:none;  _filter: progid:DXImageTransform.Microsoft.gradient( GradientType = 0, startColorstr = '#AA000000', endColorstr = '#AA000000');}
#galleryTxt{ padding:5px 40px 0 11px; font-size:14px; line-height:21px; }
#galleryTxt p { padding:0; font-size:14px; height:30px; }
.galleryInfo-btn { position:absolute; right:5px; bottom:0; height:25px; width:70px; line-height:25px; z-index:2 }
.galleryInfo-btn div { font-size:12px; color:#999; position:absolute; right:0; cursor:pointer }
.galleryInfo-btn b { position:absolute; width:0; height:0; top:9px; margin-left:3px; border-width:4px; border-style:solid; font-size:0; line-height:0; border-color:#999 transparent transparent; _width:7px; _height:4px; _border:none; _background:url(http://mat1.gtimg.com/news/dc/images/gallery_txt_cor1.png) no-repeat }
.gallery-btn-close { width:40px; }
.gallery-btn-open { background:#3E3E3E; color:#fff; cursor:pointer; padding:0 5px; display:none }

.contextDiv { cursor:pointer; width:50%;height:100%;position:absolute; top:0; z-index:2; background:url(http://mat1.gtimg.com/www/curls/images/s.png) no-repeat}
.contextDiv span { width:24px; height:43px; position:absolute; top:50%; margin-top:-22px; visibility:hidden}
.contextDiv:hover { zoom:1}
.contextDiv:hover span { visibility:visible;}
#preArrow span { background-position:0 -50px; left:16px }
#nextArrow span { background-position:-30px -50px; right:16px }
#preArrow { left:0 }
#nextArrow { right:0 }

#lastCon { position:absolute; background: #fff; height:400px; top:0; left:0; width:100%; z-index:6; display:none }
.gallery-AD { margin:0 auto; width:550px;  position:absolute; left:38px; _left:20px; top:0; z-index:11}
.gallery-AD .l_qq_com { left:0 !important; top:0 !important}
.galleryBottom { border-top:1px solid #e0e0e0; border-bottom:1px solid #e0e0e0; position:relative; z-index:9 }
.galleryList { height:68px; border-top:1px solid #fff; border-bottom:1px solid #fff; background-color:#f2f2f2; padding:5px 0 }
.galleryList ul { position:absolute; left:0; top:5px }
.galleryList li { width:80px; height:60px; overflow:hidden; float:left; margin:0 3px 0 1px; display:inline; text-align:center; border:3px solid #f2f2f2; padding:1px; background:#f2f2f2 }
.galleryList li.hover{  border:3px solid #2d96e9; background:#fff }
.galleryList li a { display:block; width:80px;height:60px; overflow:hidden }
.galleryList li img { height:60px } 
.galleryList-btn { position:absolute; top:30px; width:22px; z-index:3; height:22px; filter:Alpha(opacity = 60); opacity:0.6; -moz-transition: opacity 0.5s ease; -webkit-transition: opacity 0.5s ease; -o-transition: opacity 0.5s ease; transition: opacity 0.5s ease  }
.galleryList-btn:hover { opacity:1; filter:Alpha(opacity = 100); color:#379BE9 }
.galleryList-btn-l { left:5px; background-position:0 -23px }
.galleryList-btn-r { right:3px; background-position:-30px -23px }

.galleryTool { position:absolute; top:10px; left:50%; z-index:2; margin-left:-84px; width:166px; height:30px; border-width:1px 0; border-color:#c5b9b6; border-style:solid; visibility:hidden }
#Mask_Pic_wrap .galleryTool { visibility : visible; top:15px }
.galleryTool-wrap { border-width:0 1px; border-color:#c5b9b6; border-style:solid; float:left; position:relative; margin:0 -1px; width:100%; overflow:visible;background:rgba(0, 0, 0, 0.2); height:30px; filter: progid:DXImageTransform.Microsoft.gradient( GradientType = 0, startColorstr = '#30000000', endColorstr = '#30000000') \9}
.galleryTool-num { float:left; width:60px; padding:0 5px; text-align:right; color:#fff; line-height:30px }
.galleryTool-num em { margin:0 2px;color:#fff}
.galleryTool-btn { float:left; width:80px; padding:6px 0 0 10px }
.galleryTool-btn .g-btn { margin-right:8px }

.g-btn { filter:Alpha(opacity = 70); opacity:0.7 }
.g-btn:hover { filter:Alpha(opacity = 100); opacity:1 }
.g-btn-left { width:10px; height:20px; background-position:0 0 }
.g-btn-right { width:10px; height:20px; background-position:-16px 0 }
.g-btn-play { width:20px; height:20px; background:url(http://mat1.gtimg.com/news/dc/images/g_btn_play.png) no-repeat; _background:url(http://mat1.gtimg.com/news/dc/images/play1.png) no-repeat 0 0 }
.g-btn-pause { width:20px; height:20px; background:url(http://mat1.gtimg.com/news/dc/images/pause1.png) no-repeat 3px 1px }

/* 模拟右键 */
#cmenu { border:1px solid #5EB4D8;background-color:#F6F9FD;padding:2px;}
#cmenu ul,#cmenu li { list-style:none; margin:0px; padding:0px; text-align:center; font-size:12px; cursor:pointer }
#cmenu .item { list-style:none; margin:0px; padding:0px; height:23px; line-height:23px; display:block; padding:0px }
#cmenu .itemOver { background-color:#68B5EA; color:#fff; cursor:default }

/* 末页推荐――内容 */
.endMain { width:564px; margin:0 auto; text-align: left; line-height: 18px }
.endMain .title { padding-bottom:8px; text-align: left; } 
.endMain h2 { font-size:14px; line-height:26px; color:#44a2ea; font-family: "微软雅黑", 'Microsoft YaHei', 'STHeiti' }
.endMain ul { width: 600px }
.endMain li { float:left; width:126px; height:126px; font-size:12px; margin-right: 15px }
.endMain li img { background:url(http://mat1.gtimg.com/www/hd2013/images/shadowBg.png) right top no-repeat; padding-right:6px; width:120px }
.endMain li a { color:#000 }
.endMain li .lastImg { display:block; height:75px;width:126px; overflow:hidden; margin-bottom:5px }


/* 末页推荐――按钮 */
.endBtn { border-top:1px dotted #dbdbdb; padding-top: 20px; text-align:center }
.endBtn a { width:112px; height:34px; margin: 0 20px; font-family: "Microsoft YaHei"; line-height:34px; font-size:14px; display:inline-block; background:url(http://mat1.gtimg.com/www/hd2013/images/hd_sprite_v1.0.png) no-repeat 0 0 }
.endBtn a:hover { text-decoration: none }
.endBtn .btnReplay { background-position:0 -254px; padding-left:40px; width:82px; color:#575757; text-align: left;}
.endBtn .btnReplay:hover { background-position:0 -295px; color:#575757 }
.endBtn .btnEnter { background-position:-189px -304px; text-align:center; color:#fff }
.endBtn .btnEnter:hover { background-position:-189px -345px; color:#fff }


/* Floating layer */
#MyMaskWrap { position: absolute; width:100%; height:100%; z-index: 1000; top: 0; left: 0; background: #000; overflow: hidden; font-size:14px }
#MyMaskCon { position: absolute; width:100%; height:100%; z-index: 1001; left: 0; top: 0; overflow: hidden; font-family:"simSun" }
#MyMaskCon a { outline:0 }
/*.pop_iv_bg { position:absolute; right:-35px; top:0; width:32px; height:32px; overflow:hidden; cursor:pointer; background:url(http://mat1.gtimg.com/joke/curls/Mask_close2_a.png); line-height:99em; z-index:9;_background-image: none; _filter:progid:DXImageTransform.Microsoft.AlphaImageLoader(src="http://mat1.gtimg.com/www/hd/mask/images/Mask_close2_a.png", sizingMethod="scale") }
.pop_iv_bg:hover { background:url(http://mat1.gtimg.com/www/hd/mask/images/Mask_close2_h.png);_background-image: none; _filter:progid:DXImageTransform.Microsoft.AlphaImageLoader(src="http://mat1.gtimg.com/www/hd/mask/images/Mask_close2_h.png", sizingMethod="scale")}*/
.pop_iv_bg { position:absolute; right:20px; top:20px; width:54px; height:54px; overflow:hidden; cursor:pointer; background-position:0 -294px; line-height:99em; z-index:9;_background-image: none; _filter:progid:DXImageTransform.Microsoft.AlphaImageLoader(src="http://mat1.gtimg.com/www/hd/mask/images/Mask_close2_a.png", sizingMethod="scale") }
.pop_iv_bg:hover { background:url(http://mat1.gtimg.com/news/dc/images/close1.png) no-repeat 0 0}
#Mask_Pic_wrap { margin:0 auto; position:absolute; z-index:3; background:url(http://mat1.gtimg.com/www/hd/mask/images/loading.gif) center center no-repeat }
#Mask_Picture { border:9px solid #fff; overflow:hidden }
#Mask_Pic_wrap a { overflow:hidden }
#Mask_Pic_wrap .mask_cur{ position:absolute; width:50%; height:100%; margin-top:-39px; top:0; background:#fff; filter:Alpha(opacity = 0); opacity:0 }
#Mask_Pic_wrap .mask_cur_prev { left:0; cursor: url("http://mat1.gtimg.com/news/2009hd/arr_left.cur"), auto }
#Mask_Pic_wrap .mask_cur_next { right:0; cursor: url("http://mat1.gtimg.com/news/2009hd/arr_right.cur"), auto }
#Mask_Pic_wrap .mask_zoom{ position:absolute; bottom:39px; right:8px; width:31px; height:31px; background:url(http://mat1.gtimg.com/www/hd/mask/images/Mask_zoom_a.png); _background-image: none; _filter:progid:DXImageTransform.Microsoft.AlphaImageLoader(src="http://mat1.gtimg.com/www/hd/mask/images/Mask_zoom_a.png", sizingMethod="scale") }
#Mask_Pic_wrap .mask_zoom:hover{ background:url(http://mat1.gtimg.com/www/hd/mask/images/Mask_zoom_h.png);_background-image: none; _filter:progid:DXImageTransform.Microsoft.AlphaImageLoader(src="http://mat1.gtimg.com/www/hd/mask/images/Mask_zoom_h.png", sizingMethod="scale")}

.Mask_Info { color:#fff; width: 800px;font-size:14px; position:absolute; left:50%; margin-left:-400px }
.Mask_Info p { text-indent:2em; line-height:25px; font-size:14px }
.txtC, .txtC p { text-align:center }

.Mask_hd { height:37px; line-height:37px}
.Mask_hd h3 { font-size:18px; color:#484848; float:left }
.mask_btn { width:50%; height:100%; overflow:visible; position:absolute; z-index:2; outline:none   }
.mask_btn:hover { background:none }

.mask_btn span{ height:93px; position:relative; width:47px; position:absolute; top:50%; margin:-47px 0 0 0; cursor:pointer }
.mask_btn_prev { text-align:left; left:0} 
.mask_btn_prev span{ left:5%; background-position:0 -98px;  _background-image: none; _filter:progid:DXImageTransform.Microsoft.AlphaImageLoader(src="http://mat1.gtimg.com/www/hd/mask/images/Mask_b_l_a.png", sizingMethod="scale") }
.mask_btn_prev:hover span{  _background-image: none; _filter:progid:DXImageTransform.Microsoft.AlphaImageLoader(src="http://mat1.gtimg.com/www/hd/mask/images/Mask_b_l_h.png", sizingMethod="scale") }
.mask_btn_next { text-align:right; right:0 }
.mask_btn_next span{ right:5%; background-position:0 -196px;  _background-image: none; _filter:progid:DXImageTransform.Microsoft.AlphaImageLoader(src="http://mat1.gtimg.com/www/hd/mask/images/Mask_b_r_a.png", sizingMethod="scale") }
#Mask_Loading { position: absolute; z-index: 1 }
.mask_btn_next:hover span{  _background-image: none; _filter:progid:DXImageTransform.Microsoft.AlphaImageLoader(src="http://mat1.gtimg.com/www/hd/mask/images/Mask_b_r_h.png", sizingMethod="scale") }

#Mask_Loading { position: absolute; z-index: 1 }
#Mask_Error { position: absolute; z-index: 2 }
#Mask_PerHint {position: absolute; z-index: 3; width: 62px; height: 28px; text-align: center; font: bold 13px/28px Tahoma; color: #fff; background:url(http://mat1.gtimg.com/www/hd/mask/images/perHint.gif); cursor: default}
#Mask_Hint {position: absolute; z-index: 3; height: 25px; bottom:53px; width:100%; color: #fff; font: 12px/25px Tahoma, "simSun"; text-align: center}
#Mask_Bottom {position: absolute; z-index: 4; width:100%; bottom:0; left:0; overflow:hidden; height:29px  }
#Mask_Count { width:100%; text-align:center; z-index:3; height:27px; border-bottom:2px solid #232323; color:#fff;  font-size:12px}
#Mask_Count span { display:inline-block; background:url(http://mat1.gtimg.com/www/hd/mask/images/Mask_count.png) no-repeat; width:82px; height:29px  }
#Mask_Count em { margin:0 5px; font-family:Tahoma; text-shadow:1px 1px 1px #494949  }
.num_Cur { font-size:18px; color:#0a96d0 }
#Mask_Items { height:77px; background-color:#000; overflow:hidden; padding:11px 0 0; position:relative }
#Mask_List { overflow:hidden; margin:0 auto; position:relative; height:77px }
#Mask_List ul { position:absolute; top:0; left:0 }

#Mask_Items li {float: left;  width: 80px; height:60px; display:inline;  margin:0 2px 0; cursor: pointer; border:3px solid #000; padding:1px; background:#000; opacity:0.6 }
#Mask_Items li.hover { border:3px solid #0a96d0; padding:1px; background:#fff } 
#Mask_Items li:hover {  opacity:1 }
#Mask_Items li a { display:block; width: 80px; height:60px; overflow:hidden; text-align:center }

#Mask_Items img { height: 60px }

.Mask_Items_btn { position:absolute; top:24px; width:26px; height:41px }

.Mask_Items_btnL { left:13px; background:url(http://mat1.gtimg.com/www/hd/mask/images/Item_b_l_a.png) no-repeat;_background-image: none; _filter:progid:DXImageTransform.Microsoft.AlphaImageLoader(src="http://mat1.gtimg.com/www/hd/mask/images/Item_b_l_a.png", sizingMethod="scale") }
.Mask_Items_btnL:hover { left:13px; background:url(http://mat1.gtimg.com/www/hd/mask/images/Item_b_l_h.png) no-repeat;_background-image: none; _filter:progid:DXImageTransform.Microsoft.AlphaImageLoader(src="http://mat1.gtimg.com/www/hd/mask/images/Item_b_l_h.png", sizingMethod="scale") }
.Mask_Items_btnR { right:13px; background:url(http://mat1.gtimg.com/www/hd/mask/images/Item_b_r_a.png) no-repeat;_background-image: none; _filter:progid:DXImageTransform.Microsoft.AlphaImageLoader(src="http://mat1.gtimg.com/www/hd/mask/images/Item_b_r_a.png", sizingMethod="scale") }
.Mask_Items_btnR:hover { right:13px; background:url(http://mat1.gtimg.com/www/hd/mask/images/Item_b_r_h.png) no-repeat;_background-image: none; _filter:progid:DXImageTransform.Microsoft.AlphaImageLoader(src="http://mat1.gtimg.com/www/hd/mask/images/Item_b_r_h.png", sizingMethod="scale") }


.mask-last-photo { width:530px; height:320px; background:#fff; position:absolute; left:24px; top:14px; z-index:999 }
.mask-last-photo .hd { border-bottom:1px solid #e6e6e6 }
.m-picList { padding-left:183px; position:relative; height:115px; text-align:center }
.m-picList-pic { position:absolute; left:0; top:0 }
.m-picList-pic a { width:155px; height:100px; display:block; text-align:center; overflow:hidden }
.m-picList-pic a img {  height:100px }
.m-picList-title { font-size:14px; font-weight:bold; text-align:left }
.m-picList-title a { color:#093c8b }
.m-picList-btn { margin-top:24px }
.m-picList-btn a { display:inline-block; line-height:28px; margin-right:6px; padding-right:20px; background:url(http://mat1.gtimg.com/ent/hdTest/button.png) no-repeat right top;}
.m-picList-btn a span { float:left;height:28px;padding-right:20px;background:url(http://mat1.gtimg.com/ent/hdTest/button.png) no-repeat left top;}
.m-picList-btn a em { float:left; height:28px;}
.m-picList-btn .btn-replayPic em {width:13px;background:url(http://mat1.gtimg.com/ent/hdTest/button.png) no-repeat -34px -32px;padding-right:5px;}
.m-picList-btn .btn-MIcblog em {width:16px;background:url(http://mat1.gtimg.com/ent/hdTest/button.png) no-repeat -211px -32px;padding-right:5px;}
.mask-last-photo .bd h3 { color:#093c8b; padding:4px 0 6px }
.maskComend li { float:left; width:142px; height:148px; border:1px solid #ececec; text-align:center; background:#f3f6fd; padding:8px 9px 0; margin-right:10px }
.maskComend li .img { width:142px; height:92px; overflow:hidden; display:block; margin-bottom:10px }
.maskComend li img { height:92px }

.Mask-share-box { background:#fff; height:30px; text-align:right; padding:0 30px 0 9px; position:relative }
#t_weibo { background:url(http://mat1.gtimg.com/joke/temp/t_weibo.png) no-repeat 0 0; width:14px; height:17px; position:absolute; right:10px; top:2px }

























0/0





隐藏
查看图注




 








大家都在看



再看一次
进入图片中心











查看原图



//图片中心链接
if("edu.qq.com"===location.hostname.toLowerCase()){
    try{document.getElementById("enterPicSite").href="http://edu.qq.com/photo/";}catch(e){};
}




var GroupjsUrl = true;
var isMask = false;
var photoJson = new Array();
var url = document.location.href;

var sogouUrl = {
    news    : 'http://wap.sogou.com/data/hotwords/qq_gaoqing_news.js',
    finance : 'http://wap.sogou.com/data/hotwords/qq_gaoqing_news.js',
    tech    : 'http://wap.sogou.com/data/hotwords/qq_gaoqing_news.js',
    digi    : 'http://wap.sogou.com/data/hotwords/qq_gaoqing_news.js',
    auto    : 'http://wap.sogou.com/data/hotwords/qq_gaoqing_news.js',
    house   : 'http://wap.sogou.com/data/hotwords/qq_gaoqing_news.js',
    cul     : 'http://wap.sogou.com/data/hotwords/qq_gaoqing_news.js',
    edu     : 'http://wap.sogou.com/data/hotwords/qq_gaoqing_news.js',
    baby    : 'http://wap.sogou.com/data/hotwords/qq_gaoqing_news.js',
    ent     : 'http://wap.sogou.com/data/hotwords/qq_gaoqing.js',
    sports  : 'http://wap.sogou.com/data/hotwords/qq_gaoqing.js',
    fashion : 'http://wap.sogou.com/data/hotwords/qq_gaoqing.js',
    gamezone: 'http://wap.sogou.com/data/hotwords/qq_gaoqing.js',
    health  : 'http://wap.sogou.com/data/hotwords/qq_gaoqing.js'
};
var sogouPos = [];
/**
组图
*http://mat1.gtimg.com/news/dc/js/gallery/mask_v1.1.8.js
*pgv新版统计
**/
try{
	GroupjsUrl &amp;&amp; qq.getScript('http://mat1.gtimg.com/pingjs/ext2020/dc/module/mask.js', function(){
		qq.get(url.split(".htm")[0]+".hdPic.js?time="+Math.random(), doit);
		function doit (){
			var arrMe = eval("(" + arguments[0] + ")");
			var length = arrMe.Children[0].Children[0].Children[0].Content;//长度
			photoJson = [];
			for(var i=0; i&lt;length; i++){
				var pgvs = "";
				if(typeof arrMe.Children[0].Children[1].Children[i].Children[4]!=="undefined" &amp;&amp; typeof arrMe.Children[0].Children[1].Children[i].Children[5]!=="undefined" &amp;&amp; arrMe.Children[0].Children[1].Children[i].Children[4].Children[0].Content == "datalib"){
					pgvs = arrMe.Children[0].Children[1].Children[i].Children[5].Children[0].Content;
				}
				photoJson.push({showtit:''+arrMe.Children[0].Children[1].Children[i].Children[0].Children[0].Content+'', showtxt:''+arrMe.Children[0].Children[1].Children[i].Children[3].Children[0].Content+'', smallpic:''+arrMe.Children[0].Children[1].Children[i].Children[1].Children[0].Content+'', bigpic:''+arrMe.Children[0].Children[1].Children[i].Children[2].Children[0].Content+'',pgv:''+pgvs+''});
			};
			//幻灯调用
			myGallery = new Gallery();
			myGallery.initialize();
		}
	}, 'utf-8');
}catch(e){}


/*
 * 末页广告
 * NoLastAD 不显示末页广告频道
 * LastADSet {"ch":域名,"ad":广告位id},全站通发为*,gaoqing_F_pic
*/
var QQ_Ad_Config = {
	noAd: 'news,finance,kid', //不显示广告频道
	lastAd: 'huandeng_F_pic', //末页广告id
	sideAd: 'huandeng_F_clcf'  //侧边广告id
}



/* 末页推荐图片 */
try{
	 
		var lastPic_hd_4 =  [{id: '20170805003796',title: 'NBA另类高手：海沃德电竞称霸 有人会开战斗机',url: 'http://sports.qq.com/a/20170805/003796.htm',fimg: 'http://img1.gtimg.com/20/2018/201804/20180477_small.jpg'},{id: '20170804054235',title: '高清：内马尔亮相王子公园球场 球迷夹道欢迎',url: 'http://sports.qq.com/a/20170804/054235.htm',fimg: 'http://img1.gtimg.com/20/2018/201803/20180355_small.jpg'},{id: '20170805005016',title: '画面太美！5岁红衣小舞者抢镜绿衣广场舞大妈',url: 'http://sports.qq.com/a/20170805/005016.htm',fimg: 'http://img1.gtimg.com/20/2018/201810/20181092_small.jpg'},{id: '20170805013878',title: '组图：C罗乔治娜浪漫度假 总裁忘情扶臀+热吻',url: 'http://sports.qq.com/a/20170805/013878.htm',fimg: 'http://img1.gtimg.com/20/2018/201823/20182348_small.jpg'},{id: '20170806001653',title: '加特林跪地致敬博尔特 闪电鞠躬献吻告别(图)',url: 'http://sports.qq.com/a/20170806/001653.htm',fimg: 'http://img1.gtimg.com/20/2018/201841/20184140_small.jpg'},{id: '20170805008191',title: '前方组图：周琦现身火箭篮球训练营 小表情亮了',url: 'http://sports.qq.com/a/20170805/008191.htm',fimg: 'http://img1.gtimg.com/20/2018/201815/20181522_small.png'},{id: '20170805003647',title: '保罗出席派对会老友 西装配运动鞋帅气有型',url: 'http://sports.qq.com/a/20170805/003647.htm',fimg: 'http://img1.gtimg.com/20/2018/201809/20180936_small.jpg'},{id: '20170805003725',title: '最伟大黑人运动员41-50：石佛垫底 海军上将入围',url: 'http://sports.qq.com/a/20170805/003725.htm',fimg: 'http://img1.gtimg.com/20/2018/201804/20180412_small.png'},{id: '20170806004734',title: '啼笑皆非！英国男子乱入赛场 裸奔引混乱',url: 'http://sports.qq.com/a/20170806/004734.htm',fimg: 'http://img1.gtimg.com/20/2018/201845/20184520_small.jpg'},{id: '20170805001607',title: '数字解析男篮蓝队：杜锋迎来百日 六人零经验',url: 'http://sports.qq.com/a/20170805/001607.htm',fimg: 'http://img1.gtimg.com/20/2018/201808/20180805_small.jpg'},{id: '20170805003748',title: '媒体科黑：抱加索尔大腿夺冠 最后一战遭吐槽',url: 'http://sports.qq.com/a/20170805/003748.htm',fimg: 'http://img1.gtimg.com/20/2018/201804/20180455_small.png'},{id: '20170805025701',title: '高清：巴西女排多点开花 主帅手舞足蹈献表情包',url: 'http://sports.qq.com/a/20170805/025701.htm',fimg: 'http://img1.gtimg.com/20/2018/201832/20183229_small.jpg'}]; 

&lt;!--[if !IE]&gt;|xGv00|36028cf2ec9d0fced1a93e1e9b37cccd&lt;![endif]--&gt;
	 
		var lastPic_hd_8 =  [{id: '20170805003794',title: '暑假萌娃在哪里 李小鹏奥莉清爽夏日亲子示范',url: 'http://fashion.qq.com/a/20170805/003794.htm',fimg: 'http://img1.gtimg.com/20/2016/201632/20163209_small.jpg'},{id: '20170805003777',title: '都说“包”治百病 看看明星机场都背哪款包',url: 'http://fashion.qq.com/a/20170805/003777.htm',fimg: 'http://img1.gtimg.com/20/2016/201631/20163129_small.jpg'},{id: '20170805012568',title: '30年渔民变护渔人 被同行叫“叛徒”',url: 'http://news.qq.com/a/20170805/012568.htm',fimg: 'http://img1.gtimg.com/20/2018/201821/20182162_small.jpg'},{id: '20170805022206',title: 'Baby活动照曝光 一身黑白搭配简约迷人',url: 'http://ent.qq.com/a/20170805/022206.htm',fimg: 'http://img1.gtimg.com/20/2018/201830/20183040_small.jpg'},{id: '20170805011012',title: '谭松韵苹果头配粉色荷叶边蛋糕裙 俏皮小可爱',url: 'http://fashion.qq.com/a/20170805/011012.htm',fimg: 'http://img1.gtimg.com/20/2018/201820/20182083_small.jpg'},{id: '20170805006125',title: '张柏芝竟让全家录视频祝福锋菲 是要搞事情？',url: 'http://ent.qq.com/a/20170805/006125.htm',fimg: ''},{id: '20170805004317',title: '洪灾过后，12岁志愿者累瘫照走红',url: 'http://news.qq.com/a/20170805/004317.htm',fimg: ''},{id: '20170805003752',title: '美女日历：甜美界代表唐艺昕 黑眼圈演绎冷漠风情',url: 'http://fashion.qq.com/a/20170805/003752.htm',fimg: 'http://img1.gtimg.com/20/2016/201631/20163111_small.jpg'}];	 

&lt;!--[if !IE]&gt;|xGv00|ad7b6744010160f884485f92ede3bb21&lt;![endif]--&gt;
}catch(e){}

/* 末页 可视化数据源 激活域名 */
try{
	lastPic_ksh_sites = ["news","ent","sports","auto","fashion","tech","digi.tech","space","finance","stock","comic","ru","foxue","dao","house","games","edu","dajia","cul","astro.fashion"];
}catch(e){}


lastUrl = 'http://sports.qq.com/a/20171116/041145.htm';

</body><comments>奶牛绝对闪亮，第一盘抢七输的亏了</comments><comments_num>1</comments_num></doc>