<?xml version='1.0' encoding='utf-8'?>
<doc><source>Tencent</source><id>18</id><url>http://sports.qq.com/a/20171116/034908.htm</url><title>10亿不如马云亮相 功守道入奥除了钱还要什么？</title><datetime>2017-11-16 17:54</datetime><body>
 

    var related_video_info = {
        vid: 'b0025yoawb8',
        cid: '849g3g1v1orz4v9',
        url: 'http://v.qq.com/page/b/0/8/b0025yoawb8.html',
        pic: 'http://inews.gtimg.com/newsapp_ls/0/2302746784_640480/0',
        title: '马云李连杰站台 功守道直指国际化'
    };

.rv-root-v2{font-family:"\5FAE\8F6F\96C5\9ED1",sans-serif;color:#000}.rv-root-v2 a{text-decoration:none;color:#000}.rv-root-v2 h1,.rv-root-v2 h2,.rv-root-v2 h3,.rv-root-v2 ol,.rv-root-v2 p,.rv-root-v2 ul{display:block;padding:0;margin:0}.rv-root-v2 img{border:0}.rv-root-v2 .rv-cf:after,.rv-root-v2 .rv-cf:before{content:" ";display:table}.rv-root-v2 .rv-cf:after{clear:both}.rv-root-v2 .rv-cf{*zoom:1}.rv-root-v2 .rv-top{height:40px;line-height:40px;background-color:#363636}.rv-root-v2 .rv-top .rv-fold-btn{float:right;padding-left:20px;margin-right:16px;font-size:14px;background-image:url(http://mat1.gtimg.com/news/dc/images/fold.png);background-position:left center;background-repeat:no-repeat}.rv-root-v2 .rv-top .rv-autoplay{float:right;width:110px;margin-right:16px}.rv-root-v2 .rv-top .rv-autoplay span{font-size:14px;float:right;color:#fff}.rv-root-v2 .rv-top .rv-autoplay a{float:right;display:block;width:32px;height:16px;padding:2px;margin-top:10px;margin-left:12px;border-radius:10px;font-size:0;text-indent:-9999px;cursor:pointer;background-color:#CCC;transition:background .3s ease-out}.rv-root-v2 .rv-top .rv-autoplay a i{display:block;width:16px;height:16px;border-radius:50%;background-color:#fff;margin-left:0;box-shadow:1px 1px 3px rgba(0,0,0,.6);transition:all .3s ease-out}.rv-root-v2 .rv-top .rv-autoplay a:hover{background-color:#d9d9d9}.rv-root-v2 .rv-top .rv-autoplay a.enabled{background-color:#ad5d16}.rv-root-v2 .rv-top .rv-autoplay a.enabled i{margin-left:15px}.rv-root-v2 .rv-top .rv-autoplay a.enabled:hover{background-color:#c46919}.rv-root-v2 .rv-top .rv-autoplay a:active i{box-shadow:none}.rv-root-v2 .rv-top .rv-title{overflow:hidden}.rv-root-v2 .rv-top .rv-title a{display:block;font-size:17px;font-weight:400;text-indent:12px;white-space:nowrap;text-overflow:ellipsis;overflow:hidden;color:#fff}.rv-root-v2 .rv-top .rv-title a:hover{text-decoration:underline}.rv-root-v2 .rv-middle .rv-player{position:relative;min-height:360px}.rv-root-v2 .rv-middle .rv-player .rv-player-wrap{position:absolute;width:100%;height:100%;top:0;left:0;background-color:#000;box-shadow:inset 0 0 20px rgba(0,0,0,.6)}.rv-root-v2 .rv-middle .rv-player .rv-player-wrap .rv-player-mod{position:relative;width:100%;height:100%}.rv-root-v2 .rv-middle .rv-player .rv-player-wrap .rv-player-mod .rv-player-loading{width:100%;height:100%;text-align:center;color:#999;font-family:verdana,arial,sans-serif}.rv-root-v2 .rv-middle .rv-player .rv-player-wrap .rv-player-mod .tvp_titles{display:none}.rv-root-v2 .rv-middle .rv-player .rv-player-wrap .rv-player-mini-ctrl{display:none;position:absolute;right:0;z-index:99;bottom:18px;width:30px}.rv-root-v2 .rv-middle .rv-player .rv-player-wrap .rv-player-mini-ctrl-close,.rv-root-v2 .rv-middle .rv-player .rv-player-wrap .rv-player-mini-ctrl-mute,.rv-root-v2 .rv-middle .rv-player .rv-player-wrap .rv-player-mini-ctrl-resize{display:block;margin-top:3px;width:30px;height:30px;line-height:30px;background-color:#000;background-color:rgba(0,0,0,.6);background-image:url(http://mat1.gtimg.com/news/dc/images/rv_mini_sprites_v2.png);background-repeat:no-repeat;text-align:center}.rv-root-v2 .rv-middle .rv-player .rv-player-wrap .rv-player-mini-ctrl-close:hover,.rv-root-v2 .rv-middle .rv-player .rv-player-wrap .rv-player-mini-ctrl-mute:hover,.rv-root-v2 .rv-middle .rv-player .rv-player-wrap .rv-player-mini-ctrl-resize:hover{color:#FFF;background-color:#000;background-color:rgba(0,0,0,.9)}.rv-root-v2 .rv-middle .rv-player .rv-player-wrap .rv-player-mini-ctrl-mute,.rv-root-v2 .rv-middle .rv-player .rv-player-wrap .rv-player-mini-ctrl-mute.mute-off{background-position:0 -150px}.rv-root-v2 .rv-middle .rv-player .rv-player-wrap .rv-player-mini-ctrl-mute.mute-on{background-position:0 -180px}.rv-root-v2 .rv-middle .rv-player .rv-player-wrap .rv-player-mini-ctrl-close{background-position:0 0}.rv-root-v2 .rv-middle .rv-player .rv-player-wrap .rv-player-mini-ctrl-resize{background-position:0 -30px}.rv-root-v2 .rv-middle .rv-player .rv-player-mini{position:fixed;width:270px;height:170px;left:0;bottom:0;top:auto;z-index:99;box-shadow:0 0 3px rgba(0,0,0,.3)}.rv-root-v2 .rv-middle .rv-player .rv-player-mini .rv-player-mini-ctrl{display:block}@media only screen and (min-width:1300px){.rv-root-v2 .rv-middle .rv-player .rv-player-mini.rv-player-mini-sp1{left:50%;margin-left:-692px}}.rv-root-v2 .rv-middle .rv-player .rv-player-mini.rv-player-mini-big{width:640px;height:378px}.rv-root-v2 .rv-middle .rv-player .rv-player-mini.rv-player-mini-big .rv-player-mini-ctrl-resize{background-position:0 -60px}.rv-root-v2 .rv-middle .rv-playlist{display:none;height:100px;background-color:#2f2f2f}.rv-root-v2 .rv-middle .rv-playlist .rv-playlist-ctrl{position:relative;width:100%;height:0;z-index:2}.rv-root-v2 .rv-middle .rv-playlist .rv-playlist-ctrl a{display:block;position:absolute;top:0;width:17px;height:100px;line-height:100px;font-size:14px;font-weight:700;font-family:NanumMyeongjo,"\5B8B\4F53",sans-serif;text-align:center;color:#a3a3a3;background-color:#2f2f2f;background-color:rgba(47,47,47,.8);cursor:pointer}.rv-root-v2 .rv-middle .rv-playlist .rv-playlist-ctrl a:hover{background-color:#494949;background-color:rgba(73,73,73,.8)}.rv-root-v2 .rv-middle .rv-playlist .rv-playlist-ctrl a.disabled{cursor:not-allowed;color:#505050}.rv-root-v2 .rv-middle .rv-playlist .rv-playlist-ctrl a.disabled:hover{background-color:#2f2f2f;background-color:rgba(47,47,47,.8);box-shadow:none}.rv-root-v2 .rv-middle .rv-playlist .rv-playlist-ctrl .prev{left:0}.rv-root-v2 .rv-middle .rv-playlist .rv-playlist-ctrl .next{right:0}.rv-root-v2 .rv-middle .rv-playlist .rv-playlist-wrap{height:100px;width:100%;overflow:hidden;position:relative;z-index:1}.rv-root-v2 .rv-middle .rv-playlist .rv-playlist-wrap .rv-playlist-scroller{height:130px;width:100%;overflow-y:hidden;overflow-x:scroll;-webkit-overflow-scrolling:touch}.rv-root-v2 .rv-middle .rv-playlist .rv-playlist-wrap .rv-playlist-scroller ol.rv-playlist-list{width:9999px;padding:0 17px;list-style:none}.rv-root-v2 .rv-middle .rv-playlist .rv-playlist-wrap .rv-playlist-scroller ol.rv-playlist-list li{display:block;float:left}.rv-root-v2 .rv-middle .rv-playlist .rv-playlist-wrap .rv-playlist-scroller ol.rv-playlist-list li a{opacity:.62;display:block;position:relative;width:170px;height:100px;overflow:hidden;cursor:pointer}.rv-root-v2 .rv-middle .rv-playlist .rv-playlist-wrap .rv-playlist-scroller ol.rv-playlist-list li a img{width:100%;height:100%;opacity:0;transition:opacity .3s ease-out;vertical-align:top}.rv-root-v2 .rv-middle .rv-playlist .rv-playlist-wrap .rv-playlist-scroller ol.rv-playlist-list li a div{position:absolute;width:100%;left:0;bottom:0;font-size:12px;line-height:18px}.rv-root-v2 .rv-middle .rv-playlist .rv-playlist-wrap .rv-playlist-scroller ol.rv-playlist-list li a div span{display:block;height:18px;padding:5px 10px 2px;overflow:hidden;font-family:Arial,sans-serif;color:#ababab;background-color:rgba(0,0,0,.8);-ms-filter:"progid:DXImageTransform.Microsoft.gradient(GradientType=1, StartColorStr='#CC000000', EndColorStr='#CC000000')";filter:progid:DXImageTransform.Microsoft.Gradient(GradientType=1, StartColorStr='#CC000000', EndColorStr='#CC000000');-webkit-transition:all .2s ease-out;-moz-transition:all .2s ease-out;-ms-transition:all .2s ease-out;-o-transition:all .2s ease-out;transition:all .2s ease-out}.rv-root-v2 .rv-middle .rv-playlist .rv-playlist-wrap .rv-playlist-scroller ol.rv-playlist-list li a div span:not([dummy]){filter:progid:DXImageTransform.Microsoft.Gradient(enabled='false')}.rv-root-v2 .rv-middle .rv-playlist .rv-playlist-wrap .rv-playlist-scroller ol.rv-playlist-list li a:before{content:'正在播放';position:absolute;left:-100%;top:0;font-size:12px;z-index:1;background:#fd7700;line-height:1.8;color:#fff;display:inline-block;padding:0 5px}.rv-root-v2 .rv-middle .rv-playlist .rv-playlist-wrap .rv-playlist-scroller ol.rv-playlist-list li a:after{border:2px solid #fd7700;content:"";position:absolute;left:0;top:0;width:166px;height:96px;opacity:0}.rv-root-v2 .rv-middle .rv-playlist .rv-playlist-wrap .rv-playlist-scroller ol.rv-playlist-list li a.current{opacity:1;background:#101010}.rv-root-v2 .rv-middle .rv-playlist .rv-playlist-wrap .rv-playlist-scroller ol.rv-playlist-list li a.current div span{color:#ff6d1a}.rv-root-v2 .rv-middle .rv-playlist .rv-playlist-wrap .rv-playlist-scroller ol.rv-playlist-list li a.current:before{left:0;transition:all .3s}.rv-root-v2 .rv-middle .rv-playlist .rv-playlist-wrap .rv-playlist-scroller ol.rv-playlist-list li a.current:after{transition:all .3s;opacity:1}.rv-root-v2 .rv-middle .rv-playlist .rv-playlist-wrap .rv-playlist-scroller ol.rv-playlist-list li a:hover{opacity:1;background:#252525}.rv-root-v2 .rv-middle .rv-playlist .rv-playlist-wrap .rv-playlist-scroller ol.rv-playlist-list li a:hover div span{height:36px}@media only screen and (min-width:1260px){.rv-adjust-wide-article{width:895px;margin-left:-97px}}#sports_video_mask{position:fixed;top:0;left:0;background:#000;opacity:.5;z-index:100;filter:alpha(opacity=50)}#sports_video_Vip{width:560px;height:320px;overflow:hidden;box-shadow:0 0 10px #fff;position:fixed;z-index:101;background:rgba(0,0,0,.8);filter:progid:DXImageTransform.Microsoft.gradient(startcolorstr=#CF000000, 0, endcolorstr=#CF000000, 0)}#sports_video_Vip #sports_video_Vip_close{position:absolute;padding:10px;top:0;right:0;color:#fff;cursor:pointer;font-size:16px}#sports_video_Vip .sports_video_code{position:absolute;width:114px;padding-top:124px;text-align:center;background:url(http://mat1.gtimg.com/sports/tangent/adImg/sportVip2code.png) no-repeat;top:88px;right:40px}#sports_video_Vip .sports_video_content{color:#b6b6b6;width:320px;margin-left:50px;line-height:1.5;font-size:13px;top:48px;border-right:2px dashed #5d5d5d;position:relative}




自动播放开关
自动播放


马云李连杰站台 功守道直指国际化






正在加载...










&lt;
&gt;









!function t(i,e,o){function n(r,s){if(!e[r]){if(!i[r]){var l="function"==typeof require&amp;&amp;require;if(!s&amp;&amp;l)return l(r,!0);if(a)return a(r,!0);throw new Error("Cannot find module '"+r+"'")}var c=e[r]={exports:{}};i[r][0].call(c.exports,function(t){var e=i[r][1][t];return n(e?e:t)},c,c.exports,t,i,e,o)}return e[r].exports}for(var a="function"==typeof require&amp;&amp;require,r=0;r&lt;o.length;r++)n(o[r]);return n}({1:[function(t,i,e){function o(t){var i=!1,e=l.get();if(!0===a.playingGlobalSign.isAnyonePlaying()||"0"===e)return t(!1);if("1"===e)return t(!0);if(s){var o=(new Date).getTime();s.get(n.autoplay_cookie.key,function(e,r){if(!i){if(i=!0,a.debug_log("get localstorage from qq.com differTime",(new Date).getTime()-o+"ms",r),!e&amp;&amp;r){var s=JSON.parse(r);if("1"===s.val)return void t(!0);var l=(new Date).getTime()-s.time,c=l/864e5;return a.debug_log("set "+c.toFixed(2)+"days"),c&lt;n.autoplay_cookie.expires?void t(!1):void t(!0)}t(!0)}}),setTimeout(function(){i||(t(!0),i=!0,a.debug_log("timeout cross localstorage 400ms"))},800)}else t(!0),a.debug_log("no cross and default true")}var n=t("./config"),a=t("./tools"),r=a.cookie,s=t("./crossLocalStorage"),l={_config:n.autoplay_cookie,_set:function(t){if(r.set(this._config.key,t,{expires:this._config.expires,domain:this._config.domain,path:this._config.path}),window.JSON){var i={time:(new Date).getTime(),val:t};s&amp;&amp;s.set(this._config.key,i,function(){})}},get:function(){var t=r.get(this._config.key);return t},on:function(){this._set("1")},off:function(){this._set("0")}};i.exports={getAutoPlay:o,autoPlaySign:l}},{"./config":2,"./crossLocalStorage":3,"./tools":9}],2:[function(t,i,e){var o=t("./tools").cookie,n=location.hostname.match(/(\w+)\.qq\.com/),a={};a.option=window.related_video_info,a.aticleInfo=window.ARTICLE_INFO||{},a.domainName=n&amp;&amp;n[1],a.sportVip={vip:0},a.isLogin=function(){return!!o.get("skey")&amp;&amp;!!o.get("uin")||!!o.get("lskey")&amp;&amp;!!o.get("luin")||"wx"===o.get("main_login")},a.showMini=!0,a.showVList=!0,a.showVListByApi=!1,a.modName="dc_related_video",a.autoplay_cookie={key:"aboutVideo_v",domain:".qq.com",path:"/",expires:30},a.playing_cookie={key:"dc_vplaying",domain:".qq.com",path:"/",expires:function(){return new Date((new Date).getTime()+72e5)}},a.mini_unmute={key:"rv_mini_unmute",domain:".qq.com",path:"/",expires:1},a.player=null,a.qqcomstore=null,a.videos=[],a.automute=!1,a.bossList={},a.volumeChange={isUserAction:!1,volume:0},a.isSport=location.host.match(/sports/g);var r=function(t,i){for(var e in t)i[e]=t[e]};window.txPlayer_config&amp;&amp;r(window.txPlayer_config,a),window.txPlayer_config=a,i.exports=a},{"./tools":9}],3:[function(t,i,e){document.domain="qq.com";var o;o=function(t){this.id=this._getId(),this._init(t),this._origin=this._getOrigin(t),this._callbacks={_get:{},_set:{},_del:{}},this._bindEvent()},o.prototype._getId=function(){return id=0,function(){return++id}}(),o.prototype._init=function(t){var i=this,e=document.createElement("iframe");e.style.display="none",e.src=t,document.body.appendChild(e),this._hub=e.contentWindow,e.onload=function(){i.load()}},o.prototype.load=function(){},o.prototype._getOrigin=function(t){var i,e;return i=document.createElement("a"),i.href=t,e=i.protocol+"//"+i.host},o.prototype._parseMessage=function(t,i,e){return JSON.stringify({method:t,key:i,value:e})},o.prototype._bindEvent=function(){var t=this;window.addEventListener?window.addEventListener("message",function(i){var e=JSON.parse(i.data);if(e&amp;&amp;523==e.id){var o=e.error,n=e.result&amp;&amp;JSON.parse(e.result)||null;t._callbacks["_"+e.method][e.key](o,n)}},!1):""},o.prototype.get=function(t,i){this._hub.postMessage(this._parseMessage("get",t),this._origin),this._callbacks._get[t]=i},o.prototype.set=function(t,i,e){this._hub.postMessage(this._parseMessage("set",t,i),this._origin),this._callbacks._set[t]=e},o.prototype.del=function(t,i){this._hub.postMessage(this._parseMessage("del",t),this._origin),this._callbacks._del[t]=i};var n;n=window.addEventListener&amp;&amp;window.localStorage&amp;&amp;window.JSON?new o("//news.qq.com/dc_article2016/module/localStorageqq.htm"):null,i.exports=n},{}],4:[function(t,i,e){function o(t,i){n.aticleInfo.title&amp;&amp;t.ajax({url:"//i.match.qq.com/pac/tools",data:{action:"check_text",text:n.aticleInfo.title},dataType:"jsonp"}).always(function(t){a.debug_log(t),i(t&amp;&amp;0===t.code&amp;&amp;t.data?!0:!1)})}var n=t("./config"),a=t("./tools"),r=n.option,s=t("./inview"),l=t("./autoPlay");a.loadJquery(function(i){t("./sportVip");var e=t("./ui"),c=t("./videoevent");i.getScript("//vm.gtimg.cn/tencentvideo/txp/js/txplayer.js").done(function(){function d(d){if(!p){d&amp;&amp;a.trace.boss2619("first_auto",r.vid),p=1,e.autoPlaySW.setStatus(d),e.autoPlaySW.bind(function(t){l.autoPlaySign[t?"on":"off"](),t?(a.trace.boss2619("user_on"),f.play()):(a.trace.boss2619("user_off"),-1===f.getPlayerState()?f.stop():f.pause())});var u=t("./play"),f=u(r,d);f.on("ready",function(){f.mute(),n.showMini&amp;&amp;e.scrollPlay.init(f,n)}),c(),s.once(e.dom.$root,function(){if(a.trace.boss2619("video_pro"),n.showVList){var e=t("./getVideoList");n.showVListByApi?o(i,function(t){!t&amp;&amp;e(r,f)}):e(r,f)}}),e.dom.$title.click(function(t){var e=i(this).attr("data-vid");a.trace.boss2619("video_tit",e)})}}a.debug_log("txplayer.js ready",r);var p=0;try{l.getAutoPlay(d)}catch(u){a.debug_log(u),d(!0)}})})},{"./autoPlay":1,"./config":2,"./getVideoList":5,"./inview":6,"./play":7,"./sportVip":8,"./tools":9,"./ui":10,"./videoevent":11}],5:[function(t,i,e){function o(t,i){if(n=i,t.cid&amp;&amp;"null"!==t.cid)$.ajax({method:"GET",url:"//data.video.qq.com/fcgi-bin/data",data:{tid:"25",idlist:t.cid,appid:"10001009",appkey:"c5a3e1529a7ba805",otype:"json"},dataType:"jsonp",cache:!0,scriptCharset:"utf-8"}).done(function(i){if(i&amp;&amp;!i.errorno){var e=[],o=i.results[0].fields,n=o.c_vids||o.c_vclips||[];$.each(n,function(t,i){e.push({vid:i.c_vid,title:i.c_title,pic:i.c_pic_160_90,url:i.c_play_url})}),a.debug_log("with cid\u5904\u7406\u5b8c\u7684\u89c6\u9891\u5217\u8868",e),d(t,e)}});else if(t.vid){var e=[];e.push("vid="+t.vid),$.ajax("https://access.video.qq.com/fcgi/video_end_recommend_4_qq?vappid=09693353&amp;vsecret=6de1b046b48e5d3030f6e41a422681fc27b26cb9c597644d",{dataType:"jsonp",data:{dataKey:encodeURIComponent(e.join("&amp;"))}}).done(function(i){if(a.debug_log("form:access.video.qq.com",i),0==i.ret&amp;&amp;i.data){var e=[];$.each(i.data.coverList,function(t,i){var o=i.poster.configstrs.vid,n=i.poster.firstLine,a=i.poster.imageUrl,r=i.poster.action.url;a=a&amp;&amp;a.replace(/^http[s]*:/,""),o&amp;&amp;n&amp;&amp;a&amp;&amp;e.push({vid:o,title:n,pic:a,url:r})}),a.debug_log("with vid\u5904\u7406\u5b8c\u7684\u89c6\u9891\u5217\u8868",e),d(t,e)}})}}var n,a=t("./tools"),r=t("./ui"),s=t("./play"),l=t("./inview"),c=t("./config"),d=function(t,i){r.dom.$playlist_node.show();var e=[];t.pic&amp;&amp;t.pic.match(/vpic\.video\.qq\.com.*ori_\d+\.jpg/g)&amp;&amp;(t.pic="https://puui.qpic.cn/qqvideo/0/"+t.vid+"/0"),e.push(t),$.each(i,function(i,o){o.vid!==t.vid&amp;&amp;e.push(o)});var o="";$.each(e,function(t,i){i.title&amp;&amp;i.title.replace(/[^\x00-\xff]/gi,"**").length&gt;40?i.stitle=a.cutstr2(i.title,40)+"...":i.stitle=i.title||"",o+="&lt;li&gt;",o+="    &lt;a data-vid='"+i.vid+"' data-idx='"+t+"' href='"+i.url+"' target='_self' class='"+(0===t?"current":"")+"' bosszone='rvideo_list_title'&gt;",o+="        &lt;img src='"+i.pic+"' onload='this.onload=null;this.style.opacity=1;' /&gt;",o+="        &lt;div&gt;",o+="            &lt;span&gt;"+i.stitle+"&lt;/span&gt;",o+="        &lt;/div&gt;",o+="    &lt;/a&gt;",o+="&lt;/li&gt;"}),r.dom.$playlist_list.html(o),r.playlist.init();var d=function(t){if(t){var i,o;return $.each(e,function(e,n){return n.vid===t?(i=n,o=e,!1):void 0}),i&amp;&amp;(i.idx=o),i}},p=function(t){0&gt;t||t&gt;e.length-1||(s(e[t]),r.playlist.setCurrentToIdx(t),r.playlist.scrollToItemIdx(t))};r.dom.$playlist_list.on("click","a[data-vid]",function(t){t.preventDefault();var i=$(this).attr("data-vid"),e=d(i);p(e.idx),a.trace.boss2619("user_click",i),c.bossList=null,c.bossList={}}),n.on("playStateChange",function(t){if(0==t.state){var i=n.getVid(),o=d(i),s=o.idx+1,c=l.inview(r.dom.$root);a.debug_log("\u64ad\u653e\u5668\u662f\u5426\u53ef\u89c1",c),s&lt;e.length&amp;&amp;c&amp;&amp;(a.debug_log("event: \u64ad\u653e\u4e0b\u4e00\u4e2a"),p(s),a.trace.boss2619("auto_next",i),a.trace.boss2619("video_play",i,"end"))}})};i.exports=o},{"./config":2,"./inview":6,"./play":7,"./tools":9,"./ui":10}],6:[function(t,i,e){function o(t,i){var i=i||{top:0,bottom:0},e=i.top||0,o=i.bottom||0,n=$(window).scrollTop(),a=t.offset().top,r=$(window).height(),s=[n,n+r],l=[a+e,a+t.height()+o];return Math.max(s[0],l[0])&lt;Math.min(s[1],l[1])}var n=function(t,i){function e(){o(t)&amp;&amp;!n&amp;&amp;(i(),n=!0,$(window).off("scroll",e))}var n=!1;$(window).scroll(e),e()};i.exports={once:n,inview:o}},{}],7:[function(t,i,e){function o(t,i){var e="tvp-mod-player-"+t.vid;if(a.setPlayerModId(e),a.setTitle(t.title,t.url,t.vid),n)n.play({vid:t.vid});else{var t={useFlashVIPLayer:0,vid:t.vid,cid:t.cid,muted:!0,containerId:e,width:"100%",height:"100%",flashplayerUrl:"//imgcache.qq.com/tencentvideo_v1/playerv3/TencentPlayer.swf?max_age=86400&amp;v=20161117",autoplay:i};location.host.match(/sports/g)?(t.useFlashVIPLayer=-1,t.chid=8,t.authfrom="40001",t.getUserType=function(){return window.isSportVip||login.sportVip?10:r.isLogin()?1:0},t.showOpenVIPGuide=function(){r.isLogin()?l.pop("ad"):(window.isVideoVipShow=!0,window.sportsWebApi&amp;&amp;sportsWebApi.userLogin())}):(t.useFlashVIPLayer=-1,t.showOpenVIPGuide=function(){s.vip(n,"ad")}),location.host.match(/news/g)&amp;&amp;(t.flashvar={showend:0}),n=new Txplayer(t),r.player=n}return window.sportVip=l,n}var n,a=t("./ui"),r=t("./config"),s=t("./vip"),l=t("./sportVip");window.isVideoVipShow=!1,i.exports=o},{"./config":2,"./sportVip":8,"./ui":10,"./vip":12}],8:[function(t,i,e){function o(t){if(n.player){var i=function(){var t=$(window).width(),i=$(window).height(),e=(t-560)/2,o=(i-320)/2;o=o&gt;0?o:0,$("#sports_video_Vip").css({left:e,top:o}),$("#sports_video_mask").css({width:t,height:i})};if(0==$("#sports_video_Vip").size()){var e="&lt;div id='sports_video_mask'&gt;&lt;/div&gt;",o="&lt;div id='sports_video_Vip'&gt;&lt;/div&gt;",a="&lt;div id='sports_video_Vip_close'&gt;\u2715&lt;/div&gt;&lt;div class='sports_video_content'&gt;&lt;div style='color:#fff;font-size: 18px;margin-bottom: 30px;'&gt;&lt;b&gt;\u672c\u7279\u6743\u4e3a\u817e\u8baf\u4f53\u80b2\u4f1a\u5458\u4e13\u4eab&lt;/b&gt;&lt;/div&gt;&lt;a href='http://vip.sports.qq.com/' target='_blank' style='background:url(http://mat1.gtimg.com/sports/tangent/adImg/sportvip.png);display: block;width:221px;height: 43px;'&gt;&lt;/a&gt;&lt;div style='margin: 30px 0 5px;font-size: 15px;'&gt;\u817e\u8baf\u4f53\u80b2\u4f1a\u5458\u7279\u6743&lt;/div&gt;&lt;li&gt;NBA\u3001NHL\u7b49\u8d5b\u4e8b\u72ec\u5bb6\u76f4\u64ad&lt;/li&gt;&lt;li&gt;\u4eab\u53d7\u514d\u5e7f\u544a\u3001\u84dd\u5149\u753b\u8d28\u3001\u82f1\u6587\u539f\u97f3&lt;/li&gt;&lt;li&gt;\u70b9\u51fb\u201c\u5f00\u901a\u201d\u4e86\u89e3\u66f4\u591a\u7279\u6743\uff0c\u5f00\u901a\u540e\u8bf7\u5237\u65b0\u672c\u9875&lt;/li&gt;&lt;/div&gt;&lt;div class='sports_video_code'&gt;&lt;div style='color:#fff;font-size: 12px;'&gt;\u626b\u4e00\u626b\u5f00\u901a\u4f53\u80b2\u4f1a\u5458&lt;/div&gt;&lt;/div&gt;&lt;/div&gt;"+$("body").append(e).append(o);$("#sports_video_Vip").html(a),i(),$(window).resize(i)}$("#sports_video_mask,#sports_video_Vip_close").click(function(){"ad"==t&amp;&amp;n.player.trigger("1080pVipGuideClose",{action:"closeSkipAd"}),"1080p"==t&amp;&amp;n.player.trigger("1080pVipGuideClose",{action:"close1080p"}),$("#sports_video_mask,#sports_video_Vip").hide(),$("#sports_video_mask,#sports_video_Vip_close").unbind("click")}),$("#sports_video_mask,#sports_video_Vip").show()}}var n=t("./config"),a=t("./tools");"sports"==n.domainName&amp;&amp;(window.__tenplay_skipad=function(){return o("ad"),1}),"sports"==n.domainName&amp;&amp;n.isLogin()&amp;&amp;$.ajax({url:"http://matchweb.sports.qq.com/vip/status2?upgrade=1",dataType:"jsonp"}).done(function(t){a.debug_log("sport vip status",t),0==t[0]&amp;&amp;t[1].vip&gt;0&amp;&amp;(window.isSportVip=!0,window.__tenplay_getuinfo=function(){return 10})}),i.exports={pop:o}},{"./config":2,"./tools":9}],9:[function(t,i,e){var o=t("./config"),n=function(t,i){var e=document.head||document.getElementsByTagName("head")[0]||document.documentElement,o=document.createElement("script"),n=!1;o.async=!0,o.src=t,o.onload=o.onreadystatechange=function(){n||o.readyState&amp;&amp;!/loaded|complete/.test(o.readyState)||(n=!0,o.onload=o.onreadystatechange=null,o.parentNode&amp;&amp;o.parentNode.removeChild(o),o=null,"function"==typeof i&amp;&amp;i())},e.insertBefore(o,e.firstChild)},a=function(t){window.jQuery?t(window.jQuery):n("http://mat1.gtimg.com/libs/jquery/1.12.0/jquery.min.js",function(){t(window.jQuery)})},r=function(){var t=function(){return t.get.apply(t,arguments)},i=t.utils={isArray:Array.isArray||function(t){return"[object Array]"===Object.prototype.toString.call(t)},isPlainObject:function(t){return!!t&amp;&amp;"[object Object]"===Object.prototype.toString.call(t)},toArray:function(t){return Array.prototype.slice.call(t)},getKeys:Object.keys||function(t){var i=[],e="";for(e in t)t.hasOwnProperty(e)&amp;&amp;i.push(e);return i},escape:function(t){return String(t).replace(/[,;"\\=\s%]/g,function(t){return encodeURIComponent(t)})},retrieve:function(t,i){return null===t?i:t}};return t.defaults={},t.expiresMultiplier=86400,t.set=function(t,e,o){if(i.isPlainObject(t))for(var n in t)t.hasOwnProperty(n)&amp;&amp;this.set(n,t[n],e);else{o=i.isPlainObject(o)?o:{expires:o};var a=void 0!==o.expires?o.expires:this.defaults.expires||"",r=typeof a;"string"===r&amp;&amp;""!==a?a=new Date(a):"number"===r&amp;&amp;(a=new Date(+new Date+1e3*this.expiresMultiplier*a)),""!==a&amp;&amp;"toGMTString"in a&amp;&amp;(a=";expires="+a.toGMTString());var s=o.path||this.defaults.path;s=s?";path="+s:"";var l=o.domain||this.defaults.domain;l=l?";domain="+l:"";var c=o.secure||this.defaults.secure?";secure":"";document.cookie=i.escape(t)+"="+i.escape(e)+a+s+l+c}return this},t.remove=function(t){t=i.isArray(t)?t:i.toArray(arguments);for(var e=0,o=t.length;o&gt;e;e++)this.set(t[e],"",-1);return this},t.empty=function(){return this.remove(i.getKeys(this.all()))},t.get=function(t,e){e=e||void 0;var o=this.all();if(i.isArray(t)){for(var n={},a=0,r=t.length;r&gt;a;a++){var s=t[a];n[s]=i.retrieve(o[s],e)}return n}return i.retrieve(o[t],e)},t.all=function(){if(""===document.cookie)return{};for(var t=document.cookie.split("; "),i={},e=0,o=t.length;o&gt;e;e++){var n,a,r=t[e].split("=");try{n=decodeURIComponent(r[0])}catch(s){n=r[0]}try{a=decodeURIComponent(r[1])}catch(s){a=r[1]}i[n]=a}return i},t.enabled=function(){if(navigator.cookieEnabled)return!0;var i="_"===t.set("_","_").get("_");return t.remove("_"),i},t}(),s=function(t,i){for(var e=0,o="",n=0;n&lt;t.length;n++)if(t.charCodeAt(n)&gt;128?e+=2:e++,o+=t.charAt(n),e&gt;=i)return o;return o},l=function(t,i){var e,o,n,a,r,s,l=c(function(){r=a=!1},i);return function(){e=this,o=arguments;var c=function(){n=null,r&amp;&amp;(s=t.apply(e,o)),l()};return n||(n=setTimeout(c,i)),a?r=!0:(a=!0,s=t.apply(e,o)),l(),s}},c=function(t,i,e){var o,n;return function(){var a=this,r=arguments,s=function(){o=null,e||(n=t.apply(a,r))},l=e&amp;&amp;!o;return clearTimeout(o),o=setTimeout(s,i),l&amp;&amp;(n=t.apply(a,r)),n}},d=function(){if(-1!==location.search.indexOf("debug=1")&amp;&amp;window.console){var t=Array.prototype.slice.call(arguments);t.unshift("relatedVideo: "),console.log.apply(null,t)}},p={on:function(){window.dc_playing_sign||(window.dc_playing_sign={}),window.dc_playing_sign[o.modName]=!0},off:function(){window.dc_playing_sign||(window.dc_playing_sign={}),window.dc_playing_sign[o.modName]=!1},isAnyonePlaying:function(){if(window.dc_playing_sign){for(var t in window.dc_playing_sign)if(t!==o.modName&amp;&amp;window.dc_playing_sign.hasOwnProperty(t)&amp;&amp;window.dc_playing_sign[t])return!0;return!1}return!1}},u={boss2619:function(t,i){d("boss: "+t," vid: "+i);var e=$.param({BossId:"2619",CheckSum:"1312852225",sIp:"",iQQ:r.get("o_cookie")||"",sOp:t||"",sDomain:window.location.hostname||"",sUrl:window.location.href||"",sRef:window.document.referrer||"",vid:i||"",_dc:""+Math.random()});(new Image).src="//btrace.qq.com/kvcollect?"+e}};i.exports={getScript:n,loadJquery:a,cookie:r,cutstr2:s,throttle:l,debounce:c,debug_log:d,playingGlobalSign:p,trace:u}},{"./config":2}],10:[function(t,i,e){var o=t("./tools"),n=t("./config"),a=t("./inview");n.mini_unmute={key:"rv_mini_unmute",domain:".qq.com",path:"/",expires:1};var r={};r.$root=$(".rv-js-root"),r.$title=r.$root.find(".rv-title a"),r.$autoplay_sw=r.$root.find(".rv-js-autoplay"),r.$player_wrap=r.$root.find(".rv-player-wrap"),r.$player_mod=r.$player_wrap.find(".rv-player-mod"),r.$player_mini_ctrl=r.$player_wrap.find(".rv-player-mini-ctrl"),r.$playlist_node=r.$root.find(".rv-playlist"),r.$playlist_scol=r.$playlist_node.find(".rv-playlist-scroller"),r.$playlist_list=r.$playlist_node.find("ol.rv-playlist-list"),r.$playlist_ctrl=r.$playlist_node.find(".rv-playlist-ctrl a"),r.$playlist_prev=r.$playlist_ctrl.filter(".prev"),r.$playlist_next=r.$playlist_ctrl.filter(".next");var s=function(){return{width:r.$player_mod.width(),height:r.$player_mod.height()}};e.setPlayerModId=function(t){r.$player_mod.attr("id",t)},e.setTitle=function(t,i,e){return r.$title.html(t).attr("href",i).attr("data-vid",e)};var l=function(){var t="enabled",i=function(){r.$autoplay_sw.attr("bosszone",function(){return o()?"bofang_button_close":"bofang_button_open"})},e=function(e){r.$autoplay_sw[e?"addClass":"removeClass"](t),i()},o=function(){return r.$autoplay_sw.hasClass(t)},n=function(e){var n=r.$autoplay_sw;n.on("click",function(){n.toggleClass(t),"function"==typeof e&amp;&amp;e.call(null,o()),i()})};return{bind:n,setStatus:e,getStatus:o,updateBosszone:i}}();e.autoPlaySW=l;var c=function(){var t,i,e,n,a,s,l=function(){f(),r.$playlist_next.on("click",function(){u("forward"),o.trace.boss2619("next_right")}),r.$playlist_prev.on("click",function(){u("backward"),o.trace.boss2619("next_left")}),r.$playlist_scol.on("scroll",o.throttle(function(){var i=r.$playlist_scol.scrollLeft(),e="disabled";0===i||i===a||0&gt;=a?(0===i&amp;&amp;r.$playlist_prev.addClass(e),(i===a||0&gt;=a)&amp;&amp;r.$playlist_next.addClass(e)):r.$playlist_ctrl.removeClass(e),-1!==navigator.appVersion.indexOf("MSIE 7.")&amp;&amp;t.css("visibility","inherit").css("visibility","visible")},50)),r.$playlist_scol.trigger("scroll")},c=function(t){r.$playlist_scol.stop().animate({scrollLeft:parseInt(t,10)},500)},d=function(o){if(!(0&gt;o||o&gt;i-1)){var n=r.$playlist_scol;$item=t.filter(":eq("+o+")"),c(n.scrollLeft()+$item.position().left-n.width()/2+e/2),s=o}},p=function(i){var e="current";t.find("&gt; a."+e).removeClass(e),t.filter(":eq("+i+")").find("&gt; a").addClass(e)},u=function(t){var i,o=r.$playlist_scol,n=o.scrollLeft(),s=Math.round(.7*o.width());"forward"===t?i=n+s:"backward"===t&amp;&amp;(i=n-s),e&gt;i?i=0:i&gt;a-e&amp;&amp;(i=a),c(i)},f=function(){t=r.$playlist_list.find("&gt; li"),i=t.length,e=t.filter(":eq(0)").outerWidth(!0),n=r.$playlist_scol.width()/e,r.$playlist_list.css("width",i*e),a=r.$playlist_list.outerWidth(!0)-r.$playlist_scol.width()};return{init:l,setCurrentToIdx:p,scrollToItemIdx:d,forward:function(){u("forward")},backward:function(){u("backward")},hide:function(){return r.$playlist_node.slideUp(300)},update:f}}();e.playlist=c;var d=function(){var t,i=!1,e=function(){var t=$("#Main-Article-QQ");if(t.length&gt;0){var i=t.offset(),e=t.width();return 2*i.left+e===$(window).width()?e:!1}return!1},l=function(){if(n.player){var o=n.player,s=i?!0:a.inview(r.$root);if(!(!0===t&amp;&amp;!0===s||!1===t&amp;&amp;!1===s)){if(r.$player_wrap.css("visibility","hidden").toggleClass("rv-player-mini",!s),s)r.$player_wrap.css({"margin-left":"",left:""});else if(window.ARTICLE_INFO&amp;&amp;1===window.ARTICLE_INFO.isUnique)r.$player_wrap.addClass("rv-player-mini-sp1");else{var l=e();if(l){var d,p,u=r.$player_wrap.width(),f=($(window).width()-l)/2-10&gt;=u;f?(d=0-l/2-r.$player_wrap.width()-10,p="50%"):(d=0,p=0),r.$player_wrap.css({"margin-left":d,left:p})}}c(o),r.$player_wrap.css("visibility","visible"),t=s}}},c=function(t){var i=s().height;t.resize({height:i})},d=r.$player_mini_ctrl.find("a[data-action=mute]"),p=function(t){t.isMuted&amp;&amp;(n.mute=!!t.isMuted(),d.removeClass("mute-off mute-on").addClass(t.isMuted()?"mute-on":"mute-off"))},u=function(t){l(),$(window).scroll(l),$(window).resize(l),r.$player_mini_ctrl.on("click","a[data-action=close]",function(e){e.preventDefault(),i=!0,l(),t.pause()}),r.$player_mini_ctrl.on("click","a[data-action=resize]",function(i){i.preventDefault(),r.$player_wrap.toggleClass("rv-player-mini-big"),c(t)}),p(t),d.click(function(){t.isMuted&amp;&amp;(t.isMuted()?(t.unMute(),f.on()):(t.mute(),f.off()),d.removeClass("mute-off mute-on").addClass(t.isMuted()?"mute-on":"mute-off"))})},f={_configName:"mini_unmute",_config:null,_set:function(t){this._config=n[this._configName],o.cookie.set(this._config.key,t,{expires:this._config.expires,domain:this._config.domain,path:this._config.path})},get:function(){return this._config=n[this._configName],o.cookie.get(this._config.key)},on:function(){this._set("1")},off:function(){this._set("0")}};return{init:u}}();e.scrollPlay=d,e.dom=r},{"./config":2,"./inview":6,"./tools":9}],11:[function(t,i,e){var o=t("./config"),n=t("./tools"),a=t("./sportVip"),r=t("./vip");i.exports=function(){var t=o.player;t||n.debug_log("no player cont bind event "),t.on("volumeChange",function(t){t.isUserAction&amp;&amp;(o.volumeChange=t)}),t.on("playStateChange",function(i){if(1==i.state){var e=t.getVid();o.bossList.vid||(n.trace.boss2619("video_play",e),o.bossList.vid=1),$(window).trigger("video:pause",o.modName)}i.state&gt;0?n.playingGlobalSign.on():n.playingGlobalSign.off()}),t.on("showUIVipGuide",function(i){n.debug_log(i),i.switchDefinitionFail&amp;&amp;(location.host.match(/sports/g)?a.pop("1080p"):r.vip(t,"1080p"))}),$(window).on("video:pause",function(i,e){e!==o.modName&amp;&amp;(-1===t.getPlayerState()?t.stop():t.pause())}),$(window).on("video:replay",function(i,e){if(n.debug_log("trigger video:replay"),e&amp;&amp;t&amp;&amp;"function"==typeof t.getPlayerState)if(t.getPlayerState()&lt;0&amp;&amp;e.reload)window.location.reload();else{var o=t.getCurrentTime(),a=t.getVid();t.play(a),t.seekTo(o)}}),$(window).on("login:closeIframe",function(){o.player&amp;&amp;o.player.trigger("1080pVipGuideClose",{action:"closeSkipAd"})})}},{"./config":2,"./sportVip":8,"./tools":9,"./vip":12}],12:[function(t,i,e){var o=t("./tools");window.txvip||$.ajax("//vm.gtimg.cn/tencentvideo_v1/script/film/open/txvip.layer.js",{dataType:"script",scriptCharset:"utf-8"});var n={};n.vip=function(t,i){return t&amp;&amp;window.txvip?void txvip.showVipLayer({sourceType:location.host,onClose:function(){"ad"==i&amp;&amp;t.trigger("1080pVipGuideClose",{action:"closeSkipAd"}),"1080p"==i&amp;&amp;t.trigger("1080pVipGuideClose",{action:"close1080p"})},msgEvent:"1080p"==i?"1080p":"skipad",onOpen:function(){},login:function(t){return t&amp;&amp;window.login.cbArr.push(t),{login:window.userLogin,isLogin:window.login.isLogin}}}):void o.debug_log("\u7f3a\u5c11player\u5bf9\u8c61\uff0c\u6216\u8005\u5f39\u7a97\u5bf9\u8c61")},i.exports=n},{"./tools":9}]},{},[4]);



马云、李连杰亮相功守道揭幕战撰文/徐思佳“如果不是马云，其他的企业家给我10个亿去推广功守道都达不到马云的效果。”李连杰面对腾讯体育镜头这样说。11月15日，一项由传统武术太极为基础发展出来，新的体育运动项目在北京诞生。而它的创始人正是企业家马云和演员、导演李连杰。1.5米高、直径3米的擂台上一共出现了18名选手，加上持“赠票”到场的数百名观众，真正了解功守道规则的人，不过千人。但在这个全新的赛事IP之后却蕴藏着李连杰和马云的巨大野心——让奥运会出现属于中国的项目。四天之前，马云在双十一的晚会上献上了自己的荧屏处子秀，由他主演的同名电影《功守道》7分钟版在整场晚会的最后时刻登场，占据同时段电视收视率第一，市场占有率高达6.7%，淘宝直播观看人数超过2亿人次。 “马云 功守道”，“马云 风清扬”，“马云主演电影”等话题迅速攀上微博热门话题榜。在推广功守道的道路上，马云更像是一个活的广告牌，一举一动都能搏来海量的关注。在接受腾讯体育的专访时，李连杰说：“如果不是马云，其他的企业家给我10个亿去推广功守道都达不到马云的效果。自称“扫地僧”的李连杰配上被称作“推土机”的马云，功守道进奥运会究竟有多难，除了钱，马云手中的底牌还有什么？日本空手道入奥敲醒李连杰：别再问我武术能不能打李连杰本是习武出身，在他的运动生涯获得过的最高的头衔就是全国冠军，1975年全运会武术套路比赛的全能冠军。1990年，在第11届北京亚运会上,包括武术首次成为亚运会正式比赛项目。成为亚运会的比赛项目后，包括李连杰在内的中国武术人一直都在为“武术入奥”这个共同的目标努力着，但苦苦等待了27年，依旧无果。2016年8月，国际奥委会(IOC)正式宣布在2020年东京奥运会上将新增5个项目棒垒球、攀岩、空手道、冲浪以及滑板五个项目。2000年韩国的跆拳道入奥，2016年日本的空手道入奥，这两个事实刺激到了一直推动武术入奥的李连杰。李连杰说：“我们的武术为什么一直不能进入奥运会，一个最关键的问题就是标准化。一位奥委会相关的官员告诉我，用拳的叫拳击，用脚的叫跆拳道，用摔的叫柔道和国际摔跤，武术要入奥必须要想一想怎么才能做一个中国特色的产品。所以现在的功守道里，奥运会已经有的对抗动作，我全都不用，就用太极的棚、捋、挤、按、採、挒、肘、靠。”李连杰不止一次地强调，功守道是太极推手的“进阶版”，一个人打的太极叫1.0，两个人平地的推手叫2.0，功守道是太极的3.0版，更适合推广。李连杰第一次在公开场合提出创立功守道这个新型的国际性赛事是在今年年中。2017年6月6日，李连杰更新微博说：“让太极和中国武术走向世界一直是我和马云的梦想，今天太极禅和昆仑决携手，将打造一个国际级的赛事。感谢鼎晖投资的支持，让我们一起把梦想变成现实！”李连杰和马云决定在今年开始主推功守道并非主动选择，反而是一种“被动的反击”。“为什么我们今年推得这么狠，因为年中太极经历了最危难的时刻，引发了一场关于传统武术和太极能不能打的大探讨。我觉得，武术能不能打就和枪能不能杀人是同样的道理，这是一个伪命题。”李连杰说，“枪有三种，电影里表演用的，是假的；运动项目里的射击，是不能用来杀人的；只有在战场上的那种枪才是用来杀人的。同样的道理，武术也有四种，一是拍电影的；赛场上练套路拿金牌的；还有公园里强身健体，活动一下筋骨的；最后才是要上阵杀敌的擒拿绝技，那一招一式才是致命的。所以，武术能不能进奥运，跟武术能不能打完全是两回事儿。”太极推手曾被全国锦标赛取消 进阶版想进奥运有多难？根据《奥林匹克2020议程》的40条改革建议，东京奥运会此次新增的5个项目多是年轻人喜欢的，并且具有国际化发展基础的项目，其中冲浪和滑板都属于极限运动。而空手道是日本传统格斗术结合琉球武术唐手而形成的，起源于日本武道和琉球的唐手。另一个主要原因，这五个项目都是在2020年奥运会的主办国日本起源或着盛行的。IOC主席巴赫解释：“这次的项目增加仅仅是在东京奥运会增加这些项目，对未来接办奥运会的城市来说不具有约束力。”对比空手道，中国武术虽然更早地进入亚运会，但在普及性和国际化上，空手道却走在了武术的前面，空手道在成为新增奥运项目之前，已经是亚运会、非运会、欧运会和泛美运动会的比赛项目，而武术则只是亚运会和非运会的比赛项目。“奥运项目最基础的就是规则，我们必须要去重新思考一个标准化的问题，这个标准要尽可能地简单、有特点，让更广泛的人接受，并且在国际上推广，就像篮球，最开始的时候他只有10个规则。”在门类繁杂的中国武术之中，李连杰最终选择了太极推手作为他改良的目标。根据现场公布的功守道比赛规则，它基本上遵循了原有的太极推手规则，在其基础上改良了擂台的样式和扣分规则，加入了对道服的规定。相比于太极套路，此前大众对太极推手的理解并不深。太极推手在中国的竞技化之路也颇为坎坷，甚至还一度在全国比赛中被取消。1994年,国家体育总局正式颁布了《太极推手竞赛规则》,同年在北京举办了全国太极拳、剑、推手比赛,正式将太极推手列为全国武术锦标赛项目,并设立了女子推手项目。但由于参赛人数较少等原因,竞技太极推手没有向人们所期望的那样迅速发展起来。2003年以后,竞技太极推手改由武术管理中心社会部管理,不再归属武术锦标赛,并取消了女子项目。一个在全国锦标赛上被“抛弃”的项目，他的进阶版想要进入奥运会究竟有多难？在功守道的揭幕战上，主持人张斌在看过两场比赛之后，忍不住发问：“似乎大家得分的方式和摔跤有些相似？这和摔跤有何不同？”李连杰的解释是：“不能抓。”坐在李连杰身边的国际武术联合会副主席吴廷贵随即发问：“从现场的情形，抱着的技术看起来就像摔跤。如何突出特色？如何改进的更有观赏性？还需要探讨。”另一名创始人马云甚至直接了当地建议：“太极诡道（也可以加到规则中），包括太极擒拿、反擒拿都应该使用进去。在巴西柔术里有三角锁，十字固，断头台这些。功守道如果不加上这些东西，柔劲多了，观赏性可能就会差了一点。”在跷跷板的两边，一边是区别于现有的对抗性项目柔道、摔跤、跆拳道的中国特色化需求，另一边是竞技性和观赏性的需求。两边都想兼顾的李连杰，似乎有些“进退两难”。“10个亿都不如马云一个亮相”从电影到赛事，因为马云的介入，外界渐渐将功守道和“有钱人的狂欢”画上等号，但李连杰“看中”马云的却不是钱。“如果这个不是马云来做，如果有一个别的企业家给我10个亿去推广，也推广不到今天的效果，因为它就是一个商品，没有情感，没有办法去带动钱之外的东西，也没办法让那么多的媒体、领导和那么多全球的企业关注，电影里的大部分明星为什么一分钱不要？这个问题我们要反过来想，一分钱不要一定是有共同的梦想。”李连杰说，“真的以为这些人有钱就能砸来吗？我不那么认为。如果你听到这十几个演员和这几个导演拍了20分钟，结果大家拍了8个亿的人工走，那是有钱任性。人家一分钱都没拿，那叫什么有钱任性？”对于功守道进入奥运的时间节点，李连杰给过两个数字，一个是十年之后的2028年，一个是2032年。他在微博里设想道：“2032年8月，第35届奥运会在上海举办，中国队拿下“功守道”项目12块金牌中的11块！”而李连杰之所以多次提到2028年奥运会，也同样与马云和他背后的阿里巴巴有关。今年1月19日，达沃斯世界经济论坛上，马云和国际奥委会主席托马斯·巴赫共同宣布，阿里巴巴将成为国际奥委会的顶级赞助商，达成的期限正是到2028年。就在《功守道》电影上映的前一天，中国大学生体育协会、中国中学生体育协会与阿里体育在上海召开发布会，宣布签署十年战略合作协议。双方第一期合作将从跑步、足球、功守道、英式橄榄球入手，协力运营校园体育比赛。未来，功守道将借助马云和阿里巴巴背后的合作资源，最大化地延展年轻化和国际化，进入中国1300家以上的大学和超过500家的中学，并计划建立大学生联盟赛事，吸引国内和世界各地高校代表队参加，为功守道职业联赛培养年轻选手。马云的“商业太极”算盘揭幕战上，除了十位练习武术、太极拳出身的专业运动员之外，还有四组大众业余选手，他们全部来自于马云的阿里巴巴，他们之中接触太极的时间少则2年，多则7年。早在2009年，马云就在阿里内部，为员工开设了太极班，并把太极拳定为公司的内训项目，还特意从陈家沟请来了5位全国太极冠军，编入阿里编制，定期的给员工进行培训。马云和李连杰的“太极合作”源于2010年，当时马云想做的并非比赛，而是电影。2010 年 4 月，马云会同李连杰等到陈家沟除了问道外，还做出了一个重要的决定，就是要在陈家沟拍一部有关太极的电影《杨露禅》。但李连杰当场表示，导演是一项很专业的事情，不能玩票，必须认真思考。于是两个人在陈家沟、邯郸等地拜访了很多的武术专业人士，寻根太极。2011年4月，对武术和太极一直感兴趣的马云认清了一个事实“未来三年大家都会去做文化和体育，不要去抢短线，要想更长远的目标”，于是，马云找来李连杰成立了太极禅国际文化发展公司（简称太极禅公司），希望将太极文化思想进行市场化、企业化运作。过去，企业家们喜欢在高尔夫球场挥杆打球，如今在马云的感召下，郭广昌、柳传志、王均金等， 很快都成为了“太极粉丝”，一批企业家喜欢穿着白色的太极服云手养生。马云的梦想是用5到10年的努力，把太极拳展示给世界，将中国的哲学思想和生活方式，及健康和快乐带给世界每个人。李连杰在专访中透露，在成立功守道的最终目标上两个人有着不同的考虑，“我想的是功守道怎么能成为奥运的项目，而他想的是让更多的人接受这个项目，布局他们企业健康和快乐的两大战略方向，他认为，体育是美好生活的重要载体。”李连杰把功守道比作产品，一个等待更多人下载的新款APP，马云希望通过这个APP改变的是大家的生活和运动方式，就像当年他改变大家购物方式和支付方式一样。“虽然它还很年轻，在规则、技术方面还需要不断完善，但我和马云希望从我们做起，从现在做起，在不断探索中把功守道推向全球、推向年轻人，圆中国武术奥运的梦想，十年不行就二十年，一代人不行就两代人。”李连杰说。本文系腾讯体育独家稿件，未经授权，不得转载，否则将追究法律责任。
</body><comments>
一些弱智的思想还停留在太极能不能打的问题，进入奥运不是看能不能打。要这样看那拳击等于自己废双脚，跆拳道废了双手。关键还要有一套完整的规则体系，武术国家几十年没办到入奥，希望马云能做到，改良版的太极。
支持李连杰
你说的这些都是竞技对抗项目，太极就是推来推去
老了老了老不要脸了！
攻守道是武术的耻辱
李连杰已经不是当年的李连杰了！
李连杰是真的老了。看着好憔悴
太极比什么 比哪个演的好吗？
假……太……空，没有实际意义，看看李小龙《截拳道》……
瑜伽也没有进奥运，但是却有很高的普及率。所以太极不应该以进奥运为目的。多强调太极修身养性的功用。体验慢生活的节奏。比强调太极的实战更好。
说来说去，还不是想创立一个功夫流派，
装模作样，好恶心
不错！
外国人说：这是他们见过比较垃圾的一部电影。此评论并非原创
发扬？他是想从侧面表达太极很能打，才拍这电影，懂？
有钱人当老大（有钱人推广的假的也可以变成真的），没钱人难过活（没钱人推广的就算真的也没有人相信）！唉！
太极拳和咏春都很有意思啊
当年李连杰是很多人崇拜的功夫皇帝！现在李连杰是自毀形象！
我是马云我就让啪啪啪成为奥运赛事，反正有钱任性
一个长的比狗还丑的有钱的骗子，打倒了一群曾经被人们认为英雄的功夫高手，演员就是演员，没有什么英雄了……
首先太极不能打和练习舞蹈差不多甚至还不如比如巴西的卡波卫勒舞，再者闫芳雷雷马保国王战军王战海现在已证明就是一帮大忽悠骗子，这里面除了雷雷有反思之外，其他以这帮人为代表在马云的带领下搞了个功守道，马云是个商人无非为了利益再冠冕堂皇理由也是如此。太极这帮骗子在武术打假之下肯定大受打击，他们找到马云推举为头目肯定想利用马云的资源走出困镜。马云带领这帮人冥思苦想搞出这么个功守道就是炒作一个概念，说白了就是炒作一种太极情怀，武术本来能打才是硬道理要不然就是舞蹈。太极弄虚作假多年早已从武术变成一种大众健身舞蹈，马云搞的这个功守道就是偷换概念模糊健身和武术的界线，太极是一个大型产业马云作为这个产业投资者为太极站台理所当然，他们组团忽悠大众最终目的还是让云里雾里大众买单他们继续赚大钱！
英雄在为国奋斗牺牲 你们喷子在后面起哄 ？ 真丢人 ！！
不要说武术能打还泰拳能打，关键是看是谁练，练的目的和比赛时的规则，现在练武术的有几个是想成武术家？绝大多数是想出名成明星啥的，所以早就变质了。
马大忽悠宇宙假货大王，功守道这种虚假玩意的确适合马大忽悠这种虚假“英雄”
马云做的不错，推广太极，发扬太极，发扬中华文化
功守道是最大的笑话
扫地僧 随便什么人都可以自称么！
骗子些
有武术和拳的称号的就应该有实战作用！不然只能叫健身操了！
希望我们功夫经得住检验
中国武术永远不能跟搏击，泰拳 MMA比
这是历史性时刻，看我中国功夫能不能登上国际正规赛事
国家迟早把马办了
下面请看杂技二人转，大家一起倒数10个数，我们的舞台转起来，台上的二位蹦起来！
人家有钱 有能力 这么做，像你这种人 有钱 有能力去 这么做吗？除了在网上BB一番，你还会什么？做人要正视自己和别人的差距。别觉得自己在这里BB一番了 就到别人的档次了！
想想，跆拳道，还有日本的拿个空手道都入奥了，李连杰和马云也是为了国家去宣传，让中国的一种精神融入到世界里，你们还在喷，你们为国家做了什么
我去，和闫大师没区别了，真正的格斗谁跟你配合推手的动作啊！
你停留在太极还能不能骗？有钱人做的就一定对吗？
还是别入了，中国的武术其实就是广播体操……
中国两条日本人养的狗，一条赵军旗还有一条就是吗云</comments><comments_num>41</comments_num></doc>