<?xml version='1.0' encoding='utf-8'?>
<doc><source>Tencent</source><id>3681</id><url>http://sports.qq.com/a/20171116/029166.htm</url><title>ESPN更新世界拳坛P4P排名 戈洛夫金居首</title><datetime>2017-11-16 15:45</datetime><body>
 

    var related_video_info = {
        vid: 'l05643zuhqs',
        cid: '92hmq69j3403u6n',
        url: 'http://v.qq.com/page/l/0/s/l05643zuhqs.html',
        pic: 'http://inews.gtimg.com/newsapp_ls/0/2301910330_640480/0',
        title: '戈洛夫金重拳下现大逆转 连续出击打懵吉勒'
    };

.rv-root-v2{font-family:"\5FAE\8F6F\96C5\9ED1",sans-serif;color:#000}.rv-root-v2 a{text-decoration:none;color:#000}.rv-root-v2 h1,.rv-root-v2 h2,.rv-root-v2 h3,.rv-root-v2 ol,.rv-root-v2 p,.rv-root-v2 ul{display:block;padding:0;margin:0}.rv-root-v2 img{border:0}.rv-root-v2 .rv-cf:after,.rv-root-v2 .rv-cf:before{content:" ";display:table}.rv-root-v2 .rv-cf:after{clear:both}.rv-root-v2 .rv-cf{*zoom:1}.rv-root-v2 .rv-top{height:40px;line-height:40px;background-color:#363636}.rv-root-v2 .rv-top .rv-fold-btn{float:right;padding-left:20px;margin-right:16px;font-size:14px;background-image:url(http://mat1.gtimg.com/news/dc/images/fold.png);background-position:left center;background-repeat:no-repeat}.rv-root-v2 .rv-top .rv-autoplay{float:right;width:110px;margin-right:16px}.rv-root-v2 .rv-top .rv-autoplay span{font-size:14px;float:right;color:#fff}.rv-root-v2 .rv-top .rv-autoplay a{float:right;display:block;width:32px;height:16px;padding:2px;margin-top:10px;margin-left:12px;border-radius:10px;font-size:0;text-indent:-9999px;cursor:pointer;background-color:#CCC;transition:background .3s ease-out}.rv-root-v2 .rv-top .rv-autoplay a i{display:block;width:16px;height:16px;border-radius:50%;background-color:#fff;margin-left:0;box-shadow:1px 1px 3px rgba(0,0,0,.6);transition:all .3s ease-out}.rv-root-v2 .rv-top .rv-autoplay a:hover{background-color:#d9d9d9}.rv-root-v2 .rv-top .rv-autoplay a.enabled{background-color:#ad5d16}.rv-root-v2 .rv-top .rv-autoplay a.enabled i{margin-left:15px}.rv-root-v2 .rv-top .rv-autoplay a.enabled:hover{background-color:#c46919}.rv-root-v2 .rv-top .rv-autoplay a:active i{box-shadow:none}.rv-root-v2 .rv-top .rv-title{overflow:hidden}.rv-root-v2 .rv-top .rv-title a{display:block;font-size:17px;font-weight:400;text-indent:12px;white-space:nowrap;text-overflow:ellipsis;overflow:hidden;color:#fff}.rv-root-v2 .rv-top .rv-title a:hover{text-decoration:underline}.rv-root-v2 .rv-middle .rv-player{position:relative;min-height:360px}.rv-root-v2 .rv-middle .rv-player .rv-player-wrap{position:absolute;width:100%;height:100%;top:0;left:0;background-color:#000;box-shadow:inset 0 0 20px rgba(0,0,0,.6)}.rv-root-v2 .rv-middle .rv-player .rv-player-wrap .rv-player-mod{position:relative;width:100%;height:100%}.rv-root-v2 .rv-middle .rv-player .rv-player-wrap .rv-player-mod .rv-player-loading{width:100%;height:100%;text-align:center;color:#999;font-family:verdana,arial,sans-serif}.rv-root-v2 .rv-middle .rv-player .rv-player-wrap .rv-player-mod .tvp_titles{display:none}.rv-root-v2 .rv-middle .rv-player .rv-player-wrap .rv-player-mini-ctrl{display:none;position:absolute;right:0;z-index:99;bottom:18px;width:30px}.rv-root-v2 .rv-middle .rv-player .rv-player-wrap .rv-player-mini-ctrl-close,.rv-root-v2 .rv-middle .rv-player .rv-player-wrap .rv-player-mini-ctrl-mute,.rv-root-v2 .rv-middle .rv-player .rv-player-wrap .rv-player-mini-ctrl-resize{display:block;margin-top:3px;width:30px;height:30px;line-height:30px;background-color:#000;background-color:rgba(0,0,0,.6);background-image:url(http://mat1.gtimg.com/news/dc/images/rv_mini_sprites_v2.png);background-repeat:no-repeat;text-align:center}.rv-root-v2 .rv-middle .rv-player .rv-player-wrap .rv-player-mini-ctrl-close:hover,.rv-root-v2 .rv-middle .rv-player .rv-player-wrap .rv-player-mini-ctrl-mute:hover,.rv-root-v2 .rv-middle .rv-player .rv-player-wrap .rv-player-mini-ctrl-resize:hover{color:#FFF;background-color:#000;background-color:rgba(0,0,0,.9)}.rv-root-v2 .rv-middle .rv-player .rv-player-wrap .rv-player-mini-ctrl-mute,.rv-root-v2 .rv-middle .rv-player .rv-player-wrap .rv-player-mini-ctrl-mute.mute-off{background-position:0 -150px}.rv-root-v2 .rv-middle .rv-player .rv-player-wrap .rv-player-mini-ctrl-mute.mute-on{background-position:0 -180px}.rv-root-v2 .rv-middle .rv-player .rv-player-wrap .rv-player-mini-ctrl-close{background-position:0 0}.rv-root-v2 .rv-middle .rv-player .rv-player-wrap .rv-player-mini-ctrl-resize{background-position:0 -30px}.rv-root-v2 .rv-middle .rv-player .rv-player-mini{position:fixed;width:270px;height:170px;left:0;bottom:0;top:auto;z-index:99;box-shadow:0 0 3px rgba(0,0,0,.3)}.rv-root-v2 .rv-middle .rv-player .rv-player-mini .rv-player-mini-ctrl{display:block}@media only screen and (min-width:1300px){.rv-root-v2 .rv-middle .rv-player .rv-player-mini.rv-player-mini-sp1{left:50%;margin-left:-692px}}.rv-root-v2 .rv-middle .rv-player .rv-player-mini.rv-player-mini-big{width:640px;height:378px}.rv-root-v2 .rv-middle .rv-player .rv-player-mini.rv-player-mini-big .rv-player-mini-ctrl-resize{background-position:0 -60px}.rv-root-v2 .rv-middle .rv-playlist{display:none;height:100px;background-color:#2f2f2f}.rv-root-v2 .rv-middle .rv-playlist .rv-playlist-ctrl{position:relative;width:100%;height:0;z-index:2}.rv-root-v2 .rv-middle .rv-playlist .rv-playlist-ctrl a{display:block;position:absolute;top:0;width:17px;height:100px;line-height:100px;font-size:14px;font-weight:700;font-family:NanumMyeongjo,"\5B8B\4F53",sans-serif;text-align:center;color:#a3a3a3;background-color:#2f2f2f;background-color:rgba(47,47,47,.8);cursor:pointer}.rv-root-v2 .rv-middle .rv-playlist .rv-playlist-ctrl a:hover{background-color:#494949;background-color:rgba(73,73,73,.8)}.rv-root-v2 .rv-middle .rv-playlist .rv-playlist-ctrl a.disabled{cursor:not-allowed;color:#505050}.rv-root-v2 .rv-middle .rv-playlist .rv-playlist-ctrl a.disabled:hover{background-color:#2f2f2f;background-color:rgba(47,47,47,.8);box-shadow:none}.rv-root-v2 .rv-middle .rv-playlist .rv-playlist-ctrl .prev{left:0}.rv-root-v2 .rv-middle .rv-playlist .rv-playlist-ctrl .next{right:0}.rv-root-v2 .rv-middle .rv-playlist .rv-playlist-wrap{height:100px;width:100%;overflow:hidden;position:relative;z-index:1}.rv-root-v2 .rv-middle .rv-playlist .rv-playlist-wrap .rv-playlist-scroller{height:130px;width:100%;overflow-y:hidden;overflow-x:scroll;-webkit-overflow-scrolling:touch}.rv-root-v2 .rv-middle .rv-playlist .rv-playlist-wrap .rv-playlist-scroller ol.rv-playlist-list{width:9999px;padding:0 17px;list-style:none}.rv-root-v2 .rv-middle .rv-playlist .rv-playlist-wrap .rv-playlist-scroller ol.rv-playlist-list li{display:block;float:left}.rv-root-v2 .rv-middle .rv-playlist .rv-playlist-wrap .rv-playlist-scroller ol.rv-playlist-list li a{opacity:.62;display:block;position:relative;width:170px;height:100px;overflow:hidden;cursor:pointer}.rv-root-v2 .rv-middle .rv-playlist .rv-playlist-wrap .rv-playlist-scroller ol.rv-playlist-list li a img{width:100%;height:100%;opacity:0;transition:opacity .3s ease-out;vertical-align:top}.rv-root-v2 .rv-middle .rv-playlist .rv-playlist-wrap .rv-playlist-scroller ol.rv-playlist-list li a div{position:absolute;width:100%;left:0;bottom:0;font-size:12px;line-height:18px}.rv-root-v2 .rv-middle .rv-playlist .rv-playlist-wrap .rv-playlist-scroller ol.rv-playlist-list li a div span{display:block;height:18px;padding:5px 10px 2px;overflow:hidden;font-family:Arial,sans-serif;color:#ababab;background-color:rgba(0,0,0,.8);-ms-filter:"progid:DXImageTransform.Microsoft.gradient(GradientType=1, StartColorStr='#CC000000', EndColorStr='#CC000000')";filter:progid:DXImageTransform.Microsoft.Gradient(GradientType=1, StartColorStr='#CC000000', EndColorStr='#CC000000');-webkit-transition:all .2s ease-out;-moz-transition:all .2s ease-out;-ms-transition:all .2s ease-out;-o-transition:all .2s ease-out;transition:all .2s ease-out}.rv-root-v2 .rv-middle .rv-playlist .rv-playlist-wrap .rv-playlist-scroller ol.rv-playlist-list li a div span:not([dummy]){filter:progid:DXImageTransform.Microsoft.Gradient(enabled='false')}.rv-root-v2 .rv-middle .rv-playlist .rv-playlist-wrap .rv-playlist-scroller ol.rv-playlist-list li a:before{content:'正在播放';position:absolute;left:-100%;top:0;font-size:12px;z-index:1;background:#fd7700;line-height:1.8;color:#fff;display:inline-block;padding:0 5px}.rv-root-v2 .rv-middle .rv-playlist .rv-playlist-wrap .rv-playlist-scroller ol.rv-playlist-list li a:after{border:2px solid #fd7700;content:"";position:absolute;left:0;top:0;width:166px;height:96px;opacity:0}.rv-root-v2 .rv-middle .rv-playlist .rv-playlist-wrap .rv-playlist-scroller ol.rv-playlist-list li a.current{opacity:1;background:#101010}.rv-root-v2 .rv-middle .rv-playlist .rv-playlist-wrap .rv-playlist-scroller ol.rv-playlist-list li a.current div span{color:#ff6d1a}.rv-root-v2 .rv-middle .rv-playlist .rv-playlist-wrap .rv-playlist-scroller ol.rv-playlist-list li a.current:before{left:0;transition:all .3s}.rv-root-v2 .rv-middle .rv-playlist .rv-playlist-wrap .rv-playlist-scroller ol.rv-playlist-list li a.current:after{transition:all .3s;opacity:1}.rv-root-v2 .rv-middle .rv-playlist .rv-playlist-wrap .rv-playlist-scroller ol.rv-playlist-list li a:hover{opacity:1;background:#252525}.rv-root-v2 .rv-middle .rv-playlist .rv-playlist-wrap .rv-playlist-scroller ol.rv-playlist-list li a:hover div span{height:36px}@media only screen and (min-width:1260px){.rv-adjust-wide-article{width:895px;margin-left:-97px}}#sports_video_mask{position:fixed;top:0;left:0;background:#000;opacity:.5;z-index:100;filter:alpha(opacity=50)}#sports_video_Vip{width:560px;height:320px;overflow:hidden;box-shadow:0 0 10px #fff;position:fixed;z-index:101;background:rgba(0,0,0,.8);filter:progid:DXImageTransform.Microsoft.gradient(startcolorstr=#CF000000, 0, endcolorstr=#CF000000, 0)}#sports_video_Vip #sports_video_Vip_close{position:absolute;padding:10px;top:0;right:0;color:#fff;cursor:pointer;font-size:16px}#sports_video_Vip .sports_video_code{position:absolute;width:114px;padding-top:124px;text-align:center;background:url(http://mat1.gtimg.com/sports/tangent/adImg/sportVip2code.png) no-repeat;top:88px;right:40px}#sports_video_Vip .sports_video_content{color:#b6b6b6;width:320px;margin-left:50px;line-height:1.5;font-size:13px;top:48px;border-right:2px dashed #5d5d5d;position:relative}




自动播放开关
自动播放


戈洛夫金重拳下现大逆转 连续出击打懵吉勒






正在加载...










&lt;
&gt;









!function t(i,e,o){function n(r,s){if(!e[r]){if(!i[r]){var l="function"==typeof require&amp;&amp;require;if(!s&amp;&amp;l)return l(r,!0);if(a)return a(r,!0);throw new Error("Cannot find module '"+r+"'")}var c=e[r]={exports:{}};i[r][0].call(c.exports,function(t){var e=i[r][1][t];return n(e?e:t)},c,c.exports,t,i,e,o)}return e[r].exports}for(var a="function"==typeof require&amp;&amp;require,r=0;r&lt;o.length;r++)n(o[r]);return n}({1:[function(t,i,e){function o(t){var i=!1,e=l.get();if(!0===a.playingGlobalSign.isAnyonePlaying()||"0"===e)return t(!1);if("1"===e)return t(!0);if(s){var o=(new Date).getTime();s.get(n.autoplay_cookie.key,function(e,r){if(!i){if(i=!0,a.debug_log("get localstorage from qq.com differTime",(new Date).getTime()-o+"ms",r),!e&amp;&amp;r){var s=JSON.parse(r);if("1"===s.val)return void t(!0);var l=(new Date).getTime()-s.time,c=l/864e5;return a.debug_log("set "+c.toFixed(2)+"days"),c&lt;n.autoplay_cookie.expires?void t(!1):void t(!0)}t(!0)}}),setTimeout(function(){i||(t(!0),i=!0,a.debug_log("timeout cross localstorage 400ms"))},800)}else t(!0),a.debug_log("no cross and default true")}var n=t("./config"),a=t("./tools"),r=a.cookie,s=t("./crossLocalStorage"),l={_config:n.autoplay_cookie,_set:function(t){if(r.set(this._config.key,t,{expires:this._config.expires,domain:this._config.domain,path:this._config.path}),window.JSON){var i={time:(new Date).getTime(),val:t};s&amp;&amp;s.set(this._config.key,i,function(){})}},get:function(){var t=r.get(this._config.key);return t},on:function(){this._set("1")},off:function(){this._set("0")}};i.exports={getAutoPlay:o,autoPlaySign:l}},{"./config":2,"./crossLocalStorage":3,"./tools":9}],2:[function(t,i,e){var o=t("./tools").cookie,n=location.hostname.match(/(\w+)\.qq\.com/),a={};a.option=window.related_video_info,a.aticleInfo=window.ARTICLE_INFO||{},a.domainName=n&amp;&amp;n[1],a.sportVip={vip:0},a.isLogin=function(){return!!o.get("skey")&amp;&amp;!!o.get("uin")||!!o.get("lskey")&amp;&amp;!!o.get("luin")||"wx"===o.get("main_login")},a.showMini=!0,a.showVList=!0,a.showVListByApi=!1,a.modName="dc_related_video",a.autoplay_cookie={key:"aboutVideo_v",domain:".qq.com",path:"/",expires:30},a.playing_cookie={key:"dc_vplaying",domain:".qq.com",path:"/",expires:function(){return new Date((new Date).getTime()+72e5)}},a.mini_unmute={key:"rv_mini_unmute",domain:".qq.com",path:"/",expires:1},a.player=null,a.qqcomstore=null,a.videos=[],a.automute=!1,a.bossList={},a.volumeChange={isUserAction:!1,volume:0},a.isSport=location.host.match(/sports/g);var r=function(t,i){for(var e in t)i[e]=t[e]};window.txPlayer_config&amp;&amp;r(window.txPlayer_config,a),window.txPlayer_config=a,i.exports=a},{"./tools":9}],3:[function(t,i,e){document.domain="qq.com";var o;o=function(t){this.id=this._getId(),this._init(t),this._origin=this._getOrigin(t),this._callbacks={_get:{},_set:{},_del:{}},this._bindEvent()},o.prototype._getId=function(){return id=0,function(){return++id}}(),o.prototype._init=function(t){var i=this,e=document.createElement("iframe");e.style.display="none",e.src=t,document.body.appendChild(e),this._hub=e.contentWindow,e.onload=function(){i.load()}},o.prototype.load=function(){},o.prototype._getOrigin=function(t){var i,e;return i=document.createElement("a"),i.href=t,e=i.protocol+"//"+i.host},o.prototype._parseMessage=function(t,i,e){return JSON.stringify({method:t,key:i,value:e})},o.prototype._bindEvent=function(){var t=this;window.addEventListener?window.addEventListener("message",function(i){var e=JSON.parse(i.data);if(e&amp;&amp;523==e.id){var o=e.error,n=e.result&amp;&amp;JSON.parse(e.result)||null;t._callbacks["_"+e.method][e.key](o,n)}},!1):""},o.prototype.get=function(t,i){this._hub.postMessage(this._parseMessage("get",t),this._origin),this._callbacks._get[t]=i},o.prototype.set=function(t,i,e){this._hub.postMessage(this._parseMessage("set",t,i),this._origin),this._callbacks._set[t]=e},o.prototype.del=function(t,i){this._hub.postMessage(this._parseMessage("del",t),this._origin),this._callbacks._del[t]=i};var n;n=window.addEventListener&amp;&amp;window.localStorage&amp;&amp;window.JSON?new o("//news.qq.com/dc_article2016/module/localStorageqq.htm"):null,i.exports=n},{}],4:[function(t,i,e){function o(t,i){n.aticleInfo.title&amp;&amp;t.ajax({url:"//i.match.qq.com/pac/tools",data:{action:"check_text",text:n.aticleInfo.title},dataType:"jsonp"}).always(function(t){a.debug_log(t),i(t&amp;&amp;0===t.code&amp;&amp;t.data?!0:!1)})}var n=t("./config"),a=t("./tools"),r=n.option,s=t("./inview"),l=t("./autoPlay");a.loadJquery(function(i){t("./sportVip");var e=t("./ui"),c=t("./videoevent");i.getScript("//vm.gtimg.cn/tencentvideo/txp/js/txplayer.js").done(function(){function d(d){if(!p){d&amp;&amp;a.trace.boss2619("first_auto",r.vid),p=1,e.autoPlaySW.setStatus(d),e.autoPlaySW.bind(function(t){l.autoPlaySign[t?"on":"off"](),t?(a.trace.boss2619("user_on"),f.play()):(a.trace.boss2619("user_off"),-1===f.getPlayerState()?f.stop():f.pause())});var u=t("./play"),f=u(r,d);f.on("ready",function(){f.mute(),n.showMini&amp;&amp;e.scrollPlay.init(f,n)}),c(),s.once(e.dom.$root,function(){if(a.trace.boss2619("video_pro"),n.showVList){var e=t("./getVideoList");n.showVListByApi?o(i,function(t){!t&amp;&amp;e(r,f)}):e(r,f)}}),e.dom.$title.click(function(t){var e=i(this).attr("data-vid");a.trace.boss2619("video_tit",e)})}}a.debug_log("txplayer.js ready",r);var p=0;try{l.getAutoPlay(d)}catch(u){a.debug_log(u),d(!0)}})})},{"./autoPlay":1,"./config":2,"./getVideoList":5,"./inview":6,"./play":7,"./sportVip":8,"./tools":9,"./ui":10,"./videoevent":11}],5:[function(t,i,e){function o(t,i){if(n=i,t.cid&amp;&amp;"null"!==t.cid)$.ajax({method:"GET",url:"//data.video.qq.com/fcgi-bin/data",data:{tid:"25",idlist:t.cid,appid:"10001009",appkey:"c5a3e1529a7ba805",otype:"json"},dataType:"jsonp",cache:!0,scriptCharset:"utf-8"}).done(function(i){if(i&amp;&amp;!i.errorno){var e=[],o=i.results[0].fields,n=o.c_vids||o.c_vclips||[];$.each(n,function(t,i){e.push({vid:i.c_vid,title:i.c_title,pic:i.c_pic_160_90,url:i.c_play_url})}),a.debug_log("with cid\u5904\u7406\u5b8c\u7684\u89c6\u9891\u5217\u8868",e),d(t,e)}});else if(t.vid){var e=[];e.push("vid="+t.vid),$.ajax("https://access.video.qq.com/fcgi/video_end_recommend_4_qq?vappid=09693353&amp;vsecret=6de1b046b48e5d3030f6e41a422681fc27b26cb9c597644d",{dataType:"jsonp",data:{dataKey:encodeURIComponent(e.join("&amp;"))}}).done(function(i){if(a.debug_log("form:access.video.qq.com",i),0==i.ret&amp;&amp;i.data){var e=[];$.each(i.data.coverList,function(t,i){var o=i.poster.configstrs.vid,n=i.poster.firstLine,a=i.poster.imageUrl,r=i.poster.action.url;a=a&amp;&amp;a.replace(/^http[s]*:/,""),o&amp;&amp;n&amp;&amp;a&amp;&amp;e.push({vid:o,title:n,pic:a,url:r})}),a.debug_log("with vid\u5904\u7406\u5b8c\u7684\u89c6\u9891\u5217\u8868",e),d(t,e)}})}}var n,a=t("./tools"),r=t("./ui"),s=t("./play"),l=t("./inview"),c=t("./config"),d=function(t,i){r.dom.$playlist_node.show();var e=[];t.pic&amp;&amp;t.pic.match(/vpic\.video\.qq\.com.*ori_\d+\.jpg/g)&amp;&amp;(t.pic="https://puui.qpic.cn/qqvideo/0/"+t.vid+"/0"),e.push(t),$.each(i,function(i,o){o.vid!==t.vid&amp;&amp;e.push(o)});var o="";$.each(e,function(t,i){i.title&amp;&amp;i.title.replace(/[^\x00-\xff]/gi,"**").length&gt;40?i.stitle=a.cutstr2(i.title,40)+"...":i.stitle=i.title||"",o+="&lt;li&gt;",o+="    &lt;a data-vid='"+i.vid+"' data-idx='"+t+"' href='"+i.url+"' target='_self' class='"+(0===t?"current":"")+"' bosszone='rvideo_list_title'&gt;",o+="        &lt;img src='"+i.pic+"' onload='this.onload=null;this.style.opacity=1;' /&gt;",o+="        &lt;div&gt;",o+="            &lt;span&gt;"+i.stitle+"&lt;/span&gt;",o+="        &lt;/div&gt;",o+="    &lt;/a&gt;",o+="&lt;/li&gt;"}),r.dom.$playlist_list.html(o),r.playlist.init();var d=function(t){if(t){var i,o;return $.each(e,function(e,n){return n.vid===t?(i=n,o=e,!1):void 0}),i&amp;&amp;(i.idx=o),i}},p=function(t){0&gt;t||t&gt;e.length-1||(s(e[t]),r.playlist.setCurrentToIdx(t),r.playlist.scrollToItemIdx(t))};r.dom.$playlist_list.on("click","a[data-vid]",function(t){t.preventDefault();var i=$(this).attr("data-vid"),e=d(i);p(e.idx),a.trace.boss2619("user_click",i),c.bossList=null,c.bossList={}}),n.on("playStateChange",function(t){if(0==t.state){var i=n.getVid(),o=d(i),s=o.idx+1,c=l.inview(r.dom.$root);a.debug_log("\u64ad\u653e\u5668\u662f\u5426\u53ef\u89c1",c),s&lt;e.length&amp;&amp;c&amp;&amp;(a.debug_log("event: \u64ad\u653e\u4e0b\u4e00\u4e2a"),p(s),a.trace.boss2619("auto_next",i),a.trace.boss2619("video_play",i,"end"))}})};i.exports=o},{"./config":2,"./inview":6,"./play":7,"./tools":9,"./ui":10}],6:[function(t,i,e){function o(t,i){var i=i||{top:0,bottom:0},e=i.top||0,o=i.bottom||0,n=$(window).scrollTop(),a=t.offset().top,r=$(window).height(),s=[n,n+r],l=[a+e,a+t.height()+o];return Math.max(s[0],l[0])&lt;Math.min(s[1],l[1])}var n=function(t,i){function e(){o(t)&amp;&amp;!n&amp;&amp;(i(),n=!0,$(window).off("scroll",e))}var n=!1;$(window).scroll(e),e()};i.exports={once:n,inview:o}},{}],7:[function(t,i,e){function o(t,i){var e="tvp-mod-player-"+t.vid;if(a.setPlayerModId(e),a.setTitle(t.title,t.url,t.vid),n)n.play({vid:t.vid});else{var t={useFlashVIPLayer:0,vid:t.vid,cid:t.cid,muted:!0,containerId:e,width:"100%",height:"100%",flashplayerUrl:"//imgcache.qq.com/tencentvideo_v1/playerv3/TencentPlayer.swf?max_age=86400&amp;v=20161117",autoplay:i};location.host.match(/sports/g)?(t.useFlashVIPLayer=-1,t.chid=8,t.authfrom="40001",t.getUserType=function(){return window.isSportVip||login.sportVip?10:r.isLogin()?1:0},t.showOpenVIPGuide=function(){r.isLogin()?l.pop("ad"):(window.isVideoVipShow=!0,window.sportsWebApi&amp;&amp;sportsWebApi.userLogin())}):(t.useFlashVIPLayer=-1,t.showOpenVIPGuide=function(){s.vip(n,"ad")}),location.host.match(/news/g)&amp;&amp;(t.flashvar={showend:0}),n=new Txplayer(t),r.player=n}return window.sportVip=l,n}var n,a=t("./ui"),r=t("./config"),s=t("./vip"),l=t("./sportVip");window.isVideoVipShow=!1,i.exports=o},{"./config":2,"./sportVip":8,"./ui":10,"./vip":12}],8:[function(t,i,e){function o(t){if(n.player){var i=function(){var t=$(window).width(),i=$(window).height(),e=(t-560)/2,o=(i-320)/2;o=o&gt;0?o:0,$("#sports_video_Vip").css({left:e,top:o}),$("#sports_video_mask").css({width:t,height:i})};if(0==$("#sports_video_Vip").size()){var e="&lt;div id='sports_video_mask'&gt;&lt;/div&gt;",o="&lt;div id='sports_video_Vip'&gt;&lt;/div&gt;",a="&lt;div id='sports_video_Vip_close'&gt;\u2715&lt;/div&gt;&lt;div class='sports_video_content'&gt;&lt;div style='color:#fff;font-size: 18px;margin-bottom: 30px;'&gt;&lt;b&gt;\u672c\u7279\u6743\u4e3a\u817e\u8baf\u4f53\u80b2\u4f1a\u5458\u4e13\u4eab&lt;/b&gt;&lt;/div&gt;&lt;a href='http://vip.sports.qq.com/' target='_blank' style='background:url(http://mat1.gtimg.com/sports/tangent/adImg/sportvip.png);display: block;width:221px;height: 43px;'&gt;&lt;/a&gt;&lt;div style='margin: 30px 0 5px;font-size: 15px;'&gt;\u817e\u8baf\u4f53\u80b2\u4f1a\u5458\u7279\u6743&lt;/div&gt;&lt;li&gt;NBA\u3001NHL\u7b49\u8d5b\u4e8b\u72ec\u5bb6\u76f4\u64ad&lt;/li&gt;&lt;li&gt;\u4eab\u53d7\u514d\u5e7f\u544a\u3001\u84dd\u5149\u753b\u8d28\u3001\u82f1\u6587\u539f\u97f3&lt;/li&gt;&lt;li&gt;\u70b9\u51fb\u201c\u5f00\u901a\u201d\u4e86\u89e3\u66f4\u591a\u7279\u6743\uff0c\u5f00\u901a\u540e\u8bf7\u5237\u65b0\u672c\u9875&lt;/li&gt;&lt;/div&gt;&lt;div class='sports_video_code'&gt;&lt;div style='color:#fff;font-size: 12px;'&gt;\u626b\u4e00\u626b\u5f00\u901a\u4f53\u80b2\u4f1a\u5458&lt;/div&gt;&lt;/div&gt;&lt;/div&gt;"+$("body").append(e).append(o);$("#sports_video_Vip").html(a),i(),$(window).resize(i)}$("#sports_video_mask,#sports_video_Vip_close").click(function(){"ad"==t&amp;&amp;n.player.trigger("1080pVipGuideClose",{action:"closeSkipAd"}),"1080p"==t&amp;&amp;n.player.trigger("1080pVipGuideClose",{action:"close1080p"}),$("#sports_video_mask,#sports_video_Vip").hide(),$("#sports_video_mask,#sports_video_Vip_close").unbind("click")}),$("#sports_video_mask,#sports_video_Vip").show()}}var n=t("./config"),a=t("./tools");"sports"==n.domainName&amp;&amp;(window.__tenplay_skipad=function(){return o("ad"),1}),"sports"==n.domainName&amp;&amp;n.isLogin()&amp;&amp;$.ajax({url:"http://matchweb.sports.qq.com/vip/status2?upgrade=1",dataType:"jsonp"}).done(function(t){a.debug_log("sport vip status",t),0==t[0]&amp;&amp;t[1].vip&gt;0&amp;&amp;(window.isSportVip=!0,window.__tenplay_getuinfo=function(){return 10})}),i.exports={pop:o}},{"./config":2,"./tools":9}],9:[function(t,i,e){var o=t("./config"),n=function(t,i){var e=document.head||document.getElementsByTagName("head")[0]||document.documentElement,o=document.createElement("script"),n=!1;o.async=!0,o.src=t,o.onload=o.onreadystatechange=function(){n||o.readyState&amp;&amp;!/loaded|complete/.test(o.readyState)||(n=!0,o.onload=o.onreadystatechange=null,o.parentNode&amp;&amp;o.parentNode.removeChild(o),o=null,"function"==typeof i&amp;&amp;i())},e.insertBefore(o,e.firstChild)},a=function(t){window.jQuery?t(window.jQuery):n("http://mat1.gtimg.com/libs/jquery/1.12.0/jquery.min.js",function(){t(window.jQuery)})},r=function(){var t=function(){return t.get.apply(t,arguments)},i=t.utils={isArray:Array.isArray||function(t){return"[object Array]"===Object.prototype.toString.call(t)},isPlainObject:function(t){return!!t&amp;&amp;"[object Object]"===Object.prototype.toString.call(t)},toArray:function(t){return Array.prototype.slice.call(t)},getKeys:Object.keys||function(t){var i=[],e="";for(e in t)t.hasOwnProperty(e)&amp;&amp;i.push(e);return i},escape:function(t){return String(t).replace(/[,;"\\=\s%]/g,function(t){return encodeURIComponent(t)})},retrieve:function(t,i){return null===t?i:t}};return t.defaults={},t.expiresMultiplier=86400,t.set=function(t,e,o){if(i.isPlainObject(t))for(var n in t)t.hasOwnProperty(n)&amp;&amp;this.set(n,t[n],e);else{o=i.isPlainObject(o)?o:{expires:o};var a=void 0!==o.expires?o.expires:this.defaults.expires||"",r=typeof a;"string"===r&amp;&amp;""!==a?a=new Date(a):"number"===r&amp;&amp;(a=new Date(+new Date+1e3*this.expiresMultiplier*a)),""!==a&amp;&amp;"toGMTString"in a&amp;&amp;(a=";expires="+a.toGMTString());var s=o.path||this.defaults.path;s=s?";path="+s:"";var l=o.domain||this.defaults.domain;l=l?";domain="+l:"";var c=o.secure||this.defaults.secure?";secure":"";document.cookie=i.escape(t)+"="+i.escape(e)+a+s+l+c}return this},t.remove=function(t){t=i.isArray(t)?t:i.toArray(arguments);for(var e=0,o=t.length;o&gt;e;e++)this.set(t[e],"",-1);return this},t.empty=function(){return this.remove(i.getKeys(this.all()))},t.get=function(t,e){e=e||void 0;var o=this.all();if(i.isArray(t)){for(var n={},a=0,r=t.length;r&gt;a;a++){var s=t[a];n[s]=i.retrieve(o[s],e)}return n}return i.retrieve(o[t],e)},t.all=function(){if(""===document.cookie)return{};for(var t=document.cookie.split("; "),i={},e=0,o=t.length;o&gt;e;e++){var n,a,r=t[e].split("=");try{n=decodeURIComponent(r[0])}catch(s){n=r[0]}try{a=decodeURIComponent(r[1])}catch(s){a=r[1]}i[n]=a}return i},t.enabled=function(){if(navigator.cookieEnabled)return!0;var i="_"===t.set("_","_").get("_");return t.remove("_"),i},t}(),s=function(t,i){for(var e=0,o="",n=0;n&lt;t.length;n++)if(t.charCodeAt(n)&gt;128?e+=2:e++,o+=t.charAt(n),e&gt;=i)return o;return o},l=function(t,i){var e,o,n,a,r,s,l=c(function(){r=a=!1},i);return function(){e=this,o=arguments;var c=function(){n=null,r&amp;&amp;(s=t.apply(e,o)),l()};return n||(n=setTimeout(c,i)),a?r=!0:(a=!0,s=t.apply(e,o)),l(),s}},c=function(t,i,e){var o,n;return function(){var a=this,r=arguments,s=function(){o=null,e||(n=t.apply(a,r))},l=e&amp;&amp;!o;return clearTimeout(o),o=setTimeout(s,i),l&amp;&amp;(n=t.apply(a,r)),n}},d=function(){if(-1!==location.search.indexOf("debug=1")&amp;&amp;window.console){var t=Array.prototype.slice.call(arguments);t.unshift("relatedVideo: "),console.log.apply(null,t)}},p={on:function(){window.dc_playing_sign||(window.dc_playing_sign={}),window.dc_playing_sign[o.modName]=!0},off:function(){window.dc_playing_sign||(window.dc_playing_sign={}),window.dc_playing_sign[o.modName]=!1},isAnyonePlaying:function(){if(window.dc_playing_sign){for(var t in window.dc_playing_sign)if(t!==o.modName&amp;&amp;window.dc_playing_sign.hasOwnProperty(t)&amp;&amp;window.dc_playing_sign[t])return!0;return!1}return!1}},u={boss2619:function(t,i){d("boss: "+t," vid: "+i);var e=$.param({BossId:"2619",CheckSum:"1312852225",sIp:"",iQQ:r.get("o_cookie")||"",sOp:t||"",sDomain:window.location.hostname||"",sUrl:window.location.href||"",sRef:window.document.referrer||"",vid:i||"",_dc:""+Math.random()});(new Image).src="//btrace.qq.com/kvcollect?"+e}};i.exports={getScript:n,loadJquery:a,cookie:r,cutstr2:s,throttle:l,debounce:c,debug_log:d,playingGlobalSign:p,trace:u}},{"./config":2}],10:[function(t,i,e){var o=t("./tools"),n=t("./config"),a=t("./inview");n.mini_unmute={key:"rv_mini_unmute",domain:".qq.com",path:"/",expires:1};var r={};r.$root=$(".rv-js-root"),r.$title=r.$root.find(".rv-title a"),r.$autoplay_sw=r.$root.find(".rv-js-autoplay"),r.$player_wrap=r.$root.find(".rv-player-wrap"),r.$player_mod=r.$player_wrap.find(".rv-player-mod"),r.$player_mini_ctrl=r.$player_wrap.find(".rv-player-mini-ctrl"),r.$playlist_node=r.$root.find(".rv-playlist"),r.$playlist_scol=r.$playlist_node.find(".rv-playlist-scroller"),r.$playlist_list=r.$playlist_node.find("ol.rv-playlist-list"),r.$playlist_ctrl=r.$playlist_node.find(".rv-playlist-ctrl a"),r.$playlist_prev=r.$playlist_ctrl.filter(".prev"),r.$playlist_next=r.$playlist_ctrl.filter(".next");var s=function(){return{width:r.$player_mod.width(),height:r.$player_mod.height()}};e.setPlayerModId=function(t){r.$player_mod.attr("id",t)},e.setTitle=function(t,i,e){return r.$title.html(t).attr("href",i).attr("data-vid",e)};var l=function(){var t="enabled",i=function(){r.$autoplay_sw.attr("bosszone",function(){return o()?"bofang_button_close":"bofang_button_open"})},e=function(e){r.$autoplay_sw[e?"addClass":"removeClass"](t),i()},o=function(){return r.$autoplay_sw.hasClass(t)},n=function(e){var n=r.$autoplay_sw;n.on("click",function(){n.toggleClass(t),"function"==typeof e&amp;&amp;e.call(null,o()),i()})};return{bind:n,setStatus:e,getStatus:o,updateBosszone:i}}();e.autoPlaySW=l;var c=function(){var t,i,e,n,a,s,l=function(){f(),r.$playlist_next.on("click",function(){u("forward"),o.trace.boss2619("next_right")}),r.$playlist_prev.on("click",function(){u("backward"),o.trace.boss2619("next_left")}),r.$playlist_scol.on("scroll",o.throttle(function(){var i=r.$playlist_scol.scrollLeft(),e="disabled";0===i||i===a||0&gt;=a?(0===i&amp;&amp;r.$playlist_prev.addClass(e),(i===a||0&gt;=a)&amp;&amp;r.$playlist_next.addClass(e)):r.$playlist_ctrl.removeClass(e),-1!==navigator.appVersion.indexOf("MSIE 7.")&amp;&amp;t.css("visibility","inherit").css("visibility","visible")},50)),r.$playlist_scol.trigger("scroll")},c=function(t){r.$playlist_scol.stop().animate({scrollLeft:parseInt(t,10)},500)},d=function(o){if(!(0&gt;o||o&gt;i-1)){var n=r.$playlist_scol;$item=t.filter(":eq("+o+")"),c(n.scrollLeft()+$item.position().left-n.width()/2+e/2),s=o}},p=function(i){var e="current";t.find("&gt; a."+e).removeClass(e),t.filter(":eq("+i+")").find("&gt; a").addClass(e)},u=function(t){var i,o=r.$playlist_scol,n=o.scrollLeft(),s=Math.round(.7*o.width());"forward"===t?i=n+s:"backward"===t&amp;&amp;(i=n-s),e&gt;i?i=0:i&gt;a-e&amp;&amp;(i=a),c(i)},f=function(){t=r.$playlist_list.find("&gt; li"),i=t.length,e=t.filter(":eq(0)").outerWidth(!0),n=r.$playlist_scol.width()/e,r.$playlist_list.css("width",i*e),a=r.$playlist_list.outerWidth(!0)-r.$playlist_scol.width()};return{init:l,setCurrentToIdx:p,scrollToItemIdx:d,forward:function(){u("forward")},backward:function(){u("backward")},hide:function(){return r.$playlist_node.slideUp(300)},update:f}}();e.playlist=c;var d=function(){var t,i=!1,e=function(){var t=$("#Main-Article-QQ");if(t.length&gt;0){var i=t.offset(),e=t.width();return 2*i.left+e===$(window).width()?e:!1}return!1},l=function(){if(n.player){var o=n.player,s=i?!0:a.inview(r.$root);if(!(!0===t&amp;&amp;!0===s||!1===t&amp;&amp;!1===s)){if(r.$player_wrap.css("visibility","hidden").toggleClass("rv-player-mini",!s),s)r.$player_wrap.css({"margin-left":"",left:""});else if(window.ARTICLE_INFO&amp;&amp;1===window.ARTICLE_INFO.isUnique)r.$player_wrap.addClass("rv-player-mini-sp1");else{var l=e();if(l){var d,p,u=r.$player_wrap.width(),f=($(window).width()-l)/2-10&gt;=u;f?(d=0-l/2-r.$player_wrap.width()-10,p="50%"):(d=0,p=0),r.$player_wrap.css({"margin-left":d,left:p})}}c(o),r.$player_wrap.css("visibility","visible"),t=s}}},c=function(t){var i=s().height;t.resize({height:i})},d=r.$player_mini_ctrl.find("a[data-action=mute]"),p=function(t){t.isMuted&amp;&amp;(n.mute=!!t.isMuted(),d.removeClass("mute-off mute-on").addClass(t.isMuted()?"mute-on":"mute-off"))},u=function(t){l(),$(window).scroll(l),$(window).resize(l),r.$player_mini_ctrl.on("click","a[data-action=close]",function(e){e.preventDefault(),i=!0,l(),t.pause()}),r.$player_mini_ctrl.on("click","a[data-action=resize]",function(i){i.preventDefault(),r.$player_wrap.toggleClass("rv-player-mini-big"),c(t)}),p(t),d.click(function(){t.isMuted&amp;&amp;(t.isMuted()?(t.unMute(),f.on()):(t.mute(),f.off()),d.removeClass("mute-off mute-on").addClass(t.isMuted()?"mute-on":"mute-off"))})},f={_configName:"mini_unmute",_config:null,_set:function(t){this._config=n[this._configName],o.cookie.set(this._config.key,t,{expires:this._config.expires,domain:this._config.domain,path:this._config.path})},get:function(){return this._config=n[this._configName],o.cookie.get(this._config.key)},on:function(){this._set("1")},off:function(){this._set("0")}};return{init:u}}();e.scrollPlay=d,e.dom=r},{"./config":2,"./inview":6,"./tools":9}],11:[function(t,i,e){var o=t("./config"),n=t("./tools"),a=t("./sportVip"),r=t("./vip");i.exports=function(){var t=o.player;t||n.debug_log("no player cont bind event "),t.on("volumeChange",function(t){t.isUserAction&amp;&amp;(o.volumeChange=t)}),t.on("playStateChange",function(i){if(1==i.state){var e=t.getVid();o.bossList.vid||(n.trace.boss2619("video_play",e),o.bossList.vid=1),$(window).trigger("video:pause",o.modName)}i.state&gt;0?n.playingGlobalSign.on():n.playingGlobalSign.off()}),t.on("showUIVipGuide",function(i){n.debug_log(i),i.switchDefinitionFail&amp;&amp;(location.host.match(/sports/g)?a.pop("1080p"):r.vip(t,"1080p"))}),$(window).on("video:pause",function(i,e){e!==o.modName&amp;&amp;(-1===t.getPlayerState()?t.stop():t.pause())}),$(window).on("video:replay",function(i,e){if(n.debug_log("trigger video:replay"),e&amp;&amp;t&amp;&amp;"function"==typeof t.getPlayerState)if(t.getPlayerState()&lt;0&amp;&amp;e.reload)window.location.reload();else{var o=t.getCurrentTime(),a=t.getVid();t.play(a),t.seekTo(o)}}),$(window).on("login:closeIframe",function(){o.player&amp;&amp;o.player.trigger("1080pVipGuideClose",{action:"closeSkipAd"})})}},{"./config":2,"./sportVip":8,"./tools":9,"./vip":12}],12:[function(t,i,e){var o=t("./tools");window.txvip||$.ajax("//vm.gtimg.cn/tencentvideo_v1/script/film/open/txvip.layer.js",{dataType:"script",scriptCharset:"utf-8"});var n={};n.vip=function(t,i){return t&amp;&amp;window.txvip?void txvip.showVipLayer({sourceType:location.host,onClose:function(){"ad"==i&amp;&amp;t.trigger("1080pVipGuideClose",{action:"closeSkipAd"}),"1080p"==i&amp;&amp;t.trigger("1080pVipGuideClose",{action:"close1080p"})},msgEvent:"1080p"==i?"1080p":"skipad",onOpen:function(){},login:function(t){return t&amp;&amp;window.login.cbArr.push(t),{login:window.userLogin,isLogin:window.login.isLogin}}}):void o.debug_log("\u7f3a\u5c11player\u5bf9\u8c61\uff0c\u6216\u8005\u5f39\u7a97\u5bf9\u8c61")},i.exports=n},{"./tools":9}]},{},[4]);



戈洛夫金腾讯体育11月16日讯  近日，美国体育媒体ESPN公布了最新一期世界最强拳王P4P前十榜单。所谓P4P排名是两职业拳击全部17个级别的所有拳手汇入，依据拳手的比赛成绩、对手质量和参赛密度等指标作为考量，最终给出综合评价榜单。在本期排行榜上，战神戈洛夫金力压群雄高居榜首，洛马琴科与克劳福德分列二、三位。排在第四到第十位的是：阿尔瓦雷斯、瑟曼、小埃罗尔-斯彭斯、里贡多、米奇-加西亚、科瓦列夫和井上尚弥。ESPN的P4P排名是由9位拳击界名人投票产生的，其中包括在拳击界颇有名气的丹-拉菲尔、泰迪-阿特拉斯、乔-科泽等等。如果拳手被其中一人投票为第一，可以获得10分，第二是9分，依此类推，最终看总分高低。这10个人当中有4个人投票戈洛夫金第一，总分最高。戈洛夫金保持极高的KO率，但今年两场比赛1胜1平，打得比较吃力，未能再彰显重拳威力。(冬小麦)
</body><comments>戈洛夫金以后想赢一场比赛太难了，一流拳手是不行了，只能和二流拳手打打了，状态下滑的太快了。
人家可不是一龙，人家靠的是拳头不是吹逼。
如过梅威瑟在年轻7~8岁，他绝对打不过梅威瑟，看过他和阿尔瓦雷斯的比赛，重拳有可是速度偏慢，意志有可是脚步不行，总的说没有传说的那么厉害。</comments><comments_num>3</comments_num></doc>