<?xml version='1.0' encoding='utf-8'?>
<doc><source>Tencent</source><id>4882</id><url>http://auto.qq.com/a/20171116/017762.htm</url><title>名爵6混动高性能版展台亮相 搭载混动系统</title><datetime>2017-11-16 10:58</datetime><body>2017广州车展(微博)将于11月17日正式开幕，目前腾讯汽车前方探营团队提前拍到了全新名爵6基于混动车型推出高性能版。独特的外形和混动系统，让它变得与众不同。名爵6混动高性能版整车造型配合极富特点的荧光绿拉花，让其看上去更具辨识度之余，也十分富有攻击性。溜式的车身造型不会有任何变化，腰线的灵感则来自于传统英式轿车，视觉重心后移进一步凸显其运动气质。底扁平比的轮胎以及密条辐黑色轮圈，使整车的运动风格愈发无可指摘。此外，新车还采用了独特的拉花设计从而突出新车的与众不同。内饰造型上并没有太多改变，依旧采用了名爵家族式设计风格和布局，主体颜色应用了极具战斗感的全黑氛围，配以一些金属纹路饰板并提升运动气息。仪表盘中央配有大尺寸液晶屏，其行车电脑能够显示更多信息，包括GPS导航功能。此外，名爵6中控屏搭载的是2.0版本斑马智行系统，在界面、系统流畅程度和语音操控方面都有大幅升级，同时支持苹果CarPlay和百度CarLife也能满足更多年轻消费者的需求。名爵6混动高性能版配置的旋钮式档把和全液晶仪表是其与普通版本区别的主要形式。该车将搭载上汽“绿芯”插电式混合动力系统与“蓝芯”科技，其混动系统预计由1.0T发动机和电动机构成，其中发动机的最大功率为125马力，驱动电机最大功率为80马力，综合油耗申报值为1.5L/100km。与此同时，这台车还将提供三种驾控模式和三种能量回收模式。
</body><comments>混动还是买丰田
这不是阿特兹么
看起来不错
有实车我一定去试驾
说实话外观真心不错，符合主流审美。年轻人应该很喜欢吧。
这个双离合是上汽自己优化的，加了油冷的，属于湿式双离合
确定不是捷豹
车头一点像韩国的索8，屁股就像大众朗逸老款的尾灯，谢谢大家帮你们看看
说别的没用告诉我充电时间和用电里程
是我的菜
各种6配置，到处都是
好 非常好！
仿马自达阿特兹
唉，别的不多说啥，就冲这个双离合这车就不能买！
大馒头
整得有点跟本田思域外形差不多！
厉害了，我的小6
这个车的底盘好像有点低，更具有豪车感
身为MG的老车主，我会一直追随名爵的
使用了黑科技？手笔很大嘛
很适合商务人员使用，很有内涵
没有觉得前脸奔驰的元素很多吗
这车是我的菜，欧耶耶
这车是不错，就怕这小众品牌后期保养修理太贵！
你这眼神真的得去治治了
这销量冠军不是名爵还能是谁
整个车就像一只蓄势待发的豹子，充满了动感
价格呢
这个车的样子又高级又洋气
名爵的前景不可限量啊
名爵6手动性能版多少钱？插电高性能版又是多钱？
碳纤维的车身，具有无与伦比的运动感
11万以下就入手
人都在进步，更何况是车呢，相信名爵6的实力
双离合确实垃圾，已经上当一次了
国产车这牌子的车最好看
不愧是轿跑，浑身上下都是动力
颜值逆天的名爵6
什么时候上市多少钱先？
这个车有力量感，设计精简，我喜欢
通过名爵，我看到了国产车的诚意
黑的车很优雅</comments><comments_num>42</comments_num></doc>