<?xml version='1.0' encoding='utf-8'?>
<doc><source>CanKao News</source><id>24212</id><url>http://www.cankaoxiaoxi.com/science/20130923/276194.shtml</url><title>科技帮助人们有尊严地衰老</title><datetime>2013-9-23 14:29</datetime><body>参考消息网9月23日报道英特尔公司的未来学家史蒂夫·布朗认为，随着各国政府开始利用技术来改善城市生活，老年人应该成为重中之重。他说：“我们的人口正走向老龄化，很多老年人生活在城市里，因此我们需要开始开发一些让他们做事更便捷的技术。”
阿根廷《文摘报》9月17日刊文称，黑尔格和卡丽·法松德生活在挪威奥斯陆，结婚50年了。黑尔格是工程师，卡丽是重症监护室的护士，曾在卢旺达的红十字会工作过，帮助了很多战乱的受害者。
BAIDU_CLB_SLOT_ID="931636";3年以前，他们遭遇了个人生活中的悲剧，法松德夫人被确诊患上了阿尔茨海默症。随着疾病逐渐侵蚀她的身体，黑尔格开始寻求能够帮助他们过上尽可能正常的生活的办法。就这样，他遇到了一家叫作“Abilia”的医疗保健技术企业，这家企业开发的网络正好符合法松德夫妇的需求。
在系统中心的墙上挂着一个类似iPad的平板，屏幕上有Skype软件，工作人员可以通过这一软件定期对患者进行检查。
公司还制定了一项日程，让病人或者负责照顾他们的人能够记录下重要事件，还有日常任务语音提醒功能，例如吃药的时间。
目前有大约1000人在家中安装了这一系统，其中包括法松德夫妇在内的25人正在试用带有无线传感器的新版本。
这些传感器能够感应到房间里有人或者门开了等情况，还能在火炉燃烧15分钟以上或者半夜有人开门等情况下发出警报。这第二种情况在奥斯陆至关重要，因为冬季零度以下的低温意味着有些老年痴呆症患者可能会被冻死。
公司副总裁厄于斯泰因·约翰森说：“这样的系统让人能够自己照顾自己，这是最重要的。”
他说：“还能帮政府省钱。在挪威，家中养老意味着每年上百万挪威克朗（约合17万美元）的开支，而这一系统每年只要1.5万克朗。省了很多。”
约翰森认为，任何改善城市生活质量的创意都应该从人开始。他说：“智能城市正在涌现，需要从家中的个体开始。”
法松德夫人知道自己不会好转了。这一系统能向她说明每天发生了什么事，让她知道关于生日或退休护士俱乐部的一些事情。
对于她的丈夫来说，拥有这样一个系统有一个更实际和更感人的理由。他说：“她常常问我，如果疾病让自己失去了这么多东西，那么活着的意义在哪里。我害怕她会因为消沉而跳楼。有了这些传感器，我就能在门被打开的时候醒过来，我也能休息休息。”他希望自己能够安心地上床睡觉，不必担心自己的妻子，“对我来说这是最重要的事”。
此外，曼彻斯特大学的科学家研制出一种“魔毯”，用来感知甚至预测老年人在家中摔倒的情况。地毯上装有光纤，可以实时记录下踩在上面的人的步伐，地毯边缘的传感器会向电脑发送信号，电脑根据信号分析并识别行动或摔倒时的行为变化。
英国萨塞克斯郡警方提供的数据显示，四分之一的人员失踪案例与老年痴呆症有关。为了节约时间和金钱，政府对老年痴呆症患者使用了颇受争议的全球卫星定位系统（GPS），使家人和照料者能够知道他们的去向。
文章称，传感器技术越来越多地在城市里使用，IBM公司是提供这项技术的领先企业之一。该公司日前表示，医疗保健是智能城市项目的首要任务。在意大利的博尔扎诺，IBM公司与市政当局合作，安装了一个传感器网络，监控独居老人的家，测量气温、二氧化碳含量和漏水等情况。
</body><comments>NULL</comments><comments_num>0</comments_num></doc>