<?xml version='1.0' encoding='utf-8'?>
<doc><source>CanKao News</source><id>24223</id><url>http://www.cankaoxiaoxi.com/science/20130809/252929.shtml</url><title>气候变化带来六大意外影响</title><datetime>2013-8-9 11:25</datetime><body>参考消息网8月9日报道除了引起焦虑，气候变化还让人们有机会看到地球上令人着迷的、相互关联的变化。美媒称，不论是细菌还是火山，这个星球上最小到最大的成员都能感受到气候变化的影响。
美国趣味科学网站8月5日发表文章，列举了气候变化给地球带来的6个最令人意想不到的影响：
BAIDU_CLB_SLOT_ID="931636";1.沙漠细菌灭绝。荒漠土也许看起来是贫瘠而没有生命的，但实际上包含大量细菌。这些细菌群能形成厚厚的硬结皮，即生物结皮，这种生物结皮可以保护荒漠土不受侵蚀。
一项针对美国多地沙漠生物结皮的研究显示，不同种类的沙漠细菌能在不同的温度下生存。有些细菌喜欢像亚利桑那州和新墨西哥州这样的闷热环境，有些则在俄勒冈州南部和犹他州的凉爽气候下过得更好。由于气候变化导致温度变得不稳定，沙漠细菌可能很难适应，因而荒漠土将更容易受到侵蚀。
2.火山爆发频繁。由于气候变化造成冰川融水流入海洋，全球海平面上升，地壳承受的重量也将从陆地向海洋倾斜。
有研究显示，这种重量转移可能会造成火山爆发更加频繁。这种现象可以从岩石数据中找到证据，火山爆发的残留物总是在地球历史上冰川融化的时期更多。但人类在21世纪可能不会经历这样的变化，因为这种影响会滞后约2500年才出现。
3.海洋变暗。气候变化将给世界一些地区带来更多降水，让河水水流更大。强劲的水流会卷起更多淤泥和碎屑，最终流入海洋，让海洋变暗。最近几十年，挪威沿海地区已经感受到更多降水和融化的雪水导致海水越来越暗、越来越浑。一些研究人员推测，海水变浑导致当地生态系统发生变化，包括造成水母大量繁殖。
4.过敏加剧。由于气候变化造成春天过早到来，引起过敏的花粉也将过早飘浮在空气中。这将增加每年花粉的总量，让过敏人群症状加剧。一些气温和降水模型显示，2040年的花粉数量可能将增加一倍以上。
5.蚂蚁入侵减弱。大头蚁是地球上最具入侵性的物种之一。这种昆虫在南美、澳大利亚和非洲大量存在，并迅速繁殖。作为入侵性物种，它们占领本地物种的栖息地和资源，破坏当地生态系统，威胁生物多样性。它们甚至猎食雏鸟。
研究人员估计，目前大头蚁可以生活在地球18.5%的陆地区域。但随着未来几十年的温度变化，这种大头蚁的生存范围将大大缩小。一些气候变化模型预示，这种蚂蚁的生存范围到2080年将缩小五分之一。但这些变化将对本地昆虫有何影响还不得而知。
6.日光照射极地海底。随着冰川融化，更多日光将能照射到极地沿海水域的浅水处。在海底生活的、习惯黑暗环境的无脊椎动物每年夏天将开始忍受更长时间的日照。最近的研究显示，这一变化将让该地区生物群体发生重大变化，更多海藻及其他海洋植物将让无脊椎动物窒息。从无脊椎动物群体到藻类群体的转变已经在南北极海岸部分地区出现，这将极大地降低这些地区的生物多样性。
</body><comments>NULL</comments><comments_num>0</comments_num></doc>