<?xml version='1.0' encoding='utf-8'?>
<doc><source>CanKao News</source><id>24213</id><url>http://www.cankaoxiaoxi.com/science/20130917/273698.shtml</url><title>光怪陆离的梦境如何形成？</title><datetime>2013-9-17 17:17</datetime><body>参考消息网9月17日报道美媒称，新研究发现，即使是罹患一种罕见的大脑功能紊乱从而使其无法在白天进行自主思考、对一切都无动于衷的人也能在晚上做梦。但是这项9月11日发表在《脑》杂志上的研究也显示，这些人做的梦没有常人梦中那些奇异的、富有感情的复杂因素。
据美国趣味科学网站9月16日报道，这项研究的作者之一、巴黎第六大学（皮埃尔与玛丽·居里大学）的睡眠障碍研究人员伊莎贝尔·阿努尔夫说：“我们极其震惊地观察到，那些丧失了思维和自主思考能力的人们也能够做梦。”
BAIDU_CLB_SLOT_ID="931636";发现结果显示，梦来源于睡眠的快速眼动阶段脑干的思维过程，但是大脑中更高水平的思维部分可能会为夜间的梦境增添复杂和奇特的元素。
我们为什么会做梦
没有人确切知道为什么人（和动物）会做梦。一些科学家认为梦代表人的隐秘欲望，然而另一些人则认为梦能够帮助解决白天提出的问题。还有人认为，快速眼动睡眠，即梦境发生的时候，有助于巩固记忆、补充脑化学物质或是令大脑的其他部分得到休息。
关于梦是如何形成的也没有确切答案。大脑中有一个负责高级思维的区域叫做感觉皮层，能够刺激脑干，后者从而将触发快速眼动；还有观点认为，快速眼动本身就能够在感觉皮层触发思维。
为了查明梦的源泉，阿努尔夫和她的同事研究了13个处于快速眼动睡眠状态的人。所有参与者都患有自体活动障碍，这是一种大脑功能障碍，能够导致人在白天头脑中一片空白，从而对一切都无动于衷。
患有自体活动障碍的人的大脑中名为基底神经节的部分有创伤。尽管他们的大部分认知能力和记忆都完好无损，却因为完全缺乏决策能力而严重伤残。
阿努尔夫说：“他们除了端坐在椅子上之外什么也做不了。你必须告诉他们该做什么；否则，他们永远都不会去做——即使是简单的事情，例如上厕所、喝水和吃饭。”
当患有自体活动障碍的人被询问他们在想什么的时候，他们的回答总是“什么也没想”。
梦的根源
首先，研究人员要求自体活动障碍患者在日记中描述他们的梦境，但是每天得到的都是空白页。因此他们决定在晚上唤醒这些患者，询问他们的梦境。
13名患者中的四名在快速眼动睡眠状态时会做梦，而13名没有罹患这种疾病的人中有12人会做梦。
那些头脑空白的人的梦境平淡无奇，都是关于日常的事务，如剃须或是与家人交谈，而健康人的梦境则光怪陆离，富有感情。
阿努尔夫说，研究结果显示，简单的梦境在脑干中形成，然后传递到感觉皮层，后者将梦转化成更长更复杂的故事，并且为梦境注入超现实的、充满感情的元素。（编译/张琳）
</body><comments>NULL</comments><comments_num>0</comments_num></doc>