<?xml version='1.0' encoding='utf-8'?>
<doc><source>NetEase</source><id>18509</id><url>http://news.163.com/17/1208/16/D559BO8400018AOR.html</url><title>英国欧盟就脱欧达成共识 归功于这个问题成功解决</title><datetime>2017-12-08 16:33</datetime><body>

                    （原标题：英欧就脱欧达成共识，归功于这个问题成功解决）
                
英国首相特雷莎・梅与欧盟委员会主席容克。（资料图）海外网12月8日电 今天（12月8日），英国首相特雷莎・梅以及欧盟委员会主席容克在布鲁塞尔宣布，欧盟与英国达成脱欧协议，将迈向贸易谈判。据英国广播公司（BBC）网站报道，英欧双方此次在脱欧问题上迅速达成共识，主要是因为双方在复杂敏感的北爱尔兰地位问题上成功达成一致。据英国媒体稍早前报道，特蕾莎・梅在与容克谈判后召开的记者会上表示，英国未来将继续视北爱尔兰为其“国内”的一个地区；北爱尔兰将继续留在英国统一市场中，同时退出欧盟统一市场；与此同时，英国将继续遵守1998年北爱和平协议，并保证不在北爱尔兰和欧盟成员爱尔兰共和国边界上增加边界管控措施。对这一表态，北爱问题相关当事方爱尔兰政府已公开表示满意。爱尔兰政府高官表示，这一处理方案避免爱尔兰岛上出现“硬边界”，也保证了北爱和平协议能继续有效执行。



半个世纪以来，北爱尔兰地位问题一直是英国和爱尔兰的争议问题，北爱地区因主权归属争端不断爆发大规模冲突。1998年签订的北爱和平协议生效后，双方撤除了边界管控，开展了南北爱尔兰经济合作。自英国开启脱欧进程后，北爱地位和北爱边界问题再次引起各方关注。欧盟原计划在事实上授予北爱在欧盟统一市场和关税同盟中的地位，以避免北爱在脱欧后出现“硬边界”。不过，英国执政联盟内的关键政党，同时长期持亲英立场的北爱地方政党民主统一党已公开表示希望与英国本土一起“硬脱欧”，拒绝欧盟的相关提议。这一表态使得之前取得一定进展的英国脱欧进程突然“搁浅”。据最新报道显示，民主统一党已经决定支持特蕾莎・梅公布的北爱问题处理方案。


 本文来源：海外网  
责任编辑：范姜国一_NN9138 
</body><comments> '历史证明，跟着米帝走不一定就是天堂，但是跟着苏饿走一定是万劫不复的地狱，这一点是毫无疑问的'
 '有个半岛，北边是典型，干1年，人均GDP 1000美元，相当于南边的一个人干半个月-20天。
 '台湾还说汉语呢'
'爱尔兰，99%的人口会讲英语，经常说爱尔兰语的人不到人口的10%。'</comments><comments_num>14</comments_num></doc>