<?xml version='1.0' encoding='utf-8'?>
<doc><source>NetEase</source><id>15910</id><url>http://news.163.com/17/1208/13/D54T4EF0000181BT.html</url><title>妻子每月给丈夫一千零花钱，竟被指责是家暴？</title><datetime>2017-12-08 13:14</datetime><body>
【号外】曲一刀开通粉丝群啦，欢迎各位易友移步QQ群：562407056，和美女主编曲艺进行深入浅出的交流~已婚女性聚在一起，必讨论话题中绝对有一条是：你每个月给老公多少零花钱？或是，你觉得每个月给老公多少零花钱合适？据调查，有接近七成的女性网友认为给老公的“零花钱”不会超过千元。还有一成认为每月零花钱要控制在500元以内。有位身边的男性朋友表示：以前工资卡是给我妈，后来是给我媳妇，反正我从来都没见过它。01其实关于“给零花钱”这种夫妻间的财务管理模式是非常常见的，有男方管账给自己留零花钱的，还有家庭AA制，除了家庭公共账户，给彼此留零花钱的。但最近的一条新闻却引起了热议：山东的张先生结婚两年，有了孩子后，妻子担心入不敷出，出于长远考虑，就让张先生上交工资卡，每月给他1000元零花钱。平常花钱大手大脚的张先生顿时体会到了“手中没钱，心里发慌”的感觉，随便抽个烟、玩个游戏、和朋友出去吃几顿饭就花完了。两人为此陷入冷战，夫妻关系开始变得不融洽。律师认为，妻子没收张先生工资卡，限制其消费，让张某产生被控制感，夫妻关系因此受到影响。这，属于家暴行为。很多网友都感到吃惊，这也能算家暴？更有很多已婚男性网友表示：大兄弟，一千元算很多了好吗，我们都只有两百元。02提起家暴，人们脑子里浮现出的都是拳打脚踢和打骂等身体意义上的实质性伤害行为。这种对伴侣的伤害行为不是个别现象，而是存在于很多家庭之中。据有关数据统计，从2014年到2016年，全国涉及家暴的一审案件数量共94571件，99.9996% 的施暴者都是男性。仅有38名男性自诉遭遇了妻子的家暴。很多人都看过那部直观反映家庭暴力的影视作品《不要和陌生人说话》，看起来斯斯文文的外科医生安嘉和，却因为怀疑和不信任经常对梅婷所饰演的妻子实行家暴行为。饰演安嘉和的演员冯远征甚至成为男性家暴者的“形象代言人”。其实，家暴远不止这些，还包括精神攻击和虐待等，由于这种心理上的家暴隐蔽性比较强，外人很少直接得知，甚至当事人都未必认识到自己是这种家暴的施行者或受害者。上述新闻中的张某，便是这种类型家暴的受害者，妻子的行为对他的心理和生活都产了较大的负面影响，是一种精神上的折磨。03曾经看到一份学术报告说：用准确的语言描述自己此刻的想法是相当难的技巧，很多人都无法做到百分百有效的表达。家庭作为由两个从小生活环境、成长阅历完全不同的人组成，自然对于家庭的经济管理方式会各有各的想法。具体哪些属于共同支出，哪些属于零花钱这个个人其他零碎生活支出的范畴，都是需要两个人共同的商量和同意的。若是双方有一方不同意或是不理解，都是会影响家庭关系的，还会给对方造成“你凭什么这样做”的感觉。如何“养家”，是需要心平气和的坐下来沟通和交流的。出发点再好，若是对方体会不到，理解不了，对方都只会觉得你做错了，不仅可能伤害到别人，也会影响两人之间的关系。毕竟，一个家庭的零花钱多少并不重要，关键是要夫妻协商好，结合家庭收入以及对方工作性质等因素，取一个彼此都能欣然接受的标准。曾经在网上看到这样一个故事。博主的老公工资较高，但有一些个人的收藏喜好，经常不和她商量就做出一些高额的消费行为，虽然家里的日常开支没有受到太大的影响，但她觉得那是一些不必要的支出。和老公商量，对方却认为自己赚的钱自己花没有错。于是，她气不过也开始随意花自己的工资，喜欢什么就买什么，两人都成了月光族，到了准备要孩子的时候，才发现自己一分存款都没有。自己支配自己的劳动所得固然没错，但既然组成了家庭，两个人都要为以后和未来考虑，要做长远的计划，不能随性而为。04很多女人认为“控制”了对方的金钱，就是管住了一个人的心。如果说，做妻子的坚持“男人有钱就变坏”的社会信条，牢牢掌控着丈夫的腰包。可在信用卡、私人借贷快速便捷的当代社会，想要掐死丈夫的“零花钱”，其实是不可能的。更何况大部分男人并不甘心这样被管束，网络上经常能看到“藏私房钱之绝招”、“私房钱败露如何自救”等等斗智斗勇的教学贴。男人在外打拼事业，难免会遇到应酬等情况，如果他请朋友吃顿饭都只能用私房钱，那你就应该反思了。不要让他出门都不敢摸兜，生怕掏出一卷手纸来。这样会经常让他陷入窘态，也会助长他藏钱的风气。所以，对于男人的“零花钱”，要有防范意识，但也需宽容之意。给你的男人一点票子，避免他在交际时的尴尬，也能让他更有面子。而且家庭的信任度和安全感也不仅仅只靠控制对方的“钱包”就能获得，毕竟选对了人，即使“有钱”，也不会任意妄为。真正爱一个人，会心甘情愿的把自己的全部交给对方，交给这个家，并承担起自己应有的责任。“零花钱”的多少不过是一种形式罢了。【广而告之】曲一刀开通知乎、微博、简书账号啦~喜欢曲一刀的朋友们请关注：知乎：曲一刀微博：情感大湿曲一刀简书：曲一刀（下载简书app，查看更多精彩内容）大家也可以在这些平台和我沟通交流哦，么么哒~曲一刀：男性文化，撩妹知识，专业挽救落后男青年。网易轻松一刻出品，公众号（qingsong_163）。






 本文来源：曲一刀  
责任编辑：潘霄_NX7159 
</body><comments> '抽烟的毛病不戒掉，下一步新买的手机该炸了'
 '我开奥迪我想'
 '失败中的失败…'
 '我老公恰恰相反，从不拿自己的工资卡，往家里一撇，身上不超过二百块钱，这样就可以厚颜无耻地啥也不管了！[不屑]'
 '一次不带，罚款2000'
 '大哥，套套可以一个一个买？'
 '你这利息够高的'
 '奢侈品店里乱花钱的都是女的，网上剁手的也是女的！把男人工资说成自己管，理所当然的，也就天朝女，世界上你找不到第二家！'
 '去居委会领免费的套套啊！攒一年的利息去洗个脚啥的。'
 '每次我和老婆做爱她总要我骂她她是不是心理变态？'
 '哈哈哈୧(๑•̀⌄•́๑)૭'
 '被女人管住钱的男人都是下等货色
 '还有同城的哦'
 '男人该花的花，不该花的不花！女人，双十一了，来吧！'
 '我觉得角度应该变一下，不是施暴者99%是男性，而是报案者99%是女性'
 '就怕是人财两空'
 '我是有尊严的！我不是你养的狗！……到底是结婚了的男人是狗还是单身的是狗呢？'
 '刚看完女司机的新闻 又看这个 总结下就是：女司机都是惯出来的 中国的女性社会地位太高了 往往有什么事只需要大喊大叫或者装傻卖萌再不然哭两声就能解决 所以遇到紧急情况只会大喊大叫根本没法处理 我就想知道那些工资卡给老婆的人是怎么想的 自己挣得钱 自己又不是不会攒 凭什么你喝酒应酬就是大手大脚老婆买包买化妆品就是正常消费？都是他妈的惯的 又不是20年前 整个国家都穷 男女比例失调 找不到老婆 现在周围所有亲戚朋友都在帮自己的侄女在外甥女表妹找对象 同等条件女生比男生难找多了 为什么？就是因为男的往往降低标准 而女的总是希望找标准比自己高的 放眼看看全世界也没有哪个国家女性地位这么高的了'
 '2500包了个学生妹，你倒是介绍给我呀
'喝瓶装水也活到现在？京城是就是命硬。'
 '不要和陌生人说话、好看吗？'
 '有了宝宝后！在也没有见过自己的工资卡！'
 '马上要升局长了，祝各位易友2018万事如意！该发财的发财，该恋爱的恋爱！😁'
 '女人偷吃比男人更容易，所以钱就更不能让女人掌握！如果女人偷吃要净身出户，一无所有，她就得考虑后果！因为女人面对的诱惑更多，更容易出轨，所以为了家庭稳定，钱当然应该由男人掌握！'
 '怎么现实和楼上说的相反？乱花钱的都是女的，男的反而不会！还钱掌握在女的手上有安全感？是你女的有安全感吧？现在马蓉类的女人可不少！'
 '楼上估计你才是被压迫习惯了，所以只能管家务了，看了看你的ip，小男人你好，小男人再见，哈哈哈。'
 '我從來沒見過我的工資卡，但我老婆也不會限制我的零用錢，只要合理花費，基本能報銷⋯⋯'
 '家暴我吧'
 '拿着父母的钱养别人。。不太好吧。。'
 '[鄙视]'
等着回去跪搓衣板吧!'
 '确实，我家经济老婆掌管，用的时候直接说'
 '从来没管过老公的钱，我自己乱花管不住自己，还是让他来管钱吧'
 '时间最严苛无情，人生几十年，每分每秒都摆在那里。有的人一生波澜壮阔、海阔天空，一辈子抵几辈子过；而有的人，永远在没时间、没机会、没心情中任时光流逝。如果你总以没时间为借口，时间就是你的敌人。如果你肯挤一挤，时间就是你的朋友。'
 '你老婆能让开奥迪的日了，你也算是上辈子积德了！'
 '哎呀对不起对不起，已经顶好了才看到括号里的字。。'
 '管尼玛币！'
 '我也有点看不懂一楼。那2500是爹妈给你的还是你自己兼职挣得？如果是爹妈给的，你在转交给你女朋友，那可就真煞笔了'
 '兄弟，算你狠！为了怕老婆出轨，连土圆肥都能娶回家？'
'楼上才是说的真搞笑，以为世界上都是已婚的么？'
 '看懂了'
 '工资上交的男人都是傻逼 女人有什么理由遏制男人的钱？夫妻两个就应该从各自的收入中拿出一部分共同存款 家用什么的男人可以出 养孩子也应该夫妻AA 剩下的钱就应该自己支配！这样才能更长久！'
 '一楼真给男人丢脸，还拿出来炫耀？估计对你妈十分之一都做不到！你这不是找个老婆，是找个祖宗！回去把屌割了吧，你投错胎了！'
 '勿顶'
 '想想以后找老婆买车买房的开销，这点前期付出很值啊！前提是别分手'
 '孩子试管的以后生出来你一个人带？读书上学你想他被人笑骂没妈的孩子？我发现这栋楼真是脑残无数，说话都不经过思考的
 '钱在我手里，她要就给，几乎没有不合理的要求，这是我家现状，结婚十一年了，没为钱吵过，而且我们也不富裕。看了这才知道自己这么幸福'
 '我和你类似，结婚没多久他要把工资卡给我，我说你要用钱了自己取钱，别找我要，他才自己保管工资卡的，但还是不太关心家里的事'
 '早上，拿着刚给我的20块，我紧紧拽在手心里。生怕母夜叉反悔！'
 '中国女人好贵啊！'
 '不不不，媳妇管着我的钱，我能信用卡卡偷情，然后用平时收集的发票给老婆看……'
 '除了零花钱，老婆办了信用卡放我这以备不时之需，可我只要一刷信用卡，老婆电话马上就来了。'
 '一个月600还想怎样？生在福中不知福'
 '要什么自行车啊'
 '老哥，顶你！给我家母夜叉看看'
 '马容表示我不偷吃'
 '这样的老婆你要了做什么？你只要一穷他就会抛弃你，然后说还好自己的工资抓手里了'
 '你该感谢你女朋友另外三个男朋友了。'
 '说交给女人 因为女人能理财的 男人花钱大手大脚的有没有看清楚我说的？已经从自己的收入中拿出一部分存起来了 还想怎样？我自己的钱中的一部分我还不能支配了？你们是被压迫习惯了吧？
 '开玩笑，她们要的只是钱，根本不要男人的心'
 '我了解我自己，存不住钱，钱交给老婆，这个家才能维持的下去，她也舍不得吃，舍不得花，总之我对她安心，对她放心，要置业什么的，都是一起努力的，烟抽差点，也没关系，毕竟媳妇也不败家，不见得就是拿了你的钱去买满柜子大牌衣服，全心全意大部分都花儿子身上了，深怕委屈了他'
 '对得起你父母吗？养你还得养你的女人'
 '买包气球够了'
'现实和理想是有差距的。理论上你说的没错，但事实你周围男方管钱的有几个呢？尤其是父辈'
 '以前，男人外面打拼，女人管家。。。是因为女的嫁夫随夫，能持家有道，娘家都难得回。。。现在，田园女权婊，只顾自己利益最大。。。还能管家？'
 '你跟你媳妇儿就分得这么清楚吗？我跟我老公从来就没分这么清楚，我老公懒，根本就不想管钱，他的所有银行卡都放在家里一个固定的地方，他随时可以拿，我从不藏着，每次都是我看看他钱包里还有钱没，没了我就给人家放一些进去，当然这是以前，现在手机支付很方便，他也用不着卡和现金了。'
 '想想2016.2017年对你怎样，2018年对你咋样心里没点数吗？'
 '已经告诉你老婆了
'居家好男人，不过作为女人，我要跟你说清楚一点，那就是家庭存款花销要清楚，不是你老婆不可靠，而万一你老婆被诈骗了，你还稀里糊涂的就麻烦了'
 '没有理财天赋，婚前从来都是月光族，婚后把工资交给老公保管，总算有存款了，要花随时找老公要。'
 '中国女人管钱的终极目的还有一个，就是人没了钱必须有，家散了钱必须有。
 '替别人养女朋友。傻逼'
 '这，学生也优惠？'
 '她未来的老公会感谢你的！'
 '没钱，没法社交，回家做宅男，陪老婆玩！'
 '可以了，买个套套还是够的。'
 '代表你家女人好了，千万别加上中国两个字，你的脸没那么大'
 '特么老夫  去年毕业，一个月一千 都不知道活下去的'
 '我凭本事赚的钱，为啥要给你'
'那我这样可不是家暴这么简单了'
 '只要提到家暴两个字，冯远征必然登场
 '我请人抽大雪茄，还要倒给288，操！'
'女权婊就会双标，现在婊子也不少，就算必须男的把钱家里，家里具体有多钱心里也要有个数'
 '夫妻之间为了零花钱斗智斗勇不也挺幸福的吗，难道非要你过你的我过我的除了孩子一点交集都不要有你们才开心？还有啊，工资卡上交老婆是在保管，记住，是保管，不是给了老婆就全归老婆花销跟你一毛钱关系都没有，你们不想交工资那行啊，以后菜男人买，全家衣服男人买，孩子的零食兴趣班学费学习用具全部都男人来，你不是高兴管钱吗，那就让你管个够'
'还是钱不够，女朋友管我钱就分手，毛病。'
 '男人有给家用的责任，但女人不能全部拿走!'
 '有态度的媒体，媒体中的正义之师！终于有为弱势群体说话的了！（勿顶，怕被老婆看到。）'
 '老婆工资都交给我管理的，怕自己乱花'
 '也就是说一楼你爸妈每月给你2500，你全部上交给了你女朋友？我的天，这尼玛看不懂现在大学生的路数了，我记得我大学谈恋爱那会儿都是花女朋友的钱啊。'
 '男人，没点私房钱，那就真是难以做人了！
 '希望，2018年结婚顺利，孩子健康'
 '你老婆真会来事，'
 '这么多 真羡慕'
 '独立～'
 '到家想想，我特么没车呀[晕]'
 '我开宝马，把你老婆叫来
 '管住钱，当然比不管住好～～～我也是有体会[大哭][大哭][大哭][大哭][大哭]'
'[微笑]换个男孩子吧'
 '大学生包月两千五不贵'
 '我们已经锁定你了'
 '男人沦为打工机器和老婆的提款机，没有钱去孝敬父母，没有钱去社交，还活得有什么意思？这婚不结也罢'
 '1米9才160斤？那不就是个电线杆？哥1米85都超过160了，你以为你长的高大就不是娘炮了？'
'人生三大幸事。升官发财，还有一件，后面补上。'
 '右上角是手机电量显示，点不动啊，戳的手都肿了，[疑问][疑问]'
 'mad，做大保健不花钱吗？男人不要面子啊？现在他妈快餐张口都800了！我不要面子的啊！'
 '唉！男人难道非要存私房钱？不能想刷卡就刷卡吗？'
 '逮到小白一只'
 '把这个转给老婆会不会死？'
 '余额宝多会这么高的利息了？'
 '你的钱就是我的钱，我的钱还是我的，这种伴侣难长久。你是你我是我，完全没交集的也做不成夫妻。最理想的是拥有“我们的钱”时还能各自有零花钱'
 '2500在余额宝收不到1块的利息……'
'妻管严真的很可怜'
 '唉，大学里谈的女朋友，没有一个耐得住寂寞的。每次都做完就炸！是该戒掉抽烟的毛病了[大哭][大哭][大哭]'
 '你们把工资卡给老婆还算好的，我老婆把工资给我，说钱在她手里不用完就不舒服，结果给我一千能要出去五千，给两千要去一万，我特么情愿她管钱'
 '文章好短'
'为什么会有男人愿意把自己的钱交给女人？？？'
 '一块钱的套套？'
 '把屌割了吧，找个男人，重新做人'
 '我看你是被压迫习惯了！男人想不到买？不好意思 我身边的男性朋友包括我 家用什么的都是男人在买 别说女人淘宝上买的都是老公的孩子的 其实自己用的更多！世界上没有第二个国家的女人会要求男人把工资上交 中国的女人说白了只是觉得“男人有钱就变坏” 但是殊不知 只要男人想 就算兜里只有一块钱 他都能借钱去嫖'
 '别说🌵🍃🍀'
'杂牌哪有那么多，一块钱两个。'
 '别充氢气啊，不然飞起来[微笑]'
 '1万工资 上交8000'
 '天天有钱用好羡慕哦'
 '你特么是个火星网友
 '告诉大家我的做法，我所有钱都交给老婆，自己只留一张信用卡，需要消费就刷卡刷微信，老婆去买单，这样你不用管理财务，还能随便花，只要你学会约束自己，不乱花就行了。'
 '啊呀，你说的太对啦，我就是这样的。不过我老婆有时候会抱怨。我也不理她，天天说男女平等，那么家庭也要男女平等。小孩跟你姓也可以啊，房子，装潢都是我婚前搞的，你又没出一分钱。'
 '哈哈，奥迪车主和保安都姓王？'
 '我哥们刚结婚俩月，每周他媳妇只给200生活费'
'\U0001f922🐢🌵🎄🐉🐲🌲🌳🐲🌱🌿☘️🍀🎋🍃🍏\U0001f952'
 '钱我管，但他想用只要理由正当就给，吃穿用度，抽烟喝酒请客都无所谓，偶尔打个牌啥的也可以，所以没限制啥。你管着他就会想办法弄私房钱，管是管不住的，而且现在都是微信支付宝银行账户里放钱，谁也不带太多现金，有时候买个东西我忘了还不是让他买回来，他身上没有钱过生日给我买礼物咋买？自己买给自己？夫妻如果基本的信任都没有就不用过了，太累。而且靠管的不是夫妻，是员工。对于喝酒会叨叨几句，说了N次他不听就不说了，反正命是自己的，自己都不爱惜我又何必苦口婆心遭人嫌，还不利于夫妻关系，总有一天医生说“你在喝酒就别想活了”自然就戒酒了。至于钱，也不是有钱人家，自从身边有几个突然离世的朋友后，忽然想开了，该吃吃该喝喝，该旅游旅游，该买买，先享受了再说，不想和有个亲戚一样，买了几套房，攒了小两百万，结果自己癌症死了，50岁，死前最遗憾的是没吃过麦当劳。死后没俩月老公找了个女朋友结婚了，还没出孝儿子也结婚了，房子老公和儿子分了，名字也都更名了，有啥意思。还有一个我们同行老总，上亿资产，喝完酒应酬完睡死了，前妻带着孩子+现妻和孩子+父母+兄弟姐妹为财产打得头破血流，但是公司正常外债却没人还了，有啥意思？真要过不下去，就离婚，如果不是因为出轨劈腿，那就一人一半，如果因为出轨劈腿，那还真不好意思，能少给一点就算仁慈了，不是贪钱，是因为对你罔顾承诺不负责任伤害对方的惩罚，犯了错难道不该付出代价吗？'
 '你遇到的都是啥人啊'
'这是生活费还是生存费啊？！[微笑]'
 '偷吃花小钱，甚至免费，还吃的好，吃正餐花大钱，还吃的不好，哪个划算？'
 '这就是把银行卡全给媳妇的下场，边用你的钱，边偷汉子'
 '这个新闻里的男人都是居家好男人😄，可现实生活中有几个肯把工资存款交给老婆的（王宝强马蓉除外）～'
 '哈哈，要老婆何用
 '重点是管钱的水平。如果你能把男人的生活安排的妥帖 谁管钱还真无所谓。最怕那种只进不出的 对管钱的概念就是把老公的钱存进自己账号。然后对老公还各种嘀嘀咕咕。这样不是为了家好 完全是为了家散'
 '还是3楼厉害[喷水]'
 '我上交工资一大部分给老婆…但不上交工资卡…所以还有一部分外快和私房钱…因为我上班可以早到家…所以不止手上剩下的钱得负担家里伙食的开销还得负责做饭…其他还包括房贷…养车…水电煤…日用百货…出去玩的钱…搞的我一男银现在不止菜烧的好…还持家有道…零食天天给备足…饭菜顿顿不重样…有海鲜有荤有素…买菜精打细算！买块羊肉…都煸出肥肉里的羊油来炒葱爆羊肉…煸完油的肥肉再拿来拌狗粮喂家里的萨摩…吃饭的时候不管人吃的东西还是狗吃的…都是光盘[大哭]…我觉得我太持家了…必须感叹一下！！'
 '看着留言，觉得兄弟们怎么都活得那么惨。'
 '女主会管钱会理财？笑死人了
 '和男人融洽相处的三个步骤喂饱他和他做爱不要管他这样就是和男人最好的相处方法'
 '给钱多了是怕咱们出去大宝剑'
 '一个月2500有点多啊'
'你是怎么生活下去的'
 '本人都副局好苟好苟了，同贺！同贺！
 '才局长，，年轻人还得继续努力啊'
 '结婚N年了，老婆除了给我有限的零花钱外，基本上口袋空空。同事朋友间相约小聚，我经常囊中羞涩，苦逼的一脸尴尬看着别人在我眼前一次又一次炫耀性的买单…😭终于有一天，我的天亮了！我发现了一个结婚多年隐藏很深的秘密——哈哈！[大笑][大笑]在衣柜的隔层里居然有老婆藏起来的私房钱？！哼！😏君子坦荡荡，不拿白不拿。于是，我问心无愧地从老婆那一万八千八的私房钱里神不知、鬼不觉的抽走了一张百元大钞…'
 '只有穷人家才会有这种事'
 '当你看到这条信息的时候你正在冰冻昏迷中，我们看到你的脑电波异常认为你在做一场噩梦，我们试图唤醒你，马上就要成功了。我们用这条信息提示你：记住不管你看什么可怕的地方，什么可怕的国家，什么可怕的人，那都只是一场梦保持平静的心，你快要苏醒了。'
 '女人最大的家暴就是不和老公说话。哈哈。钱给谁管都无所谓。男人有挣钱的能力才是最重要的。省钱是'
 '主要是很多男人收入低了。。。一个人养一家，你媳妇不会有怨言的。。。也不会让你交卡'
 '无论赚钱能力还是投资理财能力，论整体水平都是男性好于女性，但女人偏偏认为自己管钱更有水平。'
 '一直是老婆管账啊，什么都不用自己烦，多轻松。'
 '每个人都要独立，不能把自己的未来和幸福寄托在别人身上。'
 '屌丝用不起充气娃娃，难道你用塑料袋'
 '能管住钱的都是老实男人，出去浪的都是你管不住的。婚姻没谁欠谁的，没必要搞些不平等的约束条款。当然，双向的管制是可以的，公共账户彼此监督共同管理。捆绑换不来安定，迁就也换不来尊重的'
 '嫁汉嫁汉.穿衣吃饭[大笑]'
 '余额宝利息一块，本金有一万，那还怕个毛。'
 '我做点生意，资金流很大，每次打申请，后来干脆分开，然后老婆不停的闹离婚'
 '化工大学，你戒烟可不只是省女朋友而已啊…'
 '除非遇到真的渣到家的女人，不然给女方管钱就是为了存钱理财，男人大手大脚花钱随意……不知不觉钱就没了……'
 '点右上角的，2018都能有一个好年'
 '女人天生就对物质有着强烈的掌控意识，而随着社会的日益发展也越加凸显这种情况肆意滋生'
 '这楼要歪了'
 '如果你不相信她，还会让她管你的钱吗？'
 '拴一下试一试！管了我的钱，哥还能出门当鸭子！有的是挣钱的办法'
 '现在想回娘家也不容易，嫁出去的女儿泼出去的水'
 '中国的女人就是惯的，给你扔日本美国，扔日本让你知道什么叫地位低下，扔美国让你知道什么是女权。中国的部分女性就是女权婊'
 '其实，套是为你自己买的，操多了就懂了'
 '不错啦！我大学一个月2500生活费！全存女朋友支付宝里！我每天的零用钱就是余额宝的1块钱利息！！！'
 '还有一块钱的套套？你不知道去社区拿是免费的吗？'
 '2500有一块的利息你还想要求撒'
 '如果是工薪家庭，针对性地节源是有必要的，该花的花，不该花的尽量少花。。。。。。毕竟现在房子孩子多贵啊。。。。'
 '没钱的男人怎么管？'
 '出差提前回来，保安看见我回来，高高兴兴给我打招呼： 大哥，回来了？你等等啊，小区好像车位满了！没事，我给你想想办法！ 保安拿手机发了条信息，一会儿开出去辆奥迪： 快进去吧，大哥，还是你经常停的车位！ 怪不得老婆总是给小区保安送烟送酒，和小区保安混熟了就是好啊！哈哈哈！'
 '再补补还能用'
 '哈哈！跟我媳妇一个样，而且我一个月还得给她钱！'
 '不是女人没有家暴，而是男人被打了怎么去报警？警察会吊你？'
 '已婚女人偷吃的比例更高'
 '所以结论很明显，女人管钱并不是为了家庭共同利益最大化，只是她们想自己管而已，原因为啥就不明说了，大家心里都有数。'
 '我老婆属于土肥圆那种😂😂，而且她连微信都不怎么会用[喷水]'
 '有一天老婆在纸上写了一大堆数据，然后跟我说：“你看，每个月供房、供车、柴米油盐、水电费、孩子的花费……你的工资就这样没了。”我：“那你的工资呢？”她：“我的工资关你什么事！”'
 '你不也才局长😂'
 '傻瓜才像标题说的'
 '克扣男人的零花钱就是家暴！反对家暴！
 '本人24岁，每月工资7000+，一分零花钱没有，工资卡都在老婆那里……应酬基本没有……你们说我是不是很失败。'
 '那一毛的还有嘛
 '最惨的参考王八强，自己挣钱都给老婆，结果替别人养孩子！'
 '平等原则上自己赚的归自己管理，'
 '我每个月生活费才2k。。。
 '自己留着'
 '哈哈'
 '而且现在一个男的出轨不都是最少有一个女的配合吗，要不就是搞基了，所以说男的偷吃的多的人是怎么想的？？？'
 '你们抽的都好贵'
 '家里是我管钱，老婆都不管😭'
 '多少零用钱算正常得看你们家除去必要开支（房贷车贷基本生活费）之外还剩多少'</comments><comments_num>4695</comments_num></doc>