<?xml version='1.0' encoding='utf-8'?>
<doc><source>NetEase</source><id>28581</id><url>http://news.163.com/17/1208/13/D54U9A3S000187VE.html</url><title>保安路遇小偷挺身阻拦 2岁外孙被小偷驾车碾压致死</title><datetime>2017-12-08 13:27</datetime><body>

                    （原标题：杭州五旬保安路遇小偷挺身阻拦，2岁外孙被小偷驾车碾压致死）
                
从一个月前到现在，杭州的宋大伯一家始终笼罩在悲伤的阴霾中。11月11日，56岁的他骑着电动车带外孙在西湖区西园路灯彩街路口碰到一个偷车贼，宋大伯挺身而出想拦下他，没想到小偷驾着三轮车撞了上来，两岁的外孙晨晨被摔在地上。紧接着，三轮车从孩子身上轧了过去！两岁的晨晨被送到医院后几乎已没有心跳，没能救回来。宋大伯是某写字楼保安。当天10点多，他骑车带着外孙行驶在西园路灯彩街路口的非机动车道上，有个大姐告诉他，前面有个骑三轮车的是小偷，车上放的电动车是偷来的。宋大伯追上去，想把对方拦下，“我的车子在他前面，他的车子在我后面，我说师傅你停一下。”没想到，男子直接撞了上来，三轮车撞到宋大伯的电动车后部，“外孙摔出去了，三轮车从他身上轧过……嘴巴里迸出来的全是血，我抱着他喊救命，好心人把我们带上车送到医院。”事发后10小时，宋大伯准备拦下的那名男子被公安机关抓获。记者从西湖区公安分局了解到，他确实是小偷，案件仍在侦办。12月8日上午，记者来到宋大伯家。客厅里，外孙的满月照还挂在墙上，电视柜上摆着奥特曼、积木和一些照片。“都是他的玩具，他和哥哥会一起玩，现在弟弟不见了，哥哥也不玩了。”晨晨妈说。在一段电视台采访视频中，宋大伯不住用手擦泪水：“我对得起女儿吗？对得起亲家公、亲家母吗？好好一个人，带出去就没有了……他接过来没几天。”肇事三轮车



晨晨妈说，上周得知嫌疑人的三轮车被派出所查扣，几乎半个月没出门的晨晨妈赶到派出所，“这不是普通的送快递三轮车，像工地拉建材的大型三轮车，晨晨才25个月……”“这个事情该怎么说呢？”晨晨外婆看了一眼宋师傅：“小偷是抓到了，可吃亏的是我们呀，一个人没了。”宋师傅低头不语。晨晨妈接话：“我们不怪爸爸，这不是爸爸的责任，是小偷太凶残！镇村干部说在帮我们申报见义勇为，这也是对我爸爸的肯定吧，至少让大家知道爸爸做得没错，也算是给晨晨一个交代。”


 本文来源：杭州日报  
责任编辑：张宪超_NN9310 
</body><comments> '死刑！严刑峻法！'
 '气愤！太凶残了'
 '恶性杀人，希望严惩'
 '判那畜生死刑'
 '好人一生平安，这个小偷行径如此恶劣该盼死刑吧'
 '不是自己的事情不要管 这社会好人不一定有好报'
 '保证这保证那，肯定就没人出手.想很多的人一般都不会出手，出手的都是灵魂的反应，而不是大脑的反应'
 '死刑立即执行吧，这种社会败类死一个少一个'
 '小偷死刑，必须死刑'
 '这个保安好样的，必须上感动中国啊。看看现在央屎选的那些感动中国都啥玩意'
 '人好！孩子无辜！真正应该执法的，出来走两步？惨痛教训，提醒我们，预想见义勇为，一定先要看好家人亲友及周边人物，实力相当或最好有把握再出手，保存自己，消灭敌人，穷寇莫追，缓而图之。愿可怜的孩子一路走好，受害者家庭早日恢复，杀人者直接赔到倾家荡产，并判死刑立即执行！'
 '真是特么的…什么世道'
 '唉，如果是小偷死了就好，但如果真的是小偷死了，免不了又是多少十万的赔偿。'
 '毙了吧 留着也祸害社会'
 '唉，大爷心里上的煎熬，这辈子是很难过的去了。希望好人一生平安。
 '心疼宋大伯一家！好人应该要有好报的[大哭]'
 '拿电瓶车去拦那重型三轮车，还带着两岁的孩子！愚蠢！'
 '他妈的，必须死刑，最好现场直播'
 '然并卵，小偷不会被判死刑的你们信不信'
 '南京人的思路果然非同一般[喷水]'
 '尼玛的，什么世道，这得枪毙'
 '好人流血又流泪了做什么事都要先保护好自己'
 '好人平安'
'唉 大爷 要被家人恨一辈子'
 '事实说明犯罪分子是毫无人性的人渣。那些说小偷可怜的也不得好死。'
 '一看就是个新闻联播看多了的傻子
'杀人放火金腰带，修路架桥无尸骸'
 '很难定故意杀人，但可以定故意伤害致死。'
 '小偷不会死刑，可能会15-无期'
 '保安绝大部分都是狗眼看人低的，本份正常的保安是很少的，一个月薪2000的神气个啥？小区门口的，公司门口的那些保安都是一个叼样'
 '看他女儿那番话，女婿和他女儿长不了……
 '但愿你和你的亲属一辈子别遇见危险事情'
 '小偷和强盗没啥区别。'
 '枪毙'
 '见义勇为赞个。但作为爷爷，你考虑你的责任了吗。严惩小偷'
 '枪毙
 '就比我儿子大了两个月，好可怜的宝宝啊，心态父母啊。'
 '小偷太桑心病狂了，死刑吧，活着都是浪费粮食。'
 '见义勇为，但以后倍感煎熬，挺住。'
 '哎，有时候见义勇为也要看看形式，带这个2岁的小孩去拦小偷，即使不能预见这样的结果，应该也能想到突发意外会对小孩造成伤害的！'
 '小偷该千刀万剐！'
 '为什么一出这种事情，一些公知第一时间会选择给小偷开脱呢？'
 '小偷真的很可恶的。就像咱南宁那位喜欢在里面的感觉[微笑]'
 '不值得'
 '祝天下小偷天天光顾你家！'
 '凭什么鼓动手无寸铁的百姓见义勇为?JC在干嘛?这在国外严重违法'
 '枪毙🔫'
 '应该判那个小偷增加一个故意杀人罪'
 '小偷故意杀人罪，死刑，'
 '必须抓住那个小偷，不然警察就不要干了'
 '严惩凶手！不得好死。'
 '大爷好样的！可惜了小孩子。送上祝福吧，好人一生平安'
 '这小偷算不算故意杀人？法院会怎么判？'
 '保安没做错，谁能想到小偷还能这么凶残？'
 '判他死刑'
 '如果这种事发生在农村，这小偷估计也会跟着去，因为派出所比较远，没人报案谁知道，我们那有两个偷牛的被抓，手脚筋都被挑了打了半死才报案，后面全村人筹钱给他治病，一户也就几十块钱'
 '见义勇为成本太高，所以……大家懂的'
 '唉，老人估计心里能难受一辈子'
 '怎么对得起女儿女婿'
 '这小偷算不算故意杀人？
 '好人没好报，中国几千年的仁义礼孝，这几十年全没了'
'为了捉贼，可以不顾及外孙的安全？'
 '在鸡国你敢做好事做出头鸟？他们这么多年的教育就是要我们做温顺的绵羊，这样才不会有刺头跳出来跟牠们对着干'
 '被偷的大妈笑而不语，心想：是你活该，不关我的事。'
 '故意杀人！必须死刑！'
 '你帮它们披什么衣服？人治啊！强迫狗子穿上衣服学人走路是害狗知道吗？
 '心是善的，行为是愚蠢的，不应该提倡！'
 '江歌案件，这个大爷的案件…告诉我们，真的不要多管闲事… 见义勇为…首先要有能力…'
 '正是制度的不公，才时作恶的人越恶！反正作恶的代价低！为什么制度不公（为了给体制内的人留一个退路）……'
 '死刑吧'
 '这事告诉我们碰到坏人还是打110吧！须然打了不知有没有用但也过了自己良心这关'
 '打他你犯法的知道不'
 '智呢'
 '见义勇为，见义智为，不是头脑发热，盲目冲动'
 '嗯，什么时候都有丑恶，但绝无现在丑恶。多读史就会发现，古时断案以当代的法律为主（宪法），其他时候大都为官员主观判断，若无贪腐现象，大都顺从民意，只是轻重的差别。像这种讹钱的，你觉得他会怎么判？'
 '大爷是位好大爷，孙女离去真是万分可惜，希望儿女不要怨恨老人家吧。犯罪分子一定要绳之以法。
 '吃饱撑着了'
 '如果保安杀了这个小偷，小偷那一家杂种会不会讹上这位保安师傅'
 '可怜孩子啊'
 '都说了，不要多管闲事儿，不要多管闲事！为什么不听？'
'这要是不判死刑绝逼有问题'
 '现在小偷跟特么土匪似的，还拉帮结派的，惹都不敢惹'
 '说得对啊，笑贫不笑娼，想着都可笑，公平二字从来不曾出现！
'多多补偿吧  否则心寒'
 '希望孩子父母别怪他'
 '一花一世界，一叶一佛佗!究竟是什么意思呢?他是在告诉我们任何一个物质都是一个世界一个宇宙!组成这个物质的物质都是完全相同的!比如一片树叶由十个细胞组成，我们说十个细胞是一片树叶!再比如这十个细胞中的一个细胞由十个原子组成，那么我们可以说一百个原子组成了这片树叶，也就是说这片树叶是一百个原子!再比如该树叶的一百个原子中的一个原子是由十个中子组成，那么我们可以说这片树叶是由一千个中子组成，一千个中子组成了这片树叶!以此类推至各基本原子!我就不一一举例了，自己想象去!!因此我们可以说这片树叶是电子，是中子，是原子等等!哪个物质不是如此呢?'
 '妈的，什么人都有'
 '帮助别人或制止犯罪之前，先考虑自己和家人的安全。否则，你死了没有人感谢你。这样的话很冷心是吗，只能说这是好人没有好报的国家。孩子走好。'
 '唉……'
'估计女婿一家都恨死他了'
 '这大爷以后的日子怎么过？内心要有多么内疚自责痛苦'
 '抓住小偷凌迟处死！'
 '我只想知道这种偷东西还故意伤害杀人的法律怎么判。'
 '这种小偷该死刑。'
 '这才是最好的保安！！！'
 '闲来无事！闲的蛋疼！没事找事！'
 '那小偷直接满门抄斩吧'
 '罪不容诛'
 '和谐盛世啊！'
 '杀了这个小偷'
 '可伶的孩子啊，好人没好报，还是不能多管闲事'
 '故意杀人'
 '这种新闻竟无跟贴？！！娱乐贴大把跟！！这世道…'
 '保安尽职尽责，后续抚恤要跟上'
 '带外孙拦小偷有毛病阿，报警最合适'
 '希望好人一生平安，一定要严惩凶手。'
'故意杀人'
 '我经常提醒大家，中国治安全世界最好！'
 '作奸犯科，为非作歹，梁上君子，偷鸡摸狗，这些成语是现代人创造的吗'
 '追小偷，小偷没车撞死了，见义勇为的被索赔60万，现在小偷把见义勇为的人撞死了怎么说
 '然后这辈子怎么面对女儿呢？！别扯什么灵魂，说反应我倒也认同。'
 '没看以前记者举报死了多少'
 '说一说你的看法。'
 '凭什么鼓动手无寸铁的百姓见义勇为?JC在干嘛?这在国外严重违法
 '你带着个孩子，遇到任何事情首先应该先考虑到孩子的安全。这才是真正的负责任'
 '遇到小偷，你把他打伤了，防卫过当，赔偿坐牢。你拿捏着，想不打伤他，结果你死定了。所以说，见到这些，闪开！留给警察！事不关己高高挂起。'
 '人不管在那个阶层，那个行业都有心底正直无私的。只是现在世道变了罢了。'
'好人啊，做好事没好报，这就是中国'
 '什么世道啊'
 '可惜了…'
 '带2岁孙子多管闲事，判断错误，做好事要做力所能及的！'
'不在其位不谋其政。这下好了，小偷倒了八辈子霉，保安不要说了，家里人饶不了他。哎，何必呢'
 '抓到就好，重判，坐足十年牢'
 '这就是这个社会好人越来越少的原因，代价太大了'
 '严惩凶手！'
 '这个国家如果不出面作为的话，社会百姓心真的会凉了！'
 '我不觉得，以前地铁上碰到一老太被割钱包，狂喊抓小偷。那货掏刀子就捅，拿包就往死里砸，当时揣在背包边的玻璃杯就碎了。那杂种跟疯狗一样，我们抓他的几个也没手软，皮带抽出来就勒他，差点勒死他。到站后倒是他妈的警察操蛋，说涉嫌伤害，我日了他先人的。问完口供，罚了二百。虽然那老太再感谢我们几个，但是从眼神中也看出来，她也粘上官司了。唉，艹特妈的人性。'
 '😞😞😞😞😞😞'
 '两家人一生的痛。'
 '今天12月8号了，没有后续还是忘了写后续？'
'两岁的孩子，想想都心酸'
 '没法看，心疼死了'
 '我经常提醒大家，出门别多管闲事，，这下好了，拿什么脸面对他的女儿！'
'保安还以为是公安呢？如果是公安就是烈士，享受国家烈士抚恤金，儿女还可以特招进入警察队伍。小偷'
 '这就是故意杀人
 '好人一生平安，我们为大爷点赞'
'人有点正义感，再加上是个保安。算了，这国家好人没好报，是先照顾家人要紧'
 '英雄！'
 '故意杀人。。。。'
 '死刑'
 '违法成本低，维护权限成本贵，这就是中国。投机的人都挤破了脑袋'
 '以车拦车，本身就很危险。'
 '愿宝宝一路走好'
 '民智开了 官智关了'
 '太猖獗了。窃贼必须判死刑，两个都判死刑'
 '保安没做错，谁能想到小偷还会这么凶残。
 '打不过大的 打小的 你是人吗
 '这就是故意杀人，建议死刑！'
 '有卵用，狗急跳墙，慌不择路，自己作，没本事装什么圣人，女儿儿子，嘴上不怪，心里恨，，，'
 '必须枪毙'
 '故意杀人，不死也无期'
 '故意杀人！死刑！'
'……不知道说什么'
 '這樣的小偷可以抓住往死裏打'
 '见义勇为更要见义智为，大爷的心是善的，但行为是愚蠢的，不应该提倡'
 '没别的意思，我只想知道中国的法律会怎么判这个小偷，希望网易可以再继续报道
 '带着孩子你说你冲动什么呢？那小偷总会受到惩罚的'
 '就算是要见义勇为也要在确保自己不受伤害的情况下。'
 '见义勇为更要见义智为'
 '如果真是小偷应该判死刑'
 '能对肇事者千刀万剐的时候叫上我[暴怒]'
 '哎，什么世道。还有一种情况在见义勇为过程中，受伤的是小偷或者小偷死了。好人反而要赔偿了。'
 '有时候你会觉得，凌迟，炮烙这种酷刑还是有必要存在的'
 '你先了解法治和法制的区别再喷。'
 '带着孩子千万别见义勇为什么的，君子不立危墙'
 '现在中国的保安 要么是老弱病残 要么是黑社会打手 真能尽到保安职责的太少了'
 '好人，可惜了孩子。一定要严惩凶手。
 '娃娃妈也是好人  愿这家人以后平安 幸福'
 '当好人成本太高'
 '应该给那个畜生小偷判死刑'
'小偷死刑吧'
 '这个事情让人心酸，为什么不将孙子放到安全地方再去斗歹徒呢？现在说什么也晚了。节哀吧，注意保护好自己身体，别让自已也忧急内疚致病。你会得到别人尊重的。'
 '不鼓励这样的行为，没有顾及小孩的安全。'
 '家里也不能少埋怨这老头'
 '大爷热血沸腾，哪里顾得上两岁的小外孙'
 '挺住'
 '你该庆幸小偷没摔倒，不然残疾了你养他一辈子。'
 '这不该是死刑吗？'
 '见义勇为成本太高，如果小孩没事，也有可能是小偷带的凶器伤人。'
'唉，心酸'
 '这带孩子的人都是晕头晕脑的晕蛋，从来没有谁把孩子放在第一位的。也就孩子妈勉强。'
 '小编，帮忙发起下捐款，我想帮助他
 '先保证两岁外孙的安全，再捉贼'
'行为值得褒扬，后果难以预计'
 '农民种田，老师教书，天经地义。抓罪犯，是警察的事。见义勇为不应该提倡，都被灌输洗脑了。各尽各责最合理，罪犯由警察去管，千万别越俎代苞！人身安全有个“三不伤害”原则，即：不伤害自己，不伤害他人，不被他人伤害！'
 '啥世道！简直，都是金钱惹的祸！让一部分，人福起来。造就的。'
 '好人没好报啊，可怜的大爷'</comments><comments_num>4098</comments_num></doc>