<?xml version='1.0' encoding='utf-8'?>
<doc><source>NetEase</source><id>44357</id><url>http://news.163.com/17/1208/12/D54R3CJ9000187V9.html</url><title>朝通过俄向美传话！希望同美直接对话寻求安全保证</title><datetime>2017-12-08 12:21</datetime><body>

                    （原标题：刚刚，朝鲜通过俄向美传话！希望直接对话，寻求安全保证）
                
英国《卫报》报道截图【环球网报道】“朝鲜希望同美国直接对话”，俄罗斯外交部长拉夫罗夫7日在维也纳出席会议之便向美国国务卿蒂勒森转达了朝鲜的要求，蒂勒森没有立即就此作出回应。英国《卫报》12月8日报道称，俄罗斯外交部长拉夫罗夫向美国国务卿蒂勒森转达了朝鲜方面的信息称，朝鲜同美国就“核僵局”进行“直接对话”的大门是打开的，并且向华盛顿寻求安全保证。



拉夫罗夫表示，朝鲜首先希望与美国就其安全保证问题进行对话。拉夫罗夫称，我们已经准备好支持此类对话，并准备好促成对话。报道称，拉夫罗夫还表示，我们的美国同事(包括蒂勒森)都听到了这一明显的对话提议。不过，美国务卿蒂勒森并没有当场就此作出回应。


 本文来源：环球时报-环球网 。更多精彩，请登录环球网 http://www.huanqiu.com 
责任编辑：张宪超_NN9310 
</body><comments /><comments_num>62</comments_num></doc>