<?xml version='1.0' encoding='utf-8'?>
<doc><source>NetEase</source><id>30388</id><url>http://news.163.com/17/1208/14/D552CS100001875P.html</url><title>汤臣一品豪宅"白菜价"5014万起拍 主人曾涉案400亿</title><datetime>2017-12-08 14:46</datetime><body>

                    （原标题：汤臣一品豪宅“白菜价”起拍5014万！幕后主人曾涉案400亿）
                
陆家嘴，黄浦江畔，有一个楼盘，在上海滩可谓无人不知无人不晓，在全国也大有名气。早在2006年8月，汤臣一品单套公寓总价1.3亿元，均价超过13万元／平方米，创下当时国内公寓成交价格的最高纪录。今年10月30日，上海汤臣一品A栋35楼网签，总价2.05亿，面积597平方米，单价达34.3万元/平方米，再破上海房价纪录。而诸多名人的入住，让这个楼盘更是名声在外。目前，在二手房交易平台上，汤臣一品的房价高则30万元/平米，低的也要18万/平米，而且，因为该楼盘都为600、700平米的大户型豪华公寓，总价都多在1.2亿-2亿之间。▲图片来源：某二手房交易平台但最近，一套汤臣一品的房子被放到网上拍卖，起拍价“仅仅”只有5014万，不到市场价格的一半！每日经济新闻（微信号：nbdnews）记者查证发现，这套豪宅的原主人并非网传的“宁波敢死队队长”、“私募一哥”徐翔，而是“中晋系”曾经的实际控制人徐勤。据央视2016年报道，中晋系庞氏骗局总共涉及2.5万人，非法吸纳资金约400亿元。为了扩大集资，徐勤在上海设立了220多家企业，许以投资者超高收益率。为了维持庞氏骗局，徐勤每个月“左手倒右手”补贴子公司的开支就高达1.5亿元。汤臣一品一套房产将进行司法拍卖起拍价“仅”5014万12月1日，人民法院诉讼资产网发布了一则拍卖公告。公告称：浙江省宁波市鄞州区人民法院将于2018年1月4日10时至2018年1月5日10时止（延时的除外）在浙江省宁波市鄞州区人民法院淘宝网司法拍卖网络平台上进行公开拍卖活动。拍卖标的：位于上海市浦东新区花园石桥路28弄3号3601室的房地产【包括室内固定装修】。起拍价：5014万元，保证金：800万元，增价幅度：20万元。▲图片来源：人民法院诉讼资产网上海市浦东新区花园石桥路28弄，正是汤臣一品的所在地。每日经济新闻记者还发现，目前，该房产已经挂在了淘宝司法拍卖网上。▲图片来源： 淘宝司法拍卖网司法拍卖公告还表示，有意向竞买者可以咨询、看样：咨询时间为工作日期间，看样时间为2018年1月3日上午9：30时-10：30时，有意者请提前一天（遇节假日，向前顺延一天）与本院（浙江省宁波市鄞州区人民法院）联系。</body><comments>确实需要想象力!'
 '你说这些他们不听，一楼这sb我都懒得骂他了'
 '名字叫得真瘠薄恶俗： 汤沉，还一品'
 '戏法水之深、隐藏之广
 '白菜好贵 茶叶蛋好贵!'
'那只是起拍价，后继每加一次加价估计都是50万起，最后拍到什么样的天价，天知道！'
 '市场价是1.2亿。'
 '用一房子的钱换一套房子，确实没毛病'
 '。。'
 '这个要看跟谁比了！比如说*****'
不是成交价.'
'品，福差距已经达到，老，梅的几倍了。后果，可想而知！'
 '网签防查封，一个注销的事，小编别搞事'
 '最近又听说了一句话，限制你想象力的不是贫穷，是智商'
 '反正我见过汤臣一品的广告，楼下就是范冰冰...
 '春江水暖李先知'
 '这白菜有点不便宜😊'
 '邻居都是二个亿。你说是不是白菜价'
 '看到你还活着我很欣慰'
 '一颗好大的白菜。'
 '贫穷限制了我的想象力。'
 '不会是你吧？'
 '汤臣一品是李嘉诚的吗？'
 '等着高价接盘着'
 '5000万只是起拍价，要看最后竞拍成交价，这标题哗众取宠了'
 '买早了 不知道我的邻居是谁？'
 '一花一世界，一叶一佛佗!究竟是什么意思呢?他是在告诉我们任何一个物质都是一个世界一个宇宙!组成这个物质的物质都是完全相同的!比如一片树叶由十个细胞组成，我们说十个细胞是一片树叶!再比如这十个细胞中的一个细胞由十个原子组成，那么我们可以说一百个原子组成了这片树叶，也就是说这片树叶是一百个原子!再比如该树叶的一百个原子中的一个原子是由十个中子组成，那么我们可以说这片树叶是由一千个中子组成，一千个中子组成了这片树叶!以此类推至各基本原子!我就不一一举例了，自己想象去!!因此我们可以说这片树叶是电子，是中子，是原子等等!哪个物质不是如此呢?'
 '单价5000多万叫白菜价，贫穷限制了我的想象力。'
 '为剥离工行天量不良资产，帼家设立了专门的公司承接处置工行等的不良资产，可是
 '可以这样认为了。这有啥穷的想象力，真正恐怖的是一个不起眼小公司买了李嘉诚的物业，400多亿啊。'
 '一年后一颗白菜5000万，没毛病
 '物以类聚'
 '都白菜价拍卖了，这就是我不买的原因'
 '是起拍价
 '和汤成倍健是什么关系？'
购买工行不良资产的钱不是天上掉下来的，全是佰姓的桖汗钱啊。工行既得俐益集团的高收入、高福利都是广大储#户佰姓送的
 '听个大神说，以后大家只能买的起房子[大笑]'
'工商局呢？工商局是管什么的？搞不懂这样的公司这么多，还能赚到这么多钱。'
 '人家能买的起这房子，随随便便一个地方估计都有房子，不用这样假设'
 '可以认为这楼盘降价5000万，周边二手房吓死了'
 '呵呵呵呵:'
 '你图他利息，他图你本金'</comments><comments_num>1419</comments_num></doc>