<?xml version='1.0' encoding='utf-8'?>
<doc><source>NetEase</source><id>41891</id><url>http://news.163.com/17/1208/00/D53G6V3B00018AOQ.html</url><title>记者被打事件追踪:涉事医院仍在收取较高停尸费</title><datetime>2017-12-08 00:00</datetime><body>

                    （原标题：陕西记者被打事件追踪：涉事医院较高停尸收费标准仍在执行）
                
新华社西安12月7日电12月4日，陕西广播电视台一名记者在西安市周至县人民医院采访时遭院方多名工作人员殴打。目前，当地公安部门侦办案件调查过程中，已对1名涉案人员行政拘留，12名涉案人员刑事拘留。然而，网络上对媒体所报道的周至县人民医院“天价停尸费”一事仍有争议。7日，陕西省物价局相关负责人独家回应新华社“中国网事”记者称，周至县人民医院所谓的“150元/天的尸体冷藏柜存放收费标准”涉嫌违规。记者采访遭阻拦殴打并被关进太平间2015年11月19日，产妇喻娜娜在周至县人民医院（以下简称周至县医院）生下一名男婴后不幸去世。家属认为，医院在产妇死亡一事中存在过错，并将其诉诸法院。今年7月，西安市中级人民法院作出二审判决，判定周至县医院赔偿死者家属49．38万元人民币。随后经法院强制执行，家属拿到了这笔赔款。然而，当家属去医院打算取走产妇遗体安葬时，却被院方告知，要缴纳每日150元、总计10.2万元的尸体存放费用。从今年11月27日开始，陕西广播电视台《都市热线》栏目开始关注周至县医院“天价停尸费”一事。周至县医院副院长毛亚卫说，经周至县卫计局协调，考虑到死者家属的实际情况，11月30日，死者丈夫王先律（化名）向医院缴纳1．5万元费用后，从太平间中取走了喻娜娜的遗体。11月30日晚8时，周至县医院通过其官方微信公众号刊出《关于“喻娜娜停尸费用”一事的声明》称，媒体报道中所说的二级医院每天20元的收费标准，应为停尸台停尸费用，“因医院多次告知家属拉回尸体，在家属多次拒绝后，医院本着人道主义精神，不能不对尸体进行专门的冷柜保存。因此保存的成本大幅增加。”同时，声明称，“我院认为个别媒体记者在报道的过程中，失去了一个媒体人最基本工作的道德准则。在没有采访到医院领导的情况下，片面听取了患者的诉求，就报道出了强烈的带有严重个人情感色彩的报道。”一直追踪报道此事的陕西广播电视台记者兰志涛（化名）说，他于12月4日前往周至县医院采访，在出示本人记者证及单位介绍信后，表示需要求证相关事宜，不料遭到周至县医院有关领导所指使的十余位年轻男子的殴打。随后，这些人又将他强行拖拽至保安室，并叫来太平间工作人员辛某共同对其拳打脚踢。兰志涛说，被打后，他又被强行拘禁在太平间内约20分钟，被放出后，对方叫来数人持手机对他拍照，还有人给他塞了2000元，让他“笑一笑”。涉事医院仍在执行原有收费标准12月5日晚，周至县公安局、卫计局等部门发布通报称，陕西广播电视台记者采访被阻拦殴打一事发生后，周至县委、县政府立即召集公安、卫计等相关部门成立专项调查组，就事件展开调查，对相关人员依法依规进行严肃处理。在初步调查基础上，周至公安部门5日对6名涉案人员行政拘留，6日晚，周至县公安局通过官方微博发布“周至县人民医院12．4案件”进展通报，称“除昨天对涉案的6名当事人行政拘留外，随着专案侦查工作不断地深入，现案件取得重大突破。12月6日，涉案当事人庞某（县人民医院保卫科科长，男，49岁）、王某（保安，男，50岁）和孙某（县人民医院监控室管理员，男，28岁）因涉嫌非法拘禁已被刑事拘留。”7日晚，周至县公安局再度发布案件通报，称周至县人民医院院长李某某、原副院长刘某某及医院保安李某、张某某等4人涉嫌非法拘禁于今日（7日）被依法刑事拘留；同时，根据最新调查取证，5日行政拘留的6人中有5人因涉嫌非法拘禁已依法予以刑事拘留。截至目前，共有12名涉案人员被刑事拘留，1名涉案人员被行政拘留。目前，兰志涛正在西安交通大学第二附属医院急诊科住院治疗。“中国网事”记者了解到，除多处外伤之外，他还被初步诊断为腰椎骨裂。6日下午，毛亚卫在周至县医院向记者表示，县医院20元/天的停尸台停尸费用、150元/天的冷藏柜停尸费用“有规可依”，并向记者展示了周至县物价局今年8月出台的相关文件。他说，目前该院执行的也是这一标准。记者注意到，该院太平间门口张贴的正是这一标准。然而，喻娜娜死亡已两年有余，用今年8月才出台的文件标准计算此前的费用是否合适？对此，毛亚卫回应说：“今年有这么个文件，之前其实也是按这个标准执行的。”在周至县尚村镇神灵寺村，王先律家门前摆满花圈，正在为亡妻喻娜娜筹备葬礼。王先律说，这两天自己心里很乱，不想多说什么。但他可以肯定的是，自从妻子遗体送到太平间起，一直到今年二审胜诉之前，医院都没有就存尸费用问题和他商量过，也没有提醒过冷冻尸体的费用为150元/天。“这两年我没有从医院接回妻子的遗体，主要是因为案子没结束，害怕领回来了医院不认他们的责任，说不清了。”王先律说。陕西省物价局回应：医院做法欠妥周至县医院为二级甲等医院。按照陕西省物价局、原陕西省卫生厅印发的《陕西省医疗服务项目价格（2011版）》规定，二级医院尸体存放收费标准为每日最高限价20元。陕西省物价局相关负责人7日接受新华社记者采访时介绍，按照相关规定，医院太平间分医院自主管理和民政部门接管两类，参照不同的收费标准。如果涉事医院的太平间还没有被民政部门接管，则收费标准应严格按照最新修订的《陕西省城市公立医院医疗服务项目价格（2017版）》的相关规定执行，即二级医院尸体存放每天最高限价24元。这位负责人强调，无论是采取哪种方法存尸，都应该只有这一个标准，当地不应以“专门的冷藏柜保存”为由，出台另外的停尸收费标准。这位负责人介绍，即便是民政部门已经接管了涉事医院的太平间，那么按照西安市的相关规定，非正常死亡的逝者尸体存放费用，也应以4元/小时的标准计算。“这样算也只有96元/天，150元/天的标准显然不妥。”毛亚卫介绍，2011年医院在后勤保障方面进行了社会化改革。太平间工作具体由医院总务科负责，招聘社会人士进行日常管理。他拿出已被刑事拘留的太平间管理员辛某某今年5月的工资表说，太平间管理工作者都是医院聘用的，也不存在之前所谓将太平间承包给私人的情况。



记者查医院天价停尸费 遭人扒衣殴打关太平间侮辱从11月27日开始，陕西广播电视台《都市热线》栏目一直在持续关注周至县人民医院“天价停尸费”一事。而在昨天，记者再次前往周至县人民院进行采访时，竟遭到多人殴打，期间还被关进太平间数十分钟。记者查"天价停尸费"遭殴打:医院院长等12人被刑拘今天下午，陕西省西安市周至县公安局对外发布“12.4”记者被殴打案件最新通报。随着“12.4”专案调查取证工作继续不断深入，周至县人民医院院长李某某、原副院长刘某某及医院保安李某、张某某等4人涉嫌非法拘禁于今日被依法刑事拘留；同时，根据最新调查取证，12月5日行政拘留的6人中的王某某、宋某某、辛某某、安某某和姬某某等5名人员，因涉嫌非法拘禁已依法予以刑事拘留。


 本文来源：新华社新媒体专线  作者：姚友明 陈晨 冯国栋
责任编辑：李杭_BJS4645 
</body><comments>'这单位好像一行政执法单位'
'直接特警持枪进入'
 '医院殴打，非法拘禁记者不犯罪？藐视法律！'
 '你看我说的对吧，物价局这个锅根本不敢背，背了就要上央视'
 '医院后台牛逼'
 '奇葩事情太多，不该发生的事！！！杨正气刻不容缓！！！皇城根下的 河北一平民百姓遭遇医疗事故，按时下倡导的理性诉讼解决，因患者未同意医院赔偿1万元（不足首次治疗费1/6），结果受尽刁难、“愚弄”，两年多没有得到医院一分钱的退赔，一句话致歉，就连预交的诉讼费法院也退分毫（一审判决诉讼费全部由医院负担）。请搜索看《截然相反的医疗纠纷乌龙奇葩判决》'
 '活着都够累了，死了更累'
 '造成'
 '真没王法了，后台到底多硬'
 '江苏省人民医院管理混乱，心脏科李春坚陶正贤icu李金海草菅人命。我爸爸因为房颤肺部感染胸闷住进医院，进去医院不拍片，不做心脏B超，在白细胞高的情况下，赶在国庆前给我爸爸做支架，术后第五天肝血管破裂，肺部积液有2升。心脏科没及时转入急诊外科做介入止血，最后我爸在icu就是输血输球蛋白，一共花去31万多元。我爸都快走了，省人医这时才把呼吸科心脏科外科介入科等科室的人一期请来会诊。我们要病历医院也是拖着不给，医患中心工作人员说，医院不会改病历，这是犯法的，这么大的医院，有的是钱赔。'
 '医院能多收的一分钱绝不会少收一分'
 '现在死个人死不起，坟墓贵'
 '哈哈😊'
 '金币'
 '这个医院的院长还在继续吗'
 '为什么民政部门接管的停尸费反而高出四倍多？民政部门接管96一天，医院自营最高24一天。我们初步理解民政部门接管理应更便宜才是啊。难道这是个假的民政部门？'
 '一地鸡毛'
'如果判刑会被开除公职的，如果不判刑一般不会开除公职。'
 '以前不是天价停尸费吗？现在怎么变较高停尸费？'
 '非法拘禁刑事拘留，一下曝光出来，根本没想着去保他，没人敢
 '后门有靠山呗'
 '罚酒三杯'
'自己人调查自己人'
 '解释就是掩饰，周至医院真黑'
 '这个医院还无法无天了？估计送了不少好处给保护伞，当地一直默不作声'
 '20块钱能冷藏尸体，一年7300，100年73万，这个值!'
 '管财务分配呀'
 '无视国家，法律!支持国家加大力度反腐，让所有部门单位一心为民，爱民，敬民!'
 '医者仁心，江蘇省人民醫院Icu的一帮人从主任到下面的医生除了几个医生，都是沒有人性。icu曹全主任跟中大医院邱海波院長的差距不仅仅是医术，更重要的是医德。刚进icu，病人家属说曹全他不管病人的病情，而是关心病床的使用率，赶人走。我还將信将疑。我请邱海波來会诊的目的无非是推他们积极治疗。他问我请邱海波來解決什么问題，我说是救我爸命。直到邱海波要來的那天，他们才給我爸做增加CT，确诊病情，肝静脉血管破裂，血液冲入腹腔继发感染。如果立即做介入止血，我爸爸不会走的。他們就是拖。'
 'D在国前，接受国法之前一定要接受D纪处分。
 '这是县医院还是县流氓局啊？'
 '这是个什么样性质的医院，光天化日朗朗乾坤，无法无天了'
 '会不会是莆田'
 '这是医闹'
 '都是一家人，算了吧！'
 '后台很硬朗[惊讶]'
 '问个问题，公职人员被刑事拘留了是不是都会被免职'
 '中国的法律呢'
 '真是目无王法'
 '地头蛇'
 '哈哈哈哈，利益'
 '物价局只能判断合规或违规，欠妥算什么？
 '个人认为，这家医院的名字里。。。。不配有人民的字号'
 '问个问题，公职人员被刑事拘留了是不是都会被免职
 '白色医院明明黑，蓝色大褂装清白！'
 '这个收费标准上应该是多少呢？'
 '搞笑调查组还不是一伙人。'
 '这种刁民奸商不除，打起仗来就等着背后捅刀子吧'
 '敲诈勒索'
 '黑社会医院，真不敢想象这样的医院能给病人开出什么样的药…能治啥病…'
 '一查到底
 '据说当年三聚氰胺事件的官员出来后都升迁了呢'
 '有黑社会性质！
'所以说，医患关系能赖老百姓吗！'
 '还想怎样呢'
 '住院都住不起'
 '多好的生意。
 '判刑一般是双开，只拘留不影响。'
 '省电视台的人都敢打，你们也是6'
'西安官场腐败，民风剽悍，小偷和黑出租是特产...'
 '哪点反转了？看清楚再来喷'
 '谁给他那么大的底气'
 '关了'
 '看来这医院的势力很大很屌'
 '嗯嗯😊'
 '记者就是好啊    媒体可影响GG政绩看看搞的看起来处理的多正义，如果是一个平民百姓遇到这样的遭遇呢？~~~~'
 '跟贴被火星网友带走啦~'
 '中国移动私自扣费 一样缺德'
 '这些是从什么时候开始不'
 '说起讽刺社会，还是柏杨有水平。'
 '当地警察局局长副局长，卫生局，一定都有问题。没说的，一片贪官'
'物价局。。[窃笑][窃笑][窃笑]'
 '所以放出来还能干院长啊'
 '这样的医院多了、莆田诈骗医院不都活的很舒服'
 '周至县一直默默无闻，这回终于扬名了，感谢院长。县长笑了[大笑]
 '说白了，医院就是在保障后台领导的福利不缩水。。'
 '儿子写日记 :  夜深了，妈妈在打麻将，爸爸在上网……\xa0 \xa0\xa0 \xa0\xa0 \xa0\xa0\xa0 \xa0 爸爸检查时，很不满意地说 :  日记源于生活，但要高于生活 ！\xa0 \xa0 孩子马上修改为 :  夜深了，妈妈在赌钱，爸爸在网恋……\xa0 \xa0 爸爸更不满了，愤怒地说 :  看看中央电视台、官方报纸是怎样写的。一定要提倡正能量，以正面宣传为主！”\xa0 \xa0 孩子再修改为 :  夜深了，妈妈在研究经济，爸爸在研究互联网+生活……\xa0 \xa0 爸爸看后说，这还差不多，但深度不够，有待进一步提高！以后你长大了成了硕士研究生，你就知道应该这么写了：“妈妈在研究信息不对称状态下的动态博弈，爸爸在研究人工智能与情感供给侧的新兴组合。‘’\xa0 \xa0\xa0\xa0爸爸接着说，要是你打算成为博士，得这样写：‘’妈妈在研究复杂群体中多因素干扰及信息不对称状态下的新型囚徒困境博弈；爸爸研究的是：大数据视角下的六度空间理论在情感供给侧匹配中的创新与实践。”\xa0 \xa0两点感悟:\xa0 \xa0一、文化真的很可怕！\xa0 \xa0二、包装真的很重要！\xa0以前常说“没文化真可怕”，现在才知道“有文化更可怕”~~谨以此片献给有文化的人。'
 '交警队保存的车，收费标准，记者也去采访下'
 '所以……才是重点。'
 '为什么没人管？这是家黑社会医院吗？'
 '这个院长可以关起来了'
 '在我的印象中陕西人民不是挺老实纯朴的吗？哎╮(╯▽╰)╭看来再纯朴的人都被现在的腐败类份子给带坏了！
 '没有黑幕怎会阻止记者调查，打人关人'
 '猪糠在这些人眼里，屁都不算'
 '这医院可以啊，背景很硬，普通人别碰'
 '公有制单位不是腐败，就是低放，甚至不作为改革几十年，换汤不换药，不过就是薪酬反而不低😁'
 '这就从侧面反映了老百姓看病难，看病贵的问题！'
 '我的后台硬我怕谁'
 '免职？带薪休假？'
 '医院很乱 卫计委领导不力 问责
 '我们和谐的社会不可能有这种事，一定是谣言。'
 '人民的医院'
'你生活在什么样的社会？动画片？还是科幻片？小学没毕业吧？'
 '医院上级部门一点责任也没有'
 '现在不仅活不起，还死不起了'
 '医院的收入也是上交的'
 '从天价词到较高、看来红包已收了'
 '就这逼医院赶紧他妈一把火少了吧'
 '天价停尸费，天价停车费，都是谁给的权利'
 '所以医患矛盾就是这些人在推波助澜'
 '150一天，比酒店还贵！'
 '都是一丘之猡，你想多了'
 '奇葩'
 '欠妥就完了？'
 '看来医院并不像是弱势群体呀！'
 '这真是死都死不起，一天150以后要是有死了的还不如直接腐烂呢，要不死一次就倾家荡产'
 '这还不够反转？？之前大标题“天价”“十几万”多震撼、多抢眼球！——今儿变成高价了，还是存了两年……你去你家那殡仪馆问问，存冰柜一天得多少钱？爆出来为了正义？别逗了，只是润笔费、封口费没到位而已……不信，你去你那新闻霉体那去请人家为你的事报道，人家张口会要你多少赞助费？'
 '带正规手续的黑社会！！！
 '欠妥的意思就是还是有正确的地方，不是完全错误'
 '此医院的涉事人员太匪气了'
 '兰志涛也不是啥好东西，一个为了知名度把脸塞在裤裆里的烂货，记者一个求样子'
 '后面有大树，真怀念王大青天
 '这个医院够黑！'
'有一万个借口打压你， 农民收入低，才会有便宜的劳动力，否则，中国那里有竞争力？'
 '果然又反转了！——霉体鸡者果然能量巨大，把十几个人送去刑拘！——罪名十几个人打你？呵呵……十几个人打居然只受了点皮外伤？真身功夫，十八铜人转业的吧？不亏是无冕之王啊，确实牛逼！'
 '呵呵哒'
 '牛逼医院！'
 '院长贪心太大'
 'D内查看'
 '一天20块冷藏尸体，停车场停一天都比这要贵!'
 '这种发死人财的高价收费不是一天两天了吧？当地的主管部门从来就不知道吗？那他们管什么呢？
 '世界最大黑社会
 '哈哈哈哈，这脸抽的。'
 '问题是这些年来收的停尸费有没有上交国库。'
 '这是有多牛逼的后台，才猖狂到如此地步。'
 '呵呵😊'
 '无耻之极，监管部门形同虚设'
 '没错 绝对是米帝的阴毛 米帝亡X之心不死'
 '这个医院有问题。'
 '工农兵早就没人提了，现在变成了香喷喷的老鼠肉'
 '违规是个好词，不是违法'
 '把院长放太平间一个月'
 '能不能管？管不管得了？'
 '好的'
 '过几天院长就会官复原职！因为院长都不是善茬！背后的实力不能小觑！谁家不得病？谁家不想去大点的医院看病？谁家得大病不想转更好的医院？这些事都得求院长办理！办理这么多的事，谁不得给院长面子？想想吧，都是套路！无论是哪个城市还是县城，都一样！'
 '判不判刑要看公安机关出据具的伤残鉴定。考虑到社会舆论，现在的拘留只是非法拘禁。
 '没有后台，他敢这么作么'
'打的是记者要是打的老百姓咋办'
 '医院院长可以下岗了
'无法无天了'
 '医院是谁家的，你自己心中没点B数？'
 '这医院替代公安局的功能。'
 '人民医院就是搞人民的！美国从来没有一家单位挂人民牌子的！'
 '好奇，这碰到医闹会咋样？'
 '顶二楼！！！'
'这医院背后到底有什么势力支持'
 '这个牌匾也不合法，要露出来天际线'
 '就这么牛逼，咋的'
 '民政接手前是20元1天，即便是民政部门已经接管了涉事医院的太平间，那么按照西安市的相关规定，非正常死亡的逝者尸体存放费用，也应以4元/小时的标准计算。“这样算也只有96元/天，150元/天的标准显然不妥。
 '看背景，分阶层，小老百姓开除百分百'
 '中国的网民怎么这么容易被媒体控制？没有一点儿分析判断力……'
 '院长一定是不知情的，你看'
 '医院改监狱了！'
 '来神木停尸，掏的起算你牛，'
 '然，也。'
 '应该让这医院的暂时停业'
 '院长副院长都刑事拘留了，大快人心'
 '干什么都一样，没有老百姓养着他们怎么活'
 '王法？那都是给老百姓立的。你未成年？'
'别侮辱黑社会，日本的山口组也是黑社会'
'缺德医院无德医生'
 '[鄙视][鄙视]'
 '一天150块不贵了，168 速8 现在一天都要200到300块了，何况是停死人，还是医院🏥旺铺，良心价，我感觉不贵！
 '不想说'
 '华为SB'
 '后台很厉害啊'
 '现在都是用清洁能源不让烧煤了！怎么会社会黑？'
 '新华社都拿不下这活？
 '巡视组出来走两步'
 '强拆你家还跟你打官司？
 '新华书店二楼左转有'
 '呵呵'
 '停业整顿'
 '把医院院长、书记、分管后勤工作的副院长请到纪检委住宾馆包间食堂吃小灶去停尸费主动降下来了多收的还挨户退款，请耐心等待'
 '免职？去兵保车吧继续调查下去，上头肯定有人'
 '西安这个地方这些哈毛病多的很，尤其下面的县城，素质更不是一般差'
 '无耻不是两三天'
 '人家都跑到你家里来了，拆你的房子了你还在这里抱怨，你不觉得很搞笑吗，人首先要自救'
 '小小萤火岂能与日月争辉，我上面有很多人。'
 '这件事关医生什么事，觉得吃人医院的就不要去医院了，看病百度吧！把不要动不动就觉得社会欠你很多'
 '医院多交钱，民警帮你调解 各取所需'
 '太短，给你减1s'
 '管不了了？需要社会团体管管？'
 '中国对老百姓才有法律，对他们自己人没有法律，可以无法无天'
 '就拘留几个保安，玩啊'
 '所以，农民就该把农产品抬到相应的价位。别谈什么工农兵，都看钱说话'
 '这个院长李某某难道不需要坐牢还会继续做院长?
 '仅仅是违规吗'
 '一个院长就这么嚣张，上面没人我吃翔，明显丢兵保车，免职就行？跟罚酒3杯有区别吗？风声过后在复职？陕西，甘肃天下第一多贪官之地远远超过山西！'
 '如果你的确执行的是有据可依的标准，那为什么要打记者呢？当初拿出来给记者看不就可以了吗？'
 '一群SB屌丝被妓者牵着鼻子走'
 '昔日救死扶伤地，遍浸血污染铜臭'
 '这群王八蛋医院'
 '停尸费收入是医院入帐了还是小金库私分了 这个得说清楚'
 '后台??????'
 '那只是冰山一角而已'
 '哦哦😊'
 '别提黑社会---杜月笙还知道爱国呢'
 '傻逼，去了解了解同样的蔬菜冻库，看看成本。'
 '记着也敢打，绝了！活该被抓[大笑]'
 '外包了吗'
 '你太小看当地人民医院的院长了，这种职位不是随便谁都能干的，上上下下方方面面都有关系。'
 '分刑事和民事的吧？'
 '国家队应该出面了。欢迎国家队出场！鼓掌👏👏👏👏👏👏👏'
 '尽管都是共字山头上的队伍……，不给你面子的话，你的文件只是废纸，你的要求不如个屁！'
 '常州德安医院还关过两警方人员呢！'
 '这医院药丸，院长药丸'
 '恩，公立'
 '現在已經不怕無論了[微笑][微笑]'
 '将尸体遗弃在医院两年多，哎，要是有人把尸体遗弃在你家两年多你心里啥滋味'
 '不论你有理没理，打人不对，你是黑社会啊
 '搞懂庄家是谁:'
 '沒有
 '你猜'
 '有恃无恐！'
 '医院不是弱者吗？说这个话的出来走走
 '院长被刑事拘留了，看到了吗'
 '“法律和规定”在这个国家就是个可有可无的东西，打你了就是打你了，怎么样？爱哪儿告哪儿告去，我们医院不怕！存放费就是不按规定，你能咋地？'
 '事情越来越大耶'
 '水深的很[喷水][喷水][喷水]'
 '法律面前人畜平等'
 '这个公职，总感觉听起来他妈的别扭'
 '早就是如此了'
 '难道就没有王法了吗？'
 '人民医院的牌子换成吃人民医院。'
'医院不议价'
 '那以前多收的钱是不是得退出来？'
 '医生竞然打人不可礼遇'
 '后台没倒
 '法律是笑话'
 '医院24民政96凭什么'
 '休你先人！！！'
 '地头蛇啊'
 '唉～'
 '死之前杀几个人，也值了'
 '人家上面有人，你怎么报道都没用的。除非跟清朝一样，拦大官的桥子告状了。
 '那就不要去这家医院啊'
'霸气十足'
 '只是“欠妥”吗？'
 '哎，还和谐中国呢，倒霉的永远是老百姓.对这个国家已经彻底失望了.'
 '到最后还不是敷衍了事 这就是中国的社会'
 '民政部门一接手就涨价？这个部门是干嘛的？'
 '可笑的是后面人民医院四个大字'
 '都是黑社会'
 '49之后就这样。集团不散百姓没好。'
 '！这明显医院不服法院判决，所谓赔偿也赔了！但是我就是的让你认怂！我可以用我手中权利继续和你打官司！你能拿我怎么样，可惜没想到有记着调查！'
 '此地不属中国!'
 '人民医院，没看见呀！'
 '周至县医院就是屠宰场？！周至县物价局文件可以扺挡国家规定？！文件随时可岀，充分体现周至县委、县政府正确领导！'
 '黑社会性质，不是黑社会。仅仅是靠山强大些而已。'
 '天价是多少'
 '太乱了！'
 '666。为所欲为'
 '没有最黑！只有更黑！'
 '呵呵，就知道是这样了'
 '依靠县一级处理不会彻底，必须有上一级查办。'
'关键时刻监控都是坏的，是掩盖办案人员的犯罪行为。我儿子被人谋杀现场多处都有监控，烟台海阳市公安局的办案人员说，周围监控都不好用，不是没有主机就是坏了，案件在没有定性就将现场破坏，出假证，破坏被害人尸体，案发五天后我们早到公安局，在这五天内没有任何人告诉我们我儿子死亡，车辆和三部手机，工作包等都在现场，更加不能理的是在一起干活的多人也没有告诉我们，烟台海阳公安局办案人员，掩盖了整个案件真相，明是谋杀刑事案件却一直在治安大队处理，治安大队领导也说没有抓人的权利，但是也不移交刑警大队，治安大队也没有立刑事案件的权利，三年后给我们不立案通知书，我们有足够证据证明是谋杀案，凶手被后有重要人物在保护，案发时将凶手送望医院，而被害人一个小时后才被发现，没有得到及时救治，反而没有通知我们家人，直接往殡仪馆，在殡仪馆被害人多次遭到破坏。我们要求权威部门做尸检，但已是第五个年头了他们扣压尸体，不还给我们还不做尸检，我们要见一次还要经过海阳公安局同意，从精神上杀害我们俩位失独老人。'
 '这叫什么闹？'
 '而且，我同事父亲大多都是后面的康复花费。他们也不安排转院，也不推荐，就把人拖死就和他们没关系了。因为医院转院也有套路的，只能低级别向高级别转，不然他们不允许的。'
 '县级医院一般很屌的，在县域内基本被各种保护，市级医院想来分一杯羹很慢，除非有合作。'
 '医院不使劲收费怎么发工资交税'
'周至最近很火'
 '如果判刑会被开除公职的，如果不判刑一般不会开除公职。'
 '胆子这么大是谁给的。没有后台他敢吗？'
 '这可是支柱产业啊哪能那么随便就停了'
 '查也查了，曝光也曝光了，怎么样？你能颠覆我？咱可都是一个意识形态的，你能否定我！'
 '应该问责主管领导'
 '伦后台的重要性'
 '罚酒三杯吧'
 '医院牛逼的快上天了'
 '这下出名了！'
 '这些人的心都是什么长得'
 '换个部门 一样风光'
 '如果每天20一24元停尸费，尼玛连电费都不够。谁还做这吃力不讨好的事，医院太平间肯定全部关停。明显物价局怕引火烧身在为自己开脱！'
 '150停一天不贵吧，农村租个冰柜都不止这个价
 '真牛啊，不当回事啊'
 '物价局就是扰乱市场的元凶，定价不遵循市场规律，不对直接利害关系方进行听证，收钱办事的垃圾单位。'
 '让院长断死绝孙 医院责令拆除 这不行吗？必须严点'
 '黑社会啊'
 '把院长刑拘看他这个狗杂种还乱收费不？'
 '呵呵，特事也会特办'
 '背后势力不是一般强大啊！看来中央才能治啊
 '关闭医院是不可能的，最终的受伤的是患者。'
 '真是黑，啊！'
 '一般没后台的会降职成临时工待遇也会跟着降，且永不升迁，'
 '管不了了吧？结果不会让大多数人满意的，最后还不是逝者家属吃亏了事！'
 '人家有后台怕什么，'
'中国的记者想有正义，都得拿命换'
'每天20元是多少年前的标准了？你租个水晶棺多少钱？'
'为什么民政部门接管的收费标准就远远大于医院自管的了呢？'
 '免出和开除是不一样的。'
 '这就叫铁打的营盘流水的兵，换一茬又接茬上'
 '这医院头必有后台和官方关係，官位可能就是买来的。'
 '看来莆田医院又要被黑了'
 '哈哈，这脸打有，你奈我何嘛。'
 '这是藐视调查组，竟然还敢收费'
 '可恶
 '县长，县委书记，公安局长全部下岗。'
 '无法无天'
 '明目张胆'
 '百姓无权，只有哭骂。'
'有人查吗？查查太平间的收支情况．财务流向不就一目了然了吗？这笔资金不会在医院财务上！'
'没后台敢这样。 陕西牛上天了'
 '都刑拘了肯定要判刑'
 '茅台已经买好就等几天院长喝'
 '殡葬行业的利益链深远悠长，水深的很。'
 '150块一天冰柜停尸费应该不算天价，问题是储存了三年，医院还输了官司，输了官司就不应该收'
 '屁民，这个区在哪儿'
 '人民医院~'
 '医院可以直接把人送往太平间的冰棺中，这样最省事'
 '今年有这么个文件，其实以前也是按这个标准执行的！好，按照价格法，那今年8月份以前按这个标准收的就属于违规收费，首先要对违规收费退费，其次要进行处罚和相应的罚款！别的法律方面不说，物价局赶紧去，先组织退钱和进行处罚吧！而后公安机关该进行刑责追究，追究刑事责任！纪检检查一下他们的违法收费使用情况，该怎么处理怎么处理吧！'
 '我还能说什么呢'
 '嗯嗯啊啊的、我又没插你'
 '医院的保安好像都挺牛逼的'
 '顶风作案
 '监管呢？'
 '好！支持！威武！有希望了！'
 '华为定律，想洗白'
 '这院长终于被拘起来了'
 '这样猪脑人物咋当的院长呢？就这水平的人能领导好这个医院？'
 '说的好像别的地方有王法一样'
 '感冒为什么去医院？自己买药吃啊'
 '这次傻逼升了一层'
 '醉驾入刑'
 '正常啊，自古哪个被报道的人被处罚过？不要太天真了，现实分分钟让你不在怀疑人生！！！'
 '严打医闹'
 '牛逼的保护伞？'
 '问题就在这'
'法律摆设，转几个黑心钱，大不了关几年'
'这就是大部分患者不相信医院的原因，也是医患矛盾的原因。'
 '才解放多少年你们就这样，还是制度问题'
 '如我名'
 '黑社会医院，这家医院的服务水平可以向全县人民打听一下，垃圾医院，本地人都不愿意去的医院'
 '说些现实的话，现在哪家医院不黑？哪个记者没点个人心思？死者家属想勒索更多赔偿，记者想趁机给自己捞一笔，医院和其它医院一样，只是有气没法出而已。要想把罪责全怪在医院上，你是记者家属吧！'
 '越是小地方的人越无所畏惧，没有敬畏之心，感觉在自己的一亩三分地上，可以为所欲为'
 '都是自己人？怎么不服吗？'
 '二年？很简单 以前按以前价 后期按新规定价
 '看看不评。'
 '管不了吧。有希望了。
 '有些医院是用来赚钱的'
 '没人管啊'
 '果然是个好医院啊🏥'
 '难道莆田系已经入住了吗'
 '后台很硬。'
 '任何一个事件的发生，都应当有不同的声音……这次周至医院事件中，听不到一丝一毫医院的说法，难道不奇怪吗？现时期的新闻媒体，特别是陕西和西安的媒体，就这样具有公信力吗？……相比较一些无良的新闻人，我觉得医生更加让人尊敬。'
 '这在大陆是良心价。150？300才够分的。150估计是底下人一分拿不到。'
 '窥一斑而知全豹
 '有专家吗？'
'没事  过俩天我们就忘了'
 '睁开你的狗眼，它家属不拉走'
 '有保护伞'
 '只加人民两个字就是吃人'
 '定律就是那么厉害😁'
 '公有制单位不是腐败，就是低效，甚至不作为。改革几十年，换汤不换药，薪酬却不低
'周至县最近很黑啊'
 '把县主管领导抓起来，医院院长抓起来。看看谁敢胡来。'
 '不服判决所以挟尸要胁，是瞎子都能看出来。所以中国哪还有净土'
 '这简直是黑社会呀'
 '对于采访曝光这种事，还不能明着来，你看央视315那次不是偷着来的'
 '恐怖'
 '你奈我何'
 '非常不和谐'
 '周至很黑的，就这现状'
 '你没听过的事多了，难道都是不正确的么'
 '现在赚钱死人也不放过'
 '个人感觉150元每天的费用不算太夸张。一般人去世在殡仪馆顶多冷藏3天就火化了。这位死者是冷冻了时间比较久。自己的亲人也有去世的，但从来没有听说过有20块一天的价格。'
 '县里的主要收入来源，能给倒吗，'
 '后台真硬，后面一定有贪官污吏'
 '黑社会老大！'
 '当地黑社会有保护伞，你懂的'
 '医院、国企的社会化改革，导致这些行业改革的部分已经被某些人掌控了，成为了法律的边缘区，因为他们就是执法者。腐败，恶黑势力由此而生，国家政策是好的，忽略了人性的贪婪，早知道，一旦纯利润是成本的几倍，眼睛就红了，心就黑了。'
 '人民医院为人民币着想，好，支持，威武，有希望了'
 '脑子尬舞尬抽了'
 '这个医完，应该叫黑衣魔鬼。'
 '赶紧抓吧！！我们县城那个医院太乱了！！！'
 '真是死要钱！'
 '法律呢？法律请露个面。'
 '县长书记停尸房办公一个月，不准出门，交完停尸费再出来处理这事！'
 '敢打就敢收怕你个芽儿，有后台！'
 '感觉和好多年前的渤海漏油事件的那个公司差不多，，，，，'
 '所有医院的停尸间都是外包的，明明只可以停一天的，莫名其妙的要求七天以上。四川华西医院就是这样的。'
 '今晚不醉不归'
 '记者曝光都没有用，还在收天价费用，这地方肯定被美的渗透了，这是美的的阴谋😤
 '那个每天20元或24元的标准不合理吧
 '把医院封了
 '管啥管？上面有人呗。'
 '败诉赔钱，停尸费是直接损失，应该由医院承担。'
 '这一定是私人医院！'
 '医院可以关押人啊？怎么处罚医院呢？'
直到10月12日我请来中大医院邱海波副院长会诊，他们才给我爸做了增强CT。我请邱海波來会诊的目的就是想是推动他们积极治疗。他问我请邱海波來解決什么问題，我说是救我爸命。增加CT，确诊病情，肝静脉血管破裂，血液冲入腹腔继发感染。如果立即做介入止血，我爸爸不会走的。'
 '违法和犯罪的区别'
 '罚毛线，哪儿凉快哪儿耍去'
 '看来后台很硬啊[不屑][不屑][不屑]'
 '法律，已经失去尊严。'
 '你再闹?直接叫警察抓你！'
 '当你走投无路的时候还有一条路可走，那就是犯罪，记住，这并不可耻'
 '另外，人死了这么长时间，有争议就把尸体放在医院里，医院怎么办？免费存放吗？以后凡事有争议，人人都这么做，医院还怎么办下去？媒体为什么不听听院方的声音，而是一开始就将医院定义在对立方，认定死者家属就是所谓的弱势方？并且到现在舆论上都是一边倒的谴责医院？'
 '不是最近'
 '肯定有黑恶势力保护伞。'
 '现在人民头上还多了一座大山'
 '医闹，记者当帮凶'
 '真想如何
 '就欺负你老百姓你能咋？人家背景大'
 '医院本身就是黑白通吃，尤其私人医院'
 '人明医院是为人明看病的'
 '我们是法治社会'
 '记者都能享受如此待遇，何况普通老百姓。'
 '死不起，好好活着吧！！'
 '早就听人说过，你不好好干将来死不起，这样的话，现在就已经死不起了！'
 '畸形的社会，每天都有奇葩的新闻。'
 '一个县的物价局有权制定审批价格吗？还与省打物价局的文件相悖？'
 '狗咬狗，一嘴毛
'嗯，知道了！'
 '你查你的，我收我的。钱很重要啊！'
'黑医院，黑院长，黑医生'
 '哎，一声叹息，无奈的是这个时代！本是公益群体，都变成盈利手段了，苦的都是老百姓'
'关押人的不是医院 是管理医院的一群畜生'
 '张口闭口讽刺社会 说得你不是社会人一样 ，你是不是超脱世俗外 不在五行中啊？'
 '作为国家部门，就是这个样子'
 '决不手软！严惩打人者！
 '老虎苍蝇一起打，抓住一个典型杀鸡给猴看。'
 '虽然记者遭打了，感谢有良心的记者仗义执言'
 '150还高？？听说过12000一晚的吗？连特么冷藏都没用！就把人放地上！！！！'
'最近我大废都新闻好的'
 '现在医院收费是真贵，年初 女儿感冒 随便去诊断一下 就让你住院 挂水 ，一个感冒花了差不多3000'
 '蛇鼠一窝   医院敢这么嚣张  背后会没硬通货？'
 '这主要还是医院领导的问题，这个处理无语'
 '抓进去了了人家待遇和老百姓也不一样'
 '医患多半原因出自政府或医院'
 '停尸费只是医院冰山一角，希望有良心的记者能挖出所有医院的买卖刚死亡患者器官剑财的犯罪行为！侮辱尸体罪！医院和殡仪馆勾结先将器官割掉再火化！要知道一个肾市场价30万，肝60万，眼角膜也要10多万！'
 '强龙不压地头蛇的…除非……'
'罚酒三杯'
 '你死了占停尸间的位置干嘛？'
 '陕西无贪官。'
 '人家医院是有后台的。'
 '呵呵😊这事有的扯!'
 '今年我们县地税局一个公务员醉驾被查到双开了'
 '停尸间不归医院管的，至少我们这里是这样！'
 '好失望'
 '那又如何？'
 '物价局你们得了医院多少黑心钱'
 '这医院，六得飞起呀！'
'还是没改，有什么用？'
 '下次去了，还是一顿胖揍
'医者父母心'
 '不是刑拘了吗，'
 '这个处罚还是可以的'
 '这些个畜牲，他们也有家人啊，只要查清楚他家人，看这些狗杂种还敢跳'
 '这个医院的保护伞得多强大？'
'民政局接管每天一百 我擦..弱势群体'
 '这个谁说了也不算，关键看那边人硬！'
 '96一天也够黑的'
 '这医院不属于中国管吧'
 '标准就是标准'
 '为啥只是非法拘禁，不是还有殴打他人，侮辱他人嘛？'
 '别乱说，那是人民医院，是我们人民的！！！'
 '什么叫欠妥！'
 '可笑，小百姓开除你什么东西？'
 '现在的记者为博人眼球，颠倒黑白的事多着呢，活该'
 '不能妥协！一个妥协了全市要损失多少钱，年底了，奖金难道要缩水？'
'是，都是，是其中一个机构'
 '这医院是国家的。这院长是国家干部。竟然比黑社会还牛叉叉。'
 '我就服王林大师，这医院差了很多档次[大笑]'
 '一般说来，这样的人，后台靠山都是非常强大的，他不是孤独的一个人在战斗！'
 '这就早就了很多极端的人和极端事件。现在化学还比较好学，核物理有点难度，但……'
 '周至县火了……！！！'
 '用了趟救护车，50公里，收了一千多，
 '物价局真狗P！'
 '医院早就成为了人不人鬼不鬼，的地方了
 '不杀他几个，在网络上干嚎啥用？'
 '标准黑医院'
 '中国特色'
 '住院警察是用来管人民的'
 '在基层就是人家一句话的事情，想改啥改啥
 '背景很深啊'
'反正习惯了，奶粉过期，药物造假……比如：曹清华牌'
 '在陕西这样的事到处都是，不好奇'
 '哈哈哈
 '厉害了'
停车费一小时都要10元了....'
 '黑靠山到底有多大啊？
 '记者被打一定是有原因的，这个记者显然专门报道医院负面消息，自然医院恨他，只是殴打他显然违法，记者现在也是很可恨的为了博眼球什么话都能说出来。'
 '对呀，这是公立医院，又不是莆田'
 '谁管？怎么管？'
 '应该是有案底了就会开除，'
 '他们是黑社会，咋处罚？陕西到处是黑社会，都习惯了！'
 '呵呵😄'
 '我大院长！你知道是谁！'
 '事搞大了，不好补了！'
 '所有县级医院都是一个屌味    都查查吧'
'在大陆那里都一样，香港还好有一个廉政公署'
 '背后的老大是谁，严查'
 '没保护伞敢吗'
 '县物价局150也要问责吧'
 '谁收抓谁'
 '查出'
 '刑拘了呀！但是我不告诉你刑拘多久！'
 '早知道把我爸爸转到上海了'
 '呃呃'
 '卫生局表示医院做法欠妥……打人，非法拘禁，乱收费，只是欠妥……'
 '你能拿我有什么办法？我只需要服务好上级就可以，至于你们爱死哪死哪'
 '[疑问]请问什么叫“较高”'
 '听说过福州省立医院吗'
 '上下同黑'
 '这个社会暗无天日'
 'hhhh'
'把多收的费用全部清退～'
 '其实大家发现一个问题没有，那位牛逼哄哄要为院长效忠的傻逼怂了，院长并没有直接参与此事可是被刑拘了，这说明这位牛逼的好狗怂了把院长供出来了，要是真有他说的那么牛逼，什么都他扛了，院长肯定不会被抓！'
 '相当嚣张啊，被查了还拒不认真整改，背景比钢板还硬'
 '这是社会黑医院'
 '县领导就没管理责任么？
'不作就不会死'
 '谣媒好者真的该死。'
 '干这么做，是不是有后台。'
 '火葬场一个骨灰盒几万块咋个没人管管。'
 '故意伤害罪呢？不止一个非法拘禁吧'
 '江苏省人民医院管理混乱，心脏科李春坚陶正贤icu李金海草菅人命。我爸爸因为房颤肺部感染胸闷住进医院，进去医院不拍片，不做心脏B超，在白细胞高的情况下，赶在国庆前给我爸爸做支架，术后第五天肝血管破裂，肺部积液有2升。心脏科没及时转入急诊外科做介入止血，最后我爸在icu就是输血输球蛋白，一共花去31万多元。我爸都快走了，省人医这时才把呼吸科心脏科外科介入科等科室的人一期请来会诊。我们要病历医院也是拖着不给，医患中心工作人员说，医院不会改病历，这是犯法的，这么大的医院，有的是钱赔。医者仁心，江蘇省人民醫院Icu的一帮人从主任到下面的医生除了几个医生，都是沒有人性。icu曹全主任跟中大医院邱海波院長的差距不仅仅是医术，更重要的是医德。刚进icu，病人家属说曹全他不管病人的病情，而是关心病床的使用率，赶人走。我还將信将疑。我爸爸10月6日中午转到哦icu
 '傻逼'
 '逝去之人的钱太好赚了'
 '150元贵。那么标准是多少钱呢？'
 '🐂逼啊……'
 '中国人不打中国人'
 '停职就好了？'
 '进了医院就是羊入虎口'
 '副院长超越时空，与时俱进，提前2年调整收费标准'
 '现在的医院把救死扶伤的基本原则都他妈的丟到厕所里呢！有啥不能有病，没啥不能没钱！这就是中国社会的现实！'
 '这个医院是他妈找死呢'
 '你说任你说，老子照样做。'
'不是'
'黑社会医院，真不敢想象这样的医院能给病人开出什么样的药…能治啥病…'
 '服你'
 '现在的廉政公署已经是名存实亡了。'
 '小城市医院，县级医院，哪个不是黑社会？'
 '该院管理如此乱，院长肯定有经济问题。查他个狗狼养的畜牲。'
'立。 案的几种情况，记者调查，群众举 报，网上申 冤，闹出人 命……不知执 法部门在做什么'
 '人民医院坑人民！
 '你还认真了[喷水]
 '我们这是180一天！'
 '关到异地监狱'
 '异想天开 老子打儿子能下狠手吗？事情平息后 官复原职，，领导犯罪的标准最高罚酒  ，网上搜索看看就知道了。
 '人民医院的牌子换成吃人民医院。
 '哟，护主及时，赏你狗骨头
 '医院输了，记者输了，网友们输了，唯独王XX医闹赢了'
 '啪啪😊'
 '相关部门就是后台！⋯'
 '150元/天是天价吗？现在的媒体舆论导向太可怕了'
 '有背景的哪怕判刑还可以保留原职，继续领工资！'
 '这次事件，最大得益方，就是把尸体长期扔在医院不管的医闹……'
 '新华社的记者，不怕被挨揍?'
 '牛逼到，一个小小的保安和看监控的竟然是主谋，呵呵哒。'
 '人家说了价师物价局定的'
 '应该是有保护伞的'
 '北京急救中心一样坑人，接待处被外包，你联系的殡仪馆，急救中心接待处处处难为家属，10多天收费7000多，有关部门也查查去！'
 '为什么要钱啊，大不了赔偿款不要了，让他们还人
 '陕西没有王法么，我看该查查陕西了'
 '后台硬，谁都不怕'
 '这个社会本不和谐'
 '医院首先应该将尸体运送至殡仪馆存放。'
 '法制社会'
 '后台真硬'
 '必须严惩他们背后的保护伞！没有后盾他们也不敢无视法律法规'
 '人家可是省人院。我同事父亲，车祸，送去1个多月，花了100多万，然后各种暗示没救了。我同事他家直接送到上海又花了100多万，现在在家康复了。带人民的，都和人民币有关系。'
 '卫计委出来说两句。'
 '黑暗呀'
 '哎过人士，是喷美国还是日本？韩国？'
 '人民币医院好点'
 '尼玛，比如家还贵😂😂'
 '人民医院。呵呵'
'🍻🍻🍻'
 '这世道记者就是搅屎棍，没事搞出有事，小事搞成大事。'
 '敢这么横的都是上面有人'
 '我们单位判刑了也没免职，所谓的缓刑三年。'
 '我记得行政拘留是没事'
 'kk'
 '严格处理'
 '就没人管么'
 '这个医院简直就是黑社会，太可怕了！！！！！！'
 '劝人学医，天打雷劈'
 '好多都是利益关系，承包出去的恶果！！'
 '为什么是家属出这个钱？你医院的责任，整死人了，还要家属出这个钱。'
 '如今中国就一个字钱！'
 '牛逼的到什么程度了！'
 '明年中国经济将迈向新常态，迎来高成本期。'
 '县政府，市政府来说说话啊'
 '严重违法违纪'
 '医生一般 都有药品提成 业务 骨灰盒业务'
 '太平间里不太平</comments><comments_num>10730</comments_num></doc>