<?xml version='1.0' encoding='utf-8'?>
<doc><source>NetEase</source><id>1169</id><url>http://news.163.com/17/1208/19/D55H9GGD0001875P.html</url><title>警方对豫章书院立案侦查 举报者曾被关小黑屋7天</title><datetime>2017-12-08 19:06</datetime><body>

                    （原标题：豫章书院被控涉嫌非法拘禁 警方立案侦查）
                
代理律师付建提供给新京报记者的立案告知书。新京报快讯 今天(12月8日)下午，前豫章书院学生罗某代理律师付建提供给新京报记者的一份立案告知书显示，12月7日，江西省南昌市公安局青山湖分局决定对前豫章书院学生罗某被非法拘禁一案立案侦查。今年11月9日，罗某前往青山湖区公安分局报案，控告豫章书院对其非法拘禁，要求警方立案侦查。罗某在控告书中称，2013年9月，他进入豫章书院当晚，书院山长吴军豹安排学校教官及管理人员将其关押在大门左边的小黑屋，24小时不让出门，“严重限制我的自由，不允许我与外界接触，门口有人把守，长达七天时间”。罗某告诉新京报记者，这个小黑屋就是豫章书院的“烦闷解脱室”，当时的室内没有灯，地面潮湿，只有一张草席铺在地上，角落里放着尿桶，“吃、喝、小便都在里面”。罗某称，由于其父母不支持起诉豫章书院，将与豫章书院签订的协议藏起来，其一度无法证明自己曾在豫章书院待过。



11月14日，罗某在豫章书院官网的百度快照中找到一张照片。照片里，罗某跟其他六位学生站成一排，手持奖状，学生后面是5名老师。罗某将这张照片提供给警方，作为自己曾入学豫章书院的证据。该案代理律师付建告诉新京报记者，报案时，控告的是“豫章书院”，至于豫章书院山长吴军豹和学校教官、老师分别应该承担什么责任，以警方侦查结果为主。不过，付建也坦言，本案虽然已经立案，但存在难以举证的问题，“一方面，时间已经过了那么久;另一方面，当时没有留下任何录音或影像资料。”今年10月，江西豫章书院被曝存在体罚、软禁学生等问题，引起舆论关注。11月2日，豫章书院校务会称已申请停办学校;11月3日，青山湖区教育科技体育局和青山湖区民政局发文核准该校注销申请、终止办学。


 本文来源：新京报  
责任编辑：赵亚萍_NN9005 
</body><comments> '熊孩子会说，钱拿来，照样不学'
 '这家报社是不是想关门了？参见暴走'
 '还有杨教授，别忘了'
 '过去这么久，不过也总算立案了。'
 '这种地方不该存在却存在…孩子毁在下一代…'
 '“山长”是个什么称呼？求解。'
 '历史证明，跟着米帝走不一定就是天堂，但是跟着苏饿走一定是万劫不复的地狱，这一点是毫无疑问的'
'王尼玛也是因为这个被封了吧！'
 '少管所。。。'
 '黑！'
 '某父母:你有两条路可以选 A每天只能玩一两小时 认真读书 坚持一年奖励5w B花5W去戒网瘾学校'
 '一个传销洗脑形式的戒毒所居然冠以书院称号。佩服'
 '苏倒台后，其实从和苏闹翻后就是一直在自己瞎走
 '哈哈哈
 '这么牛逼☀🐮☀
 '把自己的孩子送进所谓网瘾治疗中心的家长真是一群愚昧至极的人.不但不会治疗好孩子所谓的网瘾.反而会使亲情破裂.严重的可能会导致孩子自杀或者反目成仇.'
 '？？？'
 '父母不支持？'
'去过一次江西！以后再也不想去了'
 '一花一世界，一叶一佛佗!究竟是什么意思呢?他是在告诉我们任何一个物质都是一个世界一个宇宙!组成这个物质的物质都是完全相同的!比如一片树叶由十个细胞组成，我们说十个细胞是一片树叶!再比如这十个细胞中的一个细胞由十个原子组成，那么我们可以说一百个原子组成了这片树叶，也就是说这片树叶是一百个原子!再比如该树叶的一百个原子中的一个原子是由十个中子组成，那么我们可以说这片树叶是由一千个中子组成，一千个中子组成了这片树叶!以此类推至各基本原子!我就不一一举例了，自己想象去!!因此我们可以说这片树叶是电子，是中子，是原子等等!哪个物质不是如此呢?'
 '傻b父母不知道现在是网络时代么?你不会玩就当网络手机电脑是无用的么?阿一替软件工程也是高薪工作噢，比当个兵做个保安工资高，😄'
 '暴走报了下，就全部下架了，能不牛逼吗？'
 '背后那顶保护伞功能很强大'
 '把自己孩子送进网瘾学校，自己好安心的天天玩麻将 一宿一宿的一天一天的，输个死去活来的。'
'解决问题还是解决提出问题的人，这可是一个艰难的抉择呀'
 '“扰乱公共秩序”不是他们的挡箭牌和打人棒'
 '现在新京报才是有态度的媒体！...为你的不惧畏邪恶势力点赞..'
 '红红火火'
 '这是另外一种形式的关押。'
 '有些娃娃就需要一些经历'
 '那是对你的保护，要知道感恩~'
 '有了那么多受害学生（公民）为什额没有相关部门去调查，都要公民自己去斗争 去举证？？？'</comments><comments_num>734</comments_num></doc>