<?xml version='1.0' encoding='utf-8'?>
<doc><source>NetEase</source><id>39993</id><url>http://news.163.com/17/1208/17/D55B2TM50001875O.html</url><title>朝鲜船停靠日本小岛后欲离开 被日巡逻船强行拖回</title><datetime>2017-12-08 17:18</datetime><body>

                    （原标题：朝鲜木船停靠日本小岛后欲离开 日巡逻船强行拖回）
                
日本巡逻船追赶朝鲜木船（图源：日本NHK新闻）海外网12月8日电 11月，一艘朝鲜木船因恶劣天气时临时在北海道松前町无人岛“松前小岛”避难。当地时间12月8日下午3点半左右，该船突然启动引擎欲离开日本巡逻船。日本海上保安部见此状追了上去，并用绳索将木船拖航，再次拴在日本巡逻船上。据日本NHK新闻报道，当地时间8日下午3点左右，在函馆市海域，被拴在日本海上保安部巡逻船上朝鲜木船突然发动引擎欲离开，日本海上保安总部追了上去。



通过日本NHK网站视频可以看到，日本海上保安厅的巡逻船和橡皮艇纷纷追了上去。当地时间下午4点左右，朝鲜木船被日本巡逻船和橡皮艇“团团包围”并停了下来。日本海上保安官不断向木船里面的人喊话。日本海上保安厅用绳索将木船拖回，并再次试图将其栓到函馆市海域的日本巡逻船上。目前，日本海上保安部正调查木船离开的原因。据此前报道，11月28日，日本北海道警方直升机发现松前小岛东部避难港附近有人影以及木船。日本第1管区海上保安总部29日发布消息称，在北海道松前町西南面漂浮的木船为朝鲜船只，船上或乘有10人。船员介绍称由于天气情况恶劣赴该岛暂避。


 本文来源：海外网  
责任编辑：范姜国一_NN9138 
</body><comments /><comments_num>6</comments_num></doc>