<?xml version='1.0' encoding='utf-8'?>
<doc><source>NetEase</source><id>17929</id><url>http://news.163.com/17/1208/18/D55E2GHB000187VE.html</url><title>男子因家庭纠纷用铁锤砸伤3个女儿 妻子：他很暴力</title><datetime>2017-12-08 18:01</datetime><body>

                    （原标题：四川男子因家庭纠纷凌晨用铁锤砸伤3个女儿，已被刑拘）
                
12月2日凌晨4时许，四川岳池县罗渡镇化龙桥村，46岁男子唐某用锤子砸向熟睡中的三个女儿，致三个女儿受伤。岳池县公安局官方微博岳池公安12月7日晚通报称，唐某因家庭纠纷作案，目前已被刑拘，三名受害人仍在治疗中。12月8日下午，唐某的妻子刘汉玲告诉澎湃新闻，事发当晚，她和母亲在医院照顾身患癌症的父亲，凌晨5时许接到小女儿的求救电话，赶回家发现三个女儿通身是血。刘汉玲说，她和丈夫虽平时有争吵，但最近丈夫并无异常。刘汉玲说，丈夫没有精神病、吸毒、梦游等问题，但平时很暴力，“一直拿孩子威胁我，又拿我威胁孩子”。罗渡镇政府一位女性工作人员说，据她了解，刘汉玲和唐某关系不是很好，平时有吵架，但也吵得不是很厉害；唐某去年从外地来到当地生活，住在岳父岳母家，没怎么赚到钱。妻子：事发时在医院照顾患癌症父亲唐某今年46岁，湖南人，现住在四川岳池县罗渡镇化龙桥村，这是他的岳父岳母家，一家7口人住的还是青砖老房。唐某的妻子刘汉玲告诉澎湃新闻，她和丈夫在广东打工认识，1997年两人生活在一起，育有三个女儿，三个女儿一直在四川老家和外公、外婆生活。见父母身体不好，三个女儿需要人照顾，2015年，刘汉玲选择回家，后在镇上开了一家水果店谋生。去年，唐某也来岳池罗渡镇生活。12月2日凌晨，丈夫伤害三个女儿时，刘汉玲不在家，她和母亲当晚在镇上的医院照顾父亲。刘汉玲的父亲身患癌症，已经是晚期，腿不能下床走动。前一天是周五，见外公生命垂危，三个女孩都回家探望。当晚，三个女孩回家睡觉，唐某也在家里。刘汉玲说，2日凌晨5点，她突然接到小女儿打来电话，哭喊着说三姐妹在睡梦中被爸爸用铁锤猛锤她们的头部，爸爸并喊着要杀死她们。刘汉玲赶忙回家，看到家里到处是血，三个女儿的头发已被血水浸湿，像刚洗完头一样，身上的衣服里外都已被染红。相关照片显示，刘汉玲三个女儿的头部均有受伤，血迹斑斑。刘汉玲给弟弟打电话求助。刘汉玲说，三个女儿流血过多，去医院的路上已经意识不清，全身发抖；经过手术抢救，三个女儿脱离生命危险，但由于遭受严重锤击，有不同程度骨折和凹陷，还需做后续治疗。刘汉玲提供的诊断书刘汉玲提供的诊断书显示，她的三个女儿均因“外伤后头痛伴流血1小时”入院，头部均有外伤。刘汉玲说，家庭虽较为贫困，但三个女儿很懂事，从小帮忙做农活、做家务。同时，三个女儿都爱学习，其中大女儿今年以500多分考入理想大学；二女儿同样优秀，正在读高三；老三也成绩优秀，受老师喜欢。镇政府：夫妻俩关系不太好唐某为何要锤伤三个女儿，刘汉玲称“不清楚”，这也是她心中的疑惑。事发当晚，刘汉玲赶回家时见到过丈夫，丈夫当时没说什么。刘汉玲急于抢救三个女儿，也没有追问。刘汉玲说，丈夫去年来岳池生活，没有稳定工作，也没赚到什么钱，而且丈夫还想让三个女儿停止学业，跟他一起回湖南生活。刘汉玲和丈夫平时会吵架，但最近没有吵架，也没有发现丈夫异常。刘汉玲说，丈夫没有精神病、吸毒、梦游等问题，但自2004年玩六合彩后就沉迷赌博，欠了很多外债，平时就很暴力，“一直拿孩子威胁我，又拿我威胁孩子，我们都迁就他，不想家里出事”。对于没有离婚的原因，刘汉玲称，三个女儿都还小，不想判给他，也怕他把女儿卖掉。罗渡镇政府一位工作人员告诉澎湃新闻，事后，她曾多次接触刘汉玲，刘汉玲本人也说不清唐某为何这样做。



这位工作人员说，据她了解，刘汉玲和唐某关系不太好，平时会吵架，但也不会吵得很厉害。平时，刘汉玲在镇上卖水果，勉强维持一家的生活，经济相对困难，他们家是贫困户。目前，刘汉玲的三个女儿仍在广安市人民医院住院治疗。刘汉玲告诉澎湃新闻，经过先前治疗，三个女儿已经能说话，脱离了生命危险，但后面还需做手术，资金缺口很大。刘汉玲表示，他们已经花了3万多元，在轻松筹发动20万元筹款，是为大女儿做手术用的，暂时来看大女儿的伤情最严重。罗渡镇政府工作人员表示，当地政府已经发动社会力量为刘汉玲一家筹款，先前筹集的约4万元已送至家属手中。截至12月8日16时许，刘汉玲在轻松筹发起的筹款已筹到19万多元。


 本文来源：澎湃新闻  
责任编辑：范姜国一_NN9138 
</body><comments>NULL</comments><comments_num>1</comments_num></doc>