<?xml version='1.0' encoding='utf-8'?>
<doc><source>NetEase</source><id>44417</id><url>http://news.163.com/air/17/1208/16/D557DNM8000181O6.html</url><title>民航局:首都机场浦东机场不达标 暂停新航线申请 </title><datetime>2017-12-08 16:14</datetime><body>

                    （原标题：民航局：首都机场浦东机场数据不达标 暂停新航线申请）
                
资料图：北京首都机场据民航局网站消息，民航局运输司发布《关于落实航班正常管理措施有关情况的通告》，通告表示，因连续数月数据不达标，自12月1日起至2018年3月31日停止受理首都机场客运加班、包机和新增航线航班申请，自12月1日起至2018年4月30日停止受理浦东机场客运加班、包机和新增航线航班申请。通告称，自12月1日起至2018年2月28日，停止受理阿富汗航空、塔吉克斯坦索蒙航空、乌兹别克航空的客运加班、包机和新增航线航班申请。塔吉克航空、安哥拉航空、俄罗斯安加拉航空、10月数据达标，但因9月数据不达标，自12月1日起至2018年1月31日，停止受理其客运加班、包机和新增航线航班申请。土库曼航空、阿尔及利亚航空9-10月数据达标，但因8月数据不达标，自12月1日起至12月31日，停止受理其客运加班、包机和新增航线航班申请。通告表示，给予阿富汗航空、俄罗斯伊尔航空、马尔代夫航空通报批评。



通告指出，首都机场9-10月数据达标，但因4-8月连续五个月数据不达标，自12月1日起至2018年3月31日停止受理其客运加班、包机和新增航线航班申请。浦东机场10月数据达标，但因7-9月连续三个月数据不达标，同时因2-5月份连续四个月数据不达标，自12月1日起至2018年4月30日停止受理其客运加班、包机和新增航线航班申请。在首都机场、浦东机场受限期间，按照航班总量不增加的原则，可在调减其现有航班后批准新增国际及港澳台航线航班的时刻申请。华北管理局、华东管理局负责实施相应的航班调整工作，并向民航局专文呈报。通告还称，自12月1日起，恢复受理吉尔吉斯斯坦玛纳斯航空的客运加班、包机和新增航线航班申请。


 本文来源：中国新闻网  
责任编辑：康晶_NBJS5415 
</body><comments> '反正现在能坐高铁不坐飞机'
 '各监管层做好监管。则利民。
'哎，不开放航路，不提高空管能力，天天就只卡航空公司，民航局也是够拽的。对比一下伦敦希思罗机场（2跑道）和北京首都机场（3跑道）的准点数据就知道了...'</comments><comments_num>36</comments_num></doc>