<?xml version='1.0' encoding='utf-8'?>
<doc><source>NetEase</source><id>20266</id><url>http://news.163.com/17/1208/14/D550GENF000187VE.html</url><title>法院将老赖名单精准投放朋友圈 多人急忙主动还钱</title><datetime>2017-12-08 14:08</datetime><body>

                    （原标题：南宁一法院将“老赖”名单精准投放朋友圈，多人急忙主动还钱）
                
广西新闻网-当代生活报12月8日报道，微信朋友圈是眼下最普及的社交工具，近日，南宁市兴宁区法院就利用微信朋友圈可以投放广告的功能，以“老赖”的住址等身份信息为目标条件，每天以10万条的数据量，精准推送“老赖”名单。12月5日，一些“老赖”的照片开始在微信朋友圈里出现。这不，才两三天的时间，就有3名“老赖”招架不住了，主动找执行法官，哭着求着说要还钱。欠下12.9万玩起“躲猫猫”，“大头照”现朋友圈立马还钱“可以帮我查一下我的案件信息吗，我不知道主办法官是谁，快给我执行法官的电话，我要还钱！”12月5日上午，兴宁区法院执行指挥中心工作人员接到张某的电话。张某说，他的亲戚在微信朋友圈看到了法院推送的失信被执行人名单，上面有他的名字，他现在要主动还钱。原来，张某是一起交通事故纠纷中的肇事方。法院判定，张某应赔偿伤者傅某医疗费、残疾赔偿金等各项损失共计12.9万多元。但判决生效后，张某未赔一分，还玩起了“躲猫猫”。这两年，傅某一直在寻找张某的行踪，并向法院提供线索称张某可能在广东做生意。但执行法官却未查询到张某有可供执行的财产，且已下落不明。为此，执行法官依法将张某纳入失信“老赖”名单，并通过此次微信朋友圈将其失信信息精准推送。“我亲戚看见我的名字，我才知道我上黑名单了。真的太丢脸了，我马上联系法院还款。”12月6日上午，张某将12.9万多元转入法院账户，该案顺利执行完毕。4.2万元“赖”了近3年，自己成“网红”才赶紧还钱“刷着朋友圈，突然看到兴宁区法院失信被执行人名单的广告推送，点进去吓了一跳，竟然看到自己的头像！”桂某是兴宁区法院在微信朋友圈推送“老赖”名单后，另一位主动到法院还款的“老赖”。



2014年11月24日，桂某驾驶小轿车在南宁的厢竹大道上与张某驾驶的轿车发生碰撞。事后，交警认定桂某对该事故负全责。经法院判决，桂某应赔偿张某42840元。但桂某对该判决并不认可，不予理睬。在执行过程中，法官向桂某送达执行通知书、报告财产令，桂某一再表示会尽快还款，但一直不履行承诺，逃避执行。于是，桂某的名字上了“老赖”名单，并被通过微信朋友圈进行精准推送。12月6日，本以为拖着就能赖掉欠款的桂某在“老赖”名单上看到自己的头像后，大吃一惊，立即到法院履行，一次性归还完全部欠款。据悉，此次微信朋友圈推送“老赖”名单中，有“老赖”的高清头像、具体名字、身份证号、执行案号和未履行金额等信息。此次推送，从12月5日开始，将连续推送10天。


 本文来源：广西新闻网  
责任编辑：张海桐_NN9053 
</body><comments> '这就是，违法犯罪成本低，打官司再扒你一身皮，骗子与时俱进横行的原因，治病要治本'
 '像抓网上通缉犯那样去抓老赖.效率就高多了.'
 '我一人渣战友骗了我和另一战友每人伍万块钱躲了4、5年，唉⋯只怪我们太好人了⋯'
 '穷尽一切司法手段，让老赖像过街老鼠，人人喊打！'
 '那向银行借钱，银行会通知你通讯录全部人吗？'
 '不然你把老赖请回家供着吧'
 '唉⋯你以为我不想，就是连人都找不到。'
'这和暴力催收是一个思路啊'
 '没错'
 '这才是人民法院为人民，全国都应学习，由其是北方更应该学'
 '边坐牢边还钱，还得算数坐牢期间的利息'
 '小编大胆！意思是法绿还不如朋友圈？来人，速速拖出去喂狗。'
 '笑话，因为12万躲别人三年，转移资产，弃用身份证，觍着脸说上朋友圈才知道自己上失信名单。你这种人应该剥夺经商权利终身。'
 '法律给微信做广告吗？'
 '这是是维护权利的，应该点赞！'
 '这才是大数据。厉害👍
 '总算与时俱进了'
 '一阵心凉啊！原来如此！'
 '还是要脸的
 '干得漂亮'
 '案子超多，官司多，人手就是那么多，还得仔细看卷，不能出错。如果辖区内有突发大案要案插入，还得被整体往后延。借款民事案两个月能开庭算很不错了。我遇到一次也是欠款追钱挨了半年多。还有一种比较快的案就是轻微案，靠调解就能解决的。民事追钱这种不上不下的，挨等着了。'
 '啥都靠媒体，还要法官警察干什么？'
 '论转移视线，胡搅蛮缠的本事，我就服你！'
 '这就是中国法律的问题了，欠钱不还居然不用坐牢，可以厚脸皮耗到不用还为止，这个法院这种行为也是没有办法中的办法了，点个赞吧'
 '你指那对母女吗？'
'这招狠的。这法院还是干活的'
 '哈哈，高招无敌[大笑][大笑]'
 '敬酒不吃，吃罚酒'
 '这和暴力催收是一个思路啊'
 '银行是正规合法，信贷公司通常是违法信贷。而且法院代表正义和次序。个人是没有这个权利的。'
 '小儿科，天涯论坛有若干人被借钱几千万没还的，联合悬赏找人呢！'
 '法律不是治不了老赖 而是不能判决利息超出部分
'这个真的可以有'
 '我想问一句，欠钱不还，不应该先抓去坐牢？刑满释放后再继续还钱么？'
 '那咋办，要不就和和气气得问老赖，您还钱不？不还。那算了。'
 '那些放远远超过合法利息的高利贷者，为什么法院不曝光？'
 '这个好不？'
 '那些贪污得咋不公布官职，发朋友圈呢，又几把罚酒三杯，换个地方当局长了'
'我觉得挺文明的'
 '对老赖要没有办法，那就交给黑社会吧'
 '你害怕啦？'
 '有谁听说过老赖被逼死的吗?'
 '知法犯法呀，不过我还是支持这样对付老赖。'
 '什么东西，根本不用理会，越发越不还'
 '我觉得全国应该统一系统，各部门协同，这些社会失信人应该买不到车票，办不了房屋买卖，住不了医院，住不了酒店，让他们寸步难行，就跟身份证无效一样，以后这样的人就会有危机感！'
 '有些是“死猪不怕开水烫一一油盐不进”，你奈它何？'
 '有点意思'
 '哈哈，够狠，但是我喜欢'
 '这招好，'
 '给你点赞的，都是欠钱的'
 '别吹了，我在南宁青秀区一欠款官司用了两个月开庭，开庭对方公司没出庭，开庭到现在两个星期了，还没宣判！[鄙视]'
 '可是我的很多案件，申请执行连执行官都不知道是谁，打电话不接，什么时候把我们的案件也这样执行一下就好了。</comments><comments_num>1217</comments_num></doc>