<?xml version='1.0' encoding='utf-8'?>
<doc><source>NetEase</source><id>28744</id><url>http://news.163.com/17/1207/23/D53FDOV70001899N.html</url><title>陕西周至县人民医院院长被免职:涉嫌非法拘禁</title><datetime>2017-12-07 23:55</datetime><body>

                    （原标题：涉嫌非法拘禁 周至县人民医院院长被免职）
                
周至县人民政府网站截图。西部网讯 今天（12月7日），周至县政府网站刊发中共周至县卫生和计划生育局委员会的消息称，经中共周至县卫生和计划生育局党委研究，报中共周至县委组织部批准，免去李新房同志周至县人民医院院长职务。今日早些时候，周至警方通报，李新房及其他11名嫌疑人因涉嫌非法拘禁陕西广播电视台记者被刑事拘留。



记者查医院天价停尸费遭人殴打侮辱6名涉案人被拘2017年12月4日下午，陕西广播电视台一名记者在周至县人民医院采访过程中遭到相关工作人员的阻拦和殴打。接到报警后，周至县公安局城关派出所及时处警，并展开调查。记者查天价停尸费被关太平间 院方：监控出现故障陕西电视台记者到周至县人民医院采访，遭到县人民医院相关工作人员阻拦和殴打。目前，警方已介入，对涉事6人已行政拘留。一位办案民警告诉《财经》记者，调取医院监控视频时，院方称监控系统十天前就出现了故障，无法提供视频资料。


 本文来源：西部网  作者： 刘望
责任编辑：李杭_BJS4645 
</body><comments> '还是同志呢，已经定调子了吗？'
 '黑社会背景的医院'
 '院长厉害了！'
 '这么大的事，我不信院长不知情'
 '免职只是意味被免职人不再担任原职务，一般不具有惩罚性，所以公职人员正常的职务调动会用到此词；触犯法规的公职人员往往也用到此词，他们因为当时不适任原职所以或是职务调动或是事后再担任原职，故“免职”并非一般人所认为的“撤职”。'
 '打着人民医院的招牌，干着流氓土匪的勾当'
 '周至县都有好几次倒掉一大片了，周至县的黑河和渭河沙场，让多少人成为了千万亿万富翁，还有一批领导'
 '人家是官，不是说那张证就能顶三年官司嘛。'
 '非法拘谨如何判国家刑法有标准法律面前都平等除非天色有些暗'
 '黑社会。
 '刑事拘留才免职？'
 '为啥不行政撤职，免职待遇是保留的，以为我们不懂吗'
 '县太爷都坐不住了，市纪委下来吧，好好查查'
 '胆子肥的很
 '不学无术，胆大包天！'
 '应该深挖彻查这垃圾是怎么当上院长主任的'
 '官官相护，官党合一，以党治国，人名爱国，所以你敢跟官作对他们就会说你叛国，枪毙你都有可能，还指望让他们自己惩治自己。官逼民也不敢反，以为帮打出头鸟，所以中国人民就是奴隶们，就是任其屠宰的羊'
 '江苏省人民医院管理混乱，心脏科李春坚陶正贤icu李金海草菅人命。我爸爸因为房颤肺部感染胸闷住进医院，进去医院不拍片，不做心脏B超，在白细胞高的情况下，赶在国庆前给我爸爸做支架，术后第五天肝血管破裂，肺部积液有2升。心脏科没及时转入急诊外科做介入止血，最后我爸在icu就是输血输球蛋白，一共花去31万多元。我爸都快走了，省人医这时才把呼吸科心脏科外科介入科等科室的人一期请来会诊。我们要病历医院也是拖着不给，医患中心工作人员说，医院不会改病历，这是犯法的，这么大的医院，有的是钱赔。'
 '同名同姓的太多了，小龙女被 伊志平强奸的画面一直在我们脑海里 永远抹不去了。同班一个叫伊志平的 天天被我们问 是不是真的'
 '他怎么这样胆大妄为，该查一下有没有保护伞。'
 '有官职当然不北判刑'
 '严惩这流氓地痞式的院长！'
 '医院都该死，医生都不是人。有病别去医院。记者别去，小便别去，行了吧？够不够？明显的小便记者一伙儿的。记者去医院敲诈勒索，怎么没人曝光。新闻能相信？'
 '你算说对了'
 '扎势么扎好'
 '处理的有点严重了，不过免职毕竟还是自由的
 '免职，太轻了吧！这是黑老大'
 '大快人心'
 '应该判刑吧？'
 '而且应该开除党籍 永不准入党 这样就可以防止偷梁换柱异地升迁了'
 '查查他的贪腐行为，一定会给你一个惊喜。'
 '免职？难道不是追究刑事责任吗？犯罪了呀'
 '改革开放一切向钱看的口号，把中国毁咯，医疗改革就是活生生的例子。贪官污吏个个叫改革开放好啊，因为他们家里钱太多咯。'
 '医院对老百姓来说是救命的地方，可对他们来说那就是利益场'
 '果然是同志才會幹出這種事'
 '罚酒三杯'
 '独才成猪国'
 '希望能真正做到强化不敢腐的震慑、扎牢不能腐的笼子、增强不想腐的自觉、以新的作风开创新的局面。
 '都这时候了，这样的院长也配称同志二字，看来此院长余威不可小觑'
 '记者也不是好东西'
 '今日早些时候，周至警方通报，李新房及其他11名嫌疑人因涉嫌非法拘禁陕西广播电视台记者被刑事拘留。单位免职 警察拘留  没毛病  基本上 翻身难了！！那个表忠心 喊着愿意为院长住院的    该你出场了啊 ！！！好像一起被抓了  哈哈哈！！！'
 '那你别去啊！你全家都别去！'
 '要是人人都会医治自己的病痛谁他么会选择现在的医院🏥'
 '免职状态下，工资、福利待遇都是保持不变的，等着新的岗位。这根处罚没一分钱关系的，多学学知识对判断事物有好处，免得像脑残粉们一样，被那些所谓的明星骗了钱然后还要疯狂的在网络上，生活中为其偶像点赞！那个偶像不比你有钱，脑残粉们还处处为自己的偶像操碎了心~~~'
 '后台肯定很硬！这么严重的罪行就这么一撤完事？'
 '非法拘禁不是犯罪吗？免职就没事了？？？？坐等后续报道！！！'
 '免职不是惩罚。你们都理解错了。免职是调换工作前的一种离职状态，撤职才是惩罚，免职都是忽悠老百姓的用词。'
 '好多大医院都养的有保安团的'
 '这个院长后台够硬的！好好查一下他的后台'
 '可以刑事拘留的，说明已达到违法犯罪的程度，免职是轻的，继续称同志则太客气了'
 '好好查查，贪污了多少钱？'
 '医院是解除人的伤痛的，这个医院给却给人制造伤痛，治伤的变成了致伤，让人情何以堪？'
 '现在医院都养着一批流氓，只要出现患者家属投诉，就打，然后，报警抓医闹，老百姓人财两空，欲哭无泪呀。'
 '判刑判刑'
 '应该按法律严惩！'
 '后台不硬，强行装逼的下场.....还想学HWN'
 '第一副院长在被窝里偷笑
 '医院附属部门好像是院长自己似的。是真的吗？'
'科长放了地方上就这么大的权利，真厉害啊'
 '都不是好人，不是我向着医院说话，但有的事真的不吐不快。天价停尸费这个事，媒体该纰漏的也纰漏了，该曝光的也曝光了，医院也和患者家属达成和解了，该赔的钱也赔了，天价停尸费也不要了，医院也像社会道歉了。那我就想问一下这位记者了，你还去采访个啥啊？在这件事上没少讹医院的钱吧？事情都过去了还想用这事去讹钱？医院的也不是好人，但把流氓当成英雄就太可悲了！'
'免职就完了？？'
 '刑拘是不要报检察院批准的，报批（逮捕）才需检察院批准。公安有刑拘的权利。
 '人民医院院长跟卫生局长差半级，一般在小地方都是实力派，我们老家院长资产十几年前就过千万了，年年有人告，都没告得下来。'
 '太黑了，必须严格处理。'
 '哈哈，网易也是个大学校，能学到很多知识的。正能量知识我们汲取。负能量的我们唾弃它哈哈。'
 '平时嚣张惯了'
 '不判刑。'
 '周至县？怎么那么熟悉？是出年画虎事件的地方吗？
 '无法无天的地方'
 '免职并非处分。'
 '不需要服刑？'
 '因果报应，丝毫不爽，不是不报，时候未到！'
 '叼那星个，顶硬上啰。医死人是技术不成，故意打伤人那就是犯罪，严惩不贷、严惩不贷、严惩不贷。'
 '为什么不敢打？打的就是这些垃圾记者'
 '报告  抓到几枚小红帽  ……'
 '杂种犯罪不用判刑'
 '监控系统及时出现故障。'
 '好！正义必胜！'
 '我知道跟卫生猪管部门都没关系'
'我们离法制还很远！'
'光免职不行，这院长背后一定有来头，好好查查。'
 '傻逼，中纪委还有回头看呢？咋，你家医院就特殊？不是中共领导下的医院？'
 '非法拘禁 只是免职？官职抵罪？'
 '现在这个社会霸道总裁太多了'
 '这群狗杂碎  不严惩绝对不行'
 '当然得刑拘审理起诉了，这是刑事犯罪。'
 '水很深啊'
 '周至县，造假华南虎的 地方。'
 '再查一下估计会查出个大贪污犯，这种人看他作为，不贪才怪。禁不起查。'
 '依法严惩'
 '真同志啊'
 '非法拘禁是犯罪不是犯错，免职是不行的'
 '我想问有没有其他人被多收费，若有能不能退'
 '哇靠，一个医院院长居然像个地痞流氓干起非法拘禁的勾当，太不可思议了！大家说仲么办?！'
 '过两年再升官'
 '根子不在私有化上，其实私有化本身也不存在问题，但是没解决根子的问题，什么化都没用。现在的情况是公有有公有化的混蛋之处，私有化有私有化的坑人的地方，根本就不是公有私有的问题。公有私有都是同一批人所有，有区别么？'
'我以为只有富平人才那么坏呢'
 '还要判刑！'
 '别说了、那个医院都是一样黑、苦的病人、一粒葯出厂价0;6元、到了病人手里就是46元:'
 '免职不是撤职，请不要再忽悠老百姓了
 '封嘴封口来掩饰自己的犯罪行为，你让人民作哑巴吗？！'
 '跟贴被火星网友带走啦~'
 '想骂你，但是估计你会跟我没完没了的喷。罢了。'
 '涉黑'
 '院长说了，我是临时的，不太懂法...'
'一个县的人民医院院长资产过千万正常'
 '这种刑事案件免职就可以吗
 '有关系的就免职。屁民就要。'
 '陕西到处黑社会，没办法……
 '记者，应该是站在公平公正的立场坚定。有几个能做的到'
 '这个傻院长，以为打老百姓呢，记者还敢打？天天报你都能报死你！只有土皇帝，黑医院才敢这样，但是，见了报就什么都不是了！'
 '应追究刑事责任！院长没有特权！'
 '这院长的后台是谁？查办'
 '为这家报社领导点赞，后台也太强大了'
'中国所有医院院长：查一个．完一个！'
 '院长记者，呵呵！都不是一般歹徒！该！'
 '非法拘禁己触犯刑事罪，看法官什么判了'
 '这是犯罪，不是犯错撤职可以的
 '同志背景牛！'
 '打狗也得看主人'
 '变味医院有何用。'
 '就是，我也陕西人，看最开始报道这家受害人还不是周至本地人，法院都能去医院为受害人这家强制执行，为周至法院点赞'
 '知法犯法，罪加一等，
 '知法犯法罪加一等
 '他们是为了喷而喷，只喜欢自己愿意看到的那部分。你提醒也没用'
 '医闹！'
 '有的记者乱写的怎么没人管。 有的记者也不是什么好东西。'
 '正确！'
 '免职只是意味被免职人不再担任原职务，一般不具有惩罚性，所以公职人员正常的职务调动会用到此词；触犯法规的公职人员往往也用到此词，他们因为当时不适任原职所以或是职务调动或是事后再担任原职，故“免职”并非一般人所认为的“撤职”。-百度百科'
 '户县，周至那里。嘿嘿😁嘿嘿'
 '我赞同！'
 '不会换个地方一二一吧'
 '抓的好，周至的败类'
'怕只是挪了个地方而已'
 '我们那边，一个家伙拦路抢劫（一位女士），也没干别的，但是女士的包包你们都懂的，反正当时只抢到了一块钱，那也是抢劫罪呀，记得 当时 被 判了7年。。。。上世纪九十年代的事情。。。。'
'一开始停止，舆论压不住，开始免职了。非法拘谨不是应该判刑吗？'
 '免丶不撒'
 '光免职能起什么作用？？？？？？？要让他知道法律的厉害'
'非法拘禁是犯罪不是犯错，免职是不行的'
 '希望得到应有的惩罚！'
 '我来说说，人民医院院长是有行政级别的，很多地方不愿当局长，愿当院长！'
 '向这位战斗在第一线的记者同志致敬！敢于对抗黑暗的地方势力，大难不死，应该提拔提拔，放在重要岗位上，更能发挥出利国利民的战斗力！'
 '正义之下，罪恶才不在猖狂。'
 '人家还是享受公务员待遇。'
 '法律程序没有免职这一条吧，既然违法，为什么不按法律办'
 '这次顶二楼，医院院长比黑社会都狠了，还有什么好说的。'
 '每当医院要负责任的时候，都说监控摄像头前几天就坏了，对医院有利的事他的监控摄像头就正常工作了，这种事情都这样。'
 '免职？没有刑事责任？去你妈的监控故障
我想问问你
 '就该全毙了这群狗杂种！这还是医生吗？！'
 '仅仅是免职？我就呵呵了'
 '44444'
 '免去太轻了，应追究其领导责任。'
 '院长刑事拘留了，还称之为同志，这免职决定也够可以的'
'除了涉嫌非法拘禁还有故意伤害吧？为什么是免职不是撤职？'
 '非法拘谨超过二十四小时才构成犯罪，非法拘谨两小时不应该判刑。
'都他妈的非法拘禁了，还称呼同志，这政治待遇挺高的呀。'
 '免职就完了？？什么时候再复职呢？这个处理结果比笑话还好笑'
 '免职，移送司法机关依法追究法律责任。'
 '打苍蝇也得干脆利索'
 '涉医重大刑事案件，终身吊销执业资格，终身禁止从医，'
 '千万不多，北方家具之都，一个县人民医院的院长（根本就不懂医）资产早就过亿了！
 '让娃儿安乐走吧，'
 '那个看门的呢！你不是为你院长坐几年牢，心甘情愿吗？你咋不上天呢！幼稚
 '也就你这暴脾气能治他们'
 '又一个垫背的，活该。记者朋友应该像这位同事学习他的敬业精神，不要手里捏个记者证到处报些没意义的东西就叫记者，他妈的应该做些对老百姓有用的事。'
 '非法拘禁是刑事，不要免职解决
 '副院长。副院长 坐下坐下。别激动 这个套路你们还不懂吗？'
 '为什么不移送司法
 '这个陕西最近着实发生过轰动全国的新闻！！！'
 '縣太爺 嚇壞了'
 '今日早些时候，周至警方通报，李新房及其他11名嫌疑人因涉嫌非法拘禁陕西广播电视台记者被刑事拘留。看文章要看完，别逮着个就喷'
'知道为什么现在某些医院那么黑了吧！院长都他么这么黑，能不黑吗？还经常说什么正确看待医闹事件，到底谁是弱势群体，大家清楚着呢！非常感谢当事记着让黑暗的一面曝光！'
 '一个县的人民医院院长资产过千万正常'
 '事情闹大了，。。。。'
 '法制社会
'若要盼得哟，红军来……'
 '保护好记者。'
 '免了不怕，3年后给你卫局局长'
 '你动错人了……[微笑][微笑][微笑][微笑][微笑]'
 '处理真快，那个记者，为啥不处理报社社长？为啥说是副主编的个人行为。'
 '我在想记者能配两个保镖在旁边保护记者拍摄，然后对方动手就立刻报警，'
 '大清'
 '何以如此大胆，治理者不全面善用重典、谁还敬畏法律？'
 '笑死你爹了'
 '非法拘禁，免职了事？太客气了吧？'
 '刑法与单位规定能划等号吗[微笑]
 '红社会'
 '透视所作所为，查一查是否有黑社会背景。'
 '这家和解好了，下家了？另外这是医院医疗事故导致家人不在了，'
 '大哥，中国语言博大精深，“免职”这东西，甚至连“罚酒三杯”都不如，多少官员被“免职”后异地升迁！
 '对于如此嚣张犯法之人、殴打重伤、威胁、限制人身自由且关在停尸房、公职人员知法犯法，然、对其中6人只是拘留10多日而已……'
 '院长有行政职务吗'
 '悲哀啊，周至总是以这样的方式出名'
 '特别会玩文字游戏，应该开除公职，免职是罚酒三杯吗？'
 '行政单位并不是公检法。犯罪的事情应该归警察和法院管。可以把行政单位看做一个公司，免职是最严重的处罚了吧。我是这样理解的。'
 '上头没发话，啥都不敢做。法律就是摆设。'
 '既然是非法拘禁，就证明已经犯法，这个院长是不是该判刑坐牢？'
 '19楼赶紧吃顿好的吧'
 '院长威武，院长NB，敢打记者，他肯定花钱买来的官吧！'
 '黑社会啊，谁都敢打？！'
'还同志，什么狗屁社会。'
 '好的'
'这医院的院长居然把医院看成了屠宰场'
 '还要开除党籍！清除公务员队伍！'
 '在人性最难的时刻，国王和民众都没有选择苟且，与其说是丘吉尔战胜了内心的恐惧，不如说是全体英国人民一起战胜了恐惧，提起武器与暴政死拼到底。'
应该刑拘
 '必须追究刑法责任'
 '那个为了院长宁可蹲一辈子监狱的那个傻逼出来走两步！
 '有钱认命'
 '非法拘禁罪，抢走300元—抢劫罪，在医院属于公共场合——扰乱公共秩序罪'
 '无冕之王都敢动，太嚣张了'
 '那是行政拘留，不是刑事拘留，看清楚'
 '陕西，西安，周至，全国闻名了，火了一把。[大哭][大哭][大哭][大哭]'
 '深究是谁给他践踏法律的底气'
 '这种院长多如牛毛，遍地都是。到底是什么造成的?'
 '免职能抵罪不？
 '只是免职院长没有任何意义，是不是该有相关部门整顿下这县医院，起到为人民服务的作用'
'干到院长份上说明他能干，所以他有千万他觉得理所当然'
 '无法提供视频资料？'
 '只是免职？换个地方继续做公务员就是
 '我就不信这记者会是只好鸟。'
 '同志就是有基情的'
 '给你一个震惊！'
 '哪里能找到白乌鸦啊？？？？'
 '基层黑社会花'
 '卫计局局长也应该免职，医院的直接上级单位，任命了这么个流氓院长，又在他掌权过程中没有起到监管作用。'
 '临时工去哪了'
 '法院判医院赔钱了，还去医院强制执行了。当地法院还是干的漂亮的。'
'他们创造的一个无耻的免职、调离处罚让多少刑事犯罪最后变成了不了了之！'
 '如果它们打的是一个普通老百姓结果又是另外一种'
 '记者为什么被打?为何看不到医院半点说词？这件事没有这么简单，记者犯了众怒被围殴是很显然的。'
 '组织'
'关键是搞到记者了，要是我们普通屁民，搞了你，你也不能翻天'
 '仅仅免职了事'
 '保护好那位记者吧，不要让所有敢说话的人，最后都跟三鹿那位记者一个下场'
 '记者的300块钱被抢走，不按抢劫罪吗？'
 '这个就是黑社会性质的窝案，应当严厉查处！'
 '或许这院长压根就不知道他手下竟然有这样的人😂'
 '这样的例子太多了'
 '杀了绝对不会冤枉他们！'
 '那些为私有化鼓吹的民众们，睁开你们的狗眼看看，私有化后，收费更高服务更差！'
 '一开始停止，舆论压不住，开始免职了。非法拘谨不是应该判刑吗？'
 '而且这记者还是从省城来的……'
 '年年讲降药价，不知降哪里。'
 '你回去再看看，看清楚'
 '对嘛，免职还有点意思，想复出还得费点功夫，停职尼玛就跟带薪休假一样。'
 '这就是特色的现代化企业管理制度。'
 '新闻越短，内涵越多'
 '监控永远都是坏的，都是出事前坏的，侮辱谁的智商啊？'
 '非法拘禁居然只是免职…
'犯人民的法了，却用你们的规定。TMD.'
 '周至警方通报，李新房及其他11名嫌疑人因涉嫌非法拘禁陕西广播电视台记者被刑事拘留。
 '不拘留？
 '什么后台？'
 '停职就完事儿了？非法拘禁这是刑事责任了吧
 '监控坏了——涉嫌毁灭证据罪！'
 '异地上岗'
 '还是记者后台牛，院长你倒霉啊，可不是一般老百姓'
 '玩大了，弃卒保车了'
'院长犯法为啥不是刑拘？'
 '一查到底，又是一窝，只怕保护伞太多，不好办[疲惫]'
 '那是组织群殴，有黑社会嫌疑，只是免职不追究刑事责任？果然关猿犯法与屁民不同罪'
 '黑色会，正常的'
 '随便弄一万个成年人都可以罗织罪名枪毙的。不信，可以回想50年前'
 '呵呵'
 '免职是什么鬼玩意'
 '小弟弟说，医院水很深，骗社保的医生和药品很多一骗就是很多年。社保天天喊社保金不住了，也不敢好好查，医院惹不起吗？'
 '你以为记者是患者？傻呀！'
 '重判不重判，县委书记说了算'
 '穷山恶水出刁民'
 '太客气了吧，这样的行为是犯罪好嘛？'
 '善有善报，恶有恶报。这个恶院长是他该得到报应的時候了。也该是还医院净土的时候了。'
 '免职？去兵保车吧继续调查下去，上头肯定有人'
 '你们太天真，觉得领导有好人吗？有一个算一个！'
'说过多少次了，免职不是撤职，属于“打地鼠”。请特别注意，文件中的称谓：“同志”。'
 '拔出萝卜带出泥，顺便查查这位牛X院长的腐败问题，一查一个准......'
 '犯罪分子都是你们的同志'
 '谁给你深究的底气？'
'都是痔同盗合的一群下三滥'
 '你说了不算'
 '罪有应得'
 '日日彩李，夜夜新房'
 '不用承担刑事责任吗？'
 '该免还是不该免？'
 '新闻好短啊！'
 '县人民医院院长、县一中校长都是享受副县级待遇的，都不吊县卫生局长、教育局长的'
 '不依法处理？'
 '广天化日之下，记者都敢打，老百姓还有活路吗？严惩！'
 '网络的力量'
 '一个院长就这么嚣张，上面没人我吃翔，明显丢兵保车，免职就行？跟罚酒3杯有区别吗？风声过后在复职？陕西，甘肃天下第一多贪官之地远远超过山西！'
 '周至的很多风气早就该收拾了'
 '很多老区就在这，那么多逝去的前辈，要是知道自己用命保住的地方，出现这样的事，不知道是不是后悔。'
 '竟然有天价停尸费，固然也有要价乱收费。'
 '查查他的是怎样当上院长的？'
 '有损咱大西安人的形象'
 '真的哦'
 '不用负刑责?'
 '现在一般免职都不叫处分，叫休假'
 '看成法院了。都黑'
 '院长李新房，终于可以去坐新房了，还不要钱，赠送明晃晃手镯。'
 '你跟拿货叫啥劲'
 '牛逼'
 '明目张胆疯狂违法的院长！！！【这样贪官昏官换有多少？？？思维方式太落后了，这样素质低下之人是怎么当的官？？？这样的人在大陆还有多少？？？阻碍国家发展，越是公平公正国家发展得越快越好，这是成正比的！！！这也是唯一正确发展道路！！！贪官昏官越多国家发展的就慢，这也是成正比的！！！坏人坏事越多国家发展的越慢，这也是成正比的，道理就这么简单！！！】'
 '那个说能为院长去死的家伙呢？该你出场了！你是不是去认新爹了？'
'包括院长副院长等11人刑拘了，周至县公安局微博有通告。可以说，干得漂亮。重判更好。'
 '谈非法拘禁对不对的问题，这是明摆着的事，没法帮忙，如果要帮忙，那么最好的办法就是搅浑水，把话题目光引到别处去，如果记者也不是好鸟，那就扯平了，非法拘禁也就没啥了。
 '通过这件事情希望是该整治一下全国的医院了！同意的右上角。谢谢！'
 '应该以非法拘禁罪逮捕判刑'
 '那么，这个集团就没几个人了'
 '什么时候能不区分职业的对所有人员按法律要求加以重视和保护，那我们就是法治社会了。'
 '这样的医院院长还能指望它能为人民服务吗！'
 '用非常规手段报仇吧'
 '文字游戏，免职而已。工作人员触犯刑法应该开除'
 '非法拘禁不应该被刑拘吗'
 '队伍需要清理啊'
 '鄞州区在输掉拆迁官司的情况下，在长丰中交地块上非法拆毁我家园，损失惨重，无家可归，报案三年多不立案，房、地证都还在手上，没有赔偿，现在它们高价卖给开发商，目无法纪、无法无天、天理何在！！求顶'
 '老陕到现在还不能融进现代社会'
 '刑不上大夫，何况是院长，你想多了！'
 '区区一县之长都敢这么干，诸公细细想下，这是个例还是说制度的问题，如果说连监察部门都是事前不言语，那如何保证公民的合法权益？'
 '公诉！！！法律就这样玩坏了！'
 '一看这样的院长没好货'
 '查腐败问题'
 '定价的物价局呢'
 '还是同志啊'
'内容那么少都没看？ 已经刑事挽留了'
 '二楼所言差异，不至于这么高，周至县是副局级建制，县教育局或卫计委主要负责人级别为副县处级，县人民医院院长最高为县卫计委党组成员，最高也只是卫计委主任的待遇（副处级），达不到周至县副县级待遇（正处级），很简单的道理，西安市市属各医院也仅仅都是正处级，更不用说建制级别低于城区的周至县下属医院了'
 '你是你妹和你舅合作的产物?'
 '“生的艱辛，死亦不易”，如此盛世！'
 '院方称监控系统十天前就出现了故障，无法提供视频资料。
 '免职属于正常的职务调整，撤职属于一种行政处分，也就是说，周至县政府认为非法拘禁不属于违法违纪行为！'
 '兇手吕思杨，原是福建省福州市台江区第四中心小学（即工业路小学）校长。1984年春节期间，因不愿修复被他们家搞漏水的邻居家的房子而带伶他全家：妻舜琼英，子吕心毅、女 吕  旋破门而入邻居家中，把邻居打得头破血流、遍体鳞伤。还扬言：我有人在福州市古楼区区委里当大官，所以我家只住在古楼区里，看你能奈我何。当晚深夜就有一辆吉普车（当时福州只有“公车”，根本没有“私家车的）没开灯开来悄悄的仃在他家门口，车里人一下车（他家门同时打开）马上溜进他家并即刻关了大门。他家里也不开灯。此案后经当地“古楼区法院华大法庭”判定：吕思扬赔偿但吕抗拒不执行。案告到福州市古楼区法院刑事庭经过审判官：董（女），后又移：卓建伟和老林审查，但都以“等待通知”死死捂着不敢开庭也不消案（怕转移）区长接待日时去请教翁区长他说：法院已立案，我们已有规定：不能扦手过问，现已等待33年啦。青天何在！天理不容！呂思杨等四人 八四年行兇后即在福州市鼓楼区法院立案但法院还未开庭审理此案.请政府有关部门给个说法！'
 '免职对受害人有用吗？什么时候复职？他们就可以逃避法律制裁吗'
 '仅仅免责？'
黑社會
 '有这样的无德院长 何愁没医患矛盾？
 '要警惕黑老大和保护伞'
 '限制人身自由，故意伤害，扰乱卫生秩序，给社会造成极恶劣影响，带有黑社会性质，这么多头衔，别就一个非法拘噤啊'
 '为院长做一辈子牢的 现在哭晕在看守里了吧！院长现在可是泥菩萨过江，自身难保啊！别人坑爹坑妈你这是坑院长啊.院长估计也是把他祖宗十八代都骂遍了吧！养了条好狗可是忠心过头了😂'
'如果是平民百姓呢'
 '又不是院长非法拘禁的  是那个白主任
 '应负黑社会组织罪刑责'
 '能麻烦读完再评论不？第二段不是说了刑事拘留'
 '组织和领导黑社会罪，就非法拘禁就行了？'
 '职务到底是不是一种护身符  要是普通人搞非法拘禁早就被起诉了   而院长只是免职？？？？'
 '不论哪个部门出了事，都是行政长官做替罪羊，书记永远能置身事外，安然无恙。'
 '中国的医生，就不再赘述了。中国的记者，至今都不被国际记者协会接纳。.像此文这种事，那就是狗咬狗。不要去同情一方，也不要去谴责一方，就当看猴戏好了！！。。。。。。。'
'院长腰杆这么硬，不查下他的靠山是谁么？靠山瑟瑟发抖啊，'
'这是医闹，还是医霸？'
 '这打的是记者，要是平民百姓，估计也没后面，继续的事了'
'都不是好人，不是我向着医院说话，但有的事真的不吐不快。天价停尸费这个事，媒体该纰漏的也纰漏了，该曝光的也曝光了，医院也和患者家属达成和解了，该赔的钱也赔了，天价停尸费也不要了，医院也像社会道歉了。那我就想问一下这位记者了，你还去采访个啥啊？在这件事上没少讹医院的钱吧？事情都过去了还想用这事去讹钱？医院的也不是好人，但把流氓当成英雄就太可悲了！'
 '这样的狗杂种怎么当的院长？'
 '虽然是免职，但仍然还是同志'
 '还会有下一个的'
 'c\u2006c'
 '不枪毙算是便宜他了，这种傻逼自不量力！'
 '拔出萝卜带出个小萝卜头！泥表示跟自己没任何关系。'
 '“涉嫌非法拘禁”这个是刑事犯罪吧，免职？'
 '正解'
 '为什么不把这些畜生拘禁在太平间。中国法律吓唬老百姓可以对权贵恶人太仁慈'
 '非法拘禁罪被拘留了，还同志？？？'
 '上梁不正下梁歪！'
 '他现在是咋想的，是不是平时牛惯了，天老大他老二，这回把四弄成五咧'
 '另一个护士打家属的，有视频证明是护士先动手踢打家属的，，，，可是最后解聘的却是报纸主编，，难道说是主编家属，就不可以报道自家遇到的事情了？？
 '秦川大地的吏治，说真的，力度比南方差远了'
 '楼上的来领温暖了'
 '为了院长可以坐牢那位呢？该你顶包的时候了。'
 '院长现在没有人敢出来给你说话了吧？你替你说话一块收拾！'
'莫名'
 '请不要滥用“人民”！
 '是啊！这是什么同志？不是人！'
 '不是停职吗，二逼们，现在压不住才免职，过两年没动静了，绝对换个医院做院长。'
 '限制公民自由是非常重罪的，一般都是10多年'
 '追责判刑！'
 '一楼觉得上梁很正似的，其实那是你看到的只是表象，他们自己人都是跟上面人学的！
 '愿为院长杀人的呢！'
'支持'
'肯定是贪官！快查！'
 '这院长肯定有背景？'
 '非法拘禁，故意伤害'
 '避重就轻，明明是涉嫌组织领导黑社会团伙，非法拘禁算个P啊。'
 '拍照侮辱了，情节多么严重的'
 '這是什麼地方
 '手上蘸满血的，忠实'
 '人心啊'
'
 '舆论的力量'
 '中国的医院，就不再赘述了。中国的记者，至今都不被国际记者协会接纳。.像此文这种事，那就是狗咬狗。不要去同情一方，也不要去谴责一方，就当看猴戏好了！！。。。。。。。'
 '免职，另有任用-——这是文件上常用词'
 '屌院长飞扬跋扈，傻喽啰为虎作伥。这下好了，树倒猢狲散，该！'
 '免职就算完了吧'
'对自以为老大的人一定要严肃处理'
 '开始停止，舆论压不住，开始免职了。非法拘谨不是应该判刑吗？'
 '大混蛋作恶，往往并不是本人出马，它的一帮打手会冲在前面。打手们有时多有时少。有时三个，有时四个。作恶都有帮的。'
 '一开始行政拘留了三个人，遭到了质疑，越闹越大，其实原本也是一伙的，否则开始就得抓人，非法拘禁罪居然行政拘留，警察有渎职行为！'
 '该。深查有无犯罪行为。'
'好，支，威，有希望'
 '不能一免了之，继续深挖调查看其有没有其它犯罪行为。'
 '是不是先免职，再开除党籍？'
'县长呢？无法无天一窝端'
 '免职，应开除公职，一查到底，肯定问题多了'
 '先查查一条龙：腐败'
 '罚酒几杯？'
 '一帮黑社会！'
 '有这种院长的医院，正直的临床医生肯定受气，各科室的主任也肯定是给院长送礼或者上边有人当上的。'
 '为什么不是撤职？'
 '冰冻三尺非一日之寒，平时欺负老百姓习惯了，这次遇到一个省台记者，算你小子捡个便宜，要是遇到中央台记者，秒抓没商量。'
 '活久见'
 '把黑社会说的那么清新脱俗'
 '对医闹处理的有这么迅速吗？
 '你想怎样?'
 '表面叫保安，实际就是打手一类的角色吧。
 '这院长真惨，真的是一绑猪队友害的。。。'
'敢打省台的记者，作死，也不想想能做省台记者，背景不比你个院长差，平时飞扬跋扈习惯了，关键时刻蒙圈了，活该。'
 '都是些小喽啰，上面没人罩着敢这么嚣张？真以为自己是啥'
 '这次打的是记者，下次如果是农民，理都没有理的'
 '周至县看来是太黑了，能否全面彻查？
 '这院长后面没保护伞会这么猖狂？'
 '院长也干不成了，副院长笑了……得来全不费功夫'
tianya喊啊，对了还要记得自己顶帖啊。'
 '终于得到教训了'
 '到底是人民医院还是人民法院医院也有权非法拘禁哈？'
 '应该严惩相关人员'
 '我就对易友说明一点:院长和医生完全是两个职业，而全国医院的行政领导一直对临床医生实行惨绝人寰的压榨和剥削，医生恨的就是医改的那帮傻逼，最恨的就是医院行政这帮终极吸血鬼！'
 '不许瞎说，怎么就没有活路了，你有什么冤屈可以去tieba，kuaihsou
 '免职是等舆论过去在安排当卫生局长吗？'
 '你摊上事了，你摊上大事了。'
 '这是个好办法'
 '这小子胆太大，不处理上级就得背锅。'
 '判刑'
 '非法拘禁不需要坐牢？'
 '强国就是有希望！'
 '多行不义必自毙 报应终于来到'
 '无法无天'
'只是涉嫌非法拘禁？？'
 '院长还是“同志”，注意称呼，这东西很微妙。'
 '和该'
 '在他们眼里都是医闹，并且，医闹他们可以随意殴打，国家是支持他们的。'
 '该有傻逼┐（─__─）┌为了几个钱为所欲为？'
 '院长和这群傻X应该不是后悔打他，是后悔没打死吧？狗是改不了吃屎的，只是免职太轻了！'
 '医院不是那么好进的'
 '同志。呵呵'
'涉嫌两字的意思可懂？？无脑喷！'
 '后台硬'
 '连记者都敢拘禁，一定要严惩不贷，不然何谈正义。'
 '免职？？？！！！果真不与屁民同罪
 '卫计委与民政部门在观望，不奇怪😳'
 '那个选出的院长'
 '院长读过读没有?简直就是个流氓，查他的收入情况。'
 '这已经是刑事犯罪了，免职是不行的。'
 '你觉得这个同志要是没有牛逼的背景，能出这新闻？'
 '别天真了！是免职，不是刑事责任'
 '出医疗事故了死活不肯赔偿，打了两年官司都输了又开始耍无赖！'
 '说实话判刑才有用。'
 '这就是我们现在的小康社会，跟古代社会有啥区别'
 '呵呵呵呵'
 '不知道自己吃几碗饭了吧'
 '好。让这些人知道法律的威严'
 '天下乌鸦一般黑'
 '我敢打赌，这位院长背后绝对有说不清的秘密'
 '不是已经刑拘了吗？现在还没审，怎么 判刑？'
 '免职不等于撤职，大家不要以为这是处分
 '市纪委该出场了，拍拍苍蝇'
 '树有根  水有源'
 '没有有效监督，木又力就是魔鬼。'
 '重大新闻，重大新闻，非法拘禁不用负刑责拉'
 '查出来又能还给老百姓吗？还不是变相进入国库了。贪官整治了，国库充实了，双赢'
 '卫计委失察，副书记不记过警告吗？'
 '涉嫌犯罪的嫌疑人还称之为同志？是还想再任用？'
 '免职比罚酒三杯稍微严重些吧！
 '半夜消息，大家懂，公安局长，法院院长，医院院长，都是带有黑社会性质的人召唤'
 '为啥背锅的总是副职……'
'作死了吧'
 '这年头这么傻的领导是不多见了！'
'好！大快人心？'
 '应该直接开除公职，然后调查其巨额财产来源不明罪。看看谁还敢包庇'
 '已经刑拘了，走司法流程了'
 '一手遮天惯了，想着全中国只有他最牛逼'
 '严严查查查一定有黑洞'
 '立贴为证，此院长不日定当调于它处，另谋高就！'
 '光免职就完了？接下来应该走司法程序审判了吧！'
 '大水冲了龙王庙'
 '活该活该'
 '这个院长真是另类。'
 '曾评过劳模。一看就知道这人就是搞关系搞来劳模的。看来后台很厉害，现在下台，可以等风过了，又上台啦。'
 '苦、空、无常、无我'
 '没有监督，腐败就会横行霸道！'
 '医者仁心！'
 '太多，治不过来，你没瞅见只是免职而已。人家犯罪成本是很低的。'
 '免职之后 可以再任用~~！无耻~~！'
 '得判刑'
 '不说是记者，就是平头老百姓也不能啊！只是他们作威作福惯了，觉得可以只手遮天'
 '真是法盲，以为自己可以只手遮天呢还'
'这是败类，不是“同志”了！免职以外，还应该负刑事责任！不能免职就了事！'
 '报应，院长和它的爪牙去牢里过年了'
 '现在也不能坐牢吧，非法拘禁超过二十四小时才是犯罪，打人达到轻伤标准才能判刑。现在还达不到这个标准。'
 '呼呼。'
 '坚决严惩！'
 '那个叫嚣给院长坐一辈子牢也无怨无悔的秃顶男呢？'
 '免职或许是为了升官呢？'
 '对这个无法无天的院长不判刑的话，中央应该追究当地主管部门的失职与包庇之罪！'
 '这样的人是怎么当上的院长呢？！要追究是谁使用这样的人！要不下一任恐怕也好不到哪去。'
 '不作不死！'
 '免行政职务由党委决定？'
'冰冻三尺非一日之寒，平时欺负老百姓习惯了，这次遇到一个省台记者，惹不起了。'
 '明知故犯的应该不是免职就可以，必须入刑'
 '不是李某某吗怎么现在又李新房了？'
'这样就完了……免职算好了…[暴怒]'
 '日本人与狗当道的社会，老百姓吃盐都是问题'
 '千万别怪医闹！大多数医院都这个样！收费高，检查多，病看不好。'
 '这院长估计都敢打央视记着[大笑][大笑][大笑]'
 '枪毙'
 '你说的是法治社会'
 '呵呵，换个地方升官发财。你们永远记住，没有靠山的奴才胆子没这么肥的。
你们才知道这件很多年而且天天在发生的事吗?我想不是
 '看清楚了 免职 不是撤职！'
 '没有网络新闻估计不会是这样的下场'
 '感谢这样的记者'
 '人医当家作主！！！？？？'
 '纪委到来哟，百姓笑......'
'医院可以提高药价，住院乱收费。'
 '天真啊，你还真来监督党啊
 '嘿嘿，记者都敢打，太膨胀了吧。'
 '不是有一篇文章不要对医生有偏见'
 '家长式管理，是一切疾病的根源————莫言'
 '刑事案件别只用行政解决'
 '医院🏥，最典型的吸血鬼[骷髅][骷髅]'
 '你这喷得有点过分了，12月4号发生的打人事件。前天就刑拘了。判刑也得公安局调查清楚，证据弄好。再移交给检察院，检察院提起公诉，法院审判案件，最终定罪了才是判刑。两三天就判一个人，法律上不允许的。'
 '这医院的院长居然把医院看成了屠宰场'
 '只是免职吗？'
 '……艹'
 '有好多人应该都寝食难安了'
 '是什么让这些人这么猖狂'
 '非法拘禁应该是刑事案件
 '上次也是陕西的孕妇跳楼事件？'
 '免职，停职，调离有何意义呢？'
 '无赖'
 '一开始就撤职？你美爹也没这么快，涉嫌不需要调查？你个喷狗！'
 '院长又调到别的地方任职了[色色][色色][色色][色色]'
 '严惩这流氓地痞式的院长！非法拘禁是犯罪不是犯错，免职是不行的'
 '免职就完事了?'
 '早就料到结果'
 '看看你的第二句：这家医院出了医疗事故致人死亡，收取天价费用，让涉事人员全部坐牢都是应该的！这一条在今天之前实现了？你这种货貌似公正无私，实则夹带私货！'
'医院啊，医德在哪？'
 '权利部门化，每个单位一把手都是小皇帝！'
 '逮到一个替死鬼'
 '他以为他是法院院长了'
 '免职，我们大家都很熟悉的过几天，异地升迁了'
 '就免职？不查查有没其他违法问题？'
 '这怎么当上院长的，严查关系网，'
 '[大笑][大笑][大笑][大笑][大笑][大笑]'
'严惩不贷'
 '上次那个为了他们院长愿意去坐一辈子牢的傻B出来重新说说'
 '网络力量大'
 '在它们眼里，自己就是天～'
 '二楼很成熟的吗，一楼只是“说说而已”就是不切实际的意思。'
 '就这样鸟德行的院长，鸟德行的医院工作人员，你能指望他什么好好治病？心黑了，和技术无关。'
 '免职的人员有些少'
 '有钱能使鬼推磨，接受现实吧兄弟'
 '然后呢，免职就完了吗？'
 '院长被抛出来，说明背后官也不大'
 '没用的，都是有背景的人
 '人渣，以为自己无敌寂寞了
 '应该入刑'
 '免职和撤职有什么区别啊？怎么新闻上还是同志呢啊？犯这么大的错误还同志呢？
 '国家级领导换工作也要用免职的。凡是说免职都是暂停职务，日后或者换岗，后者复岗。 撤职才是处罚。老祖宗留下的汉字就是博大精深。一字之差谬以千里啊。'
 '打着救死扶伤的名义干着伤天害理的事情。'
 '刑法里对于非法拘禁的刑罚是免职？'
 '刚开始是撤职副院长，顶不住舆论的压力，现在开始撤职院长，挺有意思！'
 '不打也死！有人叫他死'
 '狗东西压不住了开始抓人了，社会问题压不住了是不是该改革了？'
'免职根本没用，换个地方人家照样发财！'
 '不是依法治国吗？没违法？仅免职？'
 '院长也得给卫生局局长送礼，否则地位不保。'
 '李新房同志到底属于什么组织？？'
 '刑不上有钱人！'
 '原来本分工作是应该点赞的'
 '周至黑社会这么多，这都是怎么领导的呀。'
'这是触犯刑法啊，为啥不判刑'
 '这院长好大的狗胆！'
 '这次应该说盖不住了，应该说也是因为后台不够硬，你看看 three  colour  就没事'
 '是谁给了一个小院长如此跋扈的权力？？？院长是不是把医院当自个家了？严重的部门利益个人化思想。'
'把院长关进太平间三年'
 '支持周至县委免去李新房同志周至县人民医院院长职务。周至警方通报，李新房及其他11名嫌疑人因涉嫌非法拘禁陕西广播电视台记者被刑事拘留。李新房胆大包天非法拘禁陕西广播电视台记者是不可原谅的错误，也是无社会知识之举。采访工作是记者的职业，记者的人身安全是受法律保护的，不受任何人侵犯。医院如果光明正大，为啥怕记者采访？'
 '不腐败的村长书记都少见'
 '免职，不是处分。'
 '媒体说风得风说雨便是雨，话语权代表权力谁来监管'
 '完全正常，医院腐败是全国性的，不腐败的院长基本上没有！'
 '血盆大口天天在吃人，撤职！难道没有其他的了？'
 '那几个狗腿子呢！'
 '免职了就算处理了？应该由公安局把他也拘留十五天！让他在号子里住住！有人会问候他的老菊花！'
 '免职成了护身符'
 '公职人员免刑不知道吗？'
 '还有那个愿意为院长去吃屎的家伙呢，必须让他如愿'
 '免职和撤职完全不是一个概念，别忽悠我们'
 '有没有贪污？那句话“我愿意为我们院长坐一辈子牢”肯定给下属有好处！'
'避重就轻啊，还非法拘禁，这是故意伤害罪，并涉黑社会，有组织犯罪，是重罪！'
'再罚酒三杯？算了，反正我们说了不算，拿他们也没办法。。'
'要是拘禁是普通老百姓，这个事情爆出来的可能性非常低，还是记者掌握资源呀'
 '目无法纪'
 '陕西的野蛮事件太多了'
 '严厉打击违法行为'
 '要严惩这样的人'
 '这个院长栽了'
 '华为呀，正常什么？工资多少，不吃不喝全余下来计算
 '免职就行了？撤职啊'
 '非法拘禁是犯罪，免职就完了？？？'
 '人民两字去掉吧'
 '又是监控坏了'
 '文稿谁写的，还同志。这些人智商堪忧'
 '具有黑老大性质的院长'
 '再查一查经济问题。'
 '真坐牢是就傻逼啦'
 '又到哪家医院高就去了？'
 '真的是蠢，打人能解决问题吗？只会加深问题，真的是蠢的没救了'
 '我去，这次监控故障都没好使啊！'
 '自古以来，就是个贼窝子'
'不是说行政拘留吗？怎么又说成刑事了？'
 '曝光了总得有人背锅'
 '有个职位叫组织部长'
 '全部洗牌最好
 '记者都敢拘禁？胆儿肥了[骷髅][骷髅]'
 '杀人犯还他妈同志？'
'草泥马，我们不要这种狗日的公仆'
 '好好好好好好！尼玛啊！的亏是记者，要是普通老百姓会不会直接弄死到太平间啊！然后再赔点钱了事？无法无天了！'
'我们老家也是这样'
 '国外一罪一罚，国内只捡性质最重的一项，或者数罪并罚，只要不是死刑，犯罪越多越合适，打包犯罪相当于直接减刑。'
 '转了一圈，发现原来院长不算医生啊
 '他们打错了人，不该得罪记者，想想打得是普通老百姓这也就屁打点事、最多通报批评该干嘛干嘛去是不是？'
 '这明显是组织黑社会拘禁啊，这么恶劣的性质居然还称其为同志？？'
 '被刑拘的人还称为同志？'
 '欺负欺负普通患者及家属就算了 记者你也敢打 全国媒体联合搞一下 让你直接下班 还得进拘留所！'
 '冰冻三尺非一日之寒，平时欺负老百姓习惯了，这次遇到一个省台记者，算你小子捡个便宜，要是遇到央媒记者，秒抓没商量。'
 '楼主典型的站着说话不腰疼'
 '全部判刑'
 '不承担刑事责任吗？？？
 '胆子不小啊。这种人以前不知做过多少坏事。好好查查！'
 '非法拘禁不是入刑的吗？'
 '等等 我想问问   非法拘禁  只是撤职？不抓？'
 '丢车保帅！'
 '停尸费只是医院冰山一角，希望有良心的记者能挖出所有医院的买卖刚死亡患者器官剑财的犯罪行为！侮辱尸体罪！医院和殡仪馆勾结先将器官割掉再火化！要知道一个肾市场价30万，肝60万，眼角膜也要10多万！'
 '卫生局的领导也应该查一查，谁给院长这么大的胆子！'
 '以前医院总说自己是弱势群体，现在看来  我只能说呵呵！
 '记者都敢打，无法无天了，这下好了捅了马蜂窝，直接搞到网上，让你欺善怕恶，该[鄙视]
 '非法拘禁是违法行为，难道不用判刑吗'
 '这应该是归刑法调整的事了吧？'
 '有权的安逸喝着茅台，爱国的在吃方便面'
 '人民医院为人民。'
 '停尸间都外包出去了！院长撤掉也不冤枉，不收钱，谁让你承包'
 '正义和良知生生的被腐朽埋葬'
 '主犯免职即可？'
 '直接杀算啦了'
 '免职？为何不是撤职，然后拘留呢
 '只是免职？'
 '你全家钱花光了，吃成了死胖子，最后一炮得了艾滋！'
 '没媒体会这样吗？所以透明最重要'
 '先免职等风声过了再复'
 '哎，腐败呀。呸
 '没有职位的非法拘禁的话，我免什么呢，官的外衣能抵罪吗？'
'太恐怖，什么年代了，还有黑社会'
 '要是普通老百姓被打被拘禁，会放大此时吗？'
'换了个更高的职位吧？'
 '点赞！！！！！！      同是一片蓝天下， 但皇城根下的 河北一平民百姓遭遇医疗事故，按时下倡导的理性诉讼解决，因患者未同意医院赔偿1万元（不足首次治疗费1/6），结果受尽刁难、“愚弄”，两年多没有得到医院一分钱的退赔，一句话致歉，就连预交的诉讼费法院也退分毫（一审判决诉讼费全部由医院负担）。请搜索看《截然相反的医疗纠纷乌龙奇葩判决》'
 '厉害'
 '过几天换个地方，更高的。懂的。'
 '骗局人，勿上当'
 '严肃处理院长及其帮凶'
 '如果关的不是记者。你们根本不会知道'
 '判刑，'
 '打习惯了，这回打砬子上了'
 '不知道这个院长是被猪一样的队友坑了还是他自己本身就已经是个猪了'
 '记者先生
'想得美啊，免职不是撤职。比如市长升书记，首先免去市长职务，然后任命书记。。撤职才是处罚，等着起复而已，降职降级才关系工资、职务安排。。'
 '勉职就没事了？太牵强了吧！'
 '狗咬狗'
 '你不就是再向着医院说话吗？首先这个收费合理吗？你不收这家人的，其他人的不也还在收吗？人家记者来调查为何收费超标这个不合理的现象怎么到你嘴里就成讹了呢。社会上就是你这种颠倒黑白，是非不分，帮着某些利益说话的人太多'
 '自己的心都黑了，还医别人。
 '是免职，不是撤职，意义不同，免职是责任，撤职是违法'
 '追究刑事责任！'
 '非法拘禁就免职而已？背后到底有多大的势力啊？'
 '注意，只是“免职”。'
那個地方的平民能有活路嗎?'
 '太可恨，必须追究刑事责任？！！！'
 '！法律面前人人平等！对被打人和社会有个圆满交待'
 '大垫背的出来了，原胸在哪呢？'
 '医院院长都是分派的，难怪那么黑
 '王朝 马汉！查查此人，别让他蒙混过关！～包龙图！'
 '免职不是处罚，升职前也会免职'
 '大陆的医院（无论是乡镇的小医院还是部属医院）在利益导向下，从人员配置、管理行为到诊疗流程都被逐利性浸润得扭曲了。这个院长所以为所欲为，不过是有利益链条上的人物给他撑场子做后盾。为什么非法拘禁这样一个严肃的违法问题，其上级领导用免职来搪塞舆论呢？原因盖出于此。我说错了吗'
 '天下乌鸦一般黑！'
 '免职就完事了？'
 '院长才是诛魔，入刑'
 '穷地方
 '不行吧，法律责任就不负了吗'
 '免职，不是撤职，还有重用
 '记着砸人家饭碗'
 '就这比样  医患关系能不紧张？'
 '县居然敢动省电视台的人'
 '风头过了，肯定会东山再起的'
 '包括院长副院长等11人刑拘了，周至县公安局微博有通告。可以说，干得漂亮。重判更好。'
 '去看澎湃新闻对此事的最新报道吧'
 '记者也不是好东西，公报私仇，报道都太表面化，敢深挖试试，记者的背景估计更大。'
这只是发生在你们有利益关系人身上的事你们才报道出来的
 '你咋知道'
 '需要注意的是:免职只是意味被免职人不再担任原职务，一般不具有惩罚性，所以公职人员正常的职务调动会用到此词;触犯法规的公职人员往往也用到此词，他们因为当时不适任原职所以或是职务调动或是事后再担任原职.百度了一下，原来是真的'
 '还不是都想走后门走捷径，想踩着别人的脑袋上去造成的，一旦有一个这么做的，剩下的人就生怕被落下。'
 '，，，，'
 '啊。'
 '关键是这新闻明早还能看到么'
 '应该开除公职'
 '把那个愿意为院长坐一辈子牢的人也抓起来，满足他的心愿'
 '想象下，如果去的不是记者.....
 '非法拘禁违法刑法，涉嫌犯罪，免职后必须严惩！'
 '冰山一角而已，老百姓已经习惯了。。。上到。。。下到。。。有好的么？'
 '我还以为要罚酒三杯
 '就跟现在学生补课一样，有的家长知道别人家孩子去补课了，自己还没听到风声，也是很愤怒，虽然要交钱的，总觉得自己孩子被老师忽略了。虽然哪啥是明令禁止做这些，家长些就是愿意送上门。'
 '你全家钱花光了，吃成了死胖子，最后一炮得了艾 滋！'
 '监控坏了'
 '踏踏实实
'还尼玛同志，这是犯罪好吧！'
 '那沙比狗腿子一句“为了院长我坐牢都愿意”算是把它主子坑死了，本来还能推给临时工，这些全国都知道院长是幕后老大了。'
 '厉害了'
'得，这号练废了，把我调整到某偏门的部门呆两年，两年后再回来。那边呼出的电话铃声响起。'
 '为什么太阳这么红，却还是这么冷。《大护法》'
 '除了院长，应该还有一个书记吧。'
 '楼上你吗炸了
 '仅仅免职啊'
'这次警察赞一个'
 '现在医院都是承包制谁交给国家钱多谁做院长，这跟古代的买官卖官一个样！'
 '不是撤职吗？'
 '媒体才是最有效的有关部门！'
 '关键时刻监控都是坏的，是掩盖办案人员的犯罪行为。我儿子被人谋杀现场多处都有监控，烟台海阳市公安局的办案人员说，周围监控都不好用，不是没有主机就是坏了，案件在没有定性就将现场破坏，出假证，破坏被害人尸体，案发五天后我们早到公安局，在这五天内没有任何人告诉我们我儿子死亡，车辆和三部手机，工作包等都在现场，更加不能理的是在一起干活的多人也没有告诉我们，烟台海阳公安局办案人员，掩盖了整个案件真相，明是谋杀刑事案件却一直在治安大队处理，治安大队领导也说没有抓人的权利，但是也不移交刑警大队，治安大队也没有立刑事案件的权利，三年后给我们不立案通知书，我们有足够证据证明是谋杀案，凶手被后有重要人物在保护，案发时将凶手送望医院，而被害人一个小时后才被发现，没有得到及时救治，反而没有通知我们家人，直接往殡仪馆，在殡仪馆被害人多次遭到破坏。我们要求权威部门做尸检，但已是第五个年头了他们扣压尸体，不还给我们还不做尸检，我们要见一次还要经过海阳公安局同意，从精神上杀害我们俩位失独老人。'
我认为那些黑心的医院当官的该杀
 '医院就是文明抢钱的地方。'
 '需要严惩 ，给老百姓一个交待'
'别太当真'
 '估计这事不太好糊弄，一个记者就那样被黑恶势力打了？'
'是的就得很打不打都不知道自己姓啥了！！！！！！'
 '中国法律就这样啊很宽泛，根据你个人的实力 决定你的罪名，比如 嫖宿幼女VS强奸幼女'
 '同案犯全入罪，10年在停尸间过，院长终身，加一条死尸陪住！'
 '医院院长赚钱比卫生局局长多得多，当然看不起局长'
 '打你是给你面子了，不然人家拿个小本一记，等你哪天住院就把你弄死'
 '地域黑'
 '不需要翻了墙轻轻看美国的：'
 '你没好好听讲，再细看第一条最后一句话
 '陕西！'
而你们这些不作为的记者们更该杀'
 '就是一伙的'
 '广天化日之下，记者都敢打，老百姓还有活路吗？严惩！真是无法无天了。'
 '拍手叫好，放炮庆祝'
 '但还是没查清 到底太平间 承包了没有'
'形成较稳定的服务态度，人数较多，有明确的组织者、领导者，骨干成员基本固定2.有组织地通过活动或者其他手段获取经济利益，具有一定的经济实力，以支持该组织的活动3.以龌龊或者其他手段，有组织地多次进行活动，为非作恶，欺、压、残、害4.或者利用工作人员的包庇或者纵容，在一定区域或者行业内，形成控制或者重大影响，严重破坏经济、社会生活秩序。'
 '有些记者也是作死'
 '干吗不抓起来'
'支持周至县委免去李新房同志周至县人民医院院长职务。周至警方通报，李新房及其他11名嫌疑人因涉嫌非法拘禁陕西广播电视台记者被刑事拘留。李新房胆大包天非法拘禁陕西广播电视台记者是不可原谅的错误，也是无社会知识之举。采访工作是记者的职业，记者的人身安全是受法律保护的，不受任何人侵犯。'
 '求判刑'
 '非法拘禁免职就可以了。'
 '非法拘禁就是犯罪行为，仅仅开除是不行的，还应当按照刑事犯罪处置。
 '我不知道你是在哪看的 记者采访前 医院和家属就已经把问题解决了，反正网易的新闻是没有说，目前网易的信息，是法院判完（医疗事故）医院赔偿了 ，家属去领死者遗体时 医院要求缴纳10万元的停尸费 ，这个价已经远远超出了相关部门的规定 所以才有了记者去采访'
 '我们不想看到免职二字，应当开除党籍。这样才能根本的解决问题'
 '有权就猖狂的人现在是多了些。'
 '法律在全力面前，就是笑话'
 '不是治不了，没办法！'
 '现在办案都靠舆论了'
 '这是人家梁山泊的内政'
'应该把院长抓起来关进停尸房'
 '太黑了'
 '院长您好 我想跟你约一下 打死你个龟孙
 '可是'
 '查查，都发展了那些护士为情妇，将整个家族变穷人，异地就医，张嘴吃药，以其人之道，还治其人。'
 '在某些地方，手里有点权利就无法无天，根本不会考虑法律法规！没有约束，官官相护'
 '“李新房”同志，这称呼亲切👍👍👍'
 '然后呢？'
 '冰山一角
 '有没有保护伞。'
 '免职算什么？难道有职位的违法了开除就算处理了？违法成本太低了吧？老百姓违法你怎么不开除老百姓职位！'
 '他为神马这么大胆子，没有后台，他敢吗？一抓又是窝案。'
 '非法拘禁就是免职。。。我们法律是给谁用了？仆人除外吗？只给主人用？'
 '我不知道记者的采访权是什么意思！是不是记者来我就得打开家门让他进去好生伺候着？我能不能不接受采访也不让你进家门呢
 '来！喝了这碗酒。换个地再当'
 '玩过游戏的知道，先破盾才有伤害'
 '非法拘禁是犯罪
 '记者好人少'
 '不曾想，涉黑涉恶竟然进了医院，还当了领导……'
 '谁给的权利！
 '院长霸道惯了，这下傻眼了吧!'
 '好好治理一下县乡镇级的，土霸王'
 '山西，陕西，内蒙，新疆，民风彪悍，这才到哪儿。'
'这仅仅免职就够了吧？不查查背后的利益链了吗？'
 '已经是犯罪嫌疑人了，称同志不太适合了吧？难道你们的同志都是这样的么！'
 '然后呢？升迁了吗。。。。。'
 '面值就可以了吗。 果然共舞元就是一张保命符啊。'
 '这几年医患关系紧张，把责任全部推给病人一方，可见这个群体的败类真的不少，有一个被欺负，全国的医生跳起来喷，可是大家都知道那些小城市或者县里的医院，能找到一个好医生都难，把病人当猪皮。'
 '总把新房换旧房'
 '他们这一生最后悔的事就是当时没把人给埋了。'
 '摄像头该坏就得坏，识趣'
 '其实很明显，院长做的不专业，学黑社会那一套，没学好'
舊社會
 '记者新闻采访受法律保护，然而，周至县人民医院阻挡殴打记者，并将记者关进停尸间，真是无法无天，令人愤慨!'
 '没犯罪？'
 '这是记者，要是一般人百姓，就是医闹处理了'
 '暴力伤害，非法拘禁，敲诈勒索！'
 '我们的检察院、法院不出来走两步，特别是检察院'
 '现在什么社会，你还敢跟媒体人员这样玩，这不是自找麻烦 .......'
 '有后台怕什么！'
 '仅仅免职，根本不是惩处。'
 '谁给他的胆、是谁让他如此猖狂？求真相！！！！！'
 '握草不追究法律责任？
 '还有黑的呢。没有爆出。这都是小儿科。拆人房挖人家墙，还没地方说理'
 '严惩。'
 '这种涉黑的人物应该都有保护伞，建议异地关押审判。'
 '一群垃圾水军，坐等反转
'判刑不'
 '免职就完了？不涉嫌犯罪吗？'
 '这下不牛了'
'院长:背成马咧!'
 '好好好大快人心'
 '警方通报，李新房及其他11名嫌疑人因涉嫌非法拘禁陕西广播电视台记者被刑事拘留。。。。。'
 '还是同志？还有公职？还享受待遇？'
 '严惩！
 '中国移动私自扣费 缺德'
 '所以人家嚣张啊'
 '有黑社会的性质，必须追究。'
 '他还算同志，'
 '县医院院长，油水很多，轻松年入100w。——牛逼缘于不差钱。'
 '何止医院啊，教育，食品等等等等哪个部门不是'
 '无法无天，胆大妄为啊。。。。希望严判！！'
 '一个县医院院长敢这样施暴一个记者，发挥你的想象……'
 '捉妖记：“卢刚你不讲道义”，“讲，但不做！”'
 '已经刑事挽留了，确定是违法。'
 '应该追究刑事责任，重判以平民愤！'
 '副的也拿下了'
 '活该！'
 '院长为自已的大利益而犯法可以理解，小喽啰拿那一点小工资就难理解了！看看，抓进去的都是小，大的在家喝茶呢！卫生局局长神清气闲！'
 '估和适老该现身，卫生局和广电局的公议室！调研一下，安抚一下！做做姿态，赔偿，赔礼，都是自己人吗，算了个球！要是P民，就定打一顿，夹生的订个医闹'
 '最起码现阶段舆论才是法治的主要手段……'
 '打得一口好官腔'
 '还称同志的，你懂的。'
 '非法拘禁是犯罪，'
 '是要打击一下这些人太尼玛嚣张
'还叫同志呢 问题不大……'
 '其实，底下的人涉嫌犯罪的很多，但就是治标不治本'
 '医生和记者都是够黑的。。。。狗咬狗吧，让老百姓看看热闹
 '还涉嫌组织黑社会'
 '黑医院，怎么还能救人，必须给人民一个交待!'
 '马勒戈壁，当院长也贪污够了
 '先免职再追究法律责任，还有故意伤害罪，打的人家啊鼻青脸肿的，至少也得判3年以下吧'
 '免职太轻了，毙了他。'
 '昨天刚看了韩国电影“辩护人”'
'免职只是换个地方继续干，撤职才是应有的惩罚'
 '这种走狗，何必跟它言语，说了白说'
 '傻喽啰还说为院长坐牢也愿意，整一个黑社会头子'
 '还有刑事责任
 '利益共同体！这么多分钱的，不高价怎么分？自负盈亏后任你有再多保险，不够！！！！'
 '所有审判需要先组织处罚再法律处罚，因为违法先是组织发现的。所以判刑都是原医院院长，原某某书记犯罪被判刑。'
 '这种畜生院长怎么还能称呼为同志呢'
'讲真，设这么多管理部门不如几家媒体'
 '都是党的好干部，支持威武有希望！'
 '公职人员犯法与庶民不同罪'
 '胆大妄为！'
'地交出来，进城买房[大笑]'
 '这个这个，就这么处理吧！'
 '这幸亏是记者，要不早就打成医闹了'
 '风声一过又改任它职'
 '太平间内不太平，繁华之下尽污浊'
 '为啥不杀死狱警？'
 '怎么不按套路出牌呢，找到记者的房间，美女美酒好好接待，临走大红包奉上⋯'
 '怀疑这院长是否读过书，这么无法无天！'
 '就是，得病了就得去你放心的医院'
 '新闻越短，越有内涵'
 '谁给你的胆子，无冕之王你都敢拘禁，你嫌院长当得久了吗？'
 '医院太黑了'
 '院长你看网易新闻吗，好多人都骂你二逼'
 '中国是个法制社会，'
 '就免这么简单，不坐牢吗？'
 '还别不信，这种院长全国到处都是'
'中国的事只有曝光才有人去管'
 '太黑了！'
 '还叫同志，这种垃圾人怎么当上院长的？'
 '这个医院我希望以后不要有人再去看病了'
 '这种对人的凌辱参照美国那个案子，研判'
 '做样子'
 '医院比银行的钱还多'
 '不了了之，信不。'
 '不立案？没刑事责任？'
'别人说共舞元是一张保命符，是多一条命，本来我还不相信， 现在我真是信了，佩服的五体投地 。'
 '这种黑社会行为不是该判刑吗？'
 '无耻！'
 '卫生局局长，笑了，县人民医院和市卫生局长是一个级别，市人民医院比市卫生局长大一个级别。当然了，这只是行政级别'
 '法律不是给他们用来践踏的'
 '此人必有贪腐行为，这钱都去哪儿了，谁是受盖人，一只小苍蝇将被打死
 '这就是黑社会的小弟啊！'
 '受害人如果不是记者，而且普通人，会这样做吗？'
 '👏👏👏👏'
 '（多做好事，必有好报）加快发展繁重工作替代性智能机器（不用延迟退休）公司上市后业绩异常下降，依法赔偿遏制骗钱（当务之急大小限减持和再融资要挂钩分红或回购，违则重罚，促进长期良好经营，缓解套现压力）尽快开征股指期货的印花税，才能降低杠杆及高频风险，限制其乱影响股市（基金只有盈利才收管理费，真正为投资者服务）连续2天涨跌停就限仓交易，共同受益，利国利民！'
 '还是处理吧，让他知道知道啥是法律。'
 '法律有威严？'
 '一个地方的医院院长都这么牛逼[大笑]
 '呵呵，你倒是给我找找哪部法律赋予记者采访权的？'
 '县人民医院院长、县一中校长都是享受副县级待遇的，都不吊县卫生局长、教育局长的
 '公务员法条规定，免职不属于处罚。！！！'
 '最傻逼的是那些保安，医生院子能贪点黑钱，保安毛都没有，还那么卖力'
 '您没有去过周至，那里是我的故乡，当年我老父亲也是因为交通事故在县人民医院停放，那时候的收费就90多元一天（2005年的事情）。我之前在周至县电视台实习官爷们的作风还是有所目见的，这次不打要害周至可能2020年完成不了全民小康的目标了，甩了全国贫困县的帽子也落空了！'
 '别把同志一词乱用，这院长是人民的敌人！！！'
 '刑事拘留了怎么还能称呼同志？'
 '免职就齐了，过半个月换个医院，继续～呵呵，怪不得要维稳'
 '对他们而言，这类人才是同志。。'
'查一查医院帐目，乱收费现象发展到什么程度。'
 '为神马不敢叫记者看太平间，里面有什么见不得人的东西，是不是在提取尸油，作为地沟油。'
 '应该开除公职！'
 '违规了说成笙活昨风问题、围法了说成韦纪、饭最了说成盐重韦纪．．．纪到底是个什么东西。'
 '2楼已经把精神病院当自己家了。。'
 '同志就是志同道合的意思。'
 '没这两把刷子的还当不了院长。'
 '查吧，贪污肯定少不了滴
 '医院就医院，不要挂人民的牌子'
 '作吧'
 '称呼同志，说明没问题或问题不大？'
 '院长都这样，不仅限于院长，各种长都差不多，都想只手遮天，为所欲为。'
 '你们知道那个所谓的记者其实是想弄钱花！院长觉得此人太可恶，没忍住！我是周至人，李做了很多好事！希望舆论真的可以公平！打人不对，那那个记者去医院要黑钱，就对吗？！记者控制舆论导向………真的太可恶！'
'你想多了，风头过了他还是院长'
 '组织和领导黑社会罪，就非法拘禁就行了？
 '没看见刑事拘留了？固定证据然后审理再然后判刑不要时间？刑事案件几天就结束？'
 '身份很重要，普通民众只有被欺负的命了'
 '同志是什么意思呢？'
 '能当官的没有后台的还真不多'
 '该处罚'
 '那位信誓旦旦的要替院长坐牢的呢？这下傻逼了吧，美梦成真了。'
 '无法无天的东西！我觉得免职都算是轻的，应该彻查！把那些利益链上的玩意儿都揪出来！！！'
 '第一次没抓，看的网上舆论太大，第二次才抓。'
 '还同志呢'
 '免职？呵呵呵呵呵呵呵呵呵…'
 '查腐败的问题，，，'
 '支持严肃处理！'
 '应判刑
 '还同志？同志原来就是流氓的另一个词，我可以这么理解么？'
 '一个屁大点地儿的小县城，陕西电视台注定是你惹不起的强龙'
'上级.上上级主管部门是不是也该承担主体责任和监督责任'
 '背后的人呢？揪出来！'
'这是碰到记者了，普通人也就批评教育一下就过去了'
 '免职就完事了？这郭嘉完犊子了。'
 '应该枪毙'</comments><comments_num>35997</comments_num></doc>