<?xml version='1.0' encoding='utf-8'?>
<doc><source>NetEase</source><id>5936</id><url>http://news.163.com/17/1208/15/D554M17900018AOQ.html</url><title>中使馆：恐怖分子策划对中国驻巴基斯坦机构恐袭</title><datetime>2017-12-08 15:16</datetime><body>

                    （原标题：中使馆：恐怖分子策划对中国驻巴基斯坦机构恐袭）
                
中新网12月8日电 中国驻巴基斯坦大使馆网站消息称，据悉，恐怖分子策划近期对中国驻巴基斯坦机构和人员发动系列恐袭。中国驻巴使馆提醒在巴中资机构和中国公民切实提高安防意识，加强内部防范，尽量减少外出，避免前往人员密集场所。截图自中国驻巴基斯坦大使馆网站。



消息提醒，如遇巴军警盘查，请予积极配合。如遇紧急情况，请及时报警并联系中国驻巴使领馆寻求帮助。巴基斯坦紧急救助电话：匪警：15、急救：115驻巴基斯坦使馆领保电话：+92-315-6060000驻卡拉奇总领馆领保电话：+92-311-2311297驻拉合尔总领馆领保电话：+92-315-4130168外交部全球领事保护与服务应急呼叫中心电话：+86-10-12308或+86-10-59913991


 本文来源：中国新闻网  
责任编辑：范姜国一_NN9138 
</body><comments> '望平安'
'祝平安'
 '祁福平安！'
 '犯我中华者，虽远必诛！'
 '提防声东击西，'
'该出手时就出手'
 '坚决打击！毫不留情！'
 '太恐怖了。'
 '平安'
 '消灭恐怖分子'
 '恐怖袭击，是全世界的公敌。无论是在他国异乡的何地，提高防范，保持警惕，避免伤害。'
'打击恐怖主义 应该军方出动'
 '呼吁世界和平
 '犯我中华者虽远必诛！敢惹中国，恐怖主义必死！'
'扼杀'
 '世界和平太难了！'
 '对付恐怖分子，坚决不能手软！'
 '严厉打击恐怖分子'
 '生于忧患。'
 '消灭光恐怖分子'
 '平安是福！'
 '平安平安'
 '严重抗议'
 '派部队去保护'
 '希望在国外的大家，好好保护自己，能够安全回家。'
 '巴基斯坦的恐怖问题解决不了，中国在中巴经济走廊砸多少钱都白搭。既然现在巴基斯坦也是上合组织成员国，就应该好好利用这个平台处理本国安全问题'
'该出手时就出手！！！'
'强烈谴责，严重抗议'
 '希望一切都好'
 '杀尽恐怖分子，保中华平安。'
 '对于极端恐怖分子，防范远远不够，也很难凑效，最好的方式就是坚决主动打击消灭，就像美俄目前所做的。'
 '维护世界和平'
 '和平共处才能发展'
 '不要害怕！我们身后有一个强大的祖国！'
 '借机会在巴国练兵'
 '希望一切安好
 '坚决消灭恐怖分子，保卫国民安全！'
 '严加防范，注意安全。'
 '虽远必诛，同胞注意安全'
 '犯我中华者，虽远必诛之'
 '严加防范
 '很有可能，严加防范'
 '必须严加防范！'
 '犯我中华者，虽远必诛！愿巴方中国机构人员注意安全防范'
 '时刻注意防范！！！'
 '强烈谴责，
 '严厉打击恐怖分子  相关人员加强防范 确保安全 为你们祝福'
 '送这些恐怖分子下地狱吧！'
 '愿巴方中国机构人员注意安全防范'
 '恐怖分子必须消灭'
 '愿在国外的朋友们平安'
 '必须消灭恐怖分子'
 '防不胜防，安全第一，愿世界和平，没有战争，让各国老百姓过上好日子！'
 '愿远在他国的每一个中国人都平平安安！！愿在他国工作的每一个中国人一定要平安回来！！！'
 '肯定是东突组织的，这群垃圾'
 '注意安全同胞们'
 '坚决支持国家严厉打击！
 '为中国点赞'
 '向以色列学习，主动出击 跨国打击恐怖组织。'
 '相信强大的祖国会保护好我们国家的公民。'
 '注意安全
'严加防范'
 '严厉打击！'
 '除了防范，还要狠狠打击！'
 '伤我同胞者，必死'
 '强烈谴责'</comments><comments_num>6018</comments_num></doc>