<?xml version='1.0' encoding='utf-8'?>
<doc><source>NetEase</source><id>45893</id><url>http://news.163.com/17/1208/00/D53H49MQ00018M4D.html</url><title>天津人的命，是煎饼果子给的</title><datetime>2017-12-08 00:25</datetime><body>
最近，天津评选出了最受市民欢迎的百强煎饼果子店。在颁奖典礼现场，还建立了天津煎饼果子联盟，宣读了《煎饼果子联盟章程》。在这100家店里，市内六区占了93家，其余几家分散在环城的西青、北辰、津南，以及滨海新区。截止到评选结束，投票页面的总访问量达到一千二百万，而天津总人口也不过一千五百多万。而且，虽然投票人数众多，但是结果却众口难调。不少网友表示，“煎饼果子，还是我家楼下的最好吃”。煎饼果子各地都有，怎么唯独天津人如此狂热呢？天津不止有包子首先，天津人喜欢吃煎饼果子，倒不是因为食材匮乏，没有其他可吃的。相反，天津的饮食业非常发达。清代的《津门食品诗序》认为，北方的食品要数天津最多，比起烹饪水平，连南方来的旅客都同意天津最厉害，京师不如津门。一句话：论吃的，天津在数量和质量上都完爆北京。根据民国时期地方志的记载，天津春天时有蚬、蛏、河豚、海蟹，秋天有螃蟹，冬天有铁雀、银鱼、黄芽白菜等。至于青鲫、白虾这些河鲜，不分季节，四时常有。2017年，一位天津市民家的年夜饭/视觉中国天津能吃的东西这么多，风味小吃当然少不了。不熟悉天津的外地人，听过最多的就是“天津三绝”：狗不理包子、十八街麻花、耳朵眼炸糕。许多外地游客初到天津，都会去狗不理包子铺。还有不少人跟天津唯一的联系，就是收到过从天津亲友寄来的大麻花。就连“三绝”中知名度相对较弱的耳朵眼炸糕，窗口前也常常排起长队。礼盒包装的“天津三绝”虽然不受本地人的青睐，却是外地游客购买天津特产的首选/视觉中国但实际上，这些声名在外的著名小吃并不是天津人每天必吃的食物。拿狗不理包子来说，这家创立于清末的中华老字号，自从走上高端路线后，已经逐渐距离普通市民越来越远了。今天在狗不理总店，点上一笼最普通的猪肉包需要46元，精品包子则在百元以上，价格这么高，味道却又没比市面上的平价包子好到哪去，天津人自然选择用脚投票。相比之下，煎饼果子的价格就亲民多了。路边摊上一个煎饼果子，一般不会超过7元，是天津市民早餐的首选。</body><comments> '没听弟弟直播说啊'
 '真正好吃的不是在店里，而是在路边摊上'
 '那块薄脆叫粿蓖，果子说的是油条。'
 '油炸的薄片叫做薄脆，果子就是油条。'
 '山东的沂蒙大煎饼很好吃！！！强烈推荐
 '天津不是吃大饼鸡蛋吗。'
 '原来如此'
 '煎饼果子、耳朵眼的炸糕、嘎巴菜小时候的味道，六七十年代的时候天天的早点，七八天吃一回包子。现在别的还能吃，狗不理变味了，呵呵！'
 '煎饼果子里果子可以是薄脆——油炸面皮。'
 '天津煎饼果子其实是夜宵。半夜开始一直卖到清早。'
 '狗不理给的更确切'
 '特别是临沂的煎饼，一般外地人都吃不服，牙口得很好，现在我们本地小孩咬不动煎饼的也大有人在…'
 '能快递吗'
 '十八街麻花难吃，本地人都买麻花大观园的手搓麻花，另外本地人很少有吃狗不理的，一个吉林人生活在天津的感受
 '你那是假的'
 '兄弟有一套啊'
 '北方吃的真是多，每次去西安，洛阳，郑州，济南，北京，天津就是吃不够，但是要有人带着能找得到那些不出名还好吃的地方'
 '用脚丫子踩 泰式'
 '不油吧！！里面的炸脆不放就好了'
 '假不假酒不知道，不过天津真的是狗屎一样，要不怎么狗不理呢，你说是吧？'
 '以前我们都叫南方人蛮子[微笑]'
 '真的好吃，小时候上海街头巷尾都是这种蛋饼，现在全是山东杂粮煎饼，我就搞不懂这种蛋饼是什么时候撤退的
 '是真的哦
 '药药药切克闹，煎饼果子来两套'
'说的太对了，改良后忒特么垃圾了'
 '康安北鼻！让我们一起唱：哟哟切克闹，煎饼果子来一套……'
 '天津特色美食确实不错'
'里边夹的薄脆，又名果子。'
'。。。。。。。'
 '狗不理两年前？就一笼上百了啊
 '噗哈哈哈哈哈哈哈哈，应该是他们发现加上棒子反而卖的更好。但我搞不懂消费者怎么想的，论吃，在这个星球上，中国称第二，谁敢认第一？'
 '软蛋格林6中1得了3分，小加16中8，得了34分，把软蛋格林打出屎来了。'
 '好吃'
 '90年代初在华北，街边的煎饼果子那是真好吃，每天骑一辆破旧的自行车，早餐晚餐都拿来当主食，果子就是油条，那时候加个蛋都很奢侈，因为每个月就那么点钱收入😂吃东西真不能拼地域，顺德厨师烧出来的菜特别好吃，这个连周边地方上的人也承认，要不然怎么称：中国厨师出顺德这句话呢？东南沿海一带的灯盏糕，当地人都说里面夹杂白萝卜丝才是最好吃的，还有鱼丸，用咸水鱼晒的鲞…好吃的东西很多，不知道自己吃过的是不是最地道的[羞羞]'
 '薄脆学名果篦儿。'
 '老约翰正宗炸酱面'
 '你个弱智'
 '我在北方工作6年，见识到煎饼果子的威力了，可以夹任何东西，只要你买了带过去。你别说，我在超市买的各种口味的辣条夹进去那是真好吃'
 '谁买狗不理谁傻逼，坑死人！'
 '在天津的时候天天吃，四元一个。'
 '别难为他了，新加坡还说会打汉字就不错了'
 '给你普及一下：棒槌果子 果蓖儿  果头儿 糖盖儿'
 '那阵刚改革开放，做小生意的人少。我82年上小学，偶尔吃套素的，8分钱2两粮票。'
 '25年前在北京颐和园门口吃的煎饼只是人民币¥1……我是否赚到了？😅'
 '小编，谁说煎饼果子全国都有？不是裹在煎饼里的都叫果子！
 '里边那油炸的叫麻叶，也叫果子'
 '果子指的是里面的油条'
 '新加坡这哥们，山东也就是鲁也算是北方了'
 '浪到新高度了！'
 '比你那个卷大葱好吃'
'严重怀疑很多韩式日式法式等就是我们自己做出来的'
 '笑了[大笑]'
 '尼玛，一屉狗不理包子一两百，神经病啊！
 '应该说是油条吧，玉田那边管炸饼叫果子饼'
 '我一天津人都不知道。。。不过二楼说的三样，的确是我从小吃到大的'
 '是煎饼果子创造了天津人么'
 '没吃过'
 '可以光要皮儿，不要果子'
 '德禄斋才是骗外地人 小编不要因为狗不理没给你们广告费就黑人家好不好 我是天津人 觉得狗不理就是好吃 贵是有道理的 吃不起还说人家不好吃的就是屌丝'
 '笑死了，哥们。。。。'
 '果子，油条也。'
 '哟哟切克闹煎饼果子来一套。。。'
 '南北之分在淮河'
 '我站在南极，微微一笑'
 '天津是一个杂七杂八形形色色的城市
 '怀念最早夹油条的煎饼果子，那叫一个香，吃一个还管饱，现在的都是夹薄脆了，感觉没有以前的韵味了，一个还吃不饱，听说薄脆还都是地沟油炸的，很少吃了。'
 '不要脸还出来炫，婊子'
 '感觉也没那么好吃啊'
 '去幸福家居 边上的煎饼果子吃过吗？夫妻俩干了十几年了，好吃'
 '你吃的是假煎饼果子。。。摊煎饼不放油'
 '里头有根油条，民间俗称“大果子”'
 '不管二楼是天津土著，还是后来的移民，我只能说他的确太给天津人丢脸了，我替他向大家道个歉'
 '你懂的'
 '果子就是油条，薄脆叫果饼儿，好像是'
 '食物还要讲正宗这个逻辑很可笑。食物就是拿来吃的，符合人们的口味才是它的赖以生存之本。就文中这个天津煎饼来讲，天津人认为加入别的食材就是“邪教”？然而你们这个正宗的煎饼本身就经历了自山东传入后的各种改变。你们以为现在就是它的最终形态了？在回民用骨汤代替水和面，在加入油条，在加入鸡蛋…每个改变之前，你们都曾认为当时的煎饼就是它的最终形态了'
 '不是鸡  吧吗'
'嚯嚯 现在大部分女生喜欢吃的比如炸串 麻辣烫 麻辣拌 鸡架 麦当劳 肯德基等等  哪个不是油了吧唧的'
 '那叫手抓饼'
 '考嗎北鼻，呦呦切克鬧，煎餅果子來一套'
 '煎饼馃子馃子馃馃馃是馃，媒体要严谨。'
 '哈哈哈，我不是天津人，到我也爱吃煎饼果子
 '煎饼果子永远都是家门口的那家最好吃'
 '不穿冻死你'
 '喜欢煎饼果子'
 '大饼夹一切[大笑]'
 '南京随便一个路边店的包子都比狗不理包子好吃'
 '从出了我家门开始 往北就是北方，往南就是南方！'
 '重庆的童鞋问个问题，以前有个朋友在天津读的大学，说天津吃的巨咸，她都吃得咸得哭了旁边天津同学还在往里面加盐……是真的还是假的？[疑问][疑问][疑问]'
 '不是果子是果蓖儿'
 '上小学的时候劝业场还和西单一样，那时候我觉得天津是一线，现在真的不知道怎么了'
 '还是山东的杂粮煎饼好吃'
 '说个笑话，我真没吃过煎饼果子，油炸的？'
 '二楼果然很天津'
 '最爱山东大煎饼
 '你牛逼'
 '回味上学时吃的煎饼果子'
 '果子就是油条，不过现在的“果子”不仅仅是油条了。
 '果子在古语里是糕点，小吃的意思，不是今天水果的意思'
 '召唤天津的朋友，去了津门买点什么特产好？'
 '哟哟切克闹煎饼果子来一套。。。
 '想那口 煎饼果子就是好吃'
 '老梗了'
 '好顺口'
 '狗不理强行拽你进去吃了吗？'
 '雏儿啊'
 '这种东西也是90年代随民工潮开始在上海流行的。上海叫包脚布。现在很多菜场门口还有。'
 '哦哦哦'
'这个果其实是裹的谐音'
 '怀念天津的大饼鸡蛋，煎饼果子，锅塌里脊'
 '下次评大饼鸡蛋和小饼里脊吧'
 '记得20多年前在苏北吃地锅鸡，就在地上搭个土灶，铁锅放上去，边上沾上薄饼，那味道真很溜，如今被“改良”了，感觉吃不出以前的那种味。两次回家探亲坐大巴，路过皖北停车吃饭，10块钱的卤牛肉量很多，总是感觉意犹未尽（探亲两次就吃过两次）[羞羞]有一次在微山湖边上挖国防光缆，有时候和几个战友跑出去打牙祭，村子里的大婶凉拌出冷菜真能触及到心底的“味蕾”…'
 '00年代带四盒麻花回去，尼玛累死我了'
 '😃'
 '对，北京的煎饼就是个渣渣，难吃，吃了十年也不适应这口味！'
 '就是油条，不过和油条比还是各有不同
 '喜欢吃'
 '提前祝大家🐶年快乐，身体健康，🐶年发大大大大财！'
 '毛子看了表示想抽你一顿。'
 '哎，去过天津一次，街道规划还行，天津人民也很二，二得幸福，也很有钱，空气糟糕，论吃的天津就算了吧。'
 '你说的是鸡蛋灌饼吧，煎饼果子不放油的'
 '难道不是油条？'
 '欢迎大家去我大河南吃胡辣汤……'
 '我这里大街上煎饼有火腿，鸡蛋，葱，生菜感觉不咋好吃'
'老豆腐。'
'油条'
'天津人其实是最老坦儿的 成天看不起这个看不起那个 除了在吃上打嘴仗 其他的屁也不会 大多数天津人懒得要死 宁愿吃低保也不愿意出去找个活儿干'
 '14楼的爸是他亲哥'
 '果子可不是油条'
 '徐州的煎饼果子最好吃，可以加土豆丝海带丝等菜'
'明明是煎饼为什么叫果子？水果？'
'郭德纲说的 天津外的煎饼果子 卷好了能立地上[大笑]'
 '煎饼果子放油！只有脆皮的假煎饼果子才不放油'
 '你不是内蒙的嘛？果子在内蒙就是一种奶酪油条，天津就是普通油条。正宗的煎饼果子一定要包油条。现在奸商为了降低成本都使用薄脆了。我特地问过，油条只能放半天，而且很快就不脆了，但薄脆可以放两三天时间'
 '不错，在塘沽待几年，还有一种饼夹生菜里脊肉，煎鸡蛋。有点酱。吃起来满口！'
 '天津煎饼果子商会，今天成立了👏👏👏👏'
 '所见过的市面上最多的杂粮煎饼。'
 '生煎包好吃(๑´ڡ`๑)'
 '北方人的年夜饭好随便啊……'
 '只要是煎饼，我都爱吃。包子还是各地方的土包子好吃。'
 '果蓖儿和果子一样，都是路边早点摊炸出来，卫生状况一样
 '我爱果别儿。咋TM打这个字。'
 '回3楼：薄脆是北京的叫法，天津叫做馃篦儿。回2楼：在天津，馃子和馃篦儿都是一种面炸出来的。在天津的炸馃子摊除了以上两个品种外还有其他几样常见品种。一种叫馃头，也叫馃子饼。像馃子一样是蓬松的，但形状是长方形或圆形，中间还有几刀开口。第二种叫糖馃子，其就是在馃头的基础上附了一层糖面。炸出来以后是甜口。第三种是盒包蛋，也有叫鸡蛋馃子、鸡蛋角的。做法是先炸一个十几厘米见方的面盒，炸至半熟捞出来撕开面盒打入一颗生鸡蛋，捏紧盒口放入油锅复炸至棕红色捞出。'
 '现在渤海湾的海产品都灭绝了吧？
 '在天津，煎饼就是夹果子和果蓖的，夹一切的是大饼。'
 '记得有个四川人叫李伯清，他说过一句话：菜无定味，适口为佳正宗与否只是一种传承历史，附加值而已，喜欢不喜欢，合不合口，只有吃了才知道'
 '为啥叫煎饼果子？我更喜欢叫煎饼，果子是嘛意思？
 '煎饼只是最外层那个饼，煎饼果子才是那种卷好的。你的说法也没错，天津人当地也叫煎饼，算是一种简称吧'
 '我说鸡蛋你说要'
 '鲁菜属于南方菜系呀？😄'
 '路边摊的看着都觉得脏。。。'
 '呵呵'
 '要要切克闹'
 '请自行百度，煎饼果子是天津著名小吃。也许其他地方有煎饼的各种吃法，但煎饼果子，天津人说的就是本地的煎饼果子，其他地方和我们没关系。
 '二楼傻逼，贵你得物有所值，山东大虾也是明码标价，你也可以不吃啊，'
 '😲兄台，请重新学习你的地理'
 '煎饼比馕软吧？'
 '好贵。7块
 '我在南开大学研究生部那附近那条街也吃过煎饼果子！果子就是我们这里所称的油条！确实比我们这里好吃！原因不知道！路边摊啊！叫什么堤！天津不少地方称＂堤＂！什么王顶堤！⋯就是碗里垫上塑料袋盛豆浆、稀饭让人心里不舒服！应该是节水的原因！总之，到了北方，明显感到节约用水！'
 '果子在天津或者河北一带就是油条'
 '再也不吃狗不理了，太特么坑人了关键味道实在太普通了'
 '里面的油条叫果子，果子在过去范指点心小吃零食，红楼梦里多有提到'
 '吃过，可能不是我的口味，'
 '确实北方很多地方都把油条叫做果子，你说的薄片大概叫薄脆
 '十八街，狗不理，样子变了，味道变了，申的什么遗？'
 '牛逼'
 '以前就是油条，油饼，后来有了薄脆等等'
 '煎饼果子好恶心'
 '八百年前看过这篇文章，一字不差'
 '这是山东的煎饼走出去了！和天津没关系'
 '油条就叫果子'
 '天津人竟然不是爹妈生的'
 '当年的土鸡蛋煎饼……'
 '我大山东可是冬天有集中供暖的区域！'
 '煎饼果子我吃腻了'
'这种东西能吃？论吃的还是看南方好吧'
 '果子是里面夹的东西，像油条的叫果子，四四方方的叫果蓖。'
 '为啥那个台湾的鼎泰丰就没人说宰客呢？价钱差不多也那么贵
 '天津老三样儿，知道的举个手我看看'
 '怀念'
 '现在是傻乎乎的外地游客看不见'
'你是不是没找到好地方。我和你正相反，去的时候是雾霾。但是天津馆子，真不错，便宜选择多，什么肘子酥、锅巴菜、爆三样，我们五个人吃到撑，才二百多。反观北京，本地名小吃真的接受不了，豆汁焦圈就不说了，爆肚不爆，炒肝黏糊糊，还有卤煮，口味太重'
 '对，就是这个。不过我所见的，油条好歹是自炸的，过程看得见。果蓖儿是进货来的，更堪忧啊。'
 '是时候换个口味吃天津人了。'
 '我作为一个山东人从来不吃临沂煎饼，我们这也没有卖煎饼的，所谓菜煎饼都是一群枣庄人在卖，然而并不好吃'
 '……'
 '就这个把天津一部分人吃成操蛋样儿'
 '武汉人的命是……'
 '天津人不是管油条叫果子吗？煎饼果子里面不是有油条吗？可能吧？瞎猜的😄'
 '挺好吃的'
 '对😃'
 '双果子'
 '煎饼果子，就是天津吃煎饼的特色，其中果子不是油条是一张不大的油脆饼'
 '果子是油条？？？油条？？？果子是把面赶成薄片油炸的，脆的。油条是发面，软的'
 '天津土包子都吃的什么🐷食?'
 '本地人没几个去的，街边巷尾随便一家就比狗不理好吃
'没错，一百多块就几个小包子，还不好吃。。'
'煎饼联盟？选出煎饼侠了吗？'
 '求你去吃了？没事别来天津，天津也不欢迎穷鬼！'
 '馃餅儿'
 '广东人
 '油条叫果子'
 '东北人印象里把山海关以内的“关内”地区，都认为是南方。'
 '😲兄台，请重新组织你的逻辑'
 '武昌鱼？'
 '嗯，符合东北汉子的作风'
 '哈哈哈'
 '天津现在很漂亮，有些外地朋友夜游海河后会用惊讶来描述感觉'
 '鲁菜就是北方………'
 '薄脆是粿蓖儿，油条是粿子。话说好多年都没见过写着煎饼馃子的招牌了'
 '标题有点哗众取宠'
 '说的鲁菜不是北方一样'
'所谓果子就是油条！天津北京碗里都垫上保鱼产鲜袋再盛稀饭、豆浆！看着心里不舒服！这可能是节约用水的原因'
 '上次我在火车站广场流动摊贩那买了一份煎饼果子，我当场就发火了！麻痹的这是煎饼果子吗？里面根本没有水果！就是一张面饼涂上辣椒酱放一颗青菜一个鸡蛋然后裹住一截潲水油炸的油条！这不是作假吗！'
 '北方'
 '看饿了'
 '那是你不懂吃之道。老广们自以为会吃，其实很多老广坐井观天，距真正的吃货差远了。和班老广们出游猎食，到四川吃不了麻，到湖南吃不了辣，到江苏吃不了甜，到北京吃不了咸，到西北吃不了腻，到西南吃不了酸……'
 '欢迎大家去我大河南吃胡辣汤……
 '果篦儿。一块方片，中间割几道缝，炸出来象篦子。'
 '我看见五个比乒乓球大点的发光体发着月亮一样的冷光不刺眼，在我头顶上空时尔悬停不动，时尔以8字型相互绕来绕去，速度和你用手电筒的光绕8字型一样的，长达半个小时，最后相继向北方飞去，速度和手电筒的光划过整个天空是一样的，瞬间消失!阿门'
 '毛子就是典型的奴性，野蛮，落后'
 '有一种用杂粮摊的  打上鸡蛋  里面加火腿 里脊肉 还有一片挺脆的叫不上名字的东西  然后再抹点辣酱，那种好吃…[大笑][大笑]'
 '我对天津的印象是市民都清一色灰不溜秋的大棉袍，下班后买一坨湿切面，回家煮了当晚饭了。'
 '煎饼果子的威力好大啊'
 '大姐来套绿豆面果饼儿的，多放葱花'
'煎饼果子配豆浆，绝配！'
 '你适合去当和尚清汤寡水'
 '天津的煎饼果子整体水平都挺高的，四合面，天天早晨吃我都不腻，我和平的'
 '企鹅笑笑不说话'
 '你们本地人知道不去，我们外地人可不就是不知道的挨宰，不是冲着名号谁进那地呢？'
 '93年，我上高中，课间操时间最享受的就是买个夹2个薄脆多刷辣酱的煎饼，1.5元'
 '两种东西好吧'
 '你得认知面太窄了  东北一直把长江以南的人叫做南方人
 '油条就叫炸果子'
 '是馃子'
'外地人千万千万别去狗不理，本地人就无所谓了，反正你们也不去。'
 '大饼鸡蛋'
 '怎么不整点泡菜卷里头啊，绝对更韩国正宗。'
 '哪里不是这样啊，兰州牛肉面，西安羊肉泡，杭州小笼包，莫不如此'
'哟哟，切克闹，煎饼果子来一套，我说煎饼你说要。煎饼。。'
 '天津？一个狗屎一样的城市'
 '天津的煎饼果子 可以自己带鸡蛋去摊'
 '果子难道不是油条？'
 '确实没看懂
 '不光煎饼果子 还有大饼 夹油条吃 滋味也很好 只是十几年没去过天津 没吃过了 怀念'
 '2003年到天津去，早晨看到天津人吃早饭，一本正经吃，一个馒头或一块饼，一条油条，一碗豆浆加一个鸡蛋，坐在店里一本正经吃，胃口真好。至于狗不理包子，在步行一条街排了20分钟队，吃后大失所望，真是狗不理包子。'
 '煎饼 鸡蛋 葱花 香菜 豆瓣酱 油条 一点点点孜然粉 辣条。  平时我都是这么吃的[被黑]
 '嗯，天津都是有钱人，我们比不了'
 '去天津吃过桂园餐厅，麻花、耳朵眼、狗不理还有几个小餐馆。真心一般，是很一般。而且没啥特色感觉，跟北京差不多，文中说的煎饼果子，吃了两口吃不下了。没吃过这么难吃的煎饼果子。不过天津城市倒挺干净，出租车司机尤其好玩。'
 '家乡的味道，每次回天津必吃!
 '确实北方很多地方都把油条叫做果子，你说的薄片大概叫薄脆'
 '这个正对姐姐我的胃口耶'
 '狗不理越来越绝了 八个包子一百五十块 四碗红豆粥七十八 哪来的自信卖这价格？'
 '天津，一个走了就不想再去的城市[大笑]'
 '臣妾坐不到是什么意思'
'。。'
 '广东早茶'
 '哈哈😄'
 '天津管油条叫果子，煎饼加果子叫煎饼果子。后来出现加粿蓖的。还有一个皮什么也不加的。'
 '文章写的很好啊，算是学术含量很高的了，值得褒奖'
 '天津人管油条叫果子，煎饼里面最早是夹的果子'
 '这都不重要，我就想知道怎么才能屏蔽陈小春，张家辉，古天乐，孙红雷与刘烨这五个傻逼……'
 '兄弟，别和一个没素质的垃圾争辩，他不值。'
 '出了山海关才叫北方'
 '为什么要关注排名？'
 '谁吃过亮仔煎饼'
 '八大菜系有它吗 天津2⃣️b'
 '你他妈来天津，我保证不打死你'
 '别忘了实心大麻花[不屑]'
 '兄弟，请酒醒了再发帖'
 '庆丰包子已替代狗不理包子了。'
 '谁吃狗不理，谁是……！
 '赞同11楼的说法！
'狗不理的大门上写着外地游客看不见的两个大字：宰客'
 '那不叫果饼儿，得念果篦儿'
 '为啥我不爱吃那玩意'
 '和煎饼有什么关系？'
 '不至于吧，天津存在感这么低的城市，还能在你心里留下印象，真难得'
 '不敢苟同。'
 '煎饼卷大葱最实惠'
 '发展到今天，不想被宰出几盆血的人啊，不要轻易进入所谓的传统名店！'
 '14楼的妈被北方人轮过，他把又是自己亲哥，所以没事主动挑起地域斗争，可惜他全家今年都要被渣土车收了。'
 '美国煎饼也得被传的?'
 '作为一个南方人真吃不惯煎饼果子好吧'
 '这东西我爱吃！！！'
 '明明标题是说天津人，内容是吃煎饼果子天津地方特色小吃，怎么能撤到南北方人了'
 '天津是个好地方 怀念那里的锅巴菜 老豆腐 馄饨 大饼 羊杂汤 玉米面窝头 面筋炒肉  五大道的私家菜馆 仿古菜馆 一声迎客鼓 一声送客锣 一句 慢走啦 您呢 不知去武清的那座桥上 织毛衣的大哥还在不 津腔津味 天津承载我太多的回忆 别墅洋房 有爱 有悔 有欢乐 有泪水 我还会去的'
 '澳大利亚表示自己才是真的南方人'
 '现在大街上的山东煎饼也是改良的，从小吃的山东煎饼，真不是这样的。里面加各种菜，叫菜煎饼。。。也是软的，也有脆的。另外，山东煎饼，真是看个人口感，材料不同，软硬不同。我也是济宁的。上大学以后，在东北见到了山东煎饼，挺崩溃的，感觉就是菜煎饼得改良。但是难吃！'
 '狗不理好吃？我读书少你不要骗我'
 '我不爱吃果子 油了吧鸡的 [暴怒]'
 '说到天津，为毛总是首先想到天下霸唱？？[狗]'
 '各地都一样。卖游客的钱。死贵又特么量少，味道还一般。'
 '去年十一在天津玩了几天，南楼的煎饼果子比二嫂子的好吃，老幼乐跟陈傻子的包子一绝，一个人可以吃一斤半，巷子深的肘子软糯入口即化，大福来尝了一下锅巴菜跟牛肉馅饼，小宝栗子超甜，晚上马砂、鸡蛋汤面可以嗨到深夜，临走的时候在一个小巷子里发现了卖糖葫芦的小店，天津的糖墩颠覆了我对糖葫芦的认知……'
 '油条啊'
 '朋友告诉我，在天津买煎饼果子，排成队，一人手里还拿一个鸡蛋。'
'垃圾，还不如吃个鸡蛋灌饼'
 '八大菜系有卤煮吗，2B'
 '锅巴菜。'
 '你说的对，我记得小时候一个煎饼果子八毛钱。特别好吃'
 '果子就是油条，天津人叫果子。兄弟，有机会来天津时吃吃煎饼果子，果子买现炸的，然后让摊煎饼果子的给卷上，趁热吃，决对好吃。注意，买时要绿豆现磨，煎饼果子果子里放葱，甜面酱，炸辣子。'
 '他的意思可能是只吃酱和葱'
 '你别去啊，谁求你去了？明码标价，哪里宰了？你嫌贵可以不吃啊？喷狗'
'我没吃过煎饼果子'
 '凉了的味道比刚下锅的差远了'
 '山东人表示吃不了那种。临沂还是哪儿的煎饼。硬的像吃铁片。
 '如果按秦岭淮河分我家住在淮河边上，在河的南岸那我就是南方了？淮河有自带防御寒潮功能么，冻死了。'
 '这标题，我以为天津人的妈都是煎饼果子。
 '油条在天津就叫果子！'
 '保定狗腿子'
 '果子就是北京话里的油条'
 '哦哦'
 '！！！'
'煎饼果子来一套，我说鸡蛋你说要'
 '现在山东人的智商都咋地了'
 '楼上正确。'
 '还铁雀呢，禾花雀都让你们中国人吃快绝种了'
 '果子过去表示小吃糕点的意思'
 '广东人的命是福建人给的'
 '你是多看不起我们天津人，我一般拿俩鸡蛋，显得富裕一些'
 '一花一世界，一叶一佛佗!究竟是什么意思呢?他是在告诉我们任何一个物质都是一个世界一个宇宙!组成这个物质的物质都是完全相同的!比如一片树叶由十个细胞组成，我们说十个细胞是一片树叶!再比如这十个细胞中的一个细胞由十个原子组成，那么我们可以说一百个原子组成了这片树叶，也就是说这片树叶是一百个原子!再比如该树叶的一百个原子中的一个原子是由十个中子组成，那么我们可以说这片树叶是由一千个中子组成，一千个中子组成了这片树叶!以此类推至各基本原子!我就不一一举例了，自己想象去!!因此我们可以说这片树叶是电子，是中子，是原子等等!哪个物质不是如此呢?'
 '武汉人的命是……
 '八大菜系中唯一一个北方菜系。'
 '果蓖儿'
 '江苏人不是吃苏北人吗？'
 '天津人的蜜汁自信我是佩服的'
 '这个标题太片面了，说实话，市区的煎饼果子真的不如我们蓟县的好吃'
 '专门去天津的南市小吃街吃过煎饼果子，居然比北京那帮荷兰人做的还难吃，估计是专门给外地人准备的。没找到天津本地人吃饭的地方'
 '论放鸽子是啥意思？郭德纲怎么不在天津混？麻花是实心的吗？天津出过什么文人？写了天津啥？'
 '要去饭店吃现做的。狗不理连锁快餐店的是速冻加热的，或者可以干脆去超市买狗不理速冻的'
 '最早叫煎饼裹着'
 '多谢'
 '在我这 前门是北方  后门是南方。。'
 '我爱粤菜！'
 '图8的山东煎饼，朋友给我寄了十几斤，蘸点大酱裹着大葱吃确实别有一番风味，不过就是太干，没汤就下不去'
 '他嘴里都是大葱味了，能吃出什么好'
 '家乡以北都是北方'
 '果子就是油条 有的地方叫炸果子 油果子 果子 天津的早饭选择多 分量也足 面条不是干的 是湿的 回去下锅后 有很多配菜吃'
 '里边夹的薄脆，又名果子。'
 '在天津上学时候，学校门口一个老奶奶做的特好吃，到现在20年了还能记得她的模样。从01年就在大连了，从没见过大连有过那个味儿的，只有大外附近有一个小两口做的比较接近'
 '因为正常情况下买煎饼果子就是应该自己带鸡蛋的。只不过现在生活节奏不断加快，人们买早点的模式从在家附近买逐渐转变为在工作地点周边买。这里面尤以年轻人为甚。而鸡蛋又不宜长途携带。自然现在看上去不带鸡蛋的更多而已。
 '薄脆是北京人的叫法，天津人叫果篦儿'
 '应该是摆着所有人都看得见的两个字'
 '非常正确'
 '油条以前方言叫炸果子'
 '以前北方的人走亲戚和去朋友家的时候，油条是可以作为礼品带去的，所以油条被称为果子，现在我们这里还是用油条作为煎饼果子的食材，想吃好吃的煎饼果子，最主要的是找一个卖早点多的集市，自己去油条摊位买根新出锅的油条，然后拿去煎饼果子摊位让他用你带的油条做，做好后趁热吃，热煎饼配脆热的油条，那滋味。。。。如果过两分钟就没有这个味道了'
 '呦呦呦，切克闹，煎饼果子来一套。我说煎饼你说要～
 '狗屎一样的城市谁来啊？傻逼'
 '嘚瑟'
 '不怕贵，不怕难吃，就怕又贵又难吃'
 '果子就是油条'
 '改完以后，棒子就要跳出来说煎饼是它们发明的了[鄙视]'
'说鲁菜吃的东西最多，北方不服？'
 '最后一段才说到了痛处'
 '不加这些更好吃。试试加牛肉丝，火腿肠等等。黑龙江的就有，真比加这些素的好吃'
 '油条=果子'
 '果子就是油条。'
 '大饼鸡蛋夹一切'
 '果子是油条'
 '果子好吃'
 '同学去了天津的没提过包子麻花煎饼，都是在赞美驴肉火烧'
 '现在也叫炸果子'
 '为啥叫煎饼果子？我更喜欢叫煎饼，果子是嘛意思？'
 '里面夹的叫果子啊'
 '哈哈 一晃 好些年了 不知啥时还能再去'
 '说北方吃的东西最多，鲁菜不服。'
'老豆腐，嘎巴菜，煎饼果子！'
 '这东西还可以！不过加辣条的那种傻b行为，也就只能说这很北京。'
 '淘宝买衣服，屏蔽关键字，韩版
 '我恨狗不理，让我有了自卑的感觉！'
'还有美式的呢，里边加烤肠，鸡腿肉块😄'
 '锅餅儿
 '我最瞧不起的人就是天津人！油腔滑调！'
 '我去，作为一个煎饼果子的狂热粉丝，这样的文章是逼着我马上坐高铁去天津吗？'
 '就是油条，天津人管油条叫果子。'
 '狗不理网易让你来续杯了'
 '说天津城市干净的估计你来了假的天津，除了五大道可以去别的地方看看，比如河东区河北区'
'东北基本就是日本＋韩国的起名方式'
 '北京不靠山不靠海懂个屁的吃喝 天津是鲁菜精华 鲁菜的爆菜比粤菜所谓的锅气还讲究'
 '山东人大脸盘都是吃煎饼吃的吧？太硬了绝对锻炼咀嚼肌'
 '说所谓天津菜完爆北京的，一定是弱智。天津小吃有一些，味道也很不错，但和北京小吃根本不在一个层面上。天津海味也有特色，但绝对平民化，上不了台面的。就好象保定的驴肉宴是一绝，你就说保定菜完爆天津？！作者一看就是个吃泡面的货，他怎么不说泡面完爆粤菜呢？哈哈哈哈哈'
 '他光吃大葱，已经没啥味觉了'
 '现在天津的也要提前说：不要孜然，不要生菜，不要花生…'
 '深圳哪儿有较地道的煎饼果子卖？'
'小时候在天津住过一段时间，那时的煎饼果子的味道至今难忘老板来一套加蛋加辣加果子的！'
 '四川人的命就是辣椒和花椒给的……我们就是辣椒花椒炒一切……[窃笑]
 '北方小吃不可以相信那些小吃街，又贵又难吃全是坑人的，找个在这边生活过的熟人问问，哪的好吃他们都能告诉你。'
 '还姓王？'
 '喜欢吃，但更喜欢鸡蛋灌饼'
 '可乐'
 '天津十八街麻花，真心不错。'
 '馃子就是油条'
 '你们好像也吃不惯大饼吧，一个福建人跟我说的，说油大。'
 '北方代表着奴性，落后，野蛮，北方人也会想尽办法说自己是南方人'
 '果子就是油条的意思'
 '我和身边天津的朋友一起去吃饭。我提意不如去天津饭店里吃饭。天津朋友跳起来反对。还说除了天津的吃哪里都好。还说天津实在没有什么好吃的东西'
 '天津妈都有！哈哈哈'
 '一楼说的是铁板里脊，手抓饼是另一种东西'
 '也不知道什么时候开始，原本跟天津一模一样的大连版煎饼果子被一帮疯子改良，里面有沙拉酱，有紫甘蓝……最后起名，韩式煎饼果子……去他妈的韩式！'
 '青岛大虾比狗不理好吃多了'
 '应该是裹子的谐音吧'
 '北京就别吹了…真是让美食的糟心的地方~除了是首都外，论吃，北京真心排不少号'
 '部分山东人来上海后，包脚布诞生了'
 '吃过一次不怎么好吃，不知道是不是吃的地方不对。'
 '作为北方人，刚接触粤菜时感觉不怎么样，太淡，吃几次习惯了口味后，真心觉得不错。。'
 '云南人的命是饵丝，米线给的！楼下继续'
 '没有'
 '我几乎天天给自己烙这类似的饼吃，老好吃了！'
 '日式怎样'
'天津的煎饼跟山东的煎饼是一回事吗？'
 '那是因为你没吃过山东的菜煎饼。
 '自古…'
 '没有，南方狗逼都是弱智，发达国家纬度都很高，而且四季越分明的地方人智力越好，看看越靠近赤道地方的国家，个个蠢的和猪一样，这一点也很适合南方人。'
 '山东的煎饼卷大葱 上次看个同事吃的挺嗨 我也买了份尝尝…妈的，实在太硬了，嚼的腮帮子疼…[大哭][大哭]'
 '狗不理的大门上写着外地游客看不见的两个大字：宰客'
 '瞧不起你就别来啊'
 '不错'
 '银才！'
 '曾经我让一个去天津出差的朋友上飞机之前给我带了两个。。
 '个人问题，有人重口味[色色]'
 '受人之托 ：女，26岁，未婚，合肥人，1.68米，体重52公斤，中国科技大学毕业。漂亮大方，爱好读书、健身、游泳、王者荣耀。目前在一家世界500强公司做部门经理，工作稳定，年薪35万。合肥有2套房，1套在政务区，1套在蜀山区。奔驰C200小排量车上班代步，人务实、不拜金，父母公务员，退休金每月2W元。 她本人和家人现在非常着急，发动亲戚朋友想请大家给她新房子介绍一款效果比较好的无线路由器。
 '北方人豪爽，南方人精致。尺短寸长，各有优劣，不必地域攻击。'
 '东财二粮库门口美食城那家煎饼果子吃过吗？超好吃的'
 '上海叫包脚布，还是很喜欢的。以后有机会去天津必然尝试一下最正宗的
 '那100家店的名单呢！'
'可以放脆饼'
 '兄弟，有天津朋友带你吧？这几家口味都正，好吃。欢迎多来天津，天津好吃的可不只这几家，太多好吃的了！'
 '以前我们都叫北方人侉子[微笑]'
 '看着就好吃'
 '闹闹，切克闹，煎饼果子来一套'
'我以为我是个石家庄人 其实在吃煎饼果子这一块我是天津人[窃笑][窃笑][窃笑]'
 '哪都有这个的'
 '我发觉闺蜜现在好污。刚才她问我，形容一个男人丁丁短小怎么形容？我说绣花针？闺蜜说：应该是“臣妾坐不到呀”！我问那形容大丁丁呢？她说：老铁，扎心了！我……'
 '煎饼果子，当年在天津上学最爱之一。那时候也便宜，2块一个'
 '14楼沙比，'
 '光吃皮不好吃'
 '我就爱吃煎饼果子，吃不腻'
 '京油子卫嘴子'
 '果子就是油条。油炸的面食有些地方就叫果子。'
 '胡夫金字塔底和高是地球到太阳距离的微缩，远古的人是用尺量的吗？美洲的黄泉大道上的每个寺庙是太阳系九大行星到太阳距离的微缩，古人是用尺量的吗？八别塔又叫通天塔又叫变乱塔，是太阳系到达天父星座的微缩!工匠造塔时己知通天塔的奥秘，可直通天父星座，天父害怕了，不能让兽性未除的古人上天，于是把工匠遣散到世界各地，并变乱他们的语言，所以又叫变乱塔!世界各地的古园林古帝王墓古城古寺庙古官衙皆是宇宙微缩图!所以，每座古寺庙古园林古官衙皆从南门入，皆有方向是东北方的九曲桥，过了九曲桥皆有祭祀 佛龛，因为到了天父星座必须先敬拜才能进入!皆有后花园，这后花园就是天父星座的方位和微缩!我们天父星座在太阳系东北上方第九颗恒星那里，那里有双伴恒星，以双伴恒星为中心周围上下左右十二个方向，每个方向有九颗恒星共108颗恒星围绕双伴恒星公转!从我们太阳系到达天父星座须经过九颗恒星所以S形天路必须弯九弯!S形天路就是那龙形，所以天父说，他在龙头，我们人类在龙尾!'
 '在黑龙江人眼里，好地方都是他们家'
 '我这表示直接叫果子，油条从来不叫'
 '海南岛，在广东人眼里就是广东的一个地级市。哈哈哈哈'
 '煎饼果子据说民国时就有，但为什么70年代末我才第一次见到？这个问题真是困扰我多年'
 '果子就是油条，在天津买煎饼会问你“果子果币儿？”意思是要油条还是薄脆？'
 '人人爱吃。呆有命啊！！何许地域？？'
 '天津不是出麻花嘛'
 '天津好吃的都在我们学校食堂 哈哈 太多了 太好吃了'
 '真好吃'
 '为毛没有南楼煎饼？？'
 '这态度很“狗不理”'
 '哎  一个煎饼果子也能吃出优越感'
 '是挺咸'
 '我知道，问题是南方都没有啊😞，凉了我也愿意吃'
 '借钱吃海货 不算不会过的'
 '人家是新加坡人，知道中国吗'
 '我就想知道为啥叫煎饼果子，果子在哪里？'
 '6楼是标准答案'
 '百强煎饼果子店什么鬼？马路边上推个小车的煎饼果子才是最好吃的煎饼果子。凡事做出招牌名气的煎饼果子都不是地道的天津煎饼果子。'
 '果子就是油条。天津煎饼里很少放馃箅儿，都放油条。东北也有习惯把油条叫大果子。'
 '是的！我不爱吃。'
 '嗯，北京人一般都把油条换成炸薄脆，口感酥脆却没有油条的香软酥那种感觉。而且即使这种不正宗的煎饼，现在在北京也吃不到了。'
'怪不得，我只记得山东杂粮煎饼。'
 '天津的果子一绝。尤其是刚刚出锅的。'
 '我也觉得粤菜才是最养生的'
 '最后一段，这城市越来越保守，没办法，前几年一声巨响，当时电视还在放电视剧，都没人会再追问了'
'是油了吧鸡还是油了鸡吧？'
 '根本不是一个东西，不懂可以问'
 '天津三绝是我家楼下的煎饼，我家旁边的包子铺，和小白楼的小宝栗子！我以前住在南开凤湖里'
 '那你吃的炒年糕呢？'
 '你适合吃白糖拌米饭'
 '哈哈哈哈哈哈，韩式，哈哈哈哈哈哈'
'老乡好，现在一些城市的山东煎饼应该说是菜煎饼的低配，不能说改良啊，菜煎饼多丰富，有各种选择，而现在的山东煎饼就是把天津煎饼果子换成硬的而已'
 '心里默默的点个赞'
 '楼上的，海南呢？'
 '现在包脚布少了'
 '傻逼'
'里面的薄脆'
'天津煎饼果子裹的是油条？不如北京的裹薄脆。山东的煎饼，没山东人那牙口，根本吃不了。'
 '早餐不是大饼卷鸡蛋吗'
 '我只看到了，冀鲁银号，何等的自信！'
 '油条一般被叫做果子
 '山东日照这边煎饼很多'
 '喜欢山东杂粮煎饼'
 '去天津发现天津人买煎饼果子自己带鸡蛋'
 '“臣妾坐不到呀”！[大笑]老铁，扎心了！[大笑]'
 '本人天津人，在我楼下卖煎饼果子的，两鸡蛋双果子或者两鸡蛋果柄不过才差不多10块不到'
 '我猜热干面[微笑]'
 '大连拉面也很别处不同啊'
 '明码标价'
 '坐长途火车最爱做天津的车，早点必吃包子'
 '北京人的羊肉是内蒙供的'
 '车站见'
 '果子指里面的油条和果篦'
 '在越南猴眼里，中国人都叫北佬！'
 '我们这乱七八糟杂粮煎饼挺多的，想吃个正宗的[色色][色色][色色]'
 '当地的名吃外地人都想去吃，我去外地也会这样，只要别太离谱的贵，吃一次无妨，又不是天天吃，五大道的马车100多一个人，为什么一到节假日还都排队都一个意思。'
 '你可以认为是焦圈，正经的煎饼是不会加薄脆的'
 '果子就是油条！'
 '老婆饼里有老婆？'
 '加辽参真是烧饼，怎么不加松露呢'
 '老坦儿'
 '狗不理是国营的'
 '作为一个天津的美食家，在上海街头遇到的那些煎饼果子一直为我所不齿……直到遇到了上海的包角布！有机会可以来尝尝！[羞羞][色色][大笑]'
 '这标题，太尼玛哗众取宠了'
 '你的语言，证明你就是狗屎。'
 '还有两个字，难吃'
 '鲁菜不是北方菜吗？
 '不爱吃十八街麻花，太油太腻，喜欢吃夹油条的果子'
 '毕业好多年了，每年都来天津玩，必须吃几顿正宗煎饼果子'
'南极点以外都叫北方[微笑]'
 '路边一般不会超过7元?我上学的时候可是1.5-2元'
 '写的不错'
 '回南方工作，天津最让我怀念的并不是什么三绝、煎饼果子，而是当年在天津上学的时候，每天早上喝的豆腐脑！豆腐花全国都有，而且一样，关键是天津那的卤做的不一样，又浓又香，往豆腐花上一浇，真香！其他地方吃过很多豆腐脑，反正都不如天津那的味道好！'
 '也算一道美食！'
 '口味不同，煎饼油炸类的食物很讨厌。'
 '果子指里面包的那块油炸薄脆。'
 '天津的好吃，料足！'
 '黑龙江吉林人都涌入'
 '一听沙拉酱，，算了。'
 '舅妈不服，舅服你😄'
 '嗯，不伦不类了'
 '油条的意思'
 '油条'
 '非常对，有些东西吃顺口了就觉得美味'
 '没有山东煎饼果子好吃'
 '就是介意思啊！'
 '以前去大连出差居然还吃过泡菜的[大笑]'
 '经历丰富啊'
 '现在外面的煎饼硬的要死，里面放些咸萝卜黄豆薄脆厚的要死。'
 '鲁菜不是北方菜？你在新加坡夜市卖鱼丸的么？'
 '狗不理是什么意思？一直理解为狗都不吃的包子.....'
 '煎饼就煎饼，叫啥煎饼果子，果子意思是煎饼水果吗？[微笑]'
 '写的真好'
 '煎饼馃子'
'果子就是油条啊'
'盐和油太重，吃不习惯'
 '五大道那里的狗不理真tm贵'
 '裹起来吃的意思。。。'
 '难道山东在南方？
 '果子就是油条。你说的那是山东大煎饼。'
 '果并儿。'
 '油条味道不一样。配方应该也不一样。'
 '老虎脚爪更少'
 '你索的介个“嘛意思”哪儿学的 [微笑]'</comments><comments_num>5367</comments_num></doc>