<?xml version='1.0' encoding='utf-8'?>
<doc><source>NetEase</source><id>46911</id><url>http://news.163.com/17/1208/14/D552G5RF0001899O.html</url><title>分手成功！英欧达成脱欧协议 欧盟:感到悲伤</title><datetime>2017-12-08 14:48</datetime><body>

                    （原标题：分手成功！英欧达成脱欧协议 欧盟:感到悲伤）
                
　　海外网12月8日电 当地时间12月8日上午，英国首相特雷莎・梅以及欧盟委员会主席容克在布鲁塞尔进行会面，随后召开新闻发布会。　　彭博社消息称，欧盟委员会主席容克表示，欧盟与英国达成脱欧协议，将迈向贸易谈判。欧盟委员会还称，接下来英欧双方准备马上进行脱欧谈判的第二阶段。容克表示，将在峰会之后开始脱欧过渡期的工作，相信其余欧盟27国将会对下一阶段的谈话采取开放态度。容克还表示对于英国离开欧盟感到悲伤，欧盟将同英国一起展开工作。　　英国首相特雷莎・梅表示，英国将离开欧盟，希望与欧盟拥有深入且特殊的伙伴关系。英方保证爱尔兰岛不会有硬边界，将继续保证英国经济和宪法完整，已经加强了对北爱尔兰的承诺。　　爱尔兰外长科夫尼则表示，爱尔兰支持脱欧谈判进入第二阶段。　　据悉，英国将继续向欧盟承担预算责任直至2020年。　　外媒此前报道称，欧盟执委会首席发言人Margaritis 
Schinas早前表示，将在峰会之后开始脱欧过渡期的工作。特雷莎・梅的发言人称，英国脱欧磋商正在进行。一位爱尔兰资深官员称谈判进展很快，可能数小时内达成协议。



　　路透社指出，只有以下三个关键问题取得足够进展，欧盟才会开始贸易谈判：英国须向欧盟支付的分手费;欧盟公民在英国的权利和英国公民在欧盟的权利;如何避免英国与爱尔兰之间的硬边境。华尔街见闻早前消息指出，爱尔兰总理称边界问题已达共识，谈判结果本周将揭晓。</body><comments> '君子分手不出恶语，小人分手兵戎相见。'
 '还是把为何脱欧说清楚好'
 '差点打钱过去了
 '英欧分手成功，天大的喜事'
 '欧盟国家没有下狠手，如果欧盟国家，尤其是法德两国和英国翻脸的话，英国的日子就极其难过了。欧盟以其高等文明和开阔的胸怀，在不断的东扩和南扩，之前让中东难民进入欧洲，其实就是做给那些南部国家看的，再说导致中东难民潮的是哪个国家，自己心里没点B数？相信欧盟一定可以把难关挺过去。欧盟的高度文明才是人类的希望。'
 '最后一个脱欧的发财了，专门赚分手费！哈哈哈哈哈哈'
 '是时候让大家知道我——祖龙的真实身份了！我就是秦始皇，当年吃了徐福送回来的不死仙药（史记说徐福没有回来 他人是没回 但药托人寄回来了 是专人随身携带 不用关税） 我现在除了阿房宫 还有一处藏宝地点 相信你也不在乎赚那千八百万的 我事成之后可以封你做个大将军 或者董事长 不说了 先打1000诚意金吧'
太危险了，好在没有留下卡号。'
 '还没走呢？'
 '聚散俩依依。。。'
 '话说天下大事，分久必合合久必分'
'江苏无锡中国银行取美元现钞要抄承诺书了！内容是本人承诺用汇用途与本笔款项的购汇申请书用途填写一致！取自己的钱还要承诺用途 呵呵想想也可笑！'
 '英国绅士与婊子精神'
 '看来强大统一的欧洲是没戏了！'
 '欧盟国家没有下狠手，如果欧盟国家，尤其是法德两国和英国翻脸的话，英国的日子就极其难过了。欧盟以其高等文明和开阔的胸怀，在不断的东扩和南扩，相信欧盟一定可以把难关挺过去。'
 '日不落帝国不削与你们小弟为伍'
 '欧元如现在赢了美元还有点意思.............'
 '山高水长，江湖再见，后会无期！'
 '英国要没落了
 '是第一个，但不是最后一个退出欧盟的国家！'
'这回是死心塌地跟着美国过日子了'
 '好，各玩各的，不用搞什么大数据。'
 '这样的联盟就是流氓
 '得了，不干了，你们你们自己玩吧。'
 '混球媒体整天报道什么英国要付出几百几百亿英镑费收费，又被打脸了，欧盟和混球们别做梦了！'
 '你他妈的也该悲伤了
 '妈的  你倒是留个卡号啊'
 '欧冠有英超吗？'
 '明智的选择，没必要跟着破船一起沉'
 '当别人傻逼？大家一起开会瓜分了就散伙'
 '脱离欧盟的燕国必将迎来更加光明的未来'
 '欧冠是欧洲国家参加，又不只是欧盟国家。乌克兰还不是欧盟呢，还不一样进欧冠了。'
 '还是大英帝国聪明，和这一帮猪没玩
 '灰常好。'
 '英国有先见之明啊，看看光难民问题就让欧盟内部干起来了'
 '就是，好歹也留个支付宝账号呀'
 '刚刚接了一个项目，下周签合同，去喜马拉雅山种树，预计森林覆盖率达到98.352%，国家先给钱不用垫资，有没有一起干的，有兴趣先打2000诚意金，我马上当书记，顶我的可以不打钱，一起赚！'
 '哈哈哈哈哈哈哈哈哈哈哈哈，都是高人。俺也凑个份。'
 '欧盟解体的第一步'
 '英国脱欧是经济上得利政治上失分。'
 '强扭的瓜，不甜。'
 '和平分手'
 '现实世界里的最大拉郎配，只有绣球没有爱情。'
 '美国特朗普 英国脱欧 这些都人都是为了本国利益最大化 真正的为自己国民着想'
 '最开始看到这个时，我儿子还没出生，现在我孙子都出来说了'
 '010  110  119  112  120  打吧'
'关键新首相亲中不亲中'
'666'</comments><comments_num>1012</comments_num></doc>