<?xml version='1.0' encoding='utf-8'?>
<doc><source>NetEase</source><id>7709</id><url>http://news.163.com/17/1208/00/D53GNNN00001899N.html</url><title>厅官被指官欲熏心 曾发文称要当“狗不咬干部”</title><datetime>2017-12-08 00:18</datetime><body>

                    （原标题：造谣诬告、官欲熏心，这名重庆厅官咋回事？）
                
法制晚报・看法新闻12月7日，重庆市工商联原党组成员、副主席杨钟馗被“双开”。看法新闻记者注意到，当地纪委措辞相当严厉，不但直斥其敛财收钱，还称此人官欲熏心、换届拉票、持续诬告、制造谣言。而这名现年仅49岁的厅官也是个十足的两面人，曾道貌岸然地声称，要做“农狗摇尾当家人，百姓笑脸迎亲人”的“狗不咬干部”。此人被指肆意妄为、官欲熏心纵观重庆纪委对杨钟馗的双开通报，不但长达近600字，而且措辞极其严厉。从存在的问题来看，此人主要有6违纪、1涉嫌违法：严重违反政治纪律和政治规矩，对抗组织审查，搞迷信活动，采取非法调查手段，以报复为目的持续进行不正当举报，严重违反换届纪律，在中央和市委三令五申严明换届纪律的情况下，肆意妄为，换届考察前向多人拉票搞非组织活动；违反中央八项规定精神，接受下属用公款支付的宴请，借公务差旅之机用公款旅游；违反组织纪律，在干部选调工作中利用职权违规为特定关系人谋取利益；违反廉洁纪律，收受礼品、礼金，违规经商办企业并利用职权拉业务；违反工作纪律，违规干预和插手工程项目发包；违反生活纪律。利用职务上的便利为他人谋取利益并收受财物，涉嫌受贿犯罪。由此可见，除了敛财，这名厅官更多是违反政治纪律、政治规矩，其中不正当举报、拉票显得尤为瞩目。这也就怪不得当地纪委在评语中称，不信马列信鬼神的杨钟馗把党内监督、信访举报当作打压报复手段，搞匿名诬告、制造谣言；官欲熏心，严重败坏换届风气、破坏政治生态。颇具反讽意味的是，早在2012年5月，曾任巴南区委常委、组织部长的他接受媒体采访时称，当地对干部教育培训实施十条“铁规”，为的就是杜绝以下现象：有的干部把培训当成休假；有的热衷于相互吃请；有的一期培训学下来自己几乎没动过笔，作业都由下属代劳……曾提要当“狗不咬干部”公开简历显示，今年49岁的杨钟馗是重庆长寿人，1986年开始参加工作，而其仕途生涯前7年是从“为人师表”开始的。1993年，杨钟馗走出学校进入长寿县政府办公室工作，在办公室工作3年后又当了2年长寿县广播电视局副局长。随后的1998年，他又回到长寿县政府，这一待就是13年，从办公室副主任、县志办主任逐渐升任至长寿区委常委、宣传部部长。2011年，杨钟馗转任重庆巴南区，任区委常委、宣传部部长，1年后又转任区组织部部长。2013年3月，时任重庆市巴南区委常委、组织部长杨钟馗在《中国组织人事报》上发表一篇署名文章《杨钟馗：群众路线教育就是要造就更多的“狗不咬干部”》。文章称，让党员干部走基层、转作风、接地气，始终与群众站在一起，明确“依靠谁”；从制度层面进行规范，将深入基层、走进群众，固化为党员干部的常态行为，一切为群众着想，弄懂“为了谁”。这样才能造就更多的“农狗摇尾当家人，百姓笑脸迎亲人”的“狗不咬干部”。2014年，杨钟馗升任巴南区委副书记，2年后的2016年10月，离开区县，赴市里工作，即重庆市工商联党组成员、副主席。然而履职重庆市工商联党组成员、副主席仅仅8个月后，今年6月就已落马。诬告将面临党纪、刑法惩罚看法新闻记者梳理发现，搞匿名诬告并只有杨钟馗一人的发明。去年5月，湖南会同县人大常委会原主任姚希亮以网名在多家网站发布网帖，称某某某严重违纪。而事实却是，此人为帮助儿子进入县级领导班子而写诬告网帖。最终，姚希亮因严重违反政治纪律、组织纪律，被给予留党察看两年处分，降低退休待遇，按主任科员重新确定退休费。同样在去年8月，福建漳平市人大常委会干部朱世民被开除党籍，其被指诬告陷害他人。搞匿名诬告会受到什么惩罚呢？看法新闻记者注意到，党纪处分条例规定，诬告陷害他人意在使他人受纪律追究的，给予警告或者严重警告处分；情节较重的，给予撤销党内职务或者留党察看处分；情节严重的，给予开除党籍处分。



此外，《刑法》也规定，捏造事实诬告陷害他人，意图使他人受刑事追究，情节严重的，处三年以下有期徒刑、拘役或者管制；造成严重后果的，处三年以上十年以下有期徒刑，并强调国家机关工作人员犯前款罪的，从重处罚。受贿1274次的厅官被提请减刑 平均每3天收一次钱法制晚报・看法新闻 近日，河南高院发布公告称，将于12月5日在豫北监狱公开审理罪犯薛新生减刑一案。看法新闻记者梳理发现，此人曾任平顶山市人大常委会主任（正厅级），因受贿1000多万元，于2014年4月被判处无期徒刑。


 本文来源：观海解局  作者：李洪鹏
责任编辑：李杭_BJS4645 
</body><comments> '扫除这些害人虫'
'贪官太多必严打'
 '毙了吧！多说无益'
 '支持党中央'
 '名誉扫地
 '必须严惩这个人渣畜牲'</comments><comments_num>3723</comments_num></doc>