<?xml version='1.0' encoding='utf-8'?>
<doc><source>NetEase</source><id>46801</id><url>http://news.163.com/17/1208/14/D5520TOC000181CC.html</url><title>今日之声:空姐吃多份乘客剩余飞机餐:系娱乐摆拍</title><datetime>2017-12-08 14:40</datetime><body>
网易轻松一刻（公众号：qingsong_163）出品今日之声：用声音传递最有价值的新闻</body><comments> '不浪费，好人一生平安。'
 '空姐该罚，爱玩回家玩去，这是工作场所偷车贼该杀，必须严惩'
 '凭什么，就因为法官不作为，没人担责任?'
 '要扔掉的!'
 '让同事拍的 被同事给出卖了！'
'既然娱乐摆拍，干脆我跟空姐来一场做爱直播好了让你大红大紫！'
 '全闪开！我就要吃空姐口水餐'
'吃你就吃呗。还非得拍出来。   不拍你拍谁'
 '空姐的套餐我吃过几次，乘客的标准是15，她们的和飞行员的是45。别问我怎么知道的，我用吃鲍鱼的价吃的。'
 '😂'
 '如果是要扔了，吃了有什么关系'
'人家又没露。电视比赛为什么可以穿三点？'
 '好奇怪，如果是因为未成年人，那家长才是监护人吧'
 '玩任务拿金币'
 '公务员全称是公共服务人员，我估计大部分公务员都不知道'
'这些洗白文。。。。公关文做的真的很烂。态度诚恳一些道歉就好，何必搞这些歪门邪道。服务行业就要有服务行业的高标准，严要求。看看新加坡航空公司的服务。。。。什么摆拍，什么娱乐？没有操作严谨规程，客人的底线在哪里？作为空乘的底线在哪里？职业道德在哪里？每一个行业不是都有一个底线吗？'
 '凭什么啊！'
'[暴怒]'
 '励志空姐冷饭充饥仍坚守岗位，冷血网友指责谩骂称道德沦丧。
 '法律没有规定工作服款式吧[大笑]'
 '你们国家一边说要节约。什么叫做节约。'
 '小姑娘啥都能吃啊？[不屑]'
 '过五关斩六将，干到现在容易吗，航空公司就因为这点事就把一个妹子给开了！太SB了！
 '大惊小怪
 '这个就否定一个人的职业生涯有这个必要么？'
 '我信是摆拍，请摆拍空姐联系我一起做制服诱惑摆拍！'
 '什么事情应有规举。'
 '知道流程的肯定碰都不想碰'
 '舔遍她们全身[大笑]'
 '我相信有人会很想去吃空姐吃剩的这东西…'
 '建设偷了量车把人撞了，车主还得替我背责任，有这么好的事情吗'
 '这是自己的事'
 '多大的事，没完没了。
 '管得太宽，该管的不管'
 '不就是吃点东西？何必这么认真，现在的人都特么怎么了？  我感觉不满意的都是女士。我反正想吃他吃过的那一盒！！'
 '今天坐飞机莫名其妙的给我升舱了，现在都还一脸懵逼。头等舱的餐食和服务确实不一样。'
 '大雷呀，那是剩的餐。。'
 '为人民服务…想老百姓之所想，急百姓之所急，百姓文化水平参差不齐，要耐心指导，帮助他们，别让老百姓跑断腿，'
 '不浪费食物，还是别人吃剩下，至于那么严格处理吗？'
'那还是吃饭的地方吗'
等等系列都要担责
'恶心，不过我喜欢'
 '疑神疑鬼'
 '和谁吃的没关系，要扔进垃圾桶好的东西，私底下玩吃两口又能怎样，又不是可口乘客餐食自己留着吃。
'的确'
 '那规定就是错误的'
'好像现在的家长总要别人对他们的孩子负责，而自己只管纵容'
 '让你装逼'
 '不是偷用，按正常流程共享租赁公司应该负责～～～'
 '如果是剩的 不吃就扔 那倒是挺可惜
 '吃了没事，干嘛还要拍视频发出来？脑子有坑吗？'
 '我就不信是娱乐
 '说走就走的旅行'
 '只要不是二次给乘客吃，我就不反对…'
 '其实很多人觉得是美丽的空姐，所以才觉得宽容的，如果是一个抠脚大汉呢？虽然我也觉得没什么多大的事
 '这个美国官员我感觉太尴尬了，就隔着衣服摸一下我感觉是不是太敏感了！另一位有一点搏出位。你说我们找小三那不是要自杀了啊'
 '就那玩意的味道说人家偷吃我真不信。还真尼玛有人上纲上线，当是什么好玩意呢。'
'吹毛求疵'
 '只要你钱给够，她还能吃那东西'
 '飞机餐被处理可能是指留下一航班用[狗]'
 '停职反省吧！'
 '三点式是合法的衣着，不存在违规违法行为'
 '重点是玩手机拍视频的人'
 '看了跟帖，大多数网民还是有人情味的'
 '航空公司也是怕了一些网络暴民了，只能坑了空姐。这算啥事啊，谁没做过点搞笑的事。'
 '浪费食物是不对的'
 '飞机上可以玩手机了？？？'
 '人一小姑娘，吃点咋的了？'
'有一种民主是民众做主，有一种民主是做民众主'
 '法院评什么叫租赁公司承担七成？
 '瞎几把扯淡，首先不是剩的，应该是刚加热好的，摆拍你大爷，公关都这么恶心，吃就吃了，还不敢承认！'
 '11分钟好交警！'
 '空姐吃过的，赚了！'
 '赞成'
 '无所谓，'
 '都说了是剩余的，时间长了就冷了，你吃？估计又要借题发挥，说某航空公司给乘客吃冷餐，剩饭。如果倒了估计又要说浪费事物。现在他们自己吃了，先不说这种行为如何，或许可以从侧面反应飞机事物安全。
 '已经是乘客吃完了剩下的餐食，没什么不得了的事。批评教育一下就行了，没必要停飞。'
 '爱美之心，人皆有之，但是这么赤裸裸的就不好了'
 '一群傻比'
'我就不信这是处理的。我相信这是准备送个乘客的，现在的官两张口都低估了'
 '穿什么衣服服务是服务员的自由，只要不露点就应该允许'
 '不算太过分'
 '倒了也可惜。。。
 '小偷必须是炮决'
 '餐厅穿成这样，看着就恶心，哪来的食欲啊，尤其是看着内裤想着大姨妈..如果是泡温泉或者大保健那就不一样了..事实证明，还是要分场合~
 '分场合啊 在人这么多吃饭的地方穿泳装确实不合适啊'
 '完了 这个空姐估计要从下到上陪睡个遍才能解决'
 '摆拍来恶心大家得空姐素质也不咋地'
 '格格，约吗'
 '最後哈哈哈哈哈'
 '正确的处理方式是不是倒掉'
'说明虐待员工，饭菜好就吃了，难道要饿肚子吗'
 '原封的免费，空姐吃过的一百一份，我觉得这生意大有前景。'
'顾客一边吃一边用手机拍，还一边心想这个奶大那个屁股大，出了门就说“尺度太大不能接受”[鄙视]'
 '签到'
 '事实到底是怎么回事 你妈的你们可真能瞎解释 越描越黑'
'飞机餐要多难吃有多难吃。冷藏过的。'
 '空姐的工资会吃飞机餐这种垃圾'
 '经营不容易啊'
 '你要是一直不上学无所谓，你要是最终还是进入教育系统内，你就干了很多无用之事。'
 '空姐会吃飞机餐✈️？你逗我？'
 '多大个事？一帮无聊的闲人嚼舌头！你以为破飞机餐好吃？要不是饿了谁能吃那种东西。
 '应该就是剩下来的，脑袋一热就摆拍个视频。偶尔坐飞机的人都不喜欢吃飞机餐，对于天天吃这个的空姐看到估计都想吐了。'
 '伟大的经历'
 '吃过别的吗'
 '飞机上有烤箱，需要加热的'
 '未尽审核租赁者资格义务'
 '说真心话，看到她们也吃，我就对飞机餐比较放心了。'
 '可乐，'
 '玩任务拿金币
'小姑娘就是啥都能吃啊'
 '春种一粒粟，秋收万颗子。四海无闲田，农夫尤饿死。'
 '看起来还是挺漂亮的，为什么要禁止，还是那些夜总会能量大'
 '🇨🇳水军真是泛滥成灾。'
 '这个空姐看样子还是不错的～能吃饭口气是你们的光荣'
 '神经病啊，扔了也不给吃'
 '调离原岗位'
 '评论都是洗白的？ 为什么觉得是屁大的事？ 即使是摆拍、有何意义？ 一点都不尊重工作、还敢发出来'
'总结来总结去还是不作不会死'
 '基本属实，做书面检讨并调离原岗位       这句话很有意思，调职是调职了升迁还是贬职谁知道呢'
 '多见见世面比同龄人成长快。'
 '无规不成方圆'
 '主要是他没注意
'小题大做'
 '不吃掉，难道喂狗？'
 '首先，那是别人的老婆，谢谢'
 '一种经营手段而已，举报的人大惊小怪！'
 '幼儿园太危险了！这教育方式比较安全'
 '社会风气不好弄这么多女孩卖肉'
 '飞机的盒饭比火车都难吃'
 '不要小题大作。这算什么事呢？有什么关系呢？'
 '公司财产'
 '呵呵'
 '那个爷爷真可怜
 '给我个理由，非电动车质量问题导致的事故凭什么让共享电动车运营公司负责?'
 '小孩子基础教育还是要的..如果家长有能力..我也不建议去幼儿园..甚至不要什么狗屁义务教育....这就是个笑话...'
 '认识的空姐 有时候连机组餐都不高兴吃 咋可能吃乘客的那种猪食'
 '支持多见识多锻炼。但临上学前回归幼儿园或学前班调整一下更好。否则可能会不适应小学生活。'
 '人死了发个勋章有🐔八用？。？'
 '空姐也是人，吃就吃嘛，总比丢掉浪费好。值得这么大惊小怪？'
 '谁这么缺德，把这视频发出来。下次让他坐飞机掉下去摔死。'
 '永远不能明晰责任！'
 '这个不是试吃，发完餐剩的，原来经常剩很多餐'
 '我一次乘飞机，椰汁竟然是变味的！后来对空姐反应，给更换了！'
 '这种盒饭都是密封的好不，空姐打开后吃了一口再给你，你发现不了？'
 '幼儿园啥的瞎耽误'
 '你不觉得一直在搞运动吗'
'碾死人的小偷该怎么处理'
 '什么网民，尺度太大，尺度再小点就是丁字裤了。
 '不好好看着孩子，后悔一辈子'
 '杀了那偷车贼吧'
 '特么的全是一群色狼'
 '反正是剩下的，吃就吃了呗，难道还放坏了么'
 '坐过飞机吗？'
 '？？电车什么时候成了机动车了？'
 '自己要骑，死了谁'
 '我以后的航空餐一定要让空姐吃一口'
 '宁愿浪费也不给空姐吃，什么狗屁规定，而且明明视频吃的同一盒，标题党也是没节操'
 '傻逼上纲'
 '本来就是违规的，而且你让不该让不能骑的去路上骑车，有隐患。'
 '感觉好像小学老师的口吻，今天可以不写作业欺骗老师，长大了就敢违法犯罪当诈骗犯！谁敢拍胸脯说小时候没骗过老师家长，难道长大都成诈骗犯了？'
'嘿嘿，我也愿意让她吃'
 '说话当心点哦，现在说话不是闹着玩的'
 '节约。
 '看上去像是经济舱的餐食，真有必要去偷吃这个？？'
 '给个机会[窃笑]'
 '空姐都是善良的，都是漂亮的女孩子，温文贤淑'
 '吃个剩饭而已闹这么大动静，飞机延误又不见航空公司向乘客赔偿损失！孩子真是天使，有一颗真善的心，希望被他原谅的那个叔叔在这个男孩面前一辈子愧疚抬不起头来！
 '养眼，好福利'
 '娱乐你妹，直接炒掉那空姐。哪有那么多屁事
 '如果是个抠脚大汉偷吃，肯定会被骂的狗血淋头。 哈哈哈哈'
 '……'
 '空姐的屎你吃不？'
 '监护人去哪了？钱谁给的？怎么通过注册的？'
 '吃怎么了？'
 '确定是处理餐就可以接受，处罚太重了'
 '电动车出租？找死呢'
 '其实我不介意的'
 '是啊'
 '无赖判决'
 '小地方官家就是事儿逼。当年在上海注册。俩身份证一给，拍张照，20分钟结婚证就拿了。'
 '空姐美丽温柔 还穿着丝袜。  有什么不能原谅呢？我觉得就不是事'
 'j剩余的菜吃一点应该没什么问题，主要没影响乘客的餐点，但偏偏遇上拍视频的这个白痴，拍了就算吧！还将她放上朋友月圈散发，有心害人，'
 '一半已经到肚子里，一半还塞牙缝呢？'
 '哈哈哈'
 '快手傻逼被开除了？'
 '是这空姐上传的吗，感觉这空姐是不是有点背锅'
 '吃了飞机餐还有胃口吃零盗的鞭吗'
看来真正法治确实难难难！2017.12.9.'
 '一个月舍不得刷牙'
 '正是这样，公司大摇大摆带出去的东西都要开单给防损看的'
 '上海“猫头鹰餐厅”不知还在开没有'
 '又没有全裸，沙滩上都这样是不是以后沙滩上还要全副武装？'
 '摆拍可以确认肯定是摆拍了，毕竟空姐到处飞吃遍各地美食不至于偷吃那点东西。关键是这视频流出来了造成恶劣影响，航空公司即使私下默许这种行为，表面上还是要做做样子保住口碑的。'
 '比浪费好！'
 '讲真，飞机上的盒饭吃过的都会说难吃，空姐天天面对着这些盒饭，不会有什么食欲的！'
 '2b'
'支持空姐。'
 '吃饱了撑的'
 '宁愿丢掉废弃也不能合理使用这是对合格食物的糟蹋，处罚不合理。'
 '鼓励犯罪'
 '电动车租赁公司出租不合格电动车，被交警判定为机动车，应该承担责任'
 '只喝营养快线?'
 '十八岁末成年?厉害了'
 '这样的格式发帖很明遼！簡洁，有文有图……，望能发扬特色的板本……'
 '希望不要以送孩子的名义违章停车'
 '我只关心谁拍照的
'别逗了。我偶尔吃一次都恶心的不行。她们天天守着这些东西会想吃这些玩意？'
 '拍视频的那个最恶心'
 '不会意思是吃不了哪怕扔掉也不让人家吃点？都什么心态？'
 '沒錯'
 '不影响工作的前提下  吃乘客的剩饭有神马不可以的  勤俭节约  反对浪费
 '因为？？？'
 '要吃和我说。我抱着喂你吃。。'
 '剩的吃就吃了吧'
 '臭几把都吃，这个我相信会吃'
 '安全隐患！你赚钱的时候也一定要考虑安全！'
 '不就是吃点东西，没事找事！媒体天天没新闻了还是咋地？'
 '摆拍你停飞！扯犊子呢'
 '这都不叫事。'
 '又不卖肉，可以理解'
 '网红最好的方式[微笑]'
 '恶心'
 '主要还得有钱'
 '有权利就要负责任，如果没有完全民事行为能力，就应该由监护人承担责任'
 '当年毕福建也是这么搞死的！！'
 '租车不用看驾照的吗？'
 '然而有些交警会专门找些不会影响交通的地方去贴罚单。'
 '最好吃过的叉子勺子也放里面'
 '空姐难道没承认吃过飞机餐吗？还“偷”吃！'
城管
 '呵呵，'
 '。。。。。。。'
 '不是信不信，而是干了没有，不以恶小而为之'
 '难道你们就不去海滩的吗？应该把海滩穿泳衣的都抓起来！'
 '剩的一般怎么处理？'
 '杀人也是要担责的
 '没什么问题，我想吃这个空姐的口水
 '10'
 '擅自二字好'
 '而且都是合同工'
 '我不信空姐会想吃这东西…'
 '一群蛆虫垃圾，屁大点事儿没完没了赶尽杀绝似的！吃了又怎样？尼玛的搞得吃的是山珍海味珍禽异兽一样！'
 '浪费可耻'
 '不能接受，我在烤肉哪有心情。請等我喝咖啡的時候再這樣'
 '好心疼空姐，下次我来喂你吃'
 '多一些寬容'
 'ni'
 '不说什么'
 '拍照的是友女吗？'
 '每次都是网上曝光才处理，拿着纳税人的钱，过着不做事的日子。'
 '没人说说那个失去孙子的老人吗？想知道见义勇为后，怎么办？'
 '有规矩就要遵守'
'有些规定还真是这样，你不得不服'
 '长这么好看，吃点又怎么了？'
 '不就个比基尼。。。。'
 '好想如此荣幸，能尝到空姐口水。。
 '好想如此荣幸，能尝到空姐口水。。'
 '烤肉店，不就是骚烤嘛。'
 '心疼孩子，带着孩子的人先保护好小孩子的安全再去见义勇为吧，生命的安全才是第一位的
 '给今天的小编涨工资尽然还有两张福利照，虽然看着有点。。。'
'换个地方然后再。。。'
 '最烦道德婊扣帽子1文革再来一次了？'
 '不懂歪果仁的思维有时候。。。'
 '这也算事'
 '不适？别去。'
 '居然跟我一样的想法，污力十足'
 '变态老板。'
 '不就吃了个盒饭，没什么大不了的。小题大作'
 '吃了又怎样？'
 '川航有的饭菜味道还不错'
 '只要不是给乘客的，随便吃[微笑]'
 '昨天还和老婆讨论这事情，绝对做秀'
 '支持'
 '不上幼儿园会犯法吗'
 '！无谓的小题大作。只要不影响乘客，对服务对象没有影响，一句话只要不降低服务质量就有情可谅。空姐也是有七情六欲的人。'
 '如果是b不要的吃点也无所谓吧'
 'Nb'
 '应该在对的时间做该做的事！'
 '他这是强行类比，那澡堂还都不穿衣服呢，怎么不上街裸奔？'
 '口水羊肉汤，五香蚕豆脚趾头，裤袜奶茶。'
 '这真是“肉色多餐”
 '说的就跟尼玛飞机餐多好吃似的'
 '“送孩子停车10分钟”交警竟然闲得等了11分钟，一不小心充分暴露了当地交警队闲职太多，也该整顿下一个人的工作需要三个人做的问题了，我说呢，我们交的税那去了？'
 '如果是剩的，就让她们吃了吧，谁能不饿。'
 '小手一抖'
 '有錢有閒就是任性 我沒意見'
 '属实就是属实，啥叫 基本属实'
'把那份流满空姐液体的套餐给我！'
 '今日之声，明天再倾。'
 '空姐吃没意见！我觉得担心刚上机的餐盒是不是也会这样，那么口水…'
 '，，，，，，，，∞'
 '这都是政绩啊，反正动不动就是上纲上线，不然红卫兵的政绩哪里来'
 '经鉴定为机动车，也就是超标电动车。'
 '吃一兩份我覺得還ok啦，但是這樣排成一排又拍下來就是她不對了'
'食物留给空姐，空姐就给我(๑• . •๑)'
 '嚼两口再咽呗'
 '什么玩意'
 '卖菜刀的，注意，注意啊！'
 '现在人都太无聊了，总是喜欢没事找事，媒体也是，什么都不调查清楚就乱发！'
 '如果能坐你腿上吃更好'
 '会额外多几份，万一胃口好的乘客一份吃不饱还想要你不能不给吧，而且这东西味道不咋的，有不少人不吃，剩一堆很正常'
 '搞笑说是处理的你们也信？智商突然下线？我看你们就是想吃空姐的口水？'
 '没毛病，不吃也是浪费，可能好多人不愿意吃，谁知乘客有无毛病。'
 '悲剧'
你該信谁？！2017.12.9.'
 '无所谓吧，错是错了，但不至于处理的这么严重。'
 '不赞成 无所不讹'
 '自己有车不好好骑'
 '假如剩餐可以随意处理，保不住以后乘务人员在这方面做文章，故意扔，故意藏起来，供应链多给钱让她们多扔，或者销毁链有人收'
 '宁可把剩下的食物倒掉糟蹋了，也不让吃，装逼啥啊！空姐又没跑客人的餐桌上和客人抢饭吃，仅仅吃了点要被倒掉的食品就遭受这么大的攻击，现在的人不知道脑袋里面装的啥啊！'
 '我不信空姐会想吃这东西，相比之下我更愿意吃她原味口水鸡'
 '没得说，唉'
 '但只能一个人去'
 '傻逼官方'
 '牛。。。。'
 '傻逼，那是剩下的处理餐'
 '太严格了'
 '他们飞机起飞前不是一个劲的检查手机关机的吗？怎么自己就开机了？'
 '飞机餐不好吃啊'
 '飞机上的盒饭难吃的很。谁吃不是吃呀，没必要不依不饶。'
 '空姐他们吃的肯定比这个好啊。而且东西送上飞机就是热的，直接派给乘客就可以了，不用他们打开来加热的
 '垃圾'
 '作死'
'煞笔'
 '好想吃她的口水'
 '拍摄者2b'
 '今天不按规定处理剩余饭菜，明天就能不按规定干其它的，谁还敢坐飞机'
 '如果不是车辆本身的问题的话，骑车的才是主责。'
 '自己承担的责任更大'
 '不正当竞争'
 '剩的也太多了'
'贪官林立
 '嗯就是'
 '成年人'
'偷吃就算了，拍视频上传就是作死了。'
 '真牛 连空姐的心态都能鉴定出来'
 '小偷怎么处理了？不能让他死，监狱里待一辈子吧，每周牢头跟他谈谈心即可'
 '空姐也是人，也会有很多欲望的！'
 '机组的餐应该比乘客的好很多呀'
 '如果是乘客没吃的多余出来的，吃了也没什么！但是，如果是准备拿出去给乘客发放的先吃了就不妥了！'
 '为我石家庄交警鼓掌，应该如此[报警]'
 '年纪这么小，必须做好万全的准备。'
 '二楼说的没错'
否则交警监管
 '讹人'
 '最多算免费加个下酒菜吧，666'
 '空姐一个月多少钱呢，差你那点破吃的？'
 '撒了一地'
'公司赔七成。建议告交通局。'
 '吃就吃了呗，多大点事，小空姐怪漂亮的，嘿嘿嘿！'
 '屁大点事'
 '有点。。。万一放了个屁'
 '都21世纪了，还这么束缚人民'
 '强盗逻辑'
 '[微笑]'
 '读万卷书不如走万里路，有这经历的小孩会比同龄人多了一份阅历，没啥不好的'
 '那吃什么？肉？'
'没有密封的，就是用铝箔纸包裹加热。'
'话说飞机餐好吃吗[疲惫]我如果不是饿的话宁愿下机吃'
 '电动自行车能开到60时速，肯定比一般的机动车更危险。'
'装逼贩子，所谓的有关部门'
 '无语……'
 '都是吃剩的么？'
'德道伦丧，恶心下流，'
'有点浪费有理的感觉，不过这毕竟是航空公司的财产，处罚可以理解。'
 '不错'
 '因为女的乘客恶心啊！至于男乘客，当面吐一口口水，都能给你美滋滋的吃了！'
 '比起以前的孩子现在的孩子需要锻炼'
 '没办法，遭遇小人算计了吧，拍视频的明显是个小人！'
 '吃个鸡八'
 '我把你妈吃了，好嫩。'
 '大家只对空姐的娱乐新闻有兴趣，往下的世态炎凉却无人关注，这就是人性的冷漠。'
 '你们就不能对空姐好点 我爱你'
 '多大点事情，至于吗，一点娱乐精神都没有'
 '如果是车的问题公司要赔，不是的话人家赔什么'
 '额额'
共享机动车无序违规发展
 '自己对自己都负不了责，早晚得作死，关租车公司什么事。'
 '我就想知道那偷车贼抓到了没'
 '图六右下扣手'
 '不强求统一的教育模式，全面发展'
 '空姐吃鸡…吧'
 '吃我几把'
 '这么漂亮的女人就吃了几口不要的剩餐，就要停飞！还有王法吗？！😄
 '有些规定还真是这样，你不得不服'
 '味也大'
 '读万卷书，行万里路
 '哦也，不是偷吃算试吃，是乘客吃前还是多余的盒饭，查清，怎么会多余这么多，机票数早知道的，讲真话'
 '呱唧'
 '处理掉也不让吃，不太合适'
 '万一很浓，一口咽不下去呢'
 '烤肉店就得员工卖肉拉生意？'
'傻逼，你以为就这一点吗？里面还有大把，只不过一合一合装出来，餐点不用忧的'
 '我希望我的那份空姐迟过'
 '不管好坏，跳出应试教育怪圈'
 '有点恶俗'
 '吃剩的空姐会吃？'
 '有点不雅观'
'剩饭给你你吃不 小题大做'
 '我要吃这位空姐姐姐的口水，吃完把她的脚塞进我嘴里，那是最好的，'
 '对国家没信任的人'
 '老美是真的好耍，在國內怕是生活作風問題吧😄'
 '坐飞机要求乘客关闭电子设备是有道理的，以后应该会更严格要求吧'
 '欣赏而已'
 '大运动开始了'
 '这是多出来的餐食，落地也会被扔掉，乘务员摆拍而已，至于这么上纲上线吗？又要搞运动？'
 '溅了一身吧'
 '闲得蛋疼'
 '这个看个人选择吧？觉得接受不了不去就行了，直接禁了算怎么回事啊？'
 '有必要这样上纲上线么？'
 '共享电马！！！'
 '无所谓'
 '说实话，由于经常出差的原因，一直坐飞机火车等交通工具，盒饭我不觉得难吃，就那两三口一盒的东西，我能吃四五盒。之前想多要盒饭，恐怕送餐员（空姐空少）笑话，自身吃完饭也爱喝饮料，多要几次恐怕麻烦人家。以后算是知道了，只要不够吃，没吃饱，就一直要，省的飞机落地后销毁浪费'
 'no zuo no die
 '过分了，陪吃吗不出台那有什么意思'
刀具厂要担责吗？未成年违规造成伤害重大事故应由其本人担责为宜
 '被空姐这份职业耽误了的网红'
 '你自己骑车出了事为什么要怪别人呢。'
 '潮流！
'先生您好：请问您要牛肉米饭还是鸡肉面条？来一份你吃过的牛肉米饭和你穿过的丝袜，谢谢！'
 '天天面对的餐没有人愿意偷吃'
 '空姐吃机吧都不吃这些机吧。
主管部门也要担责
 '南京北京有的一拼啊
 '现在好多小孩拿着单车输入重复的密码整天玩耍到处乱骑烦人的很'
 '等了十一分钟好像挺有道理，不从根本上去解决问题，有意义吗'
 '和我无关'
 '法制社会真牛鼻'
 '全裸的话可能会掉毛'
 '我也不信，刚开始可能会有点兴趣，时间长了，看着都烦'
 '这里处罚的是公司纪律问题，而不是食物成本的问题，不遵守纪律自然得被开'
 '给美女吃个饭能怎么滴？你们饿一顿能死？大老爷们就为这点事要人公司去处罚人家，你好意思？[大哭][大哭][大哭]'
'交警好耿直。'
 '政治任务'
 '欧洲还有裸体餐厅呢'
 '屁大个事'
 '孙子的悲剧不赖爷爷，爷爷好样的'
 '那个破盒饭根本不会去偷吃的。'
 '把心思用歪了，要是打击假冒伪劣、食品安全、拐卖人口、金融犯罪和电话诈骗、环境污染、贪污腐败、医疗腐败、教师性侵等这么积极，全国人民该拍手叫好，大力拥护的！'
 '肯德基一直都是扔了也不给员工，如果给员工了，以后扔的会越来越多，供货链，销毁链等等，各个方面考虑航空公司确实没问题'
 '道德婊舒服嘛'
'监护人的主要责任'
 '知道为啥处罚不？因为她们是服务人员，'
 '你说的对，有时候有些流程是做给大家看的，可是一处碰到大家的情绪就不得了'
 '你喝的可能是妹汁'
 '吃就吃呗，都是剩下的，又不是吃完给乘客吃，那个傻逼这么事呢，要不那个喷子来说说，到底有啥道理？'
 '现在什么TMD都能用来娱乐'
 '带孩子穿罗布泊的家长是傻逼。那里是核试验的地方。具体对人体哪里不好你们自己想
 '航空中的各项规定，都是前辈拿命换来的，不能违背。就拿这个吃剩余餐食来说，吃胖了就不好再当空姐了，怎么样，被停飞了吧？'
 '长的和个弱智一样，好有意思。'
 '上班时候谁让你娱乐了'
'吃点就吃点呗，这一天天的'
 '自愿就行'
 '对于空姐事件，什么我都能理解，唯独娱乐心态。'
'谁拍的，职场真可怕，@心机婊们！'
 '谁的过错谁负责，如果涉及未成年人，其监护人应该承担更多的责任，要求租车公司承担七成责任纯粹是劫富济贫的思维，不是法治精神。'
 '等11分钟的交警666！干得漂亮……'
 '关我什么事
 '童心未泯，没必要小题大做吧'
'不是按人头配送的吗'
 '车没有问题，骑车人的问题'
 '那个官员笑尿了，建议大家看完整'
 '小题大做，无耻'
 '吃点算什么，多关心一下厨房……也许能拍到给装B分子餐品里吐口水的'
 '不是拍抖音就是快手'
 '有必要这样上纲上线么？
 '飞机餐，应该不会吧'
 '恶心。'
 '好，我就想带孩子去看全世界，不过没钱'
 '凶手用刀杀人
 '小孩子好可爱，可能是有钱人家的孩子'
 '这是剩下的，必须要倒掉，基本上都是附近收给猪吃的。你挺荣幸的。'
 '你赢了大哥，你说出了我不敢说的话'
 '你吃不怪你.边吃边拍就是你的不对了.所以说不作就不死..'
 '小孩子怎么办！！！'
 '与其浪费掉不如吃掉有益。'
 '其实我觉得她们应该全部脱光'
 '恐引起不法分子歹心仿效'
 '还好不是尿里面。。。'
 '那个空姐坐过我车。挺漂亮的'
 '每次看完今日之声心情都会很差…'
 '我们这有👙串串香'
 '顶风作案'
'应该表演吃焦'
 '不是还有果体餐厅么？'
 '没关系了'
 '哈哈'
 '海航你们应该骄傲，你们的飞机餐还算能吃的，而且是你们的员工都愿意试吃，要是换南航的飞机餐，估计给钱都不愿意吃'</comments><comments_num>4741</comments_num></doc>