<?xml version='1.0' encoding='utf-8'?>
<doc><source>NetEase</source><id>41378</id><url>http://news.163.com/17/1208/13/D54STDFB00018AOR.html</url><title>国内高空挑战“第一人”被传失手坠楼 其女友证实死亡消息</title><datetime>2017-12-08 13:10</datetime><body>

                    （原标题：国内高空挑战“第一人”被传失手坠楼 其女友证实死亡消息）
                

@北京青年报消息，近日，有网友爆料称，自称国内极限高空挑战第一人的网络直播博主“极限-咏宁”于11月8日后再未更新所有社交网络账号，疑似因失手坠楼导致死亡。12月7日，其女友通过咏宁美拍账号发布内容为“我只是想安静的睡上一觉。以后都不会不再更新了”的视频。8日又通过个人微博发布消息称“今天是12月8号！让我想到11月8号你离开我们！离开这个世界。”证实咏宁去世消息。据了解，咏宁全名吴咏宁，此前曾在众多的视频网站上使用“极限-咏宁”账号发布小视频作品，内容多为攀登高层建筑及塔吊，其个人账号介绍信息显示：国内无任何保护极限挑战第一人，挑战全世界高楼大厦。有消息称，咏宁之所以选择拍如此危险的视频，是为了多赚钱给母亲治病。截至目前，该消息尚未得到证实。



原标题：网友爆料称国内高空挑战第一人失手坠楼 其女友证实死亡消息 【免责声明】上游新闻客户端未标有“来源：上游新闻-重庆晨报”或“上游新闻LOGO、水印的文字、图片、音频视频等稿件均为转载稿。如转载稿涉及版权等问题，请与上游新闻联系。
 
(原标题：国内高空挑战“第一人”被传失手坠楼 其女友证实死亡消息)


 本文来源：重庆晨报上游新闻  
 责任编辑：王晓易_NE0011 
</body><comments>'看他的视频看的心里发慌，替他担心，早晚出事了~'
 '整天发那些危险的视频动作，让人看了为他又担心又受怕的。终于不用再为他担心了！'
 '逝者已矣，一路安好'
 '常在河边走哪能不湿鞋？上个月才看一个GIF动态图，显示的是一个极限爱好者在高楼边上走，就滑了一下，直接掉下去了。呵呵呵！！！去年，俄罗斯一个玩极限的，也摔死了，哈哈哈哈哈'
 '向命运挑战，只会死于意外</comments><comments_num>10</comments_num></doc>