<?xml version='1.0' encoding='utf-8'?>
<doc><source>NetEase</source><id>24727</id><url>http://news.163.com/17/1208/18/D55EIV7R0001875P.html</url><title>网约车司机凌晨接单后失踪 家人在朋友圈认出尸体</title><datetime>2017-12-08 18:19</datetime><body>

                    （原标题：网约车司机凌晨接单后失踪，家人竟在朋友圈刷到其死亡视频！死前他...）
                
不久前，江苏省苏州市张家港一位早起晨练的市民在路过家门口的一座大桥时，竟然在草丛里发现一具男尸。男子横死路边 家属朋友圈看到视频后认出凌晨接订单后失踪 乘客失联有重大嫌疑而该订单目的地正好就在发现沈某尸体的位置，警方判断，死者很可能是在接这一单业务时发生了意外。根据沈某接单的记录，最后一个乘客姓周，也是本地人，而此时，周某却联系不上了。民警陈庞虎介绍，根据周某家属反映，周某是凌晨三点钟左右背着钓鱼包出去，跟家里人说是去钓鱼，然后一个人出门以后就一直没回来。路面监控显示，在出门后的近一个小时里，周某背着钓鱼包一直在路上转悠，并没有去钓鱼的迹象。案发当晚7点多，潜逃的周某被警方抓获。嗜赌成性输掉数百万 萌生歹念酿下大错被抓后，周某对杀害沈某的犯罪事实供认不讳。根据周某的供述，民警在一处偏僻野外找到了沈某被劫走的那辆汽车。据知情者反映，嫌疑人周某生性好赌，曾远赴境外参与赌博，据说输掉了三四百万。案发前几天，周某的汽车因为还不了贷款被抵押公司开走，周某于是萌生了抢劫汽车的念头，并在钓鱼包里放置了作案工具。民警陈庞虎介绍，周某最终选择了一辆网约车为作案目标，上车和下车的地点也是他精心挑选的，“上车地没有监控，看不到他上车的画面。下车地在他平时钓鱼地方的附近，他对那一带附近的位置比较熟悉，那个地方也没有路灯，环境比较昏暗。”



车刚到目的地，周某就掏出了水果刀对沈某实施抢劫。双方在车内进行了一番激烈的搏斗后，受伤的沈某弃车逃到了大桥下躲避，可没想到，抢到车的周某并没有赶紧逃离现场，而是朝着沈某追了上来，并将其杀害。目前，周某因为涉嫌抢劫罪与故意杀人罪已被批准逮捕。


 本文来源：江苏新闻  
责任编辑：赵亚萍_NN9005 
</body><comments> '人渣赌狗都不带脑子，用网约车你还跑得掉？'
 '智商感人，shab一个，可怜了这个哥们半夜赚钱被杀。'
 '这畜生，他妈逼的，要拿去活剐，，'
 '太傻了
 '那他几百万是哪来的
'嚐賭者無自控力'
 '狗急跳墙'
 '这种人太狠！'
 '这种人渣必须死刑，必须以最残忍的手段来个粉身碎骨！[微笑]'
 '你手中掌握的权利是党和人民赋予你的，权力的宗旨是为人民服务。对贪污腐败零容忍。数额无论大小。没收一切财产，就地正法。就没人再前赴后继去贪腐享受了'
 '有钱人会半夜三更还开网约车！？？死刑吧，留着也是浪费粮食'
'半夜接活的能有几人是过好日子的？凌迟处死这姓周的！'
 '哈哈，呵呵！'
 '输多了，长期压抑导致有间歇性精神病，这案子就是病人在犯病期间犯下的！[窃笑]'
 '赌场上有人放高利贷，借给他'
 '这种智商还特么赌钱
'垃圾'
 '这个开滴滴的也是，开夜班不带防身家伙，现在什么样人没有？吸毒的，精神病患者，像本文中的傻逼，多的去了，坐位底下放根甩棍也能保命吧！'
 '太TM的残忍了，建议用同样的方法弄死他！'
 '妥妥的死刑立即执行'
 '赌徒哪来的脑子'
 '要是我就选一个市长，抢了他也不敢报案'
 '为什么网约车司机的衣服被扒的一丝不挂？为什么网约车司机的衣服被扒的一丝不挂？'
 '滴滴都实名认证了，这货也是输太多了，没脑子'
 '问题是SB都有几百万
 '网约车还作案，智商啊'
 '这犯罪分子真蠢'
'年纪轻轻，可惜可惜'
 '马勒戈壁的！下辈子投胎做猪都便宜你了！！！'
 '赌场，政府都冒油，谁敢啊，狗那么多，没进门就被吃成一把骨头了。'
'卧槽这是傻逼作案么'
 '死者一整晚就接那么五个单可见这滴滴是不能合作的了，有关部门抓紧把这东西给取缔了吧。'
 '妈的  这傻逼你网约车上面都有信息，你能跑得了吗，就这智商还学别人抢劫…'
 '就是没几百万所以欠了，没法还。'
 '好几个月前的事了，滴滴司机据说家里挺有钱的，杀人犯几个小时就被抓了真是煞笔。苦了小孩子。'
 '就这个智商，输三四百万都是赌场手下留情吧'
 '几刀下去来不及拿装备的'
 '好一个精心策划，居然用自己的手机约车，这样的智商也敢赌博？？'
 '这智商不输钱对不起其他赌徒啊。'
 '都是为生活奔波的人，怎么下得去手啊'
 '法官说，做精神病鉴定！'
 '抢就抢了，还杀人，你以为能逃掉？'
 '就这狗脑货赌博还不输钱就怪了'
'为了减少这类愚蠢又带给受害者不可挽回的伤害的犯罪，有必要普及网约车和监控的常识。监控已经撒下天罗地网，网约车绑定双方信息，谁也跑不掉。汽车是最容易被追踪的，到处电子头，因为交警的奖金也靠它，所以，想找，就能找到。'
'人家都躲起来了你还上去灭口，活该吃枪子儿'
 '这抢劫的是不是傻！网约车哪里有现金啊！！！'
 '抢就抢干嘛杀人？'
 '智障去抢网约车，祖宗十八代都能给你刨出来。有胆量去抢银行啊，反正都毙！'
'江苏老表也够野！是苏北的吗？'
 '找个没有监控的地方用真实身份叫车？活该输掉几百万'
 '人渣该死！一个家庭就这样被毁了！'
 '跟贴被火星网友带走啦~'
 '如果是抢劫的话，不能解释为什么受害者会一丝不挂啊！'
 '关键这傻逼这智商居然有几百万输'
 '你太年轻 八九十年代很流行打劫出租车'
 '想死 不应该祸害别人啊。半夜三点、这不就是赚的辛苦钱么。特么的、脑子输傻了么！'
 '有时候还是把钱拿出来买条命。但就怕那种先杀人再抢钱的，二话不说上来就杀，那真的是无解了，那种就真的是穷凶极恶的歹徒'
'连克鲁兹都抢'
 '天生弱智，无解！害了别人也害了自己。'
 '没用，后座捂住嘴一刀割喉'
 '问题是你口中的傻逼 .开公司赚到三四百万！'
 '可怜了司机。挺努力的一个小伙子，这么晚了还开车赚钱。'
 '这智商怎么赚到几百万的？'
 '又是戒赌吧老哥干的'
 '穷人的钱你也抢，有没有人性
 '一楼是狗日的，咋能懂人的事！！'
 '这智商哪来的三四百万'
 '放你妈狗屁
 '2017感动中国智商最低抢劫犯罪
'这种人都会有几百万？'
'我车上就有。还是绝对的警用产品，遇到我绝对够他喝一壶的。'
 '戒赌吧老哥？'
 '赌博和毒品占上就是家破人亡！'
 '我靠，人家司机都已经跑下去了，你抢了车就走吧，还下来杀了人家，咋样哇你能跑掉？'
 '打劫就打劫羅，殺人幹什麼？滿大街的攝像頭殺人也逃不了的。窮打劫不要緊，最怕遇上了失了志的瘋子。'
 '的确，我表弟打工的，先让他赢了10几万，后来输了100多万，到现在还在还债呢，他还把我表哥带进去了，表哥一个月也就4000，输了80多万'
 '傻逼哪来的几百万'
 '为死者感到悲哀。凶手为何要夺人性命？'
 '都是艰难生活的屁民，就不要这样互相伤害了！要钱搞贪官这些人去啊，他们还不敢报警！'
'枪毙了吧'
'这个肯定是死刑！1、犯的就是死罪；2、绝对没有背景。'
 '。。。。'
 '几百万……'
 '这不枪毙留着干嘛'
 '这是一个互相相害的社会！'
 '一楼说的没错呀，不会判无期，肯定是死刑'
 '有精神分裂症外加赌博输了很多导致精神抑郁症发作，免死，家里卖套房赔给死者家属取得对方谅解。结案'
 '死刑，用车撞死'
 '无脑大白痴、死罪换小钱'
 '枪毙了'
 '死不足惜'
 '187'
 '为何全裸？杀的好复杂'
 '为什么被砍断'
 '这种王八蛋应该凌迟
 '网约车怎么是黑车？出租车没出过事么'
 '这种渣渣脑子没有，胆子倒大的很'
'妈的，蠢猪太多了。防不胜防啊！'
 '直接五马分尸！'
 '过年了，做黑车和坐黑车都要当心...'
 '问题是这智商还有几百万可以输。'
 '赌和毒，沾上了人就完了。'
'钱多就不会三更半夜接单啦'
 '小玩怡情，赌博SB'
 '咋想的？抢网约车？赌博输钱脑子有问题了
 '现在这个社会，警察都是专业警校毕业的，再加上如今的技术手段已经超乎常人的想象，现在再犯案没有破不了的，只有案件太小警察懒得去破的，所以还是奉劝那些有侥幸心理的人，你想谋杀，就等于在自杀'
 '以后网约车要联网芝麻信用，大家都安全'
 '遇到有刀子的还是让他抢吧，不要逞强'
 '年底了，注意安全啊……'
 '可怜了这辛苦的司机'
 '滴滴出行 你不是五从保护吗 一路走好'
'他的几百万哪来的'
 '辛苦赚钱，被人渣杀了，那么勤劳的人！哎！'
 '必须远离两种人：赌博和吸毒的。不然你随时都有生命危险！'
 '也许大家不知道，出租车司机一直是个高危职业，一个人一辆车，一天一夜都在外面挣点苦逼钱，不要去说他们素质差，底层百姓为了生活都不容易，相互理解吧。'
 '悲哀'
'我俩三亩地求征'
 '抢网约车，用微信转账，可以的兄弟'
 '还是南方人狠，要钱又要命'
 '赌棍该死'
 '这些都是管制物品，不怕警察叔叔找你麻烦？'
输500万，其中至少有400万是自己的，赌场，才会放水一百万。怎么可能你拿5万块钱去赌场给你放水500万。'
 '高危行业'
 '人渣！'
 '这样的人渣，社会的败类，必须枪毙，有种抢银行才是真英雄'
 '智商啊。人家弃车逃跑了你丫的还追上去把人杀了。图啥？ 人死了你被抓的速度绝对在一天内。而且死刑！  是不是输到心里变态了阿'
 '这么拼死的人干嘛不去抢银行，'
 '哪天公交车司机被杀了是不是跌取消公交车呢 不想开车就走路去？
'可是这傻逼哪来的几百万呢'
 '王思聪那么有钱他不去抢，居然去弄个屁民的，这良心也是被狗吃了'
 '唉枪毙吧'
 '真是呀 ，蠢得要死，害人害己。'
 '遇到抢劫就认吧  去财免灾  能出来抢的大都无路可走的人渣  犯不上以命相搏'
 '直接死刑吧'
 '周某最终选择了一辆网约车为作案目标，上车和下车的地点也是他精心挑选的。这智商怪不得好赌'
 '真惨'
 '拆迁户，求死去的，被抓了什么也不说'
 '去澳门赌了吧'
 '抢劫，赌博输了情有可原，干嘛要人性命，罪该万死'
 '谁能想到遇到这种又蠢还穷凶极恶的货啊'
 '直接枪毙！'
 '还好我只接女乘客'
 '天朝很安全，晚上可以随便出去浪'
 '关键是，这种智商的人居然有几百万可以输！
 'SB那么多贪官污吏你不抢不偷，偏偏欺负辛苦的老百姓！'
 '这人傻逼。而且心狠手辣。。必须枪毙'
 '谋财别害命！'
 '关键这几百万怎么来的'
 '脑残，网约车车费都是网付，能有什么现金'
 '这b货不死刑难平民愤'
 '南京的法官呵呵(^_^)'
 '把人捅死了也拿不到钱啊，蠢猪'
 '该有多蠢，掩耳盗铃吗，抢网约车
 '就这傻逼智商，哪来的三四百万？富二代吗？'
 '阿弥陀佛阿弥陀佛'
 '最痛恨赌毒'
'这是有计划的抢劫杀人案，情节极为恶略，手段极其残忍，死刑立即执行是必然的！'
 '真可怜'
 '网约车最好别接11点后的单子，妈卖批酒鬼正多的时候，也是犯罪率高的时候'
 '废话，这种事有背景也是死刑立即执行。'
 '十赌九骗，还有一个是，忽悠你继续来赌博'
 '赌徒    十恶不赦'
 '傻逼智商令人堪忧！网约系统就有你的信息，还尼玛找没监控的上下车地点'
 '这次 👮不会说是 自杀了吧'
 '今天真的好'
 '死刑立即执行'
 '可怜人，凶手早日伏法，家人早日度过难关。'
 '输了几百万去抢劫杀害一个网约车司机？[疑问]'
 '没关系～下辈子小心点～'
 '抢就抢吧，非要杀人，变态'
 '别说了，死刑然后赔钱吧'
 '爱钓鱼的人竟然也有这样的傻逼
 '先不说这人有多坏，这人脑子有问题吧，好像为了被抓而杀人'
 '我感觉这狗比估计是被高利贷逼得走投无路了，拉个垫背的一起死，不然无冤无仇不会抢了车还去补刀，要别人的命！'
 '自己也不想想，开网约车的能有多少是有钱人？何况还是晚上出来开的。都是为了生活的普通人，就算抢到又能有多少钱呢？'
'赌博输掉三四百万的人肯定是变态，对凌晨三点多苦钱的人都下得去手，司机受伤后躲到大桥下这个都要追上去杀死！残忍至极，能想象到司机死之前一定丧失还手能力求放过性命，可怜可悲'
 '都是赌。。害人不浅'
 '这个赌徒真可恶!该千刀万剐!太残忍又超级愚蠢，为抢车去杀人，抢的车自己开还是贱卖了还债?还网约车，哪个网约车找不到双方信息?没脑子还残忍!'
 '先奸后杀？这页太过分了吧！
 '死的冤枉！'
 '这样的傻逼哪来的那么多钱呢'
 '真的是人渣，赚点辛苦钱的老百姓也下手，有本事去找贪官奸商，他们有钱'
 '[喷水]不是不久前，是好几个月以前。那时候还是夏天，穿的本来就不多。建香山风景区，拆迁暴富好多人，凶手就是其中一个。可怜被害人家里的娃才几个月大。'
 '请问：大冬天脱光了是什么意思？
 '28岁，白天网店夜晚开车，不是多好的起点但真的努力！可惜了！'
 '警车🚓先抓你，信不？'
 '苏州人，还是南方人狠啊！刚刚看了十来个个同类新闻，都是江西、湖南、广西、四川这些南方省份的，我们河南被你们黑那么惨，都没这样啊！'
 '瞧不起这些傻逼，想钱就该去抢银行，别来祸害其他人'
 '只要是沾上了黄赌毒的人都是人渣'
'煞笔玩意，你踏马网约车，没自己的信息吗？'
 '畜生！敢杀人都不敢不还钱？'
'如果顺歹徒的意，不反抗给他车，完了立马报警，能不能把车找回来？现在这么多监控，跑不掉吧。'
 '这智商都不知道该夸他聪明还是笨了[微笑][微笑]'
 '有背景这个事也就是个小事了'
 '这真他妈是个傻逼!一个网约车司机你能抢多少!抢车你能怎么处理'
 '这智商……偷猿去啊，大半夜开网约车的哪有钱？'
 '自作聪明的蠢猪'
 '以前就有外国女乘客强奸男司机的，不保险'
 '上个P的天，看网名就知道素质怎么样。还想安宁呢！'
 '畜生'
 '此人必须死，人渣。同意顶起'
 '说得对。[窃笑]'
 '智商'
 '年龄到了40岁还一事无成就是清华北大'
 '猪脑子，你能跑得掉吗？也不想想？'
 '哪里有可靠的喷剂买啊！不会受骗的'
 '……'
 '输的估计是高利贷钱，而不是他自己的钱'
 '40岁以下考不上一本大学的一律枪毙，这社会就安宁了'
'酿下大错？这是犯下重罪。'
 '关键是怎么赚的几百万的
 '凌晨都还在跑单子，真的很辛苦。为什么用网约车，就不怕有订单信息？蠢货害人啊……'
 '估计是借的'
 '你读了个一本要上天？读书低的人大把比你有才华有能力
 '消除现金交易，全力推广电子支付可以有效降低抢劫事件！'
 '输多了智商捉急啊，抢车就抢车感吗杀人呢。你有信息召车的，跑的了吗？'
 '遇到警察查车，搜到车上这些好家伙，嘿嘿，进去蹲吧'
 '现在社会太乱了，你永远不知道你旁边的路人有什么故事，永远也无法预测下一秒会发生什么！'
 '这种傻逼智商还抢劫？🐶东西，害一条命'
'白痴，想死了吧？别祸害别人啊！'
 '凌晨三点去钓鱼。家里人都感觉正常吗？'
 '你妈还在吗[疑问]'
 '😵'
 '上车和下车的地点也是他精心挑选的，“上车地没有监控，看不到他上车的画面。下车地在他平时钓鱼地方的附近。然后他用自己的手机打开了滴滴…'
 '这个傻逼赶紧死了吧！
 '这下可以去地狱玩去了！'
 '傻逼害人害己，以为没有监控就没有你打车信息，，操，大家还是注意安全吧！这个社会不一定每个人都知道有监控，有你使用现代工具留下的一切个人信息！！！有文化的流氓虽然可怕，但是没文化自以为是的莽夫更可怕！！！'
 '无冤无仇，害死别人一条命，自己并没变好，遇到这种傻瓜真背时。'
 '是的 直接枪毙，他精神压力大人家司机辛辛苦苦招谁惹谁了？'
 '家属当时看到了是何等心情啊！'
 '1877167'
 '简直是一个大大大大大大傻逼'
 '这智商为什么有那么多钱来输？'
 '畜生一个，你有种抢那些肥头大耳的贪官去。'
 '一种可能，在搏斗中衣服被划烂，在逃亡途中撕衣服止血，最后被追上了！'
 '戒赌吧老哥走火入魔'
 '杀人都是傻子！国家明确表示命案必破。杀了人基本上跑不了，就算当时没抓住，日后也会抓住。再说了，tmd小偷和抢劫讲点职业修养行吗？杀人干嘛，傻逼。'
 '杀人还脱人衣服？'
 '奸出人命赌生盗'
 '赶紧枪毙！抢劫杀人和绑架撕票的抓住就枪毙，别磨叽……'
 '这种人不讲究'
'放屁，中国是最安全的国家'
 '一定死刑！还死者公道！'
 '枪毙了这个人渣'
 '营运车最好有独立的驾驶仓，保护好自已最重要！'
'😄'
 '傻逼，想钱想疯了，抢了车，还不放过人，应该立即枪毙🔫'
 '这傻狗梅智商从哪来的几百万？'
 '现在那些开发商好多都没读多少书'
 '你看新闻了吗？'
'以前乘客不安全。现在司机也不安全了，哎这个社会啊！'
 '是个脑量不足的杀人犯。这点智商也跑出来杀人越货？'
 '死刑也便宜了'
 '又笨又坏的人最危险了'
 '玛德挣得辛苦钱，能多有钱，不动动脑子。车子能值几个钱。抢劫的越来越蠢了'
 '就这智商他输的三、四百万是哪来的？'
 '图财何必害命 真是残忍'
'一楼傻逼'
 '这智商。。。。还有几百万可以输'
 'MD别人凌晨就出车赚的幸苦钱、这也下手。尼玛缺钱抢劫银行去啊……'
 '这个肯定是死刑！1、犯的就是死罪；2、绝对没有背景。'
 '就这撒比智商还尼玛出去赌？'
 '在天朝，什么神奇的事情都可能发生，可惜他没背景'
 '直接枪毙吧'
 '网约车都没有人开了，赚不到什么钱，还经常遇到危险，我现在滴滴打车都卸载了，打不到车'
 '3好多老爷车缺零件'
 '媒体，这已经不是大错，这是谋杀啊。'
 '问题是这么傻逼的人怎么会有几百万吗？'
 '这就是我不开滴滴的原因'
 '古有劫富济贫的豪杰！今有杀贫奢己的杂碎！只有凌迟方可慰亡者！'
 '输了几百万，肯定精神压力大抑郁了，法官应该不会判无期的'
 '我以前被人无故拖去赌博输了36万，自己一分钱没拿。都是拿的高利贷！有几个人都拿了。当时心里想的。反正老子不会还，见面就说明天，不见面就不接电话。过了几天听说他被抓了，跟毒品有关系，死缓！他还上了新闻！CCTV的。我这钱没几个人知道。再住十年我也应该搬家了。哈哈!'
 '脑子有严重问题'
 '关键人家已经受伤害弃车逃跑躲在桥下了，这畜生竟然还要特地追上去杀人'
 '太可怜了'
 '喷了能延时吗？麻木吗？刺疼吗？'
 '浪费空气'
 '对哦，而且肯定会被查出！抢一台车卖不到多少钱，倒不如学张子强，如果不是他再犯案，到现在可能还好好的'
 '一号你是不是:.'
 '真他妈有病啊，既然跑网约车，能又多少钱？你见过马云出来跑网约车吗
'这智商！微信都是手机可以后台监控的傻逼'
 'MD别人车开到3点、赚的幸苦钱、这也下手。尼玛缺钱抢劫银行去啊……
 '问题是这智商怎么赚的几百万？'
 '人都受伤弃车了，还要赶尽杀绝！这样的××喊他畜生都侮辱了动物！
 '枪毙吧，穷凶极恶'
'现在在街面上作案就跑不了，天网工程不是白上的，到处都是摄像头，往哪跑…'
 '人类很残忍'
 '神经病，看不懂话说'
 '有背景的绝逼死缓'
 '网约车有信息的很好查'
 '说不定案子移交给南京法院呢？'
 '穷凶极恶，没有人性，赌博欠债，杀害司机，必须命抵！'
 '赚苦命钱，还碰到这种人渣！判死刑都不能解恨！！可怜了受害人一家人。'
 '这种煞笔能赢几百万？'
 '远离赌博'
 '他有脑子会输掉三四百万吗'
 '你他么的要是生在美国还不得天天开坦克车出门？'
 '这个傻逼真是脑子进水了，输疯了！'
 '不枪毙迟早也蠢死'
 '真不如去找政府官员'
 '滴滴又变黑车？ 抢你生意了？ 猪脑子就知道喷'
 '那你确实傻
 '那他那几百万怎么赚的呢'
 '前一阵我们那里还有个小伙子因为赌博欠一百多万跳楼了，多数都是有人给下的套，zf真的应该管管了。'
 '没有用，来不及的，你掏的时间都没有'
 '我不明白抢劫和把衣服脱光有联系吗？不至于吧，另有隐情吧'
 '为什么不能硬性规定出租车和网约车在乘客和司机之间加装防护栏?这样都可以保证双方的安全！'
 '1165'
 '没穿衣服，你们对他做了什么[喷水][喷水]'
 '最安全的国家'
 '贱种人渣，凌迟'
 '这智商是怎么赚到几百万来输的|？'
 '傻逼，以为没摄像头就不知道你是谁了？你TM网约车平台账号、手机号都是实名制。'
'网约车也抢？有脑子吗？平台有记录的。'
 '拉低了人渣届的智商。'
 '危险行业'
 '实名制抢劫，以为公安都只抓嫖赌？'
 '抢到的车能卖几个钱？还杀人？操！人渣。'
 '智商欠费'
 '去抢贪官的吧'
 '把衣襟砍断了自动脱落'
 '果然是个傻逼，难怪输光了。'
 '这种畜生直接活埋'
 '有本事去抢劫灵道啊，，别对挣辛苦钱的百姓下手！！这凶手下地狱必被油炸！'
 '有种抢银行，抢人赚辛苦钱，妈的，等着吃枪子儿吧！'
 '😏😏😃😃'
 '现在我知道了，赶紧打钱给封口费，不然我报j了'
 '图财害命，千刀万剐！'
'抢网约车，这智商也是没谁了。'
 '还有这好事'
 '拆迁呗。这种人最好赌'
 '戒赌吧老哥'
 '当小偷都比这个劫车挣钱'
 '打靶！'
 '这智商，居然有三四百万可以输……[狗]'
 '赌鬼都是傻逼没脑子，真不知道这些赌鬼脑子里装的什么'
 '网易很多人不说国内不该管赌吗'
 '晚上出门应该戴喷剂和电棍'
 '去抢小黄车ofo都可以啊！'
 '不是我们国家比美利坚安全多了吗？美利坚人民晚上都不敢出门的，这新闻一定是假的'
 '等着被枪毙吧'
 '所以我现在晚上不敢跑滴滴'
'这特么智商也就能当个杀人犯'
 '周某 沈某 傻傻分不清楚'
 '赌狗不值得同情，大家看到赌狗是什么样的了吧'
'智商是硬伤'
 '畜牲！
 '跑的了吗？'
 '所以这sb不都输回去了么'
 '其实有脑的可以有更多其他做法，他这是害无辜，死了也弥补不到对无辜人士的家庭伤害。'
 '大国没有正当防卫，只有持械伤人。'
 '傻逼！网约车杀人你还能跑不成！'
'我以为是死刑'
'智商捉鸡，暴力犯罪搞这种东西真是脑子进了水了，怪不得可以输掉三四百万'
 '你妈的你不怪人，怪社会。'
 '可怜可惜'
 '向来都是司机不安全，司机遇到的暴力犯罪远多于乘客，据说以前上海基本上天天都有司机被抢，一个司机如果开了一辈子出租却没有被抢过是很难得的了。。。'
 '就这脑子输几百万一点也不稀奇！'
 '这一定是假新闻，我们是世界上最安全的锅家
 '这种傻逼死不足惜，可怜了司机'
 '楼上说到点子上，输的几百万不是他拥有的钱，而是欠住赌场或者高利贷的钱，就像文中所说：自己的车子被放贷公司拿去了，所以输的几百万不是自己的身家……'
 '傻瓜一个有钱这么晚还会去接车生意吗？这个周某应该立刻枪毙！'
 '脑子是个好东西呀，汽车还要变现。而且还网约人家司机能跑得掉？'
 '死刑，'
 '好丧心病狂
 '这种怂货就只敢对老百姓下手'
 '嗯，是被网约车司机砍断的'
 '这种人应该处以极刑 用最痛苦的办法杀死他'
 '滴滴必须出来负责，这网约车必须取消了，不开车就坐公交去。'
 '一对一抢劫衣服会被扒光？'
 '死了他的债务怎么办'
 '这种智商也难怪会输那么多了。'
 '赌狗'
 '抢到了还杀人[鄙视]'
 '还有贷款，输的又不是现金估计还欠着的'
 '吸毒和好赌的一定要远离！！！！没得救！'
 '不跑黑车也不至于丢了性命'
 '一个网约司机，网上还实名制，各路口都有摄像头这也下手！'
 '胜市'
 '珍爱生命，远离滴滴'
 '车都抢到手了，还追上去杀人，故意杀人，死刑！！'
 '你他妈就算用新手机新电话卡，也能做串号给你串出来啊，大数据情报还有基站啊。傻逼，枪毙吧'
 '总感觉有些蹊跷，能想到没监控，就想不到实名认证的app'
 '就他妈这智商还去赌，活该输钱，支持死刑'
 '关键是这智商哪来的几百万输？'
 '抢车就抢车啦，你他妈为什么要杀人啊。[暴怒][暴怒][暴怒]'
 '在美国的咋办？'
 '这种智商！靠(*￣m￣)原先的四百万怎么来的？'
 '我跟你差不多，发现滴滴打车你现在预约根本没戏。打车暂时还行。'
 '哦也，坏人会抢车，别买车或当出租车司机'
 '抢劫犯这个智商，还丧心病狂；司机太倒霉了'
'妈的，这么牛逼怎么不去干开走你车的人'
 '倒也是'
 '要是在南京还有可能。'
 '正解，就是有一点意外，这智商，哪像挣过三四百万的货。'
 '哈哈'
 '真是煞笔到家了，你他妈就算抢钱也得抢个有钱的啊'
 '杂种，死刑都轻了'
 '垃圾，抢到车还要杀人。'
 '估计本来也是不想活了'
 '蠢逼，手机抢车没有记录吗，最起码有手机号，付款也绑定微信或支付宝。摄像头没拍到你的脸。能输300万，智商限制了你的发展'
 '次序错了 1、绝对没有背景  2、犯的是死罪'
 '妈的以前多少出租车司机被害啊，所以驾驶室装了隔离装置，网约车司机要有安全意识'
 '人家只是说反话你认真了'
 '畜生不如野狗 心如畜生 脑也如畜生！凌迟！'
 '这事，实在商量不成车给他也行，跑不了的，斗来斗去两个家庭都毁了'
 '逃走了还追杀，杀人灭口，顺不顺从都要杀的~'
 '60几岁的大妈你也上？'
 '带个蝴蝶刀'
 '贷款给他的这次血本无归了'
 '人被逼入绝境 求生欲不是会爆发潜能么？
 '这种人渣就该凌迟'
 '最安全的国，啧啧啧'
 '抢网约车，傻叉一个，，各种傻'
 '警方表示死者很可能是接了这单发生意外，难道这次是死人开的车？？'
 '这人是正宗傻逼'
 '傻逼……第一劫不到多少钱，第二车子也不好出手，第三你的网约记录就是死路一条，简直脑残！
 '死刑！这种傻逼死了好！'
 '有违禁品，治安拘留你都可以。'
 '如果不是生活所迫，谁半夜3点还开网约车？'
 '抢贪官多好?'
 '楼上正解'
 '真是可怜啊'
 '死刑谢谢'
 '赌博害人啊
 '关键是这种智商的傻逼都有三四百万可输……'
 '这个智商的SB哪儿来的几百万输'
 '但是这个智商能挣三四百万'
 '好几个月
 '这傻逼真是弱智，用手机叫的网约车你这样搞就是送给警察抓你啊！'
 '这个好查但人都死了……'
 '还不如跑呢'
 'MD别人车开到3点、赚的幸苦钱、这也下手。尼玛缺钱抢劫银行去啊……'
 '傻逼喷子，有背景需要抢网约车吗，人家直接拿政府的。'
 '网约车，安全！双方的记录都在！'
 '网约车就是出租车的初级阶段，以前出租车的所有经历，正在网约车上面一幕幕上演。'
 '如果在反击中伤到歹徒可能要重判！'
 '那个傻逼哪来的几百万呢'
'赌博万恶之首'
 '横死街头
 '抢就抢别再去把人杀了啊，还那么年轻～唉😔'
'我觉得不是劫车……完全是杀人的节奏……想杀个人就找个好赌成性背一身债的……'
 '这种人渣，没本事，挣钱，好堵好闲，活着，也是，社会，败类，赶快！枪毙了，这个败类！还死者，一个公道！'
 '撒比不知道网约车有记录吗？也不弄个假身份证。'
 '你爹妈被枪毙了没？'
 '幸亏我没有跑滴滴了，妈的跑滴滴真的赚不到钱还面临酱紫的危险，这种人是脑子进水了，一，跑滴滴的人肯定没有多少钱，滴滴车也不值钱，你欠几百万也不想想得杀多少人啊？傻逼'
 '借高利贷的，可能只借了一百万，现在滚到几百万了'
 '钱没了可以再赚啊！'
 '南京法官正在去苏州的路上'
 '这些抢劫杀人犯真他妈的脑残中的战斗机。还敢抢滴滴司机。每单都被监控的。问题是人家司机也是个穷逼 这好比乞丐碗里抢几十块钱一样。有啥意思 抢完还杀人。这种人还真不得好死 不死刑这法律也是没救了'
 '就是踏马的比 这么狠怎么不去搞那些奔驰宝马的 夜店去转转随便老板都有钱 这有多少钱'
 '现在基本上都是司机危险特别是长途'
 '就是，一晚上五个单，能赚几个钱，还把命给搭上了，建议家属找滴滴赔钱。'
 '死者在生命最后一刻是有多绝望啊？'
 '把他人皮拔下来，用盐腌死……'
 '这智商怎么来的那么多钱去输！'
 '被谋财害命了。'
 '这种智商还赌博？'
 '司机真几把倒霉，碰上这种傻逼，抢劫杀人竟然用网约车，这种智商也他妈服了'
 '开滴滴不赚钱，又不安全，幸好自己没开好多年了'
 '还脱了死者的衣服？！'
 '但为什么要扒光衣服？'
 '谁有钱去开网约车？这傻逼还输掉上千万，哪来的上千万？要抢去抢当官的，一抢一个有钱人，还不敢去报警。'
 '枪毙！'
 '把周某毙了吧，不毙下—个不知是谁被他钓鱼了'
 '网约车也没有现金，车你也卖不了，你抢个出租车多好'
 '这傻逼，谋财不要害命啊。'
 '这智商，果真有输掉三四百万的潜质。当然，就算再怎么聪明只要上了赌桌都一样。除非能坐庄...'
 '反抗了而已
 '中国人需要用极刑来处理畸形的社会'
 '这种傻逼，什么年代了还他妈抢劫，现在还有几个随身带现金的，转账不怕查吗？该杀的傻逼'
 '高智商输几千万的都有我就想知道这头猪是怎么挣几百万的。'
 '真是毛病，智商为零
 '枪毙了凶手'
 '这人渣智商着急啊！强车还用打车软件！'
 '哪个傻逼要是有智商还至于输掉几百万吗？'
 '脑子好就不会冤枉输掉三四百万'
 '为啥是光的……'
 '现在怎么这么乱，领导是不是应该去死'
 '赌狗不但脑子不好使，还心狠手辣。'
 '他要是有你这智商也不能输进去三四百万'
 '凌晨三点不睡觉说是去钓鱼……家里人能同意他出门也是奇葩！'
 '拆迁补偿呗，郑州这样的多了'
 '叫车都是实名制  傻逼啊还把人害了  枪毙了吧'
 '谁告诉你要先有钱才能输钱？银行是干吗的？高利贷是干嘛的？什么叫融资，什么叫杠杆。好好上点学吧'
'这智商，抢车还网约？？枪决了吧！留着也是祸害！'
'被抢了？'
 '晚上出门应该戴喷剂和电棍
'深夜不开啊  深夜不管司机乘客都危险'
 '这人脑子有问题 汽车抢到了你也卖不掉 就算卖得掉 现在到处都是监控汽车只要上路就一定跑不了 另外抢个车干嘛要杀人？ 又不是抢银行？死者真是冤，遇到个SB！'
 '出租车也没钱，别下害了。'
 '18771671165'
 '有智商也不会抢网约车看，车低档抢最多几百上千现金。车当黑车也卖不了几个钱，风险跟回报差距太大'
 '嗜赌成性是改不了的 就跟狗改不了……
 '中国人为什么会有杀富济贫的心态呢，其实是和整个生态的环境息息相关的。'
 '为什么赤身裸体？文中没交待啊？'
 '缺钱抢淫行，别杀伤人命。'
 '问题是几百万被这煞笔智商给糟蹋了'
 '这倒没什么奇怪，喜欢夜钓的三四点出门是有的'
 '抢一个小小的科长吃一辈子管够'
 '有这种杀人的心就去抢贪官，万一别人不报警呢，不要拿那点逼本事抢老百姓，几十，几百的，都不够买白布盖你自己'
 '唉 天朝的人民太惨 自己死了家毁了 歹徒死了家还是要毁'
 '抢网约车，这特么跟偷完东西把自己身份证留下有啥区别。'
 '这个司机也是倒霉，辛辛苦苦跑个滴滴，命都丢了，唉'
 '以前乘客不安全。现在司机也不安全了，哎这个社会啊！'
 '这智商，那些钱到底怎么来的?'
'这种智商怪不得输那多钱'
 '这能算工伤致死吗？'
 '真是🐷TMD有钱谁还在半夜出车'
 '对，判死刑'
 '猪头，无语'
 '怕强凌弱的社会'
'不要死者家属介绍，具体到底究竟是什么身分，什么工作啊？小编太不负责任了，为什么会脱光衣服呢，不会是嫌犯性取向有问题吧'
 '谁麻谁知道'
 '也许歹徒开始就没想让司机活命，怕被认出来？'
 '小朋友 现在社会到处监控 你认为抢劫这这种事现实么 傻逼'
 '只要最后面一句'
 '江苏人爱装逼，认聪明，认同的请点赞'
'害人害己'
 '为啥脱光呢？'
 '网约车乘客端还没要求实名制，只要求手机验证，手机这个随便可以搞。可怜了司机，谁家境好的情况下凌晨还出去跑活。'
 '为什么这样的人还那么有钱啊！都能去境外赌博，勤勤恳恳，本本分分的人倒是穷屌丝一枚。'
 '网约车能挣几个钱，找错对象了'
 '人渣 劫富济贫还可以理解狭义...mmp居然打劫辛苦劳动的人居然还杀人 这种人渣不毙了留着干嘛[挨揍][挨揍]'
 '这智商简直是丧心病狂
 '穷寇莫追 说的真是'
 '司机要安装网络监控，并且义务教育乘客！网约车有记录！车内有监控！杀了我你也会给抓住！要钱找政府！切记切记！老司机温馨提示！'
 '也该枪毙了'
 '炮轰了这厮'
 '杀人为什么还要脱光衣服……'
 '杀贪官多好呀，该死的傻B！'
 '傻逼'
 '山穷水尽，你找个贪官抢，得的多不说，还不一定报案，干嘛找本分人下手，开网店，夜里拉约车，不容易'
 '为啥不能赢几百万？你们不知道有种方法先套牢你？不给你下鱼饵怎么套住你？怎么让你继续贪心？'
 '拿把美工刀抢银行？不给打成喷壶才怪'
 '要是被你逃脱，阿里巴巴就有危险了，又是一个千亿富翁！
 '的士司机一直都是高危职业'
 '找贪官啊，半夜拉活的能有啥钱，这傻逼一个'
 '赌博输掉的话不会报复社会的，我猜是c股亏掉的才那么狠'
 '人渣，赶紧执行死刑'
 '早作死，别害人'
 '赌疯了'
 '把大贪官地址公布一下，'
 '枪毙吧'
 '对挣辛苦钱的，太坏了'
 '这种人直接枪毙了吧，不要浪费粮食了'
'都考上去谁来当老板'
 '玩具都能给你判刑，何况这些'
 '如果顺歹徒的意，不反抗给他车，完了立马报警，能不能把车找回来？现在这么多监控，跑不掉吧。'
 '唉！'
 '傻逼作案，枪毙'
 '判死刑吧…别放出来害人了'
 '直接进拘留所了！'
 '科鲁兹车友，年纪轻轻，可惜了。'
 '这几百万怎么赚的'
 '说的没错，输几百万换谁压力都大，想死的心都有，所以支持判死刑。'
 '起始于一个电竞选手被人砍断手筋，目前没有继续报道这个选手的情况了'
 '他有家人吗？一个断子绝孙的流浪🐶，早在网易臭名昭著了'
 '可能农民征地补偿款吧'
 '朝鲜有新闻审查制度，这种事曝光出来的只是沧海一粟'
 '子不教父之过，赌博输掉几百万，早死早好'
 '以后开网约车的可以自己加个护栏，只是不美观吧？
 '我好奇的是他的钱怎么来的?'
 '这种杂碎，直接剁了喂狗吃！'
 '有可能车主把衣服脱光了对凶手说:大哥，钱都给你了，不信，你翻老子的衣服吧'
 '问这种脑子怎么能赚几百万，赌场借给他的'
 '这种人就地枪决，欺软怕硬最可恨
 '不会无期滴，死刑'
 '死刑'
 '怼个人抢钱还是附带强奸啊？还特么得脱人家衣服？这是多b泰啊'
 '脑子可千万别有问题，要不然司机可能白死了'
 '煞笔，抢劫还不如贩毒去，'
 '把人家捅伤，人家都弃车而逃了，这货还要追着去赶尽杀绝，这分明是不给自己留后路的亡命之徒嘛。'
 '才看了上一条新闻，幸福感爆满的国家'
 '太没有人性了，人家辛苦赚钱养家。尼玛你杀的是一人，害的是人一家。这样的人凌迟也便宜它了。'
 '傻的吧这个人'
 '现在这出了事没人破案，搞得糊弄一哈，反正小偷都逮不住，还能干啥'
 '不要死者家属介绍，具体到底究竟是什么身分，什么工作啊？小编太不负责任了'
 '你有啥办法？林子大了啥鸟都有!'
 '当地贪官怎么多，怎么没本事去搞'
 '是啊！'
 '科鲁滋'
 '苏州都这样了？'
 '这杂种，必须死刑'
 '简直妈的人渣，一个网约车能有多少钱，'
 '有背景，还他妈干这破事？抢比亚迪？同时还他妈幻想卖车？'
 '这就是一傻逼，跟不上时代的步伐'
 '拆迁户，父母的钱，借的不都可能吗？'
 '谋财干嘛还要害命？'
 '这不是减刑的理由'
 '人渣'
'人家还专门找了没有监控的地方上车呢，为了不被发现，真是有脑子啊，，，'
 '这个抢劫犯真的是太可恨，死者起早贪黑的赚辛苦钱，却遭如此恶运🙏🙏愿逝者安息……唉，看到这样的新闻心寒啊'
 '你去抢给你放贷的啊！傻x'
 '银行：老子是弱势群体，别搞我。尼玛缺钱抢贪官去啊……'
 '好吃懒做，还祸害别人！该死！'
 '为了那几百块钱那么拼命，脑子残了？送给他不就行了，过后再报案不迟，这是蠢死的。'
 '这样的智商就别赌博了'
 '全世界最安全……'
 '抢贪官的话还觉得是个汉子'
 '赌博吸毒成瘾的人记住要永远远离，根本没救！'
 '嗯，死刑直接执行'
 '这就是现实，你当是美剧里的罪犯啊都是高智商。'
 '对，有背景的不会输几百万就抢劫杀人'
 '你不知道越是底层的人越自相伤害吗！'
 '傻逼乘客，滴滴有打车记录的'
 '可是几百万咋挣的'
 '应该会以中度精神分裂为由判他赔偿死者家属五万元，判其有期徒刑2年缓刑3年。要是这个畜生兜兜里还有精神病证书的话，那就赔5万，直接放人。'
 '让人羡慕不已，男子钓夜鱼竟然钓到一辆小汽车！'
 '这好像是之前金科廊桥附近那件事[骷髅]'</comments><comments_num>20237</comments_num></doc>