<?xml version='1.0' encoding='utf-8'?>
<doc><source>NetEase</source><id>24277</id><url>http://news.163.com/17/1208/11/D54NH572000187VE.html</url><title>加拿大一医学院华裔女生自杀:能进该院的都是学霸</title><datetime>2017-12-08 11:22</datetime><body>

                    （原标题：多伦多大学牙医学院一华裔女生自杀身亡：能进该院的都是学霸）
                
海外网12月8日电，快到圣诞新年的日子，加拿大多伦多大学再次传出一则令人心碎的消息。据多大牙医学院(Faculty of Dentistry)12月6日发出的一份邮件通知，12月5日晚间，该学院一名一年级华裔女生不幸身亡。目前，还没有消息证实这名女生是中国留学生还是本地华裔学生。据加东媒体超级生活等报道，在邮件中，牙医学院的Daniel Haas教授表示：今天要带给大家一个非常不幸的消息，昨晚有一名一年级的学生不幸去世了。哈斯教授在邮件中还透露，这名一年级学生姓王(音译，Wang)。教授还在邮件中表示，院方已经知悉此事。这个伤感的消息无疑将对大家有很大的影响，目前学校有很多资源和服务来帮助学生，如果你遇到什么问题，可以到心理健康中心等机构寻求及时有效的帮助。据牙医学院的员工表示，这位不幸身亡的学生是自杀。社交媒体上的留言似乎也证实了这一点，有一位名叫Pereeia的网友提到，自己的母亲就在多大牙医学院工作，她证实一名一年级的医科生自杀身亡，实在是悲剧。社交媒体网转，该名不幸自杀身亡的王姓女学生之前在麦克马斯特大学(McMaster University)读本科，主修运动机能学。2017年进入多伦多大学牙医学院主修牙外科。多伦多大学的牙医学院申请门槛非常之高，申请之前必须上满最少3年的大学课程。得到录取后，还要再继续读满4年。真可谓“十年寒窗医学院”。多大医学院每年会有200名收到面试的学生，他们的GPA平均分为3.85。也就是说每个进入多大牙医学院的都是超级大学霸。而且学费也是相当昂贵，一般人也无法承受。本地学生每年需要近4万美元，国际学生需要9万美元左右的学费。近年华裔学生受伤害和自杀身亡的事件屡屡出现2016年冬天，多伦多大学也发生过一起杨姓华裔学生自杀事件，来自上海，生前就读于多大生物医学毒理专业，去世前还有四个月即将毕业。他还是一名品学兼优的学生，大学平均绩点高达3.96。从入学到2016年3月，杨同学共获得校级、院系级七项奖学金和荣誉。据认识杨的同学说，杨是一个聪明且十分要强的学生，平时爱好打羽毛球和玩Sudoku数学游戏，而且乐于助人。据了解，目前多伦多大学有8000名中国留学生。加拿大发生留学生自杀身亡的案例并非少数；留学出国背后的艰辛，没有经历过的人很难懂。今年7月，滑铁卢大学也传来令人痛心的消息：一位大学学生在自己的宿舍里结束了自己的生命，而这已经是该大学今年发生的第三起学生自杀事件了。去年，麦克马斯特大学的一位25岁优秀医学院学生自杀也同样令舆论哗然。为实现自己做医生的梦想，罗伯特   朱(Robert Chu)经过努力，用三年时间完成了多大本科学业，于2012年考进了麦克马斯特大学医学院。但上天并没有眷顾这位努力拚搏的学子，在两次申请住院医生职位(Residency Program)落空后，他于2016年9月5日结束了自己25岁年轻的生命。心理疾病：无处言说的孤独和压抑



2016年，中国出国留学人员突破50万，这些留学生在异乡的生活看似光鲜亮丽，背后也有太多的不易。留学环境极易造成孤僻的小环境，从而很多负面情绪无法得到释放而累积。学业、经济、语言、就业等诸多困难导致很多留学生得了“留学孤独症”。“留学孤独症”指那些常年在海外求学的年轻人在异国生活中“离群索居”，喜欢窝在宿舍或室内，过着基本是三点一线的生活：上课、打工、回宿舍，不愿与人交往，很少参加校友会、社团等社交活动。据专业人士保守估计，在中国留学生中，这一类学生范围正呈现扩大趋势，恐已达到三成。每次听到这些让人心碎的消息，都会为这些年轻人的离去感到难过。在此也提醒大家关心身边的亲朋好友们，对需要帮助的人及时伸出双手，希望这样的悲剧不会再发生。


 本文来源：海外网  
责任编辑：张宪超_NN9310 
</body><comments> '看穿了就不累了，最怕喜欢看又看不穿！'
 '在加拿大工作？ 除非你留校或者搞科研 其他行业gpa屁用没有 少年 多实习 建立人脉 才是在加拿大找高薪的正确方式 这里公司主要看经验 谁看你gpa？我EE专业课全85+ 面试的时候所有公司没一个care的  当然你要是回国当我没说'
 '家里死人了？所以才巴不得别人有事？你这种人就是垃圾。对待垃圾我们只会说一句话。滚。'
 '父母的心碎了！'
 '加油兄弟'
'压力太大!在美国很多大学都有阻止学生自杀的部门'
'你有病啊？蠢货'
'智商肯定不低，本人智商测试106，算高吗？'
 '支持自杀式iS，这个没兴趣。'
 '华裔？为什么不说非洲人更彻底。全人类几十万年前全是非洲人'
 '那种人聪明但不成熟，成熟的人会揣着明白装糊涂'
 'Dr Lu Yong'
 '学霸间竞争更惨烈，人越来越聪明，压力也越大，现代文明的代价就是没了日出而做日落而息的平静生活'
 '钻石行业啊，就这么去了，真可惜'
 '有没有哪位同胞在牙医学院门门垄断第一名的？'
 '不，牙科是抄家'
 '所以最明智是选择是去菲律宾读，两国互相承认学位。'
 '医生必须是硕士以上。英语中Doc.可不是乱加的。'
 '肯定不是干部的子女'
'太聪明的人活着很累，能够看穿一切。'
 '烧钱比不上特色，不走咋整'
 '这毕业出来不得了能轻松年薪几十万到几百万刀都是学神
 '林志玲姐姐好像也是加拿大学的喔'
 '死的好👌～～哈哈'
 '癫狗🐶'
 '前段时间已经在其他大陆发现人类遗骸要比非洲的早。'
 '家里要面子没事非常“深明大义”地“提点提点”，学校小偷小摸的进行差别待遇为了赚钱，不知道还好，知道以后年复一年心里积怨。'
 '想出来也是巨特么难'
 '我也是多大的，周六考试，现在凌晨三点，刚从图书馆回来，走之前还有很多人在复习。就为了gpa高一点，以后找个好工作，感觉把命都快搭上了，好累，感觉快崩溃了
 '我看见五个比乒乓球大点的发光体发着月亮一样的冷光不刺眼，在我头顶上空时尔悬停不动，时尔以8字型相互绕来绕去，速度和你用手电筒的光绕8字型一样的，长达半个小时，最后相继向北方飞去，速度和手电筒的光划过整个天空是一样的，瞬间消失!阿门'
 '你去跟傻逼较真干啥？'
 '……'
 '国外牙医就是畸形产业。很多学霸进了医学院学牙医 其实根本毫无兴趣 完全浪费社会资源'
 '能进加拿大任何一所牙医学院的都是百分之两百不掺假的学霸，并且一定是永久居民或者公民。'
 '你该去看眼了。
 '太聪明的人活着很累，能够看穿一切。'
 '唉，科研难啊'
 '思想是有牙的。'
 '华人是低等民族，到哪生存都不容易，难逃厄运'
 '自从我在外面随意吃东西以后 体质也好很多了！'
 '这结论已经被推翻了
 '能叫doctor的，都是属于上层高端人物'
 '在这种大学学习真的很苦！'
 '天天对着别人臭嘴，这不是一般女孩子能接受的！
 '没有推翻，这是现代人类学研究已经达成的基本共识，最早的人类起源于非洲，但是那个时候的非洲人和现在的非洲人是两码事，他们在百万年间不断分批次走出非洲，最后的后代进化成了现在世界各地的人类'
 '你有病吧？ 你如果死了。别人说你死得好。怎么样'
 '辛苦啦！让我想起了那个时候在大学熬夜看书的时候。6楼说到药物，不知道你懂不懂药物，我来歪个楼。最近澳洲新南威尔士大学医学院和美国哈佛大学医学院弄了个什么“长生不老”药，说能让人延年益寿，能提高人类20%的寿命。这真的假的。。。'
 '抑郁症发作了'
 '你以为人家的医生和天操国一样辣鸡？天操人命贱，医疗行业就没什么高需求。但这些正规国家的人命可是很金贵的，怎么可能让辣鸡去学。'
 '真可惜。'
 '几百万刀夸张了，安省前几名工资大学校长年薪也才40W'
 '科学技术的代价不止是金钱就是生命'
 '我也是多大的，周六考试，现在凌晨三点，刚从图书馆回来，走之前还有很多人在复习。就为了gpa高一点，以后找个好工作，感觉把命都快搭上了，好累，感觉快崩溃了'
 '这毕业出来不得了能轻松年薪几十万到几百万刀都是学神'
 '同学，我看好你！我是XXXX精神病院的院长，特聘请你为我院的被研究员。'
 'Gpa3.85就算学霸？！ 国内随便拉个研究生4.0好吧！照你这么说都去剑桥了！'
 '孩子，何苦如此逼自己呢'
 '靠，服了！'
 '那些留学生死了就在那边幸灾乐祸的基本都是穷l没本事和不努力的懒蛋，眼红所以落井下石。'
 '澳洲年轻医生一头浓密的头发'
 '加拿大医生是高收入，但也是高门槛，想进去不容易'
 '再努力坚持一下，像你说的，以后找个好工作，工作后就安心了，轻松点了。'
 '牙科简直暴利'
 '牙科的自杀率也不低'
 '移民费用在多少'
 '妈的 牙医在国外根本不是医生 这都不懂？'
 '天朝的人命才金贵呢，甭管啥原因出点事就到医院闹。以前考医学院都是很高分的，现在没什么人愿意考了。再这样下去，医院要变职业学校了。'
 '学位'
 '是 dentist! 不是牙 医 Doctor 哦 ， 只是叫他们牙“医” 而已 。'
 '也许家里出现了什么变故？'
 '心理素质差'
 '国外医生压力非常大的，你去医院看看好了…真的没几个不秃头的。不过牙医不太一样，处于医学院鄙视链的中下游，但是仍然傲视大学里的其他所有学院'
 '她妈还是牙医，毕业又不愁找不到工作还自杀？真是身在福中不知福，熬三年就幸福了……唉'
 '自从我破罐子破摔以后，心理健康多了'</comments><comments_num>1158</comments_num></doc>