<?xml version='1.0' encoding='utf-8'?>
<doc><source>NetEase</source><id>41428</id><url>http://news.163.com/17/1208/12/D54P5LGJ0001899N.html</url><title>美韩军演正在进行 俄战略轰炸机首次巡逻南太平洋</title><datetime>2017-12-08 12:05</datetime><body>

                    （原标题：美韩军演进行时 俄战略轰炸机首次在南太平洋巡逻）
                
图-95MS战略轰炸机（俄国防部图片）海外网12月8日电 当地时间7日，俄罗斯两架可搭载核武器的战略轰炸机从印尼起飞，在南太平洋执行巡逻任务。这也是俄罗斯空军首次执行此类巡逻。此外，俄罗斯两艘军舰同日抵达缅甸访问。当前美韩正在朝鲜半岛举行名为“警戒王牌”的年度大规模联合空中演习，因此俄方此举颇有些与美国在亚太地区针锋相对的意味。据《今日俄罗斯》及香港“东网”报道，俄罗斯国防部表示，两架图-95MS战略轰炸机从印尼巴布亚省比亚克岛一处军事基地起飞，在南太平洋的国际水域上空首次执行了巡逻任务。国防部强调，俄军所有长距离空中巡逻任务，均严格遵守国际航空法规，没有侵犯别国的领空。据悉，这两架俄军轰炸机在周二（5日）由俄罗斯东部出发，飞行近7000公里后抵达印尼最东部的比亚克空军基地演习，将逗留至9日。俄方透露，在前往印尼途中他们遇上了恶劣天气，被迫多次改变飞行路线。俄媒表示，此次巡逻任务证明了在印尼炎热潮湿的气候条件下，其相关设备仍可正常发挥作用。印尼媒体则援引该国军方的消息表示，共有约110名俄方人士抵达印尼参加了此次巡逻任务。印尼军方已经拥有了多款俄制高科技军备，其中就包括了苏-27及苏-30战机，未来亦有机会引入苏-35战机。另外，俄罗斯海军反潜驱逐舰潘迪雷耶夫上将号与一艘补给舰7日抵达缅甸仰光，展开为期4日的非官式访问。俄罗斯国防部表示，军舰停留期间将开放让民众参观。



据海外网早前报道，美国与韩国在4日到8日举行名为“警戒王牌”的年度大规模联合空中演习。除了最先进的F-22隐形战斗机，美国还派出F-35A及F-35B隐形战机、F-16C战斗机以及B-1B战略轰炸机。6日，美国B-1B轰炸机曾飞临半岛，B-1B轰炸机编队在半岛上空实施轰炸演习，美韩空军战机为其护航。7日下午，美国2架B-1B“枪骑兵”远程战略轰炸机从关岛安德森空军基地起飞，由济州岛以南进入韩国防空识别区前往半岛西部海域上空，参加美韩年度大规模联合空中演习联合“警戒王牌”，在与20多架美韩空军战斗机进行编队飞行演练模拟空袭后返航。韩联社对此评论称，7日F-22“猛禽”、F-35“闪电II”等隐形战机虽没有伴飞护航，但美军连续两天向韩半岛出动B-1B轰炸机极为罕见，被视为加大对朝鲜的军事压力。


 本文来源：海外网  
责任编辑：张海桐_NN9053 
</body><comments>中台开战
 '战略活靶子'
 '华为'
 '螺旋桨飞机还震慑呵呵！我们开辆拖拉机去也震慑一下吧！'
'没有普京，俄罗斯早被肢解了，正是他的铁腕，才让俄罗斯再次成为美国唯一的对手，不过，这话跟民进狗说了没有意义，巴不得俄罗斯被肢解'
 '发挥建设性作用[大笑][大笑][大笑][大笑]'
 '恶罗死一直想中美再站
 '六楼言之有理
 '想把我们拖入经济危机只有动手了'
 '官园快跑'
 '最近他们刚飞到黄海的.'
 '爹来了'
 '顶五楼，说的有道理。'
 '战略轰炸机已经没有几个国家研制了就美俄'
 '嘀嘀，注意避让老年车[不屑][不屑]'
很穷很落后的地方恰恰是一个资源储备. 俺国到处是人的地方还有啥资源? 靠人多钱多堆起来的繁华是短暂的不可持续的.'
 '他就是一个大傻逼，别理他。'
它想像上次一样大赚*中国有可能会在俄美战至疲惫不堪
 '你这不是混蛋逻辑吗 穷落后储备的什么
 '儿子可不傻，拿家里奴才的血孝敬干爹，自己还能剩下不少。'
 '我刚才还在别的帖子看到H20秒杀图160和B2'
 '对比毛子的国土面积已经是不入流的匪帮了'
 '这个贴的给你10块。'
 '一个螺旋桨飞机还黄雀  美国也就是觉得没啥战略利益懒得理他否则分分钟敲掉他  普京干了17年了 把俄罗斯带成一个三流国家咋好意思再参选'
 '平昌冬奥后？'
 '普金秀肌肉，表达“我也很强大”，兄弟们，拥戴我永远做老大！我想，这是作死的表现。
 '啥时候啊？都等不及了'
 '[微笑][微笑][微笑][微笑][微笑]'
 '轰20呢？有的说轰20出来了，有的说暂时出不来，出来的是轰6N，那就N上啊，去走两步，吓唬吓唬他们！让他们装！'
 '你说的无利可图的利恐怕只停留在钱的层面。国家安全算不算利，人民免于恐惧算不算。'
 '我来了'
 '两架破飞机还南太平洋，澳大利亚空军都能给它打下来，谁鸟你啊。'
 '美国来南海宣战了没？'
 '缺少俄罗斯参与的世界舞台美国会寂寞而死，所以，俄罗斯不可或缺！'
 '先斩华山后灭少林在屠武当'
 '你飞的回来吗？'
 '你让美国敲一个看看？这地球能真正让美狗忌惮的只有毛子一家'
 '跟贴被火星网友带走啦~'
 '还可以吸傻儿子的血'
 '中国的战轰呢？中国的战轰呢?中国的战轰呢?'
 '螳螂捕蝉黄雀在后'
 '🇰🇵都不搭理中国了直接和美国对话！养个恶狗！'
 '这就是你不能当馆的主要原因之一'
 '诺大一个俄罗斯，带的经济连中国一个省都不如'
 '我个人意思👹应该彻底清除朝鲜半岛的核设施，这是对人类的贡献！'
 '傻逼，你关心的太多了，'
 '关闭朝鲜相关的评论  就再其他评论区评论'
 '你爷爷来了
 '螺旋桨老爷机时速能过800，带12枚巡航导弹跨洲打击，世界上其他国家除了B52还没有谁有这本事'
 '这老掉牙的破玩意儿只能吓唬干儿子'
 '傻逼國家又來找事'
 '当面义和团不也是用大刀长矛震慑八国联军嘛？？'
 '普秃的财富绝对超乎想象。
 '三流国家和自己成为世界一流富豪，让你选你选哪个?😎'
 '跟熊猫比普大帝还是很自豪滴！'
 '抱着核弹耍流氓'
 '中方警告饿骡死：“不许做影响或加剧半岛稳定的举动！”[大笑][大笑][大笑]'
 '有干爹撑腰，干儿子说话硬气了！😄😄😄'
 '不当选怕被清算'
 '在美韩大肆軍演之际，中俄何不派先进战机去夏威夷，关岛，或加勒比海空巡航'
 '准备好战略物资了吗？'
 '美韩日中俄朝别浪费油了，省点油给百姓，有本事相互打一场，谁胜利了，谁统治六国'
 'x day行动即将展开 嗯嗯要挂了'
 '曹县投降了，要谈判了。'
 '？！'
 '老古董了还飞出来，毛子也不知道再想什么，怕别人不知道自己还有老古董么？'
'碰瓷吗'
 '呃的不谈，起确定终的能飞到夏威夷，关岛，加勒比？'
 '好几十年的螺旋桨轰炸机还在飞啊……'
 '螺旋桨老爷机苏27苏35三代机都是靶机，不要这么舔的恶心。这样的衡量我的28加重自行车也算高科技产品了。'
'民进狗们大家好，come on，大家一起嗨起来……'
 '呵呵呵呵呵'
 '你想太多，问问鸡国先'
'碰瓷'
 '美俄在半岛周围軍演，炫跃武力，无疑是给已箭在弦上的半岛局势推波助澜'
 '俄罗斯人少地多
 '美国你可以放心大胆的去炸朝鲜了就说是俄罗斯炸的反正他的轰炸机也在飞到时也分不清是谁炸的！'
 '阿三都不好惹，还装？'
 '哈哈，就服你'
 '楼上两位真可爱！洲际导弹都能飞到，但是真去了那就不是显示肌肉的问题了，那是宣战！'
 '又出美金了，心疼'
 '把半岛的核设施几个字给去掉，这才是人类的福祉。'
 '老年车上是老司机吧'
 '怎么没听到了，绝不准生战，生乱的大话了[大笑][大笑][大笑]'
 '互相伤害，看谁更狠'
 '杀敌一千自损八百！无利可图的情况下就开打的只有傻比才会那么做！美国常规武器绝对打的过毛子，也打的过天朝，但问题是打起来以后没有人会遵守这条约那条约，更不会只用常规武器，所以现在天天有人喊开火，真开火真会死伤无数，吹牛比哪国都不赖，但是当煞笔，哪国都不想！'
 '三流也入流，你入流吗？别人骨头上的肉多你能吃上吗？'
 '飞行棺材[鄙视][鄙视][鄙视]'
 '真打起来，估计世界就没有了'
'这逼吹的怎么不上太阳上去，'
'一个螺旋桨飞机还黄雀  美国也就是觉得没啥战略利益懒得理他否则分分钟敲掉他  普京干了17年了 把俄罗斯带成一个三流国家咋好意思再参选'
 '八爷配加油机行不？'
'俄罗斯这时候只不过像跳梁小丑一样蹦哒两下，除了用核武器吓人外，其他一无是处。'
 '破铜烂铁也出来秀了，别掉太平洋污染环境'
 '楼上两位真可爱！洲际导弹都能飞到，但是真去了那就不是显示肌肉的问题了，那是宣战！
 '做靶机都不合格，太老旧'</comments><comments_num>1892</comments_num></doc>