<?xml version='1.0' encoding='utf-8'?>
<doc><source>NetEase</source><id>34230</id><url>http://news.163.com/air/17/1208/14/D550KJDJ000181O6.html</url><title>受航拍活动影响 首都机场通行能力下降50%左右 </title><datetime>2017-12-08 14:15</datetime><body>

                    （原标题：受航拍、航摄活动影响 首都机场通行能力下降50%左右）
                
延误航班截图首都机场航班延误橙色预警提示：12月8日，北京首都机场航拍、航摄活动预计16:30结束，期间通行能力下降50%左右。






 本文来源：民航事  
责任编辑：康晶_NBJS5415 
</body><comments /><comments_num>1</comments_num></doc>