<?xml version='1.0' encoding='utf-8'?>
<doc><source>NetEase</source><id>35397</id><url>http://news.163.com/17/1208/12/D54S2GAE000187VE.html</url><title>国内极限高空挑战第一人被疑失手坠楼，女友证实其死亡消息</title><datetime>2017-12-08 12:30</datetime><body>

                    （原标题：国内极限高空挑战第一人被疑失手坠楼，女友证实其死亡消息）
                
                                近日，有网友爆料称，自称国内极限高空挑战第一人的网络直播博主“极限-咏宁”于11月8日后再未更新所有社交网络账号，疑似因失手坠楼导致死亡。12月7日，其女友通过咏宁美拍账号发布内容为“我只是想安静的睡上一觉。以后都不会不再更新了”的视频。8日又通过个人微博发布消息称“今天是12月8号！让我想到11月8号你离开我们！离开这个世界。”证实咏宁去世消息。据了解，咏宁全名吴咏宁，此前曾在众多的视频网站上使用“极限-咏宁”账号发布小视频作品，内容多为攀登高层建筑及塔吊，其个人账号介绍信息显示：国内无任何保护极限挑战第一人，挑战全世界高楼大厦。有消息称，咏宁之所以选择拍如此危险的视频，是为了多赚钱给母亲治病。截至目前，该消息尚未得到证实。（原题为《网友爆料称国内高空挑战第一人失手坠楼 其女友证实死亡消息》）	
(原标题：国内极限高空挑战第一人被疑失手坠楼，女友证实其死亡消息)






 本文来源：澎湃新闻  
 责任编辑：王晓易_NE0011 
</body><comments> '据说是拍视频赚钱给他妈看病，但真的有必要选择这种赚钱方式吗..
'不作不死!'</comments><comments_num>4</comments_num></doc>