<?xml version='1.0' encoding='utf-8'?>
<doc><source>NetEase</source><id>26118</id><url>http://news.163.com/17/1208/08/D54DM2G7000189FH.html</url><title>习近平向“中国－瑞士旅游年”闭幕式致贺词</title><datetime>2017-12-08 08:44</datetime><body>

                    （原标题：习近平向“中国－瑞士旅游年”闭幕式致贺词）
                
“中国－瑞士旅游年”12月7日在瑞士洛桑闭幕。国家主席习近平向闭幕式致贺词。习近平指出，举办“中国－瑞士旅游年”，是我和洛伊特哈德联邦主席共同作出的决定。一年来，双方以旅游年为契机，举办交流活动，扩大人员交往，加深了两国人民相互了解，促进了双方人文、经贸等多领域交流合作，为中瑞关系发展注入了新动力。习近平强调，人民的参与和支持是中瑞关系发展的重要基础。希望双方以“中国－瑞士旅游年”的成功举办为新的起点，加强人员往来，增进务实合作，为中瑞关系发展不断夯实民意基础。


 本文来源：新华网  
责任编辑：孙继礼_NN3563 
</body><comments> '两国的年度活动，既可以共促经济发展，也可以增进文化交流。'
'习主席促进了两国深厚的友谊，也促进了两国共同的发展！'
 '愿中瑞两国世代友好</comments><comments_num>50</comments_num></doc>