<?xml version='1.0' encoding='utf-8'?>
<doc><source>NetEase</source><id>3612</id><url>http://news.163.com/17/1208/13/D54T85S30001875N.html</url><title>这个14岁孩子把全国大媒体都耍了 人民日报也中招</title><datetime>2017-12-08 13:16</datetime><body>

                    （原标题：这个14岁的孩子，把全国所有的大媒体都耍了）
                
这两天，咱们中国几乎所有从中央到地方媒体的微博，都转发了一个来自山东的“天才少年”的故事，其中也包括《环球时报》的微博。然而，就当我们这些媒体还在为发现了一个“大新闻”而兴奋时，网友们却很快就发现我们这些自诩权威的媒体，都被这个孩子给耍了…事情的经过是这样的：前两天，山东的齐鲁网和山东广电的“闪电新闻”APP一同报道了一个来自山东莱阳的”神童”李某，称年仅14岁的他不仅已经被美国著名的麻省理工学院录取，而且他6岁就开始研发软件，8岁时更是自主研发了一个《开放式云计算平台》……不仅如此，这两家山东媒体还宣称这个”神童”还得到了清华大学和华南理工大学等国内著名院校的“考察”，以及其他多家国外顶级院校抛出的橄榄枝，并给出了相应的“证据”：报道称这是华南理工大学要考察李某的邮件报道称这是加拿大滑铁卢大学邀请李某加入该校的邮件于是，这则山东两家最正规媒体发出的消息，很快就被其他地方乃至中央一级的媒体微博纷纷转载起来，这其中也包括《环球时报》的微博。当然，耿直哥觉得当时大家之所以转发这则信息，可能还是因为信任山东同行的专业性吧，所以也没细看就直接转发了，甚至一些媒体的微博文案都抄得一模一样…然而，很多认真看了这则新闻报道的网友们，却很快发现了这位”神童”的诡异之处…就说几个最明显的疑点吧：在已经把这个“神童”扒了个“精光”的知乎网上，网友们首先就指出一个8岁的孩子根本不可能自主研发出需要众多职业IT工程师费很多年力气才研发出的“云计算平台”。有网友更宣称这段描述是“对各大云计算平台和所有IT从业者的侮辱”。其次，山东媒体在关于这位神童的报道中贴出的几张根本与他无关的照片也令人费解，有网友就质问，既然这名神童“李总”这么厉害，怎么报道里用的都是别人的“云计算平台”的图片呢?齐鲁网报道这位神童研发云计算平台时贴出的人家“阿里云”的图片……再次，网友们还发现报道中给出的这位“神童”被华南理工大学邀请要“考察”他的邮件，以及被加拿大滑铁卢大学邀请的邀请函，不仅措辞古怪，而且落款的人名更是让人啼笑皆非。比如这张报道中宣称是“加拿大滑铁卢大学邀请函”的邮件的落款人 “William Jafferson 
Clinton”大家是不是觉得看着有点眼熟?是的，这其实是美国前总统克林顿的全名，而且其中的Jefferson还拼错了……耿直哥也检索发现，不仅人家克林顿与滑铁卢大学没有关系，而且那所加拿大大学的教职工里也没有人与克林顿重名……至于下面这张华南理工大学计算机科学与工程学院的“邀请函”，耿直哥则专门给学院那边打去了电话，却被告知学院里根本没有截图那个叫“王坤”的落款者，也从未听说学院领导对山东这个14岁的李某感兴趣的消息。在知乎网上，有网友则怀疑这些问题重重的邀请函有可能是“神童”李某“自己发给自己”的，因为这两封邮件截图中的发件人David 
Lee，就是山东媒体报道中提到的李某所成立的公司的负责人的名字。最后，也是最重要的是，一些在麻省理工学院就读的中国优秀留学生在看到这则新闻后也纷纷表示这则新闻非常地“假”――这不仅因为仅凭报道中列出的李某的资历就想破格上麻省理工学院简直天方夜谭，而且麻省理工学院也根本没有报道中所宣称的“预科”一说。耿直哥的同事也得到了麻省理工学院官方进一步的回应：麻省理工学院不存在主动去签下一个学生，或是与学生签合同的情况。所有的学生必须按照同样的申请流程申请入学，而且通常只会在高中的最后一年申请。――而14岁的李某目前则只是“初四”。另外，一些网友还发现山东媒体在报道中列出的这个“神童”在一些科研方面的“成绩”也存在很大疑问。因为他们发现在今年4月的一篇网贴中，这些成绩都是另一个17岁的王同学的成绩，而这位“神童”只是这位王同学的“小帮手”……同样值得一提的还有报道中贴出的李某获得的一个“国际大赛”的“奖状”。因为报道中虽然宣称这个大赛是亚太经合组织(APEC)举办的，可同时贴出的“奖状”图片的落款处却是世界贸易组织(WTO)……



那么读到这里，耿直哥和大家一样，都必须提出这样一个质问了：这么一个疑点重重――甚至很多信息已经被证伪的“神童”，他的故事是怎么被山东两家正规媒体刊登出来的?这些媒体的记者到底有没有进行一些最起码的审核工作?当然，作为跟风参与转发了这则问题新闻的媒体微博，《环球时报》也需要反思和检讨我们自己微博的管理与发布工作。说实话，这几年被网友揭露出来的各种媒体虚构和炒作出来的“神童”其实并不罕见，耿直哥自己就曾参与揭露过多起。所以出现这样的错误，也着实不该。抱歉!


 本文来源：环球时报-环球网 。更多精彩，请登录环球网 http://www.huanqiu.com 
责任编辑：韩佳鹏_NN9841 
</body><comments> '臭不要脸的山东媒体!还有脸做人?'
 '山东发新闻，也是要通过当地组织部和宣传部的审查的。不然，给他们配置书记做什么。'
 '学院。'
 '这世道真好骗'
 '环球时报的水平，就是地摊民粹小报'
 '媒婆现在一年挣多少钱？她们卖的大米有毒吗？'
 '李向楠，抓了他'
 '小鬼当家了'
 '说明那些编辑也是没文化？'
 '又是山东[微笑]'
'昨天晚上齐鲁频道是不是播了？'
 '齐鲁网还闹过更大的笑话'
 '这么多人还分析来分析去，一点电脑常识都没有。邮件中的发件人是“我自己”，明显是自己发给自己的邮件。。。醉了，我不是说你是垃圾，我是说，在座的各位都是垃圾'
'充分证明了我国新闻工作者都喜欢抄袭，懒得自己报道，即使抄袭也不证实真假！'
 '我觉得这小孩以后有出息。以后的传销头子或者金融诈骗头子。'
 '我见识了很多新闻演绎…'
 '楼上的大实话，我也😊想说。媒体的不作为害人不浅'
 '呵呵'
 '他的意思是不看山东媒体播报的新闻懂吗，别丢潍坊人脸了，咱们媒体就是不行，心里没个B数吗'
'不是14岁的孩子骗了我们，是陆媒骗了我们。'
 '这波不亏'
'收件人：我自己的邮箱？哈哈哈应用文行文太中二了，满邮箱的起点白痴风'
 '齐鲁大地还有很多传奇的人物正在发光：美容界、娱乐界、地产界……'
 '受人之托 ，女，26岁，未婚，成都人，1.68米，体重52公斤，四川大学毕业。漂亮大方，爱好读书，健身，游泳，王者荣耀。目前在一家世界500强公司做部门经理，工作稳定:，年薪35万。成都有2套房，1套在高新区，1套在锦江区。奔驰C200小排量车上班代步，人务实、不拜金，父母公务员，退休金每月2W元。 她本人和家人现在非常着急，发动亲戚朋友想请大家给她新房子介绍一款效果比较好的无线路由器'
'说的这个真对，老子多少年都不看山东台节目了，不知道如果政府不给他们钱，再打击了医院广告，山东台看什么活着，垃圾！'
 '山东媒体都是狗屎，臭狗屎'
 '这么小就把脸丢光了
 '厉害啊，这么小就玩的这么溜，长大了还了得'
 '你忽略了三大支柱产业啊。。。不孕不育界、无痛人流界和挖掘机界。。。'
 '由此可见，专业与否！'
 '这个群里百分之九十以上评论是山东人，说明大家爱之深恨之切，只有那些不思进取的电视台垃圾领导还在舔上中，不愿醒来……'
 '这都是为了证明伟大复兴啊！怎么能说假呢？'
 '山东媒体终于上了头条，不过是另类的'
 '如果此事发生在上海，北京，深圳还有可能。莱阳一个普通县级能有什么人才，网络知识的书籍都买不起到，技算机书籍都是普及型的，顶天有一个考上北大的就裤裆里放火炮震动全球了。'
 '360别的不行，路由器还可以。'
 '坏球时报
 '我当时就在朋友圈里回贴指出这是个骗子。因为参加论坛的或者大学录取的照片都没有这个人出现。唯一出现就是玩了个破笔记本电脑，没有任何佐证。明显是骗子，山东的媒体实在太烂了。'
 '媒体就像一群鲨鱼，闻到血腥味就会蜂拥而至，管它是不是沾了大姨妈的护舒宝'
 '上面喜欢显摆，下边就要吹，不吹，如何伟大'
 '你这个比喻不恰当，他们就像苍蝇闻到了屎的气味'
 '请允许我们发出拖拉机般的笑声'
 '山东的SB媒体还少吗？我记得还有个在肚子里算数的报道。还有综艺节目捧出来那些假农民！'
 '山东大嘴都喜欢吹，是出了名的，现在媒体也是跟着吹'
 '官媒信谣、传谣叫“中招”
 '所以我真觉得，应该一碗水端平。既然老百姓传播假消息要被拘役，那么媒体自己的不认真和不严肃也应该同等甚至更严厉的处罚直接责任人。'
 '八岁？？这都有人信？这是IT行业被黑的最惨的一次了吧！'
 '胡说八道
 '这就说明了二点，国人都太注重追求名和利了；再一点，都活在不现实的虚拟的假
 '人才啊，可惜只是玩笑一般'
 '说明了什么
 '全国的媒体都可以指鹿为马'
 '酒仙网纯粹骗子商家。我11月2日交了定金20元，然后双十一当天定金膨胀到110元，付尾款89元购买了价值199元的酒水。11月20左右，酒仙网客服电话说，厂家停产了，让我取消订单。我以为骗子，没理他。后来，迟迟不发货，我用淘宝旺旺联系客服，客服说仓库破损，让我取消。预售的产品，可以缺货么？我提前10天交了定金，定金膨胀了90元无效了。退款只退我109元。预售，定金膨胀，秒杀这种销售模式，可以随意解除购买合约么？比如1元秒杀苹果手机，秒杀成功了，你说破损了，就退款1元了事么？？那么，你们这种促销就是欺诈销售啊。酒仙网就是一骗子公司。
'山东就没见过有良心的媒体'
 '不要侮辱小报'
 '啥都造假'
 '请作者自觉于明日上午到附近辖区派出所报道，逾期从重处理！'
 '人云亦云，盲目追风，这些媒体从业者最基本的操守都没有！'
 '智商无下限'
 '没有被吓傻就好'
 '我们是被小编骗了！'
 '会怎么处理？内部批评？？？？'
 '山东人自己都不信山东媒体，竟然还有那么多同行相信山东媒体的报道？？？'
 '一笑而过'
'正好499，因为多的已经……，你懂的'
 '六岁编程，看了看五岁多冒着鼻涕泡玩积木的儿子，那报道能相信10%不能再多了！！'
 '呵呵  这些媒体太不敬业了'
 '虽然全国媒体都挺垃圾，不过山东这点上也算是挺领先的了'
 '官窑不抓人？'
 '然后呢'
 '要安全的，保险的，不漏的，最好带点点的。这样优秀的最好是特制。'
 '你说现在还能相信什么？……'
 '淫民日 报不一直这种德行吗[不屑]
 '我认为是媒体和有关人员出于自身需要把这个年仅14岁的孩子毁了!不要倒打一笆.'
 '关键是山东卫视这样的省级媒体都这么轻易被骗，居然帮着发了假新闻。从业人员不调查求证么？记者们干么吃的？'
 '这就是所谓正能量'
 '我当时就在朋友圈里回贴指出这是个骗子。因为参加论坛的或者大学录取的照片都没有这个人出现。唯一出现就是玩了个破笔记本电脑，没有任何佐证。明显是骗子，山东的媒体实在太烂了。
 '小骗子后面一定有一群超级骗子
 '看出媒体多么浮躁，没有踏实调查就人云亦云，胡扯八道。现在的山东人真的变啦'
 '很形象的比喻'
 '傻逼'
 '还新闻！我基本不看电视！'
 '群魔乱舞的时代
 '山东媒体，环球屎报，拜托你们稍微有点职业精神好不'
 '老兄，你说的太对了。整天卖假药舔领导的屁股夸自己循环抗日神剧，别的还能干点啥？'
 '得到了你们的真传'
'湖南湘潭风车坪学校九岁学生斩获国际发明大奖1金2银武汉市张家湾小学触摸性电子星图获2015年美国匹兹堡国际发明展金奖武汉一中学“狂*”国际发明金奖 3年获12金 常德一学校获6项美国匹兹堡国际发明展金奖_大湘网_腾讯网 2017年6月兵团高中生叶梦凡作品获美国匹兹堡国际发明展金奖重庆中学生在29届美国匹兹堡国际发明展上获金奖 - 华龙网 2014年6月30日29届美国匹兹堡国际发明展 3名武汉高中生夺金奖 _大楚网_腾讯网 2014年7月2日大连市第十一中学学生在美国匹兹堡国际发明展夺得金牌“芜湖创造”：一次性包皮环切吻合器在国际发明博览会斩获金奖大满贯北京朝阳区八十中学获第32届美国匹兹堡国际发明展4项金奖广东学子在第32届美国匹兹堡国际发明展斩获7金海口5中学生斩获美国匹兹堡国际发明展金奖深圳光明新区实验学校学子荣获美国匹兹堡国际发明展三枚金奖'
 '比着亩产过万近的曰人民报差远了！'
 '不这样做怎么显得我们很先进很幸福'
 '哎呀，查水表的来了😊'
 '不是孩子把你们耍了，是你们把你们耍了，你们被自己产出的造假新闻体系耍了'
 '哈哈哈哈哈😂我只能说是这个浮夸的年代造就了这一个又一个乌龙事件 首先 这个孩子不知道是出于什么目的 编造了这一系列的假象 是为了出名？还是纯粹是因为好玩？不得而知 其次是各个媒体为了看点、眼球效应 不去辨别真伪 就争相报道！'
 '丢人啊！！！'
 '不管真假，先报道了再说，万一是真的呢！'
'背时！蛇鼠一窝，乱报道'
 '看看青岛的半岛都市报能把你恶心死。'
 '！！😊😊😊😊'
 '如果不是有人捅出来，估计可以为自己脸上贴金，干嘛阻止。百信造谣顿监狱的，他们一句都是为了宣传的需要，就可以没事'
 '什么买买'
 '好多年以前，杀毒软件行业里也出现了这么一个神童，有人记得嘛'
 '老兄意思：官媒概莫能外！超500，追责！！'
 '麻省理工大学？人家是学院好不好'
 '傻逼媒体！'
'媒体连基本的调查都不做 太差了'
 '哈哈骗子被骗子忽悠了，环球时报什么时候成为大媒体，这个媒体除了洗脑吹牛逼骗人没干什么好事吗？环球时报这就是骗子老窝'
 '山东媒体早就废了，还记得山东农民电死外星人的报道吗
 '关机时刻，还得靠知乎'
 '想起一部片子：《录取通知》'
 '无线没有直接插入，体验效果不佳，建议有线'
'克林顿是耶鲁大学毕业，而且不是计算机专业…MIT不可能自降身价'
 '山东的媒体，要节操没节操，要品味没品味。。。尤其山东卫视。。。放眼全国，最辣眼的综艺节目，山东卫视舍我其谁！！让梦想飞。。。快乐向前冲。。。矮油我去。。。\U0001f923\U0001f923\U0001f923'
 '传出这种新闻，中国人果然够傻逼，70多年的小国家，就这样了。和越南那些差不多'
 '这孩子他妈是医院妇科护士，跟我妈一个单位。我妈回来跟我说这事的时候我第一反应是这孩子牛逼啊！但看了朋友圈铺天盖地的转发我又觉得好像有点不靠谱，云计算平台这个东西真的是一个八岁孩子能独立完成的？那阿里巴巴那些攻城狮们都可以切腹自尽了。'
 '自古二楼'
 '这个应该怎么判刑？'
 '傻逼自古都是二楼的'
 '山东媒体打人还是有两下子的。'
 '孩子去医院打针，打骂护士，后又利用编辑的职权，断章取义，移花接木，报道了护士打人的新闻。恶心吗'
 '山东台治疗不孕不育还是很见效果的[狗][狗][狗]整天生孩子'
 '媒体一贯作风'
 '山东媒体，自始至终就没有身为一个媒体人的责任！！除了为领导呐喊助威，就是恶意、故意制造舆论导向，歪曲事实！身为一个山东人，新闻从不看山东的，网络媒体更不会用山东的！'
 '这特么就尴尬了！[大笑][大笑][大笑]'
 '山东的正规媒体，这不是打山东的脸吗'
 '山东骗子真多'
 '看毛线电视，哪有那闲工夫。。。喝酒数钱包二奶都忙不过来呢，还看电视。。。'
 '切记山东出蓝翔！！！！！！！！！！！！！车天吹地它最强！！！！！！！！！！！'
 '上电视好几个新闻算转多少？'
 '我就想问问这个消息转发够500了吗？'
 '最早的产妇纱布，前两天是聊城护士事件，，今天又看到这个。。。山东媒体怎么了'
 '官媒也像自媒体，你看着办'
 '我自己的邮箱都看不懂吗？'
 '这些年不都是夸富，空蒙拐骗，教育出问题了，倒霉！'
 'k3吧，又大又粗，非常适合她'
 '山东有出少年儿童英雄的传统，特别是抗日英雄。'
 '齐鲁晚报和山东广电～～～能不能别给山东人丢脸！！丢不丢脸！！！'
大
 '忽悠别的媒体也许有难度，忽悠环球这种没心没脑的残障，胜之不武。'
 '爱国贼们 官媒公开造谣这个事你们怎么看？
 '已经十几年不看山东台了，除了拍马屁就是抗日神剧，综艺也是土的掉渣[微笑][微笑]，山东人才流失多厉害？山东政府官员严重脱离群众，所以百姓也是自得其乐……'
 '能把媒体骗了，说是天才不为过。'
 '根本没啥脑子的，某些地方的'
'这是小学生看图作文全凭个人想象力'
 '路由器和小电影更配哦'
 '干得漂亮~'
 '山东蓝翔的学生 被福建泉州大学录取'
 '“厉害了”御三家[大笑]'
 '4楼你是不是智商有问题？他什么意思还用你解释？我就问问他看哪个省份或电视台的新闻，怎么就丢脸了？说话带脏字，到底是谁丢脸？'
 '山东媒体，自始至终就没有身为一个媒体人的责任！！除了为领导呐喊助威，就是恶意、故意制造舆论导向，歪曲事实！身为一个山东人，新闻从不看山东的，网络媒体更不会用山东的！
 '是一根天线的吗？'
 '所有的媒体?'
'这他么就尴尬了'
 '人家莱阳说了，这是为了宣传需要……'
 '我想问：转发的媒体有没有造谣罪?'
 '你还好意思说中招，一群吃屎的混蛋'
 '我准备去转发了...[窃笑]'
 '这群不要脸就开始吹逼的伪媒体，真给山东丢脸！'
 '很中国'
 '山东媒体，前有潍坊的纱布门，后有聊城的瞎编门，又继续努力创造中，太厉害了👍'
 '这小孩竟然是我们当地的，，，，，怎么火的，，，，我得回家问问。他上的这个学校离我家三公里，，，我去打听打听'
 '习惯了 动不动就是美哭日尿中或赢一个道理'
 '山东不只是媒体，根在党政机关，应该要严查了[微笑][微笑]，打击报复奴化教育山东全国之最
 '习以为常了，反正我们的土地上就是傻子骗子多'
 '有点常识的，能写出麻省理工大学这个校名？'
 '刚出来我就说是假的，还说13岁开公司'
 '你要抓人民日报么 ？？？'
 '不吹不黑，全国各地都好不到那去。'
 '弄个选秀节目，非得选那些上去装傻充愣的傻逼，山东人是这形象吗？山东人热情实在但不是傻土啊，你们脑子喂了狗？'
 '山东现在最主要的问题是腐败！苍蝇比现实的苍蝇都多！可是没有人管！'
 '这和亩产万斤粮有一曲同工的妙处吧?骗子满街跑，骗子坐高堂！'
'经教育部批准，升格了好不好！'
 '追究山东两家始作俑者的媒体之责！太气人了，建议有管执能部门查一下，以正视听！'
 '按你的表述、此女竟然如此超凡脱俗，清新可爱。如果一旦结婚，定然是出得厅堂下得厨房的绝佳好老婆。如果找男人、一定会随随便便下嫁自己。在此还是祝福此女子：年年岁岁如紧日，岁岁年年思春潮！路由器要问哪家好？淘宝网上自己找瞧！'
 '一看就是拿钱上的新闻，山东电视台从来都是这么傻逼，领导贪腐也严重。电视台门口停豪车接送主播的。哎哟女主播都是婊子。电视台万年抗战打鬼子，广告全是不孕不育。被人骂山东人土，全是山东电视台拉低整个山东人素质。'
 '吓到孔老二都翻生'
 '毕竟是人家的饭碗，没几个人原因砸的
 '造假从娃娃开始抓起'
 '山东媒体是傻B'
空的思想理念中；这样的人类还有光明的未来吗？'
 '山东的媒体都是好样的……论赚钱'
 '他们就是这样工作的，才不管怎样来'
 '我就是路由器，姓路，名由器，英文名叫Router'
 '作为一个山东人，我从来不看山东台，全是莆田系广告，满屏的性功能障碍和无痛人流，真替这些山东媒丢人'
 '看完才知道那些媒体有多没脑子多不负责任'
'一看那邮件，就假的不能再假了'
 '鲁媒傻逼'
 '三大广播，FM97.9，104.4，106.6……全是卖药卖保健品的广告。山东各大媒体，你们太丢人啦'
 '在一个急于寻找各种证据来证明这是一个成功的领导政党，一个成功的时代，一个成功的政体的时候，是不是真的已经不那么重要了，重要的是要有的说辞。他们不是不辨别，而是经不起辨别，一经过辨别就拿不出手，墙上的宣传材料就会锐减，对于歌功颂德才能活下去的媒体，也是没办法。'
 '南宁南站立交有媒体报道该立交桥高103米，现在去搜索可能还能搜到，103米的立交记者知道有多高吗？这些东西就随便出来，你们做记者的门槛现在是越来越低了。'
'那就听我催……😂😂😂😂'
 '喜欢炒作的时代，一切变得都很浮躁'
 '这特么就一畜牲啊。。。'
'湖南湘潭风车坪学校九岁学生斩获国际发明大奖1金2银武汉市张家湾小学触摸性电子星图获2015年美国匹兹堡国际发明展金奖武汉一中学“狂*”国际发明金奖 3年获12金临淄区科技发明项目登上“美国匹兹堡国际发明展”最高领奖台【重磅】东北大学获美国匹兹堡国际发明展金奖 2016年常德一学校获6项美国匹兹堡国际发明展金奖_大湘网_腾讯网 2017年6月第30届美国匹兹堡国际发明展金奖被南昌航空大学师生摘得兵团高中生叶梦凡作品获美国匹兹堡国际发明展金奖.....辽宁高校获美国匹兹堡国际发明展金奖 2016年7月29日重庆中学生在29届美国匹兹堡国际发明展上获金奖 - 华龙网 2014年6月30日29届美国匹兹堡国际发明展 3名武汉高中生夺金奖 _大楚网_腾讯网 2014年7月2日大连市第十一中学学生在美国匹兹堡国际发明展夺得金牌山东英才学院宋占美博士科研团队荣获第32届美国匹兹堡国际发明展多项国际大奖“芜湖创造”：一次性包皮环切吻合器在国际发明博览会斩获金奖大满贯北京朝阳区八十中学获第32届美国匹兹堡国际发明展4项金奖广东学子在第32届美国匹兹堡国际发明展斩获7金海口5中学生斩获美国匹兹堡国际发明展金奖深圳光明新区实验学校学子荣获美国匹兹堡国际发明展三枚金奖
 '直接蹭隔壁老王的网就可以了。'
 '这个消息转发够500了吗？'
 '真给他爸妈丢人给他学校丢人从小就意淫啊'
 '浮躁的社会！
 '希望朝这个方向努力吧！'
 'JDP时间长起来的孩子就这样'
 '李向南---理想男，没毛病'
'别说孩子骗了我们！是媒体骗了我们！害了孩子！'
 '山东媒体改整一整了！'</comments><comments_num>4098</comments_num></doc>