<?xml version='1.0' encoding='utf-8'?>
<doc><source>NetEase</source><id>15706</id><url>http://news.163.com/17/1208/14/D55060790001875P.html</url><title>西安一辆轿车发生撞击后燃起大火 车内5人身亡</title><datetime>2017-12-08 14:07</datetime><body>

                    （原标题：西安市阎良区发生交通事故 一轿车起火5人身亡）
                
今天凌晨，西安市阎良区人民路发生一起交通事故，一辆轿车发生撞击后起火，根据目击者拍摄到的照片可以看到，事故车辆燃起大火。事故发生后，民警和消防队员赶到现场，展开救援。



这起事故是车辆撞向路中央石墩冲向路边起火的，车内5人身亡，死者身份正在核实。具体事故原因，还在进一步调查当中。


 本文来源：央视新闻  
责任编辑：张宪超_NN9310 
</body><comments> '今天听一西安人说是酒驾'
 '去起诉隔离墩，摆那玩意干啥，占地方又撞车。'
 '是的！不管什么品牌的车，不建议购买涡轮增压发动机的，太容易自燃。'
 '一楼就是个专业喷子。二楼你别对狗弹琴'
 '哎，五人啊……安息'
 '开的快，是罪魁祸首'
 '涡轮增压车。涡轮运行时达到上千度，汽油一碰就着了。涡轮的外壳有很脆弱，就在废气出口那里。涡轮增压车很容易撞燃。'
 '11八百'
 '坑的了'
 '德系涡轮增压比例大，日系以前都是自然吸气。'
 '如果是德系车一楼赶快去哭丧
 '年底了 聚会 喝酒的朋友 切记，喝酒不开车！也劝劝身边的人！  且行且珍惜'
 '叫你别买带T的不信'
 '楼上说的是真的吗'
日子难过！'
 '我的专利ZL 2015 1 0251864.5就是在车辆碰撞或者落水瞬间能自动打开门窗的逃生装置，希望社会各界人士能够提供投资，早日把该产品量产投入社会，为挽救车内生命和一个完整的家庭做出贡献！也希望更多的车主朋友们能关注到我的产品！'
 '撞击猛烈，车体变型，人估计也好不到哪去'
 '我猜也是涡轮直喷的车，涡轮温度太高，加上直喷发动机的缸内高压，碰撞后容易爆裂燃烧；'
 '安利个 盖得排行 可以去那里参考下'
 '真是要扇你的逼嘴孩子 人家一车5命 9不知你还是人不是
 '阿弥陀佛！逝者已逝，家人哭死啊！黄泉路上无老少，白发人送黑发人是最坑人的!
 '卧槽，市区路上开这么快'
 '十幅轮毂，什么车啊？'
 '——孔大众——鲁镇的汽修店的格局，是和别处不同的：都是当街门面一台举升机，用来做一般性维护保养，可以更换机油。开车的人，车子到了保养期，每每花五百来块，买一桶机油，靠门面外站着，等车子换好机油再开走；如果肯充一万元VIP，那就能享受贵宾待遇，但这些顾客，多是国产车主，大抵没有这样阔绰。只有BBA车主，才踱进店面隔壁的VIP休息室，要一杯咖啡，慢慢地坐喝等待车子保养或者维修。\xa0我是汽修店里当学徒，在外面做帮换机油的事。我整天的站在店里，觉得有些单调，有些无聊。只有孔大众到店，才可以笑几声，所以至今还记得。\xa0孔大众是办了会员卡而在操作间等待的唯一的人。他对人说话，总是满口防撞钢梁、独立悬挂、涡轮增压，让人半懂不懂。因为他姓孔，正好又开的怕杀特，取下一个绰号“孔大众”。他到店，所有的顾客便都看着他笑，有的叫道，“孔大众，你脸上又添上新伤疤了！”他不回答，对维修师傅说：“加一桶机油，要全合成的。”便排出九张大钞。他们又故意的高声嚷道：“你的锦湖轮胎一定又爆胎了！”孔大众睁大眼睛说：“你怎么这样凭空污人清白……”“什么清白？我前天亲眼见你在高架桥上开着双闪换备胎。”孔大众便涨红了脸，额上的青筋条条绽出，争辩道：“米期淋、固特异我用不惯，再说大众大品牌选的，会有错吗……”接连便是难懂的话，什么“空腔注蜡、激光焊接”，引得众人都哄笑起来，店内外充满了快活的空气。有一回对我说道，“你有车吗？”我点了头。他说，“我问你，知道加机油怎么样才能不洒出来吗”我想，开神车的人，也配考我么？便回过脸去，不再理会。孔大众等了许久，很恳切的说道：“不会罢？我教给你，记着！将来开4S店时候要用。”我暗想我开店还很远呢。孔大众用指甲蘸了一点机油，想在柜上写加机油教程，见我毫不热心，便又叹一口气，显出极惋惜的样子。\xa0中秋前的两三天，店长正在电脑算账，忽然说：“孔大众长久没有来了。还有加机油和修理DSG变速箱的钱没结清！”我才觉得他的确长久没有来了。一个修车的客人说道：“他怎么会来？他出车祸了。”店长说：“哦！”“他总仍旧是开神车大众。这一回，是自己发昏，DSG严重抖动，锦湖轮胎鼓包都不修理。这还得了吗？”“后来怎么样？”“怎么样？先是爆胎，然后自燃。”“后来呢？””“后来……肯定是死了。”店长不再问，慢慢的算他的账。\xa0我从此没再见过他，大约孔大众的确死了。'
 '凌晨撞击死亡的都是。。后面接'
 '比亚迪？'
'每天上班都路过那 车上五个人 从东向西估计速度很快 十字路口是个转盘车撞上转盘之后翻到十字西北角路沿上起火 三个人当场被甩出去了摔死 两人被困烧死 人民路限度五十 撞车后能把三个人甩出去 可想而知速度多快'
 '中国人为什么多系列'
 '一定是上辈子作孽过多啊'
 '铁皮油箱？'
 '该噴还得噴😝'
 '等于直接就火葬了
 '路中间为什么会有石墩'
 '有才'
 '中国的交通事故令世人震惊，这个比恐怖袭击还吓人！'
 '挺欢乐。以前有个写剑圣的也不错'
 '油门一响，爹妈白养，开好了回家吃饭，开不好了，全村人去你家吃饭！ 那天风很大，火也很旺，走的时候很安详！高手在民间，失手在阴间，躺在太平间，视频留人间！ 黄泉路上行人稀，总有车神见高低！如今公路依然在，不见当年老司机！'
 '安全'
 '所以各种护栏石墩纯属扯淡，除了添堵，没有任何实际作用。正常人怕碰瓷都怕的要死呢，谁不小心开车？而出事儿的人不是酒后就是分神，那时候护栏石墩管个屁用呀？！所以发达国家根本没这些几把破玩意儿！'
 '仔细一琢磨，每个字都很在理'
 '好几年前的事，上海大众市场总监在成都参加途观试驾，车上三人，高速试车时候撞了，司机轻微伤，成都老总轻伤，大众老总挂了！后来途观就卖疯了……'
 '一声叹息。'
'666'
 '对任何车都没有偏见不好也不坏，但希望不要诅咒驾驶人。'
 '这个写的好'
 '用锂电池碰撞就极易起火燃烧'
'凌晨，酒驾？'
 '看了看自己的4.0自然吸气，安心了'
 '生命不能用方向盘作赌注？'
 '酒驾'
 '傻逼才买涡轮增压[狗]'
 '西安到处都是陵墓，到处都是古代鬼魂排队转世，每年都要收很多人，于是这些不尊重自己生命的就是鬼魂们的首选？'
 '酒喝的太少了'
 '不是纯进口车安全没有保障．'
 '啥时候的事情？'
 '伤残者更是数倍之'
 '虽然不开大众，但你这傻逼嘴太毒。'
 '限速路段那么快，这不是赶着投胎吗？'
 '哥们，这个可以谈一下'
 '好工整啊！[不屑]'
 '一键火化'
 '什么情况？'
 '照你这么说得天天在家待着不能出门'
 '惨，车身变形门打不开，只能活活被烧死'
 '速度快，撞击起火大多数是涡轮增压器，油箱在后，一般撞击不到，涡轮增压器很高温，最忌撞击，一旦撞击破裂，必然引燃燃油。'
 '在大陆的日本人发表一些妖言惑众的言论'
'中端车高端车除了日系那几款，基本全部涡轮。键盘车神们千万别买，买你们的大排自吸去吧。'
 '选自吸的人不多了！自吸车要么国产低价位的好多人看不上，要么进口大排的贵的牙疼。'
'你们怎么能这么喷大众，知道有多少大众粉吗，他们会死不瞑目，做鬼也出来喷你'
 '北人爱大众'
 '一楼带过大众车主给的绿帽子，一万多顶。'
 '想想还是我的自然吸气安全，朋友们，千万别买带T的车。
'什么车？？？'
 '我是老司机，想买什么车，我可以给你指点一下。'
 '[大笑][微笑]'
 '估计在一百二三速度了。'
 '都什么年代了，不知道代驾？'
 '好湿 好湿'
 '舅扶你'
 '一花一世界，一叶一佛佗!究竟是什么意思呢?他是在告诉我们任何一个物质都是一个世界一个宇宙!组成这个物质的物质都是完全相同的!比如一片树叶由十个细胞组成，我们说十个细胞是一片树叶!再比如这十个细胞中的一个细胞由十个原子组成，那么我们可以说一百个原子组成了这片树叶，也就是说这片树叶是一百个原子!再比如该树叶的一百个原子中的一个原子是由十个中子组成，那么我们可以说这片树叶是由一千个中子组成，一千个中子组成了这片树叶!以此类推至各基本原子!我就不一一举例了，自己想象去!!因此我们可以说这片树叶是电子，是中子，是原子等等!哪个物质不是如此呢?'
 '开车还是开慢点好'
 '不作死就不会死'
 '乖乖！你太狠了
 '这就和祭剑一个道理'
 '这口才，佩服五体投地！'
 '路中间放石墩，这国的猪们真厉害。'
 '酒驾吧'
 '开快车和酒驾是两码事，最恨慢龟车！'
 '请问我一车五个人，再找个代驾留一个人坐哪？这都不是大事，关键是能控制，说不喝就不喝，这就是酒，又不是唐生肉，'
 '好湿
 '这尼玛活活烧死的，太惨了'
 '你是造飞机的娃？'
 '油門一響，爹媽白養，開好了回家吃飯，開不好了，全村人去你家吃飯！ 那天風很大，火也很旺，走的時候很安詳！高手在民間，失手在陰間，躺在太平間，視頻留人間！ 黃泉路上行人稀，總有車神見高低！如今公路依然在，不見當年老司機！'
 '这是误导了，看撞击的位置，如果是油箱位置也是容易起火的，现在很多车带发动机下沉功能，正面撞击后发动机会与车体分离的...但这件事情，就要看分析，是怎么引起的，没有数据、事实的总结毫无意义。'
 '舅扶你上去
 '喝酒就打车去吧，省得事多'
 '出口成章'
 '真的，所以途观被人调侃标配一键自焚'
 '油门一响，爹妈白养，开好了回家吃饭，开不好了，全村人去你家吃饭！ 那天风很大，火也很旺，走的时候很安详！高手在民间，失手在阴间，躺在太平间，视频留人间！ 黄泉路上行人稀，总有车神见高低！如今公路依然在，不见当年老司机！
 '肯定是涡轮增压发动机的车！涡轮增压发动机不能出碰撞事故，燃油一泄露碰到涡轮增压发动机，马上起火燃烧！上汽大众途观就把总经理烧了！'
 '门框变形你怎么出来'
 '嗯嗯'
 '辣鸡一看就是大众自带一键火花'
 '想想还是我的自然吸气安全，朋友们，千万别买带T的车。'
 '6楼，真的？'
'啥车？'
 '加油！'
 '烧死你活该'
 '喝接着喝，你牛逼，酒驾，一键归西'
 '🐂逼
 '大众车撞死你妈了这么黑大众，一看你就水军，不然一般人谁对大众这么嗤之以鼻，'
 '服你！'
 '哈哈哈'
 '有些地方真是顽固不化，喝酒不开车开车不喝酒，几年前就普及了，现在还有人这么干？反正我接触的圈子都很默契，不管怎么喝，有几台车在就会有几个人不喝酒，喝之前就商量好了的'
 '悲剧'
 '默哀……'
 '阿弥陀佛，逝者安息'
 '慢点开就行，照这种开法，开坦克也是死啊'
 '深圳有个宝马三系一样撞到电线杆上瞬间起火 带T的这点真是不好 事故绝大部分是前面撞击'
'4.0什么车'
 '业内人士啊'
 '虽然我也不喜欢大众，但是一楼傻逼这是真的！'
 '太惨了！'
 '早死早超生，阿迷佛佛。'
 '开这么快急着投胎？'
 '是真的'
 '带套的车'
 '网易大神多，你们是真大神，我又涨知识了'
 '凯美瑞刹车漏油把车友腿炸断了～～～唉，还是我自行车不用油的安全'
 '杰德，缺陷车，收回中。'
 '前几年我还开车出去买菜和玩玩！如今 ，对车不感兴趣 ，岁数大了(1950 . 5 . 9 .寅时)，如果万一出个车祸 ，赔不起 ，也伤神 。每年驾证卖10分500元 ，可以把年轻时学驾驶证的投资赚回來也行！'
 '你的小雞雞也容易起火'
 '中国交通事故每年死亡人数十万，其实远不止这些，稳居全球第一。美国死亡人数才几千'
 '为啥不在油箱里加点水？
 '自然吸气是不是好多了？'
 '所以 ，改革开放以来，中国对外到处内欠外赊只是把清单例出来，以国家兑国家的名义我來统统收回来！中国的是不好赚的 。'
 '所以我觉得机械增加比涡轮增压好'
 '阿弥陀佛!'
 '都去投胎耶'
 '一定要注意安全啊'
 '老哥稳'
 '文化水平显滴高，键侠屌丝跑不了。'
 '阎良的乡党，你好！'
 '核心是什么品牌，具体什么车系。。。'
 '3楼这个真可以考虑  有那种类似于手雷的灭火器 抛进火力爆炸出干粉 瞬间灭火  挺好的主意'
 '看到有说车型的大家就顶他上去'
 '太惨了
 '直接火化了……'
 '任何事情不能亏本 ，干亏本的买卖属于最无能的 。
 '什么车？？？'
 '如果是日本车死了活该'
 '那是撞死以后又被烧焦的，人都被撞死了，还纠结会不会被火烧已经没有意义了
 '看了标题感觉就是大众车！首先大众涡轮机，再者大众漏油严重'
 '希望有孙超蕾这个傻逼'
'感觉不是日系，要是日系，这么一碰就成遍地碎片天女散花了，绝对不会把人困在里面'
 '开慢点就没事，我开20撞墙也没事。就怕墙20时速撞我'
 '自然吸气你们又喷是日本车😂'
 '酒鬼，多撞死几个，也不会同情你。'
 '没办法，现在都特么逼良为娼了'
 '肯定超速了，可惜了'
 '是的，懂车人坚决不买涡轮增压和电动车，太危险'
 '以前我一同事，年纪比我大很多，都能做我老子了，每次顺路和他一道下班。他骑个电动车都会骂半天：吗了个巴子！开那么快赶去投胎吗？这些个人都是赶着去火葬场的
 '估计这速度正面碰撞后，也无所谓着不着火了……'
 '阿里巴巴靠帮别人卖假货挣的钱是黑钱；靠逼迫商家2选1挣的钱是黑钱；用黑钱投资很多企业挣的钱也是黑钱！黑钱挣越多，罪行越大！'
 '不带的一样可能！不管什么牌子！
 '开这么快没殃及无辜就算成功了'
 '酒驾的可能性很大。'
 '大众'
 '应该是大众'
 '说这话的人不只无知，还缺心眼！'
 '石墩：我老老实实站着，那个车就冲我过来了，我tm招谁惹谁了'
 '五个人都睡着了？应该能出来吧？'
 '汽车不是好东西'
 '南无阿弥陀佛南无阿弥陀佛'
 '更正一下，是火化了。'
 '千万别酒驾，别开快车，'
 '请注意用词准确，最后一个“也有”建议改为“更有”。'
 '那是，一人撞死，全家哭死'
 'z总结的真到位'
 '路中央？石墩？'
 '这轮毂一看就是大众系，帕萨特之流'
 '皇冠，雷克薩斯什麼的。😊😊'
 '开慢点'
 '千分之一和百分之50都是有可能。'
 '安徽穷鬼自己开不起车就会咒别人'
 '酒驾吧！晚上喝的太多了！'
 '👍👍'
 '更正一下，不只是总经理，还有三位高管一起遇难，烧焦了，看了视频太恐怖了。'
 '一般涡轮增压的发动机撞击后容易起火，当然新能源车的电池撞击后也有可能起火'
 '关在火笼里烧，还有车贷要还
 '。。。。。。。。。。。。。。。'
 '沃日，有才'
 '为啥不说啥车呢'
 '简称逼嘴'
 '无论怎样，人民群众应多加几个菜犒劳一下自己[大笑][大笑][大笑][大笑][大笑][大笑][大笑][大笑][大笑][大笑]'
 '瞬间碰撞起火，汽油流那都是火！一瞬间一口烟就晕了'
'辣鸡一看就是大众自带一键火花'
 '反正肯定是涡轮增鸭的'
'太吓人了'
'逝者安息！'
 '电动车不会起火吧大凶弟'
 '那行车中可以打开车门是好的设计？买的车开车中可以把门打开？
 '阿弥陀佛阿弥陀佛'
'活活给烧死，多痛苦！'
 '应该把你全家送火葬场。太没人性的傻逼'
 '这个死法，比较符合这几位老铁的性格，就是要快！块！块！'
 '哈哈'
 '这像死人了的酒话'
 '行行出状元，'
 '开车金句啊'
 '新能源车用锂电池，锂电池撞破后锂接触到空气中的水分那个火烧的猛啊。'</comments><comments_num>3406</comments_num></doc>