<?xml version='1.0' encoding='utf-8'?>
<doc><source>NetEase</source><id>3625</id><url>http://news.163.com/17/1208/16/D557B0PA0001875P.html</url><title>女员工与老板开会发生口角 抡椅子将老板砸翻在地</title><datetime>2017-12-08 16:13</datetime><body>

                    （原标题：开会发生口角，女员工抡起椅子将老板砸翻在地）
                


	
			

【开会发生口角，女员工抡起椅子将老板砸翻在地】12月5日，安徽淮南，一家公司正开晨会，女员工金某与老板发生口角，见老板弯腰拿椅子做出要砸她的架势，金某也抡起椅子怒砸老板，老板受伤倒地。目前，金某因故意伤害被行政拘留6日，罚款200元。






 本文来源：我在现场  
责任编辑：程钢_NN7377 </body><comments> '彪悍的人生不需要解释'
如果不属于正当防卫
 '正当防卫也要拘留'
 '她干了多少员工想干而没干的事，太牛了！'
 '明细是老板先动的啊，这也拘留'
 '王者荣耀走火入魔'
 '我怎么觉得砸的好呢，老板们要哭晕'
 '留个锤子案底，哪个普通工作查你什么案底，有个身份证就行了'
 '最好的防守是进攻！！！'
 '巾帼英雄，正当防卫。'
 '打的好，有的领导就该打'
 '︿(￣︶￣)︿
 '看那老板敲桌子，拿椅子砸人就不是什么好老板'
 '我看这女的像自卫。明显老板也轮椅子了没轮赢罢了。向女人还是员工轮椅子什么垃圾老板，还没轮赢，丢脸'
 '拘留六天，罚款200，警方没看视频吗还是因为对方是老板才做出的处罚？不过中间那个长头发女生默默的拿走了烟灰缸和容易抓起的攻击物品，估计早就看出势头不对！'
 '有些老板把员工，不当人看。'
 '视频明明是老板先拿凳子，结果没有女员工快，应该是女员工正当防卫。
 '脾气太大了'
 '砸得好，不过下次记得让他先砸空后，再砸他，这样就是正当防卫了。'
 '中国法律就这样啊，对方掏出大雕要搞你时，你反击弄伤他，保证不算正当防卫。得等他大\U0001f985插进去了，你才算正当防卫。'
 '如果老板先砸了员工，肯定不会被拘留'
 '你跑错地方喷了.'
 '和我淮南人还敢动粗，抡不死你
 '天下武功唯快不破'
 '轮的好
'巾帼不让须眉'
 '首先是得有恶人才对'
 '难到这不算自卫吗？难到非要等老板打自己了，才能动手？'
 '何必'
 '这楼，歪成啥样了。楼下扭一扭'
 '厉害了～'
 '老板不是自己滑到的吗？'
 '这明显是自慰嘛'
 '明明他先要动手'
 '好，砸的好'
 '连女的都干不过！'
 '好野蛮的公司~'
 '同样持进化论大脑进化程度相同人类，你们为何达到甚至于到是低1等的发展中国家的低1等国家群全体部人类中的中这人群呢？？？？？？？？？？======================基于是什么理论，道来听听，为何低下1等？工程学的全休认知？人文学的全体无赖何？政经的团火主义？开拓进如美国老子有全人类的大学人文环与理念？？？？？？？？？？？？？？？？？？？？？？？？？？？？？？？------------------------我的问号有点多，那显然是反问的，比如全民大学，于中这样基础工业完成的国家，是显然可以开办全民大学的，，，，，，为不不开？？？？？？？？？？？？？？？顶[0]踩[0'
 '.....事出有因.正当防卫.凭啥拘留七日罚款百元.既然如此.老板首先抄硬件.行凶未遂又如何该解释....'
 '...那么遭殃者洋洋得意.先下手者.拘留七日...'
'一对情侣相约自杀，都死了没有事，都活着也没事，只死一个谁活着判谁刑。同理，两人打架谁打赢了谁拘留。'
 '先砸别人 人家是正当防卫'
 '老板先动的手，倒地也是老板自己没站稳'
'明显是正当防卫'
 '幸亏这大姐眼明手快，不然就是自己被伤
 '好！'
 '最美女员工，帼国英雄！'
 '一帮傻逼'
 '典型的正当防卫，申诉！'
 '哥们，你肯定不玩王者荣耀'
 '还有爱因斯坦发明的时序，而不是穿越或者逆时间轴========================================即爱因斯坦的时间论中的光速度，不仅是从工程学的想象中没有解决逆行时间理论，更没有逆行时间的可用工程学，，，，，，---------------------这个东西只有人类的狗有，但是你们地球人交不人类新神答卷，其实这个答卷要求很低是你们人类不想交出来以换取，可能你们老死也不会知道这些理论了。。。。。。。。。。-------------------------即不愿意交案，当然就没得听到起这个学说。'
让女人打倒了，终生耻辱'
 '骂了隔壁，看新闻内容，一个字不改，该女子属于正当防卫。如果砸死老板，也是意外，最多判防卫过当。这个法律是属牛逼的，任人专控。'
 '这是辞职最快的方法，估计工资也没了吧'
 '觉得算！但法律的理儿，从来不是我等P民能说的明白的！'
 '老板武力值太低！'
'敬你是条汉子'
 '拿走烟灰缸的妹子聪明'
 '明明是老板先动手，女工应该是自卫反击！女工是胜利者。'
 '？？？？？？？？？？？？？？？？？？？？？？？？？？？？？？？？？？？？？？？？？？？？？？？？？？？？？？？？'
 '寻花问柳遭掏空轮个椅子慢腾腾悍妇眼疾手又快才知肾虚腰虚空
 '是老板先抡的椅子！'
'法律是保护纳税人的'
 '这个老板活该，SB哄哄的还这么笨。。。'
 '我想一凳子把眼科主任贺经砸死'
 '那人也拿凳子了，傻逼的没人手快，被人后发先至打倒了哈哈'
 '爱你'
'可惜先下手的是个衰人'
 '砸死这老板'
 '老板不直接掌控住客户甚至会破产，太多这样的员工，带走客户还赖了老板的货与钱。'
 '干得漂亮！！！'
 '想跟大姐一起开黑[羞羞]大姐进攻肯定带爆全场
 '受伤的人不一定有理'
 '真是巾帼不让须眉！'
 '正当防卫，好吧。还拘留'
'不招不架只是一下，这叫寸劲！学到没有，老板。。。。呵呵'
壮起鼠胆把它打翻'
 '哈哈哈哈哈哈哈哈'
 '跟贴被火星网友带走啦~'
 '砸死这个🐶日的'
'一般公司教的是执行力，这个公司教的是功夫吧！'
 '这样都罚200，什么法，如果她不制止不就自己受伤了吗'
 '留米麻痹案底啊，普通的治安事件。'
 '有奇因才有事发生。
 '反正我想了很久。'
 '老板先端椅子💺，反而被打倒在地'
 '十几度
老板拿椅子逼近了
 '正当防卫吧？'
 '目前，金某因故意伤害被行政拘留6日，罚款200元。。。。。。垃圾老板先搬椅动手的，女职员属正当自卫，为什么要判被处罚？？？！！难道职员就该是“低斷入口”，天理何在？？！！'
 '该打！支持那个女的！不干挺那个老板，就要被干挺。'
 '把我们男人的脸都丢光了  而且还是先动手  羞死个先人'
 '四楼！我认识一个湖南的大概七八年前跟他爸一起打死了人，他爸揽了大部分责，他也坐了两三年才出来。现在在广州跑滴滴优步专车，没毛病！'
 '活该有些他妈的老板就是该打'
 '这不是自卫？？？'
 '我是老板，我现在感到好害怕，明天手机有网易新闻的通通不用来开早会，不，明天不开早会了。'
 '那么多喷老人的，我反复看了十几遍也看见是她的拐杖突然蹦到前面，然后她就摔倒了，这事只有双方当事人心里明白！这个事情要么就是老人演技已经出神入化了，要么就是她的拐杖被后面紧跟着的3个学生之一踢到了。反驳我的人解释一下她的拐杖怎么突然蹦到前面使之摔倒的？喷子太多，但是我这人还是忍不住要说出自己的看法！'
 '从视频看，该女可以算正当防卫！'
 '哈哈，砸的好，，'
 '明明看见老板先想砸人。只是女的反应快，什么法律！！！！'
 '老板昨天前刚讲的公司企业文化就是“勇于面对…主动出击”…这不…今天就被干了……
 '员工根本就没罪，视频中男人又是拍桌 又是吼叫一看就不是好东西，那椅子也是他先，女方只是自卫而已，还好罚200 不公道'
 '为女汉子点👍!'
 '为了使国家、公共利益、本人或者他人的人身、财产和其他权利免受正在进行的不法侵害，而采取的制止不法侵害的行为，对不法侵害人造成损害的，属于正当防卫，不负刑事责任。刑法弟二十条'
 '我也看到了，这公司估计就是经常发生斗殴的道德败坏经营内容公司'
 '应该是自卫吧。'
 '砸得好'
 '妹子，哥挺你。好样的！'
 '干死他'
 '看来强插也是技术活啊'
 '这视频看的怎么这么过瘾呢？'
 '看视频这个老板没素质，活该被砸！'
 '这完全是自卫嘛'
 '哈哈，太逗了，这老板死去吧以后还有脸混吗'
 '为什么这么判，有失公正'
 '在中国对百姓那是严格执行法律，按重罪对待！对有钱势的，从宽从无外里~执法机关仍然是钱势集团的工具。钱势集团甚至可以决定执法机关工作人员的命运！不是说老虎苍蝇一起打吗？为什么还有这么多的丑恶明目张胆？'
 '你要是弄死了他就是防卫过当，还得坐牢并处罚金'
 '是肾虚'
 '这么明显的自卫啊，难道一定要在对方的胸器接触自己身体瞬间反击才算自卫吗？'
 '这个属于正当防卫吧'
 '谁能打出 餮饕 我认做他爹，不准复制，立帖为证，绝不食言！'
 '员工做不好、做不对的也不能随便打人。'
 '这楼歪了，刚刚都拉开拉链了，怎么又说椅子，还是继续说拉开拉链以后的事情'
 '点赞大姐！反之，二佰对老板不算什么大钱，拘留可花钱保释。应群起揍他！！！'
 '好样的赞赞赞👍'
 '被奴役惯了，终于要反抗了。'
 '其实也没多少，除了我以外都想这么干。'
 '中国的法官连这个视频也看不见正义！可悲！'
 '狗日法律'
 '这老板想咂人，还自己先倒了！太丢人现眼！'
 '该，动手在先反被轮倒……'
 '厉害了我的姐'
 '大家好 我是老板
 '都一样啊，你有能力在国外国内都活的不错，没能力哪里都不行。但国外更难些，毕竟国内熟悉了，我还是回来了'
 '顶一个'
 '好女子，防卫正当，有理有节'
'这个故事告诉我们，就算你是领导就算你是老板，在你手下给你面子，惹毛了，老子不干了，你也不是刀枪不入的，太嚣张的领导自己注意点言行吧。'
 '处理不公，你老板先抡橙子，女工总得自卫吧！警察你不能只看结果不看起因吧！'
 '这老板自己倒的吧，都没砸到他'
 '且不论什么原因，一个大老爷们兼大老板，竞然对一个手无寸铁的女孑动手，风度呢？？？其他的员工也领教到了你的本事，估计以后公司就是你一个人的公司了'
 '这也拘留？！'
 '真性情，女汉子，这种人直爽！'
 '正当防卫竟然要被拘留！还罚款！这国家完了'
'真牛'
 '老板忒笨了点'
 '砸得好，不是他砸你，就是你砸他'
 '中国🇨🇳有自卫法吗？丨'
 '砸死这个老板
 '真的是先下手为强啊！'
 '中国最牛员工'
 '这让多少老爷们汗颜啊你们还打算继续整天忍气吞声，窝窝囊囊吗？
 '法律是属牛逼的'
 '以其人之道反治，老板在她手里有短吧'
 '让他装孙子'
 '觉悟低，没前途的底层员工大部分想这样干。'
 '女人后发先至，这男人太丢脸了'
 '看视频那老板都蹬腿了。。'
 '为什么？'
 '先发制人！6得飞起[大笑]'
 '明明是老板先动的手'
 '自慰'
 '明明是老板先抡的椅子 抡输了而已
 '明明是正当防卫。'
 '神经病'
 '好笑，男人有脸么？'
 '就应该这样反砸回去，我向这位女汉子看齐。'
 '这取决于两点 1 你爹够不够强大 2 砸什么地方的科长 有的地方的科长砸就砸了 开除了事 有的地方的科长直接送你坐牢 有的地方的科长直接安排手下打断你的双腿捅你半死 按照湖南的习气 打断双腿捅你半死概率较大。'
 '哈哈，砸的好哇'
 '这tm不是正当防卫吗？
 '先下手为强'
 '默默的为坐中间的女生点赞！预先把烟灰缸拿开了'
 '分明是自卫！这个老板太丢脸了，和女人打都能打输？😂😂😂'
 '看到这里，我吸了口古巴雪茄，喝了口罗曼尼康帝，放下了直升机钥匙，放弃了和特朗普的交谈，拉开抽屉，拿出那布满 灰尘的五菱宏光钥匙，今晚十点，秋名山见，看见灰尘算你赢，不要拿几百万几千万的车在我面前炫耀，老子上班都是坐几个亿的地铁上班，我炫富了么？我走在国家投资几十个亿的省道上，我骄傲了么？马云够有钱吧，至今没见过我面，王思聪够富吧，不也一样不认识我，还有我和中国工商，建设，农业等大型国营企业银行有长久的业务来往，给上百亿企业中国移动，中国联通都有通信来往，你们有听说过我么？不要跟我讲牌面，更不要跟我炫富，不说了，泡面好了，再过会就不好吃了！'
 '在天朝根本没有正当防卫这个词语，要是有的话不是给屁民用的，请一定要记住。下次叫老乡来开门，我手里会带着刀……'
 '爱心之斧的正义冲击'
 '一个巴掌拍不响，估计这老板抠门，砸的好。
 '如果这情况换那女的是个权贵，砸死你，妥妥的是正当防卫'
 '6天，200元，18顿饭，还包住。'
 '狠角色'
 '厉害了
 '这是什么狗法!'
 '七楼说的有道理，前段时间就有个男的打了强奸自己老婆的流氓被判防卫过当，法官庭长书记认为侵害已经结束，对方提上裤子停止侵害就不能做出过激动作。法律总是保护坏人，未成年人保护法也是这样，总在保护未成年人渣，好孩子被侵害的时候，老湿侵害孩子的时候他们都不见了。'
 '提前祝大家🐶年快乐，身体健康，🐶年发大大大大财！'
 '这女的正当防卫吧'
 '砸的好，'
 '自卫吧'
 '你當大清律是廢紙啊?'
 '艹，这牛逼了。'
 '判罚过重 正当防卫'
 '一进一出不算犯罪，犯罪中止不得再伤害对方，否则以故意伤害论处。扯鸡儿谈'
 '战斗力太渣[大笑]'
 '老板先动手的啊？难道让他打？这明明是正当防卫啊？'
'能人自有能人弄啊！打的顶呱呱[色色]'
 '来这的都是屌丝'
 '站一波员工，厉害了！'
但估计重点搞错了.'
 '心里这么干的不计其数'
 '女汉子，反击成功，厉害👍'
 '老板活该！'
'这也要拘留6天，好像没有法律依据吧？明明是老板也动手了。'
 '我把热门跟帖都点了个赞'
 '确实是老板先拿的椅子，在美国感觉女员工不会受到治安处罚'
 '哈哈。。。太逗了。'
 '员工反应挺快的，要是我肯定被砸了，得学着点'
防止暴力事件吧，但是如果不能阻止犯罪的苗头，这种暴力事件就会一直存在，因为没有人会被打了一下，还笑脸相迎的'
有视频为证!但观后感会给出什么判定这可也是因人而异
 '一个正当防卫法直接阉割国人。现在知道为什么不打入侵的印度人了吧，人家没开枪，只是过来溜溜弯而已。'
 '不是自卫。人都倒地上了还砸，这没法算成自卫。而且，比如人家先拿刀，但根本没砍出来，你就把人砍翻，这显然不是自卫。而且砍翻在地还继续砍。这连防卫过当都不是，妥妥的故意伤害。'
 '做的对，你不扔受伤的就是你了。'
 '还敢跟我solo不？'
 '嗯，顺便留个案底。'
 '根据强国定律，不算，要等砸到头上再反击才算自卫，而且没有后台的话说不定还算打架斗殴了！'
 '没有案底，除非给打残废了或者打死了。这老板简直战五渣，人家不碰自己都倒。'
 '明明是老板先动手的呀'
'这男的步法，一看就是酒色掏空了身体，软脚蟹'
 '太难受不了'
 '没搞伤，搞死就不算T_T'
 '哈哈，精辟！[大笑][大笑]'
 '偷酒偷钱赖账要跑路，企业都搞垮了，别怨下岗找不到工作，有这样的员工，谁敢办企业？'
 '卖淫嫖娼有记录，但是不算案底，案底是刑事才算'
 'ii饿空洞'
 '正在防卫有罪！？侠义精神已死！都做缩头乌龟吧！'
 '老板不拿椅子还真不至于被打倒，俩手挡一下也不至于砸脸！[不屑]'
 '只有进入到自己家里才能抵抗，这才是抗日精神'
 '玛德 做了我这么多年想做而不敢做的事 还是个女生'
'这老板也不是什么好鸟 确实是他先去拿凳子'
 '没输，佩服[大笑][大笑][大笑][大笑]，该出手时就出手！'
 '这个女人好像是自卫哎，法官看不出？'
 '老板年纪大点不赔你个全部家当'
 '是哦'
视屏中并不是女的先拿椅子打人
 '故意伤害？呵呵'
 '我也觉得是自卫'
判决还是维护老板'
 '彪悍'
 '这种判罚其实最合理，警察要是不管，这个老板一肚子气说不定哪天拿把刀砍死人，这样关那个女的几天其实也是为了双方平缓下来都消消气，变相的保护女同志，男同志也觉得民警为自己做主了，双方矛盾不会激化，这样做很好值得推广。'
那么老板就属于正当防卫!肯定只有一个属于正当或者被动防卫
 '能在一起开会的最小也是个中层了，要么就是些销售公司，怕手下人带客户跑了，不然老板不会气得要先动手的。'
 '这是肿么啦'
 '满公司都在玩套路啊'
'不好意思，耽误大家一分钟时间。爸爸一天吃5个苹果，儿子比爸爸少吃2个苹果，请问儿子一个月（30天）吃多少个苹果？'
 '自卫'
 '可怜的老板。。。  所以说打工也没什么不好的（滑稽）'
 '中国法律是这样的，谁先动手不重要，关键谁比较会打，会被判刑，谁受伤严重就没什么事，我叔叔就是，他被人扇了一巴掌，然后我叔叔反击顺势打了一拳过去，不过这一拳打的有点重，结果我叔叔被拘留，还赔偿医药费。总之，中国法律是要保护所谓弱势群体
 '为什么要拘留员工？难道就因为他是老板？'
 '干活'
 '你的意思是花钱打死这个狗员工'
 '呵呵'
 '我是一名私营业主，我想说。这位女员工没有错，凭什么要罚她钱，很明显的自卫好吗？不过我要是员工，就任由老板砸，然后告诉媒体，报警，至少赔偿金万字开头。确实有很多老板不把员工当然看，只知道压榨员工。'
 '怎么能这么丢人呢，真是的，轻轻一下就倒了'
 '豪杰，出来后来我们公司干几天吧，请你喝酒～🤒🤒🤒'
 '有没有案底'
 '是不是'
 '这老板当得不合格。当老板首先要扛得住💺砸，连把💺都能砸翻的人不适合当老板。😄😄😄！'
 '警察这样做不合适。'
 '没有工会只有靠自己！！！'
 '干的漂亮！'
'大家或许觉得张网吧东1锄头西1抓，===================句句在理，却又不清楚说了什么啊----------------------------回忆1下人类历史，达尔文时代的欧洲，当新的学说出现时，那个达尔文时代全人类，在教争年根本无法理解达尔文说的是什么东西，===============================你们这些地球原始人也这样的，，，，，，，，压根没有这些的脑结构物质链的，，，，，，，，，，，明白人类新神包包阿紫？交卷换取吧，不然凭你们地球人，发明不了几个第2大时期的名词，更何况第8时期的理论，，，，，，，，，，，，，，，'
 '此一砸，估计这老板从此再不敢对员工发飙了。'
 '这年代老板也不好当'
 '你那么牛逼还上尼玛币什么班？自己滚自己干去好了'
 '拘留就过分了！明明是老板先动手的[不屑][不屑][不屑]'
 '发展中与落后国家的官老板都可以随便日麻B============================从非洲到印度，终其原因是什么？那么日到起却又无招？-----------------------------这种落的文明如封建的女人-------器官物体，是显然的原因，都明白哈。。。'
 '想挑战的排好队，一个一个来！'
 'X进去时算犯罪在进行，可以反击，拔出来时犯罪行为已经停止，就不能反击，否则就是故意伤害。所以一进一出要把握好时间。'
 '那里好像不能评论了'
 '这是自卫，还拘留，法律是给老百姓的建的吗'
 '那妹子还先把烟灰缸什么拿走了'
 '我们老板，现在让我过去开紧急会议，怎么办？关键是老板是个女的'
 '却是砸的好，是正当防卫。否则，躺下的就是她，[大笑]'
 '允许配带枪就不会发生这样的事情了。'
 '明明是老板先拿椅子砸人家的，女员工是自卫'
 '干的漂亮！马拉个币的那里不养人！'
 '我们不能做思想的巨人，行动的矮子'
 '错，看仔细了，明显老板先拿的，没有女的动作快，后发制人
 '有太极风范，敌不动，我不动，敌若动，我先攻。'
没人鸟儿你.因为JC知道你掀不起啥浪'
 '即使这次她不动手，迟早也有人会这么干。'
 '这老板就该砸死！'
 '先下手为强👍'
 '赞[不屑]'
 '每個人當危難時候第一想到不是維護自身利益而逃跑，是保護我們的權益的時候。我們這個民族才有救。'
 '牛逼'
 '这老板以为妇女好欺负，结果sb了！
 '这就是我玩dota一直强调的一点：抢先手。'
 '100里99个都想，我也想'
 '这样的员工谁敢要，估计现在这样暴屠非常多，建设有钱的老板尽量去印度和越南，等地投资，上面国家整你，下面员工整你！还搞个🐔巴 难怪外资企业一个个逃跑'
 '还不够狠，应该上去踹两脚'
 '谁叫老板先抡椅子的
 '这得有多大的仇？这老板当的，真他妈掉价。被自己的员工打。还他妈报警。'
 '老板动手在先，错在自己！正当防卫点赞！'
 '明显老板先下手，体力不行反被ko嘛
 '好手段！'
 '先干不吃亏。'
 '尿性'
 '砸的好，一个大男人还想先动手砸女人，要知道女人也不是好惹的！'
'派出所的人让老板收买了吧，行政拘留很简单，派出所就能做主，这女的显然被欺负了。'
 '明明是后发先至，先下手的遭殃'
 '老板是想砸员工，结果反被砸，属正当防卫吧。'
 '🐂🐂🐂'
 '怎么看都像是老板想先动手，结果输了。。。女汉子就是不一样'
 '老板不关起来？这货明显想先动手
 '猛烈攻击我
 '哈哈哈，真男人的现场就在这里'
'正当防卫，砸的好'
 '——陈咬金'
 '这个老板该遭：1，对员工不负责，2，先动手，3，不懂法，或利用法律欺压员工。'
 '正当防卫'
'拘留6日？  得理不饶人的泼妇老板！你不配做男人'
 '这大姐真性情！女中豪杰！'
 '不是互殴么？怎么只关女的？'
 '老板不是什么好老板，员工不是个好员工'
 '一个字，幹！'
 '老板明显先拿的椅子，结果这位大姐速度太快秒杀老板，真是天下武功唯快不破'
 '这个警察凭啥抓呀？一个男人打女人，正当防卫不是吗？请问如果这个老板用凳子把女的打倒会不会也被抓啊？！'
 '还怎么办，直接掏“枪”干她'
 '法治社会智障的智
'这女的要火'
'这种渣公司，不干也罢'
 '尼玛我可以说砸的活该吗，这垃圾老板'
 '等我拿了钱，就把他行贿的证剧拿到反贪局举报！'
 '明显是那个男的先动手拿椅子，女的才拿的。只不过女的动作快，男的动作慢而已。从先后顺序明显女的是正当防卫。但这就是中国。你跟它讲丛林法则，它跟你讲法律（跟它讲法律，它跟你讲丛林法则。反正就没有普通百姓赢的时候）。'
 '这老板很窝囊的吧……。'
'支持女员工的点赞'
 '我们没有正当防卫，那只是一说而已，为什么没有，在这件事上充分体现了原因，明白人应该懂'
 '那你说人家拿刀，该怎么办？继续跟他讲理？估计他下一步就砍过来了（不要跟我说要先预判，我没那个反应能力），报警？已经被砍死了，跑？如果每个人遇到事情就跑，我不敢想象这个国家的人会是什么样子，都变成一群懦夫'
 '半岛也这样！'
 '为女汉子较好！现在无论是职场，还是官场，老板都横的狠，动不动就骂人、打人，可怜大部分被骂的、被打的为了混一口饭吃都只能装孙子。'
 '先下手为强，后下手遭殃'
'我也认为是正当防卫，凭什么拘留？'
你看会是这样的结果吗?尤其是三线城市往下的地方更是这样.你没钱没势社会地位低
 '老板足球看多了假摔'
 '哈哈，我笑死了😂'
 '牛牛牛'
 '防卫这词中国灵道听了心惊。'
 '👍👍👍'
如果是老板胜了
 '先动手还没有打赢，真给男人丢脸啊！'
 'sorry二楼'
 '看来你还是不经沙场啊，面子功夫一定要做足，要不别人当你病猫懂吗？正常来说老板会慢慢搬起椅子，然后一大群上前拉住，女员工吓得不敢出声了，然后老板大吼“你明天不用上班了”，女员工开心的说好啊，赔我三个月工资，这是正常剧情发展，如果老板被员工大骂“放屁”都不回应，或者和这泼妇吵街，你认为你有能力和泼妇吵吗？到时只会颜面扫地，当一个老板没了应有的尊严，他以后说话就真的是放屁了。'
 '天下武功'
 '打架就是打赢了坐牢，打输了住院。根本不会管谁动手的。'
 '叔可忍，婶不能忍'
 '进攻是最好的防守！！！[不屑][不屑][不屑]'
 '这个都不算正当防卫?'
 '见老板弯腰拿椅子做出要砸她的架势，算自卫吗'
 '葫芦僧判葫芦案，这个明显是经理先动手的，女子防身自卫而已，JC到底是懂不懂法？中专没有教你吗？'
 '果然老板都没有空留言，这里好多对老板愤怒的啊'
'正当防卫。支持女方'
 '干的漂亮'
 '刀没捅到就不算正当防卫，刀从肉里拿出来也不算'
反过来
 '他们很多字不让显示，是不是要网吧日麻B，问题是张网吧讲人权，：日不着是张风定义：==============================那么你们其他网是不是去日了呢？？？？？？？？？？？？？？？？？？？？？？？？？？？？？？？？？？？？？'
 '惩罚有点重了吧？'
 '我也是醉了。'
 '截拳道'
 '妈的这是正当防卫好不好？难道真的要让那老板把自己砸了才算好？'
 '这明明是自卫'
 '进局子了！'
 '真他妈不要脸，老板就牛？先拿凳子要砸人的，是个人看见凳子都要上脸了还能不采取措施吗？'
 '这他么居然不是自卫？难道还要等他打不成？'
 '突然发现，看简短的新闻很爽'
 '郭嘉法律必须砸到你身上你再砸，才算自卫'
 '谁先动手谁受罚，这也是奇葩法律，面对歹徒的时候非要等着先被扎两刀吗'
 '这个女的绝对只是自卫啊！'
 '回31楼:老板都弯下腰了  还能怎么办  赶紧解开拉链呗  难道你敢违背老板的意思？'
 '哈哈哈'
 '楼上既然这么问了，我就先勇敢举个手！'
 '行政拘留不留案底，刑事拘留才有案底'
 '自己看不住客户，还怨别人太能干？拿起凳子想欺负人，结果被虐成狗。
 '有话好好说
 '别怪我，是椅子先动手的。'
 '关键是第二下椅子砸过去 如果椅子不砸过去就是正当'
 '厉害了女汉子'
 '发生口交 就是干他'
上台打擂肯定行.'
 '只看了标题没看新闻，不管因为啥 砸的漂亮！！！'
 '老板一定是落实群体'
 '看过视频就知道这老板活该，哈哈，干得好'
 '正当防卫  没错  不应该扣留。难道别人打非得把头伸着让人打吗？抗议'
 '真不要脸，明明是自卫正当防卫'
 '明显女的先抡櫈子'
 '打死了以后再反击，这个算吧'
'法盲，人家先拿刀，你就把人杀死，你叫自卫啊？再说，人都倒地上了还砸，这叫自卫啊？'
 '又不考公务员，也不做安保类的工作，谁会叫开证明有没有案底'
 '这他妈的还拘留，两方打架打赢的就被处罚是吧？'
 '漂亮'
 '这员工有皮气'
 '一下可以，第二下，过渡了，因为第一下已经倒地了。'
先下手是对自己最好的保护.
 '以前进了个江苏叼毛老板的公司，每次在厕所见有人都要叽叽歪歪的，有次叽叽歪歪之后进了厕位，不到三分钟，一员工一桶脏水在头上淋了下来，老板裤子都没穿就跑出来了。笑死人了。'
 '这个女员工的应急反应
 '姐，我佩服你是条汉子'
 '老板有钱觉得员工就是靠他吃饭了，他想多了'
 '有权才能任性。咱普通人就得看运气。能遇到个有良心的法官呢，有活路。咱们法律里可没有什么正当防卫，只有防卫过当。唉，自求多福吧。'
 '不会吧，这点事还拘留了？太欺负人了吧'
 '女英雄，既是老板，又是男他准用椅轮人，反被轮该欺负女人[大笑][大笑][大笑][不屑][不屑][不屑]
 '男人不应该打女人，还打不过女人，还要报警，真TMD不是男人[喷水][喷水][喷水]'
 '幽默啊 这个真实点'
 '这应该正当防卫吧？ 是老板先轮椅子的啊，只是速度没有后拿椅子招架的女员工快而已。难道这也要拘留？未必只有等老板打，老板就不会被拘留？什么世道？
 '傻逼中国法律！你不打他 你受伤 他罚款。你打他 他受伤 你罚款。有人欺负你 你就认了 怎么着也好不了'
 '大快人心！'
 '这女子反应机智！可以！'
 '砸的轻，砸死它狗日的'
 '开会那么激动敲桌子，什么辣鸡老板！'
 '明显的互殴，只是老板椅子没砸出去，为什么就拘留了员工！'
 '为什么老板会先动手'
 '我怎么感觉老板是自己没站稳啊。。'
 '行政拘留不是刑事拘留！没有案底！'
 '好牛逼的姐姐，佩服你'
这很重要
 '明显老板先下手'
 '现在的老板还不如旧社会的资本家和地主。
 '应该算正当防卫才对的，中国的警察就是谁受伤就算谁对。'
 '不合理啊
 '这就拘留了？'
 '这公司像传销的？'
 '你们都遇到的啥，我3个老板都没有一个让我觉得要动手的。都还不错。'
'正当防卫而已，最多只是有点过火而已。在国外这屁事都没有。'
 '民企老板个个欠揍！'
 '女员工反应快，赞一个'
 '这老板丢人'
 '行政处罚只在当地派出所查的到，尽管来'
 '进局子里，也是单间，还是牛逼'
 '举起来光有意图，未实施也不算，砸了，没造成伤害也不算。'
 '这种人就是傻逼，我说的是员工。'
 '天下武功 唯快不破😄'
 '不是正当防卫。人都倒地上了还砸，这没法算成自正当防卫。而且，比如人家先拿刀，但根本没砍出来，你就把人砍翻，这显然不是自卫。而且砍翻在地还继续砍。这连防卫过当都不是，妥妥的故意伤害。'
 '是他自己后退摔倒了吧'
 '女汉子，当自强，赞!'
 '100%正当防卫！！！不是你伤就是我伤。'
 '[窃笑][窃笑][窃笑]真的假的啊'
'罚款200[大笑]'
 '这女的反应挺快，应该算是本能反击吧！'
 '从录像看到的情况可以判断，此女行为应属正当防卫。老板已搬起了椅子有砸人的姿势，那么，当作目标的若不反击肯定会被砸到。所以公安对其的拘留就是错误，甚至违法'
 '这老板是碰瓷的椅子是打在胸口，没在头上，居然顺势倒地不起哎，丢人'
 '监控都是黑白的么'
 '这老板真是弱'
 '这难道不是自卫？'
 '这都明显老板先拿起了凳子，这女的为人保护自己不被别人伤害。符合国家规定的：四不伤害！没有打赢还有理了？'
 '老板太小，没小弟。'
 '一只老猫有啥可怕
 '砸我们科长会怎么样，也只要200 拘留吗？'
'看了三遍，明显是老板先动手，女员工自卫，结果老板被轮倒了，怎么就成故意伤害了呢？？？中国的法律我真心不懂'
 '对于那些你意识到准备伤害你的人
 '劝大家不要买苹果X，除了face ID没有它优点，最明显的感觉就是耗电特别快，性价比最高的是苹果8，良心推荐。'
 '绝对的正当防卫'
 '心虚得人，哪里敢冲。'
 '当打架避免不了的时候，一定要先动手。'
 '砸得好！正当防卫！凭什么要拘留？要是被老板砸了老板都不会拘留的'
 '明明是老板错在先，干嘛拘员工？
 '砸的爽！'
 '让我看看想这么干的人有多少？'
 '这老板，不想用就炒掉。这员工不想干就辞职。没有必要这样'
'老板太失态了！员工干得好！'
 '第一下是正当防卫，第二下防伪过当。与故意伤害不沾边啊，垃圾警察'
 '我就拿个凳子要跳舞，你砸我干嘛？'
 '那你干脆就不要进任何公司了！谁也没有在你家请你来！'
 '越南来个反华，工厂砸了说不定命也留下了，国内都处理不好员工关系还想去国外'
 '而且情节极其轻微'
 '谁说女子  不如男！'
 '也许是一楼怕当地法官判的不公。'
 '在中国，没有正当防卫一说！'
 '先下手住牢，后下手住院'
 '是的'
 '这老板真垃圾，这样一下就倒地了，装的吧，'
 '是不是在你们眼里除了杀人抢劫别的都不会纪录在案啊。现在别说报考公务员应聘国企这些了。私企都要无犯罪证明。现在很多好的幼儿园都要父母开无犯罪证明了。少看新闻多出来走走吧。'
 '明显是老板先动手可是没有女人快而已，女人不是正当防卫吗'
 '为什么会拘留？？执法也太随意了吧！这尼玛的分明是自卫！'
 '放人，放人，这瞎子都看得出是自卫。何况一女的有多大力气能砸晕男的。分明是这老板自己举椅子用力不当。'
 '砸老板才200块，划算'
 '自己站不稳赖谁'
 '好身手，反应敏捷，要不是出手快倒的就是她自己了，视频明显是领导先拿的凳子，顶多算个防卫过当吧'
 '这女的板凳玩的挺6的'
 '我之前的员工估计也想这样吧？但现在的员工应该不会这样了，我也没变啊，所以说有些事情无法看表面'
 '大姐干的漂亮[大笑]'
 '一招秒。'
 '不服就是干'
 '实际上是有麻烦的。我亲戚在福州打麻将被抓，几年后办不出《无刑事犯罪证明》来。所以尽信书不如无书'
 '.....是的.见坏人行凶.路见不平拔刀相助者.就犯此先动手之罪.如袖手旁观就是知情不举罪...这就是我等P民说不清道不白的根由....那么请南京大法官给我们一个堂堂正正的一个说辞吧....'
 '草，这个傻.比老板想先动手'
 '一个大老爷们体质这么差？'
 '老板真是笨
 '说好的哔哔 你特么居然动手'
 '我感觉是自卫'
 '不好意思，耽误各位一分钟时间。谁能打出饕餮两个字 我就认他作t爹，对是认爹，当场就认！！！'
 '老板先动手的
 '这是正当防卫吧'
 '敬你是条汉子！但是说故意伤害罪有点过了吧，明显是防卫性的举动。'
 '好员工'
 '老板搞女人搞得太虚，脑子里想抡，身体不听使唤'
 '200块，值了'
 '这的多大的气愤'
'关键是有第二下'
 '☞♤♡♧♢☜'
 '绝对的正当防卫！这样的男人不如去死'
 '天下武功唯快不破😄'
'这位女侠出来以后可以去竞争对手那边去应聘了，绝对卖力，竞争对手赶紧抢吧，千万别错过她。'
 '这老板明显是身体被掏空的了，没有了力气'
 '女子应该穿了攻速鞋'
 '这女的多泼，这还要吗？谁娶回家谁倒霉了！'
 '厉害了👍'
 '丢人呀  被个娘们放翻了'
 '老板呢？不拘留吗？他也出手了啊，只是被动终止了啊，这女的慢1秒估计就是她挨揍。'
 '都说是行政拘留了，毛事没有'
 '正当防卫呀[可怜]老板先拿的凳子[可怜]'
 '说出来你可能不信，是椅子先动的手'
 '彪悍女人！'
 '😏😏😃😃'
 '少年你太天真的，你对付的不是一个小老板，而是一种秩序。上层控制中层，那就是广大商人，商人又管着绝大部分员工。其实就是贵族，资本家，工人的关系。当资本家与贵族矛盾激化后，工人就会变成双方利用的炮灰。而当资本家获得统治地位后，工人过度乌托邦的幻想很容易引起二次革命。但事实上工人和资本家都是贵族的奴才。我们只有团结一致才有晋升的机会[微笑]现在工人资本家的矛盾已经完美地被化解很多了'
 '打死他'
'东北的！'
 '200还有免费吃两顿，值了'
 '打架有风险  动手需谨慎  打输了住院  打赢了坐牢'
不信你们试试
 '明明老板先拿椅子要开打啊，这女的后发先至而已，应该算正当防卫。'
 '不错哦'
 '你以后可咋找工作'
 '近战劣人！'
 '一言不合操椅子，明显都是老手'
 '我都被换台就揍了，还特么有人点赞顶！...
 '多大的仇
 '砸的好
 '大家待会都到会议室开会，我把椅子都换长凳子了，看你们怎么抡我[大笑][大笑][大笑]'
 '贊贊'
 '这明显是正当防卫啊。要是自己不出手，被砸的就可能是自己了。'
 '处罚过重啊、很多纠纷基本教育一下、看来是调节不成，应该是老板不依不饶，无奈只能拘了！'
 '怎么定性的？别人先拿凳子，还他妈不能反抗？'
'干得漂亮，威武'
 '我们的法律的确很奇怪，男人先拿的凶器，挺着让他打吗？我们为什么这么多南京法官啊！这个社会希望在哪！'
 '泼妇
 '我也愿意被美女轮流坐在下半身前后摩擦！'
 '女的不是正当防卫吗？如果是老板把员工砸倒，老板会不会被拘留？'
 '。。。。。'
 '评论的都是打工的.员工这样估计人品也不怎么样.谁能体谅老板的心酸呢.给你发工资.你不干应该干的事.'
 '真彪悍'
 '女中豪杰啊啊啊哈哈哈'
 '一男的打不过女的，活着干嘛！'
 '身为男人，身为老板，这男也真够废的！出门不怕笑死人？拿凳子砸人反被砸？的确够废的'
 '砸伤了，照判，你太低估中国法制的变态了。'
 '干的漂亮！我给一百分。'
 '这女员工作了许多员工想做又不敢做的事。'
 '不算。老板得把凳子举起来才算'
 '一对情侣相约自杀，都死了没有事，都活着也没事，只死一个谁活着判谁刑。'
 '老板天天晚上找釹的加班，所以没有力气了，就报案了
 '这老板先动手的，只是自己身体素质太烂哈哈'
 '先下手为强。
 '行政怕个鸟'
'666'
 '人家有关系'
 '这个老板真垃圾 先下手还被女的秒了'
 '“无淀河”自称是中央财大的金融学或经济学博士，又或是对外财经研究生毕业，是52884南口工兵部队一员，是工作在西联金融的Dennie 张，但有时又说自己在国贸。身高186，有时候又变成182，天天健身，体重200斤。北京7套房，刚刚入了房山第8套房的楼花，如有合适的会考虑买第九套房。自称93年加入北京国安。差不多每天早上六点开始在网易发贴，“什么中国人民可以没有土地，也要誓死捍卫俄罗斯”等等惊世骇俗的语言，都是出自他的口。据他自己说，他家里现有3辆车。他本人开一辆宝马X6，他老婆开一辆2.4迈锐宝，家中还有一辆大众途观是只用来平时买菜，他每年光是网购消费要四十万。他说他2002年大学毕业，他又说他七几年读书时，校服是绿军装。他现在月薪税后净收入7万，有时候也会变成了年薪60万。他父母文革期间本科毕业，一会他父母又变成买断工龄的下岗工人和售货员，现在靠他养活。转眼他又说现在拿年薪10万的人，收入还没他父母退休金多。---以上内容全部来自于“无淀河“的发贴记录。'
 '出来之后起诉当地派出所.召开新闻发布会。'
 '这都是没背景的人.或是社会地位低的人的后果
 '就是，辞工走人就是了。'
 '老板先拿椅子的，应该是防卫吧。'
 '好样的
 '对，她的想法是宁愿钱吃亏，不让人吃亏，厉害'
 '三楼你这么玩进去的是你，不是你老板！'
 '才六天值了，仔细看看监控，是那个老板先想拿椅子的这种人就是欠打'
 '没毛病，鬼子扫荡在先，八路军断后！'
 '我就搞不懂凭什么要关女的，还要罚钱，明明是男的先有动机和行动的，只是没有女的厉害才被打，这个女的就是正当防卫啊。
 '这极明显是正当防卫呀，难道说不能防卫？不敢说太多了'
 '本来就是自卫，干嘛还要拘留她，难道让他打翻她才是对的'
 '老板太不理智，无论输赢都没好处自讨没趣。'
 '好汉子'
 '武功再高，也怕菜刀。穿的再吊，一砖撂倒。'
 '来来来，往我头上砸'
 '这老板能跟的下去不'
 '支持'
 '不要员工就开除，不好上的班就辞职，都是傻逼，没得说[窃笑]'
 '警察瞎了狗眼，这分明是正当防卫。'
 '这女的正当防卫，老板动作慢怪谁？'
 '向女员工致敬！'
 '好样的，赞一个。'
 '其实那个老板应该不是真砸，只是想以动作吓女员工。因为那个动作真慢，砸不了人的。'
'天下武功 唯快不破'
 '在这里救这样为何碰瓷那么多，因为有钱赚还没啥事，为何有那么多强奸幼女的？因为有通奸的说法……'
 '你干了一件我一直想干但没敢干的事，英雄无敌'
 '垃圾牲畜，出去了，就不要回来了，狗日汉奸，尼玛戈壁！'
 '就是，没鸟用。'
 '我想问的是，如果老板打倒女员工，会不会因故意伤害被行政拘留6日罚款200元？'
'到底多大仇'
 '呵呵 不算'
 '难道在我朝非要挨打了反抗才算自慰吗？真挨打了也不知道还有没有机会反抗了'
'干的漂亮'
 '这TM最多是个斗殴！什么叫“故意伤害”？？？老板为什么不拘起来？'
 '起来不愿做最后努力。'
 '防卫过当。'
 '这么多年，有多少次有这种冲动没敢做，姐们真牛'
 '一花一世界，一叶一佛佗!究竟是什么意思呢?他是在告诉我们任何一个物质都是一个世界一个宇宙!组成这个物质的物质都是完全相同的!比如一片树叶由十个细胞组成，我们说十个细胞是一片树叶!再比如这十个细胞中的一个细胞由十个原子组成，那么我们可以说一百个原子组成了这片树叶，也就是说这片树叶是一百个原子!再比如该树叶的一百个原子中的一个原子是由十个中子组成，那么我们可以说这片树叶是由一千个中子组成，一千个中子组成了这片树叶!以此类推至各基本原子!我就不一一举例了，自己想象去!!因此我们可以说这片树叶是电子，是中子，是原子等等!哪个物质不是如此呢?'
 '老板用椅子砸完你，你再砸也不是正当防卫，因为老板已经砸完了，下一把椅子砸你之前你暂时没有危险了。'
 '呃呃呃'
 '这不叫自卫什么叫自卫'
 '等他砸过了她才砸就叫正当防卫了？这是哪门子的歪理！
 '当为过当'
 '个人认为是防卫
 '欠砸的老板太多了，员工奴隶化。'
 '干得漂亮！'
 '帮我打死这个老板，公安这样判决不公平'
 '霸气( ¯ᒡ̱¯ )و
 '这是什么屌丝老板'
'防卫过当，哈哈-'
 '老板底盘不扎实'
 '我看是她老板先拿椅子准备抡她，结果这女的果断出手，占的先机，成功把老板抡翻在地………漂亮！'
 '得了吧，同时拿起来的凳子有个好鸟？'
 '你这种人这辈子只能打工了，看看人家老板是怎么赚钱玩人的。'
 '干了我现在想干的事。'
 '那你可以去印度了，不要回中国了。'
 '治安没有案底'
 '按照视频里显示的画面，这个女的很明显是在做正当防卫。什么叫正当防卫，难道要等到被人打了或者砍了，才能防卫？估计到时候已经没办法防卫了吧。'
 '赚了哈哈，才花两百就可以揍老板一顿，不过拘留会不会留案底啊？'
 '江淮地区，铁姑娘不少..淮河长江俩大河滋润下，不论细瘦苗条型，还是丰满圆润型，都不是一般的威严..哎呀，坏了，我换台了...（现在没有跪搓板了，一般都是跪遥控器，换台就揍...）...'
 '明显正当防卫为啥判故意伤害，马达'
 '如果是老板先动手砸人了我想知道会怎么处理'
'六天两百元，我的椅子已经攥在手里了'
 '各位老板、各位老总：在这个充满愤怒的年代，您高高在上、仗势欺人、或者一个藐视下属的眼神，或许一言不合，您的下属很可能就想不开，脑筋短路的错手把您给杀了。'
 '老板虽是主事的但打架不一定行。这不叫女工打爬下了。'
 '估计是碰瓷。'
 '以后我开会记得戴头盔'
 '一看就知道老板先动手，人家是自卫'
 '必须算。'
'我大淮南，就是牛逼！哈哈哈……'
 '干得好'
 '6666'
 '老板不用拘留吗？'
 '打的好，这样的黑老板咂砸死一个少一个。'
 '女好象没有错，正当防卫，明显老板在先拿椅子的，不公平。'
'好身手'
 '官僚做派太严重，职场有时候就得让那些眼高于顶的人知道，不是谁比谁高一等
 '看样子，老板先拿的凳子！'
 '这个女人厉害，就冲这魄力，以后肯定有机会能独当一面'
 '老板就没错？他不抡椅子会有这事儿？卧槽😱'
 '看了新闻，决定明早给员工一份带一份早饭，一人加点工资，一人泡杯茶……'
 '最起码对方倒地就不能打了'
 '这不算正当防卫吗……'
 '这老板肾虚'
 '难道不是正当防卫吗？老板先拿椅子，只是员工动作更快更准。退一步，那也是双方都有责任，一个巴掌拍不响[暴怒]'
 '百分之百'
 '先下手为强!'
'教育人们要动手就不要犹豫！'
 '看了这篇文章，我总结以下三点...'
 '先抡起来的被砸倒了，这说明先下手的赢的机会大。'
 '同意，明显老板先动手，女的是正当防卫'
 '砸得好！！！'
 '还好我没进办公室'
'对于边界之战，你们地球人，压根还没有玩过，呵呵，，，，，，，，，，，，，，而且你们连全民大学都要张网吧做值，低下得可怜，，，，，，，，，，，，，'
 '案底是什么？你进局子肯定有记录你身份证信息。只不过没上升到惯犯这种吧？有懂法的来解释下吗？'
'牛逼！顶'
 '啥人玩啥鸟.凳子老板自然带出凳子员工.这就是传说中的企业文化吧.'
 '点赞的都是有这心思的'
'天下武功为快不破'
 '拘留女的是明显错误
 '拒留其目的是震慑有蠢蠢欲动念头的人！'
'干的漂亮！'
 '反应真快'
 '年底了我也准备抡椅子了'
 '干了我想干而不敢干的事'
 '从录像的时间和速度看，女员工先抡起的椅子，因为老板拿起椅子还没完全举起来，女员工那把椅子已经到了。
只是女方手快而已.难道这种事非得被打中了再还手吗?'
 '领导先动的手，女子算是正当防卫。'
 '该算自卫呀'
 '先下手为强，后下手遭殃！'
 '比点👍的多。'
 '估计关系也不一般'
 '再怎么样也不能出手打人。'
 '天下武功 唯快不破'
 '也不老板被抡倒了，是他自己不小心摔倒的。这个女的太冤了。'
 '谁先动手的？[窃笑]'
 '估计已经不是第一次动手了，那女的经验相当丰富，只是收凳子不是她能力范围'
 '为什么拘留这女子 狗警察'
 '我觉得她是正当防卫，不用被拘留和罚款。'
 '这样的老板打的好'
 '这个不用担心，有些不严重危害他人健康和不严重危害社会的双方争议升级的小摩擦，后续守法年头一长会撤销'
 '好的漂亮女侠'
 '反了
 '傻子都能看出来，老板先拿椅子，准备砸人的，女人正当防卫，为什么要拘留，还要罚款？？'
 '我可以这么说：包括你们地球人瞎想的神鬼说-幻想与理想，都在我们机器狗关注中，，=================================即你们地球最边所能到值，包括瞎想乱，远没有新神的狗大。。。。。。。。至于你们地球人那个残疾，不过尔尔也，，，，，，，，，，我们的办法很简单，工程学实现的程度。。。。。。。。。。。如何，人类新神的狗远超你们地球所想吧，哈哈哈，，，，，，，，，，，，
 '所以说你是个窝囊废'
 '这个是自然防卫吧，中国的法律实在看不懂。总要弱者被迫反击了 还受到法律制裁了好了才去解决问题，为什么不把问题解决在发生前？落后滞后真的中国的司法改革早就该开始了。'
 '可是关键是他先动手啊，难道人生只能避让'
 '牛人'
'传说中早上开晨会打鸡血，晚上再开会做总结？'
 '先下手为强，没毛病啊，撒比小鞭'
 '不算的，因为老板凳子没砸你身上，不要笑，中国法律就是这样'
 '正当防卫，为何拘留？？'
 '这事虽小
 '像体育裁判细看的话，老板看凳子想攻击在先，女的反应快，然后同时拿凳子，女的符合正当防卫！'
 '这种是以受伤情况判定性质的，而不是谁先动手的。'
 '但她把椅子空出来了。。。。。'
 '哈哈哈哈，看网易多年，头一次那么爽'
 '干的好'
 '厉害'
 '这老板不禁砸啊，凳脚碰了一下就慢悠悠倒下去了
 '好好啊！打得好！自卫罚毛'
 '我一小学文化搬砖的用6，你一不打工命的老板还用6？1G的运行内存不耽误你的巨额生意？不耽误接皇领贵命？'
 '大多数男的都被女的放翻过。'
 '哈哈，砸的好，，
 '女二比，没有男人敢要'
 '怂成这样，愧为男人！'
 '真66，反映真快揍的好
 '够泼辣
 '狭路相逢勇者胜'
 '是老板先拿凳子准备砸的。这样就要拘留六天啊！
 '怎么感觉砸得好？？？“领导”先拿凳子哦！！！'
 '这个算正当防卫吧？怎么就是她打老板了？'
 '不公平'
 '见老板弯腰拿椅子做出要砸她的架势，算自卫吗
'难道不算防卫过当？不砸就被它砸了。没砸死可惜了。'
'牛逼🐮'
 '干得好！漂亮！'
 '自卫派出所民警是老板小鼠子'
被人打了
 '一个椅子把这个男人砸的没有男人骨气了。一个椅子把这个女人砸火了。牛逼格拉斯啊'
 '彪悍！'
 '现在这又不判死刑，捅几刀都没事，随便弄，犯罪成本太低了'
 '错 老板演技不行 看样子起初想砸她后来自己中椅子后是想讹女员工
 '老板的动作是砸，员工的动作是捅，当然是捅的动作来的更便捷，尽管动作开始的稍晚一点，但还是占了先机。'
 '狠的哦哦哦'
 '挨打不立正 看看 被抓了吧?\u3000那句有钱人经常说的“分分钟教你怎样做人”没理解吗？智商高算什么？要有情商\u3000有情商是什么意思举个例子\u3000猪的智商比狗高\u3000狗的情商比猪高\u3000所以\u3000一个是食物\u3000一个是宠物'
 '你要人家命，法律要你命，谁重要？'
 '以后开会当心点……'
 '这不算正当防卫吗？'
 '迪奥！'
 '不是先下手为强，只能说是自卫反击，后发而先至，女高手在民间呀，砸得相当的好，这警察也太偏袒那老家伙了，如果女的没自卫，被砸了，那老家伙也关6天么？我估计不会关，你们说呢？'
 '第二下根本就没砸到，这也要行政拘留？'
 '先砸先得益，砸的好。'
 '200无话可说，关6天有点冤案'
 '敢这么干的员工有多少'
 '不知道哪里看到的说带避孕套不算强奸么？还有一个案例，有个女的被强奸，幸亏怀孕了然后还的生下孩子做了亲子鉴定才定案，不然。。。。。没法证明'
 '二楼老司机'
 '故意伤害，中国的法律和笑话没啥差别'
 '但公安那里是有处罚记录的。'
 '该砸呀，正当防卫'
 '楼上这位“无淀河”自称是中央财大的金融学或经济学博士，又或是对外财经研究生毕业，是52884南口工兵部队一员，是工作在西联金融的Dennie 张，但有时又说自己在国贸。现在北京已有7套房，上个月已经入了地处房山的第8套房的楼花。他差不多每天早上六点开始在网易发贴，“什么俄罗斯人民永远都是中国人民的慈父、什么中国人民可以没有土地，也要誓死捍卫俄罗斯”等等惊世骇俗的语言，都是出自他的口。据他自己说，他家里现有3辆车。他本人开一辆宝马X6，他老婆开一辆2.4迈锐宝，家中还有一辆大众途观是只用来平时买菜，他每年仅是网购消费要四十万。他说他2002年大学毕业，他又说他上世纪七几年读书时，校服是绿军装。他现在月薪税后净收入7万，有时候也会变成了年薪60万。他父母文革期间本科毕业，但他又说他父母是买断工龄的下岗工人和售货员，现在靠他养活。他还说过现在拿年薪10万的人，收入还没他父母退休金多。更为神奇的是一个小时内的发贴，lP地址可以遍及全国东西南北！---以上内容全部来自于“无淀河“的发贴记录（已经全部截图留证）如果不信，大家去看一下他的发贴记录。'
 '女的没毛病，一，男的先拿，二，女的不先扔，到底的就是自己'
 '六天两百元，我的椅子已经攥在手里了'
'老板也要砸人啊，只是出手慢了而已，就不用罚了？'
 '这样老板该打，妈的打他是轻了'
 '卖淫嫖娼都留有案底。别说打架斗殴了。拿椅子砸老板这条以后就别想找工作了。自己创业吧。'
'不然老板的头至少要被缝8针'
 '这么明显的正当防卫，还拘留！'
 '老板身子淘空了，一个女人就把他放倒了。点个赞'
 '明显是正当防卫。不这样了，就自己被砸'
 '感情要是不想蹲六天，就得挺着脑袋让老板砸喽'
 '那长头发女的太厉害！装着收烟缸，把椅子空出来让大姐砸老板！'
'进攻是最好的防守！！！[不屑][不屑][不屑]'
 '中国法律就是辣鸡。'
 '赞彪悍女'
 '这二百块我出！！'
 '难道等他砸咯！'
 '算，绝对算。险情正在发生，不过人家出手较她老板快而已。不用赔。'
 '我都看硬了。。。你们说的是女老板吗？？？'
 '如果小偷去你家，偷你的酒还偷你的钱，千万别去打小偷，小偷会‘自卫’被偷是活该。'
 '明显是男的先动手，只是傻逼了，被人抢先下手'
 '叫你开会谁叫你开会你竟然敢开会没事干你敢开会。过来人总结:没事别随意开会，一般常开会就是单位散伙的前兆。'
 '只看结果不看过程，这样处理简单速度快'
 '没有工会只有靠自己。'
 '错，这回是先下手的遭殃了~'
 '何必折磨自己，此处不留爷自有留爷处，就不能挺起腰杆做人？'
 '是啊，傻逼老板自己摔倒了，真他妈完犊子'
 '好东西'
 '骚。'
 '我擦，真是'
 '我们忍气吞声这么多年了都是房贷惹的祸，我们中国太缺这种人才，维护正义才是生存法则。'
 '啊。'
 '厉害了。'
 '干得漂亮'
看得出gong an是维护强势方权利的. 明明是正当防卫
 '就这个力度，就起不来了，这种老板可以去死了'
 '时代不同了！女人已经占领了当今世界！！'
 '明明是老板先动手，只是反应太慢反倒挨了一下，又搬着椅子站立不稳摔倒的。'
 '算我一个，可我没这个胆。'
 '老板先动手，而且老板被砸后看起来并没什么事，才往后退，假摔吧。。。。'
 '卧槽，这楼说着说着就走后门了'
 '哈哈，这女的真厉害，不过这老板也太丢人了，你一个男的，还先拿起椅子，居然被后拿椅子的女人砸个晃晃悠悠地倒地，倒地后还被砸了一下，有痛打落水狗的味道。丢人，丢人。'
 '后发先至，天下武功唯快不破[大笑]'
 '那个把烟灰缸拿走的女员工，有前途，知道什么时候该做什么事，哈哈'
 '你是瞎子，懒得说你。'
 '处理不对！老板先拿椅子。女员工自卫，打得好。
 '砸的好，就这样的老板出门弄死他。'
 '为这位女员工点赞！'
 '厉害了'
 '看视频，女员工是后发先至'
 '这老板也拿椅子去了，明摆着这伙为富不仁的家伙、也不是啥好东西，砸了他再说。砸倒他、总比被他砸倒好！'
 '强中自有强中手[大笑]'
 '不应该拘留的，什么法律，这是正当防卫啊'
 '不上升到刑事案 都没案底吧'
 '女中豪杰'
 '说不定哪天我也要拿椅子轮老板了。'
 '我怎么看是老板自己没站稳自摔的呢'
 '是法律重要，还是自己的生命重要？'
 '有魄力'
 '这标题也明显有误导'
 '用时最短的KO，强！'
 '估计是老板住院先讹她，她不干；警察当了和事佬。'
 '真是一个讲伤的国度。。。。。就服你！'
 '女中豪杰，干的好！'
 '这明显是冤案！'
'当然是因为我们法治国家啦！[狗]'
 '论道理老板输了，论打架也不是对手，只有耍赖的份。'
 '这个处罚不公平。老板也有抡椅子的动作，女同志也太火爆了。'
 '十的漂亮，那老板不是个好鸟'
 '为啥赔？就因为老板打输了？一个大男的，真行'
 '你要硬上吗？[狗]'
 '紧查 说谁有理，就谁有理'
 '开团不成反被秒。。。
 '点赞的算一个'
 '淮南的厉害了'
 '现在小老板都过得像孙子一样，哪敢动手.新闻的更像是单位领导。'
 '不是属于喜当防卫？'
 '请你记住，司法解释对普通人是没有“正当防卫”一说的。'
 '活该，一个老板连这点度量都没有'
 '敢于起来反抗不甘受凌厉也是巾帼英雄了'
'这是自卫，你不砸他，他就砸你了。才罚了200块，可以了。给一个教训给那个男老板'
 '老厉害了
 '请问警察怎么知道女员工一定能避开？'
 '中国法律只看结果不看起因和过程的。哪怕这老板把女员工打个半死，而他自己心脏病发死了，最后还是女的要受罚。'
 '很正常  现在很多女的都直接捅死男的  时代不一样'
 '这是以下犯上，大逆不道。被双规了吧'
 '究竟多少只眼睛是瞎的，明明这女的先拿椅子的。'
 '好啊，我立马去砸到老板，忍了很久了！'
 '谁受伤谁有理。我们是法治社会'
 '这公司肯定是经常打架的，你看视频一开始，穿白衣服的女的就偷偷把玻璃的烟灰缸拿走，够醒目！没想到这次换椅子了'
 '我认为算正当防卫，过当都没有'
 '正当防卫！
 '麻痹的、什么世道呀？老子自卫都不允许呀！'
 '哈哈哈   老板先攻击女员工   反而女员工被刑拘被罚款      我觉得法律很公平 公正    点个赞   有同意的右上角共同点赞'
 '明的不行就来点暗的'
 '女的明显被迫还击，还要赔钱拘留？什么法律？'
 '属于正当防卫！'
 '这个老板自己太弱了'
 '法律太不公正，明显是老板先拍桌子，先拿凳子的啊，还有王法吗！'
 '意思得先让老板砸到一下，才能反击？懂了懂了。下次碰见个拿刀的，得先挨一刀，'
 '我也看老板先拿的椅子。不过按法律规定，椅子没砸到身上之前是不许还手的，只能躲避。'
 '此女是正当防卫，明显是老板先拿起椅子打人，可惜我国法律认为谁伤重谁就有理。
 '这是自卫，女的要不是反应快，被男的砸上了绝对受伤。'
明显上自卫!老板先拿起凳子...'
 '正当防卫。'
 '丢大发了！'
 '这个拘的没道理'
 '还有没有天理，法律就是对平民制定吗？'
'有眼力见   不错'
 '尴尬'
 '没事做了'
 '哈哈 进攻是最好的防守'
 '我宣布以后会议提前一小时下班回家开电视会议'
 '为这女的点赞，打的好。'
 '丟男人的脸  还拿凳子  赤手空拳都能放到这娘们'
 '自卫，正当防卫'
 '哈哈，好'
 '三楼说的，它们确实是这样想的。'
 '够虎的'
 '咂死才好'
 '忍无可忍，无需再忍'
 '打得好！'
 '太极是玩不过散打的'
 '哈哈，现在这个世界，男子成了懦妇，反而女人有骨头哈唉，说起某地的男人，不是贪棺淫棍就是假冒伪劣坑蒙拐骗，要不就是半公母懦妇男'
 '中国好员工'
 '打的好
 '这也拘留？'
 '这种老板就应该干，女的好样的'
 '明显是老板先要打人，凭什么只抓员工'
 '特色吗！😂'
 '一个老板，两个员工，好气派啊。'
 '正常！你看看现在都是什么男人？都是些娘炮，还没开打，就直打哆嗦。。。。。。'
 '傻逼！一辈子打工命'
 '三个字，通通推到'
 '那么如何能这样做的社会环境是什么，定价权的填权是也。。。。。。。。。-------------------------明白了吧。。。。。。。。。'
'这老板不行啊 人家都能后发制人  你先下手为弱'
究竟谁是主动谁是被动
 '想给女英雄募捐'
 '只要对方的板凳没有抡到你的脑袋上你都不能还手的。'
 '能动手的尽量少比比'
 '想这么干的员工有多少？'
 '好多人都想这么干，揍他'
 '这么暴力'
 '工人阶级打到剥削者，这个不是课本教我们的吗？'
 '拘留是过份了'
 '都在骂老板，那就自己去当个老板呗[大笑][大笑]'
 '如果老板砸了员工会怎样，还会是新闻吗，估计压根不会报
 '不算自卫吗？'
 '正当防卫啊
 '大老爷们拿椅子打女人？丢男人的脸'
 '这尼玛警察眼瞎了，明明是男的先动的手'
 '老板想砸员工，没想到员工动作比老板快。'
 '明显女的就是自卫，难道等他的板凳砸在自己身上才能反抗，要是刀呢。'
 '砸的好'
 '不算，因为老板没有砸到她[可怜][可怜][可怜]'
 '这个男人，真是个废物，想动手打女人却被反杀，既蠢又笨。'
 '按照自卫的定义，所受侵害无法躲避时采取的回击措施才是正当防卫，老板拿椅子时女员工可以躲开这一侵害，所以说这不算正当防卫'
 '自卫，二逼法律'
 '你试着去嫖个看看有没有案底
 '后发制人'
 '什么公司'
 '人家做销售的，客户本身就是员工自带过来或者在你这里任职时期发展出来的，跟你老板有什么关系？作为老板你只是提供一个平台，而且你这个平台不是免费的，产品销售出去你是拿大头的，你这种就是典型的贪得无厌心理，'
 '餮餐'
 '今日头条 今天的女汉子'
 '看来我们观点一致！'
 '没人110，罚个毛'
 '刑事案件才留案底，这个打老板的只是治安处罚，没有案底'
 '打了就打了，最起码自己没吃亏。
 '老板先下手'
 '中国司法实践中没有正当防卫一说，要记住啦。'
 '有监控还判女的监禁？不能自卫？什么狗屁'
 '打赢去看守所，打输去医院，没毛病！
 '被拘留罚款了。警方只保护受伤的人。至于谁先动手，你们说了不算。'
 '一个字牛！'
 '何必这么勉强自己呢！'
 '连会议室都有监控，可见国内的监控多泛滥，这个内部录像怎么会放出来的？可能有人要倒霉了。'
 '哦。'
 '还好只是个女人要是男人估计能打的亲妈都不认得'
 '是老板先动手的，好吧
 '这个吊'
 '干得漂亮！！'
 '好想再加把椅子，看你蹬不蹬了。。。。'
 '第一次看到敢打领导的！'
 '上诉
 '只想对这女的说:“干得漂亮！”👍'
水平问题?关于那个未成年保护法究竟是保护未成年内部的哪个类
 '员工砸老板一下被罚200拘留6天，城管把人打伤算什么？'
 '看视频扔椅子的力度，不至于砸伤吧，老板要么太弱，要么就是装的'
 '是因为红色贵州引起公愤了吗？'
 '自慰😂'
 '老板在我面前弯腰了怎么办？要不要使出千年杀？'
 '不过本次事件，俺支持这姐们儿..凭什么拘留罚款？老板没起子！'
 '多大的仇恨'
 '666'
 '老板有钱！！！'
 '至少也是互殴事件吧'
 '成都省现在的入户积分中要求案底，'
 '老板先动手的'
 '老板就一战五渣'
 '瞧那熊样儿，女人还没过去自己先摔倒了！还丢人现眼装猛男！'
 '这女子反应好快
 '这种老头烟酒过度，什么毛病都有，我看是他自己搬不起摔到的，还好没死，'
 '（多做好事，必有好报）加快发展繁重工作替代性智能机器（不用延迟退休）公司上市后业绩异常下降，依法赔偿遏制骗钱（当务之急大小限减持和再融资要挂钩分红或回购，违则重罚，促进长期良好经营，缓解套现压力）尽快开征股指期货的印花税，才能降低杠杆及高频风险，限制其乱影响股市（基金只有盈利才收管理费，真正为投资者服务）连续2天涨跌停就限仓交易，共同受益，利国利民！'
 '一个男的被女的打翻还有脸报警'
 '明显是男的不如女的，警察又保护坏人了'
 '四个字了，'
 '我不需要法。'
 '谁特么说要干的？老板抢救呢，拘留所真特么冷[大哭]'
 '在国外肯定是正当防卫。'
 '为什么有的新闻不能评论？？？这是为什么？'
 '在某国想自卫压根不可能，A打B一拳，B自卫把A打了，你能这么说吗？你们就是互殴，自卫的门槛太高了，'
 '砸的好，正当防卫'
 '防卫过当'
 '敬你是条汉子[报警]'
 '凭什么拘留员工？狗日的！'
 '上面说的都是放屁，中国的法律是带阶级属性的，你犯不犯法要看你属于哪个阶层'
 '笨蛋一个
 '还是评论热闹！😄'
 '应该有质疑！！！'
 '天下武功，唯快不破'
 '假动作 骗了个点球'
 '呵呵原来大清还没亡'
 '敢惹女汉子？'
 '这老板先抡椅子准备打女人，这样不够男人吧？
 '你聽樓上給你瞎扯呢~~這麼懂法？？'
'要炒也是我先炒老板'
 '你爸有脸没？一部分渣男就代表所有男人了？'
 '这就等于否决了所有人自我防卫的权力！！！！
 '这老板战斗力太弱哇，没出手就被KO了'
 '没问题啊'
 '白衣女子好有先见之明，提前把烟灰缸拿走了，哈哈'
 '女中豪杰！'
 '牛人。赞一个
 '想起一条标语:打架——输得住院，赢的坐牢！'
 '算吧'
 '老板先抡椅子的，女的像是自卫，老板没抡过人家输了'
 '夜黑的哦'
 '这老板套路深啊，自己倒退滑倒，倒地上就不起来了。'
 '这女子我真心佩服，，，牛。'
 '一、男老板打女职员的已经够丢脸了，还先动手搬椅子砸女方，根据【妇女权益保障法】，怎么也得是垃圾男老板先触犯刑法吧！！！ 二、画面很清楚显示是老板自己倒退滑倒的，根本没有什么伤到什么地方，可女职工居然被“行政拘留6日，罚款200元”，请问，这根据什么“处罚”的？？！！就算双方互相推搡，实际结果上都没有造成彼此身体上的伤害。。。。。那凭什么放过老板、单单处罚女职工？？！！我看不懂了，各级妇联你看懂了吗~~~~'
 '厉害！！！'
 '哈哈哈哈哈哈哈哈哈，你们瞅啥?一起笑啊'
 '牛叉'
 '因为你为什么不拿刀，烦人'
 '霸气'
 '中国就缺少这样的人'
'这男的故意摔倒，够聪明'
 '女员工攻速较快，老板措手不及😁'
'打的好，打的真好，真棒真棒👍👍👍👍'
 '先下手为强，后下手遭殃
 '？？？？？？？？？？？？？？？？？？？？？？？？？？？？？？'
 '红个粑粑！都是为生计生活赚钱养家糊口，给自己找麻烦惹官司吃？sb吗'
 '有多少人敢转发到自己的朋友圈[喷水][喷水][喷水][喷水][喷水]
 '居然被女人放倒了[被黑][被黑][被黑]'
 '同意'
 '打死才好'
 '哈哈'
最多算同时!!!!!!!!!!!!!!!!!!!!!!!!!!!!!!!!!!!!!!!!!!!!!!!!!!!!!!!!!!!!!!!!!!!!!!!!'
 '干死他，一个男人还拿凳子。'</comments><comments_num>82241</comments_num></doc>