<?xml version='1.0' encoding='utf-8'?>
<doc><source>NetEase</source><id>33065</id><url>http://news.163.com/17/1208/15/D553IG0100018AOQ.html</url><title>日本议员称日本梅毒病例增多是中国游客"惹的祸"</title><datetime>2017-12-08 14:52</datetime><body>

                    （原标题：日议员妄称日本梅毒增多是中国游客“惹的祸”）
                
铃木信行的推特截图国际在线专稿：据日本《西日本新闻》12月8日报道，日本东京葛饰区一名地方议员近日在推特上发文称，日本国内梅毒病例激增是因为访日中国游客越来越多。然而，据专业机构介绍，并没有数据能够表明梅毒病例增多和中国游客的增加之间有因果关系。这名地方议员名叫铃木信行，他于11月28日在推特上发文：“是谁带来的不是明摆着吗。那就是来日本最多的支那人。”日本国立感染症研究所11月28日公布消息称，今年日本梅毒感染者达到5053人，这是44年来首次超过5000人。铃木信行的推文正是针对这一消息发出的。铃木信行还在博客中介绍了中国游客近10年来迅速增加的统计，称这一增速与梅毒感染者的增长一致。他还片面引用了某医生在博客中推测“外国游客增加是梅毒激增的外因”的说法。报道称，铃木信行发布的内容属于歧视外国人的言论，并且没有科学依据。据日本厚生劳动省介绍，医生在为梅毒患者看病时，要求提供感染途径和感染地区，但是没有要求提供有关国籍的信息。厚生劳动省负责人称，需要调查一下才能知道是否与中国游客有关。日本国立感染症研究所也持否认态度：“虽然梅毒细菌有可能来自国外，但不能断定为中国。”关于铃木信行引用的医生博客，该医生所在医院的职员表示，那只是作为一个可能的原因来举例。还有意见认为梅毒增加的原因可能是医生漏诊或者主动检查的人增多等，但没有一个准确的原因。而将访日中国人数量与梅毒感染者数量的增长趋势对比一事，也存在疑问。因为在中国游客增加的2008年到2010年，日本梅毒病例呈下降趋势。



《西日本新闻》采访铃木信行为何发出这样的言论时，他表示：“中国有数十万梅毒患者，这作为感染途径是极有可能的。为了保护从事性风俗行业的日本女性，作为议员我提出警告理所应当。”当问到依据时，他表示参考了中国游客的统计数据、博客信息、调查风俗行业的熟人所言等，“综合考虑，我认为绝对没错”。但实际上并没有确认到有日本人因与中国人性交而感染梅毒的案例。对“仇恨言论”较为了解的日本记者安田浩一批判称：“他（铃木信行）作为议员，不但没有进行取证，还被网络上的片面信息左右。这与典型的网络右翼一样，煽动别人歧视外国人是他的目的。”


 本文来源：国际在线  
责任编辑：范姜国一_NN9138 
</body><comments> '看样子去日本的都有性病。
奇高收费尾气超标，变速箱异响，断轴，断梁下雨还得打伞(雨水窜驾驶室），方向盘锁死，甲醛等毒气超标等等毛病频繁，大众说：中国油品太差。三桶油：我油卖的贵不假，但你大众的黑锅我不背！'
 '你确定你现在清醒？'
 '然后二楼全村人都得梅毒了？病毒图（一楼父亲-日本女-二楼父亲-二楼母亲-全村雄性-全村女性-包围-死亡）'
 '一个骨子里瞧不起你的邻居，风景再好，产品再棒，你愿意去人家那里看人家的白眼吗？'
 '……………'
 '真枪实弹消灭你！'
 '我。。。我，，，，我。。。。，TM，，，，，竟然让我无言以对'
 '日得好，日得妙，日得鬼子哇哇叫！'
'倭国婊子怎么那么受欢迎呢？整个倭国活脱脱一青楼！有点病正常！'
 '以前听人说日本男的好多坐飞机去大连嫖娼，因为比日本便宜。'
 '拍内射造成的'
 '长点知识对你没坏处'
 '去日本的多数是坏蛋，日本本国人少数是坏蛋。所以就惹上了吧，所以见到大傻国人要小心，呵呵'
 '狗日的日本鬼'
'二楼你妈被楼主他爸给干了？'
 '日本女人得梅毒也怨中国游客？'
 '现在的自媒体从新定义了“新闻”，新闻应该不带有导向性意见、猜测、捏造事实'
 '一个崇尚慰安妇和女优风气的岛国还又啥逼脸把锅甩给别国？日本就是淫秽文化的发源地！'
 '美国人得梅毒的极少，自1947年建立报告制度以来，已经从年发病20多万例下降到千例以下，2010年仅报告16例，但2016年又反弹到270多例。'
 '和锅内宣传打砸锅内的日企 日车 电器等等一样，都是两国最恶毒的分子[暴怒]'
'哪位志士干的？请受我一拜'
 '发朋友圈去 看有没有人敢接受'
 '日本要是开放了这个行业，那日本真会被挤爆，那传统那服务那技术，潮水一般的中国人，哈哈'
 '我家乡有人是抗美援朝的，但是阴毛为了他的权威，故意把它儿子送去战场。其实那场战争是美国赢了。后来的飞虎队看不下去狗咬狗。就帮助祖国。这个恩情没齿难忘。和平很重要，但不在此时。看看吧。还不知道觉醒的“监国”白富美高富帅们。'
 '731还没给你算账呢
 '卧槽……打入内部了
 '我想睡日本少女呢'
 '哪位志士干的？请受我一拜'
'要知道：日本的红灯区小姐不招待外国人的！中国人更不可能的！日本现在日常甩黑锅给中国，就知道某些日本人有多么贱！🔟'
 '日本买春团 组团去的'
 '不是说日本女优都很爱国，不让中国人弄吗[狗]'
 '此议员就是日本鬼子！日本垃圾狗！说不定是日本垃圾狗的美爹干的！日本变态狗！
 '这小便完全就是个搬运工，就是照着把Yahoo日本的新闻拿过来翻译一下。这样我也能签约网易啦，稿费好挣啊。'
 '小倭寇怎么不说是你们的女优搞的'
 '大东莞号称什么城市来着？哪一个国外城市以此出名啊？'
 '有道理'
 '我为有你这种同胞感到羞耻'
 '看来去日本的人都和日本发生了性，好在我没去'
 '日本人矫情，来福建莆田免费治疗'
 '我也想睡日本女人，我没病'
 '呵呵，日狗跪舔的也太快了吧，这真相还不明确，媒体也是报道一些事实，你们这些日狗就迫不及待的跳出来了，真是舔的可以'
 '红灯区最多就偷偷接外国游客，我还觉得是他们自己日本人在外地搞到带回去的'
 '都是你们华为🐶在造谣拉仇恨，今年夏天去日本旅游时特意打听过，根本没有这回事。'
 '中国人长点记性吧！'
 '谁让日本女优不喜欢戴套的？'
 '靠，日本AV大都免套！'
 '呵呵，打脸呀[色色].啪，啪，啪，自找[石化][石化]'
 '整个东亚谁最浪心里还没点b数吗'
 '目前，梅毒是广大爱国志士们掌握的重要化学武器。'
 '这是日本一贯作风：总是包装美化本国，下作恶心他国。南京大屠杀、靖国神社、珍珠港事件等等等等……'
 '妈的，不是美国带过去日狗的吗'
 '日妓拒绝华人
发动机漏油还自燃，减配，减重
 '这不又外行吗？大东莞首先是加工业重地，不法商人在其中利用人的略根性开黄店抢钱，早打击的差不多了。黄店不是东莞的主业。'
 '旅日游客才不管这些呢
 '日本鬼举国上下都在卖吗？那去旅游的可要小心了'
 '这种自媒体带节奏新闻'
 '你爸爸干的'
 '车主说:大众he奥迪汽车烧机油
 '哈哈哈哈'
 '在中国应该都戴套的吧？'
 '女优是女优 小姐是小姐'
 '所以有病的才去日本'
 '还是苹果会玩[狗]'
 '玩具之都！'
 '估计快赶上你贱了。😁'
 '哈哈'
'这种自媒体带节奏新闻'
 '干死他'
'说得好，那些去日本购物的，给日本送钱的，都是梅毒携带者。'
 '兄弟看来去过这里，[鄙视]你老婆知道吗？'
 '是生化武器，多读点书'</comments><comments_num>954</comments_num></doc>