<?xml version='1.0' encoding='utf-8'?>
<doc><source>NetEase</source><id>16473</id><url>http://news.163.com/17/1208/00/D53FPUSA0001885B.html</url><title>外面那么冷，就该宅在家里当一个干物妹啊</title><datetime>2017-12-08 00:02</datetime><body>
就不和这个世界一样！这是三三有梗第184期。冬天，是路过商场可以听到圣诞歌的季节，常青树上挂起的璀璨小灯，说话间升腾起的白色雾气，还有走在街上可以嗅到的热气腾腾的火锅的香味。却也是冬天，精力充沛了整整三季的人们，终于回忆起了被寒冷所支配的恐惧，以及因为寒流导致肆意增长的懒惰因子而不愿挪动的肢体。加上年末的假期将至，追求自由的灵魂开始蠢蠢欲动。于是越来越多的猪猪女孩选择加入了干物女的阵营。















 她们是活跃在微博和淘宝上精致的猪猪女孩，出口成段，日常剁手，爱吃爱玩，对新番和偶像剧像外卖一般了如指掌，可她们偏偏又对生活秉持着最认真的态度，知足常乐，无拘无束。她们曾经蛰伏在庸碌的生活表象之下，小心翼翼的收起自己的懒散，直到日浦悟在《萤之光》中创造的“干物”一词横空出现。封印解除。
《萤之光》截图虽然在长辈眼中，她们日夜颠倒，依赖网络，甚至厌烦社交，是“扶不起的阿斗”，干物妹们也非常认真地喜爱着自己的生活。――“想知道你的日常生活是怎样的？”――“就是很干物的生活啊~”――“？？？”
干物女，在日语中是“鱼干”的意思，指的是认为很多事情都很麻烦而凑合着过的女性。在早期的影视作品中，她们常常以“假日时几乎都在家里睡觉，穿着高中时代的体育服装，歪斜躺在家里喝啤酒看棒球转播、DVD”的形象出现。《干物妹！小埋》截图2015年《干物妹！小埋》作为七月新番的一匹黑马，以其在外性格温柔且头脑又很好，被所有才能眷顾着的无可挑剔的美少女高中生，实际上却是披着仓鼠睡衣，好吃懒惰和沉迷ACG的废萌干物妹属性势不可挡的成为大热角色，引领着“干物女”一词被更多人所熟知。
《干物妹！小埋R》截图人们惊讶的发现原来干物妹也可以是现充，也可以优秀而熠熠生辉，生活积极而乐观，并远远违背人们贴上的“不竞争，不交际，不运动和不恋爱”的标签。介于小埋的形象太过深入人心，人们对“干物”模式的生活争议也不曾断过。比如有人说，真正的干物妹是这样的。
Flog用户@林亭佑手动再见。日浦悟创造出“干物女”的本质，并不是责怪现在的年轻女性。纵观都市圈，选择独立奋斗的女性往往非常辛苦，她们需要将自己打扮的得体漂亮，又要提高自己的职场履历与资格。干物女一族的出现是受都市圈的生活压力所致，却受到当下年轻女性的认同，因为它并不是对闭门不出的御宅生活的写照，而是号召了一种对舒适真实的个人生活方式的追求。与传统中相夫教子的贤良淑德的女性不同，干物一族的女性们往往不拘小节，追求最轻松的自处模式。她们崇尚自己的私人小空间，就像“两面派”一般尽情展现在外人面前截然不同的一面。如果说，世人对“有异性效应”的女性的印象是温柔润泽而精致的，那她们可以为了迎合自己的喜好――穿上纯棉的运动服，看刺激的八卦娱乐新闻和不辞劳苦地去吃藏匿在某个小巷的一家诱人的小餐厅――而选择独身。在当下这个物欲纵横，压力山大的社会中，选择这样的生活难道不让人心动么？那么要如何过上超凡脱俗的干物生活呢？
你需要这些干物神器。1.手机支架
淘宝这项发明更像是某个网友的一个抖机灵，简单便携，深入人心。暂且不论淘宝上低至个位数的价格，你甚至可以手工制作，然后当你美滋滋的架好你的手机和iPad，裹着柔软的小被子，屏幕那边是爱豆的盛世美颜。这大概就是不羡鸳鸯不羡仙的生活吧。2.懒人沙发
 第一次看到它的时候我是拒绝的，然而它的浑圆体魄，绝佳的使用体验和颜值百搭属性却让人沦陷。甚至你看它的名字，无需多言。3.Costco超大熊
 如果你没有一个小埋一样可以打游戏赢得奖品的哥哥，甚至不能在抓娃娃机上一展身手，可你又想拥有一个小埋同款的悲伤的大猫抱枕，那么这个曾经风靡美国的超大熊就是你的不二之选。
……虽然它会占据你一半的床位，但你看着它纯良无辜的脸，你趴在它身上好像被棉花包围的质感。一半的床位？拿去吧！4.美人鱼毯子
又是一项网红单品，有着精致的猪猪女孩们无法拒绝的像童话一般的颜值，针织的温柔粗犷却又无微不至。5.被炉
《银魂》截图终极神器，是喜爱日本作品的人绝对绝对不会陌生的。将炭火或电器等热源固定在桌下，为了不让热量外流，再在木架的上面盖上一条被褥。这，大概，就是，天堂吧？然而就像干物的宗旨便是做自己最轻松，即使有干物前辈们的倾情推荐，一切也都只是别人对这个群体的定义，你大可以选择喝着最喜欢的冰可乐或者热阿华田，坐在床上窗边，哪怕只是静静地看窗外窜过的野猫和天空中的飞鸟，从日升看到日落，只要是你选择的都好。凛冬已至，干物生活不失为一种充电，疲惫了一年的人们在这个时候放慢步伐，挣脱束缚，像孩童一般做自己最愿意做的事，不考虑世俗的眼光，不成为别人希望你变成的样子。当受到生活压力的狙击，受到别人的质疑，愿你能通过这样的生活方式，安全而肆意的自我放松。“干物”曾经被误解，而今她们终于走进了大众的视野，被更多人了解和支持。也许不久之后的未来，我们可以脱下光鲜亮丽的伪装，不失自豪地笑着说：“嗯，我就是干物妹啊。”网易新闻首发，未经授权不得转载。






 本文来源：王三三  
责任编辑：石惠心_NBJS5421 
</body><comments> '哥哥都没有你还干物妹，怕是死在家里都没人知道'
 '看成干妹妹的右上[微笑]'
 '懒就懒 还说的这么清新'
 '没有wifi，滚！'
 '接受来自王♂的摔跤邀请1、接受2、OK3、可以'
 '首先，你得有个万能的哥哥，其次，别把懒惰说的那么高大上'
 '干什么工作自由又高收入'
 '你懂的'
 '宅你吗B赶紧滚出去搬砖'
'干妹物啊[喷水]'
 '会被无数人踩在脚下再涂上一口痰。。。千万别说出来。就像女孩听麻麻的话叫乖宝宝，男的听麻麻的话那叫妈宝男。没错，底层是女权社会。'
 '死宅模式，天天和娃娃在家，冷冷的冬天哪也去不了。对，没有闲钱。'
 '妹纸你干什么物啊！哥哥有货，来干哥哥啊！'
'？？'
 '名字有点恶心了'
 '我也宅在家'
自生自灭吧'
 '可是等有钱了可能就宅不住了
 '也是价值观的问题 有很多还是会出来打工的 因为他们会觉得坐食山崩'
 '看过电视剧和电影，超级喜欢女主绫濑遥'
 '生活态度吧，也是压力的泄放。'
 '和干物妹聊不到一起
 '干物男呢。。。。。'
 '不享受懒宅在家里，真是白活了早上8.00醒来，懒到8.30，起来洗漱，喝杯热奶+面包+炒鸡蛋，然后摆盘水果、咖啡，弹奏类似卡农的吉他，玩够了打开电脑玩dota，一定要骂人喷队友的那种，玩够了，午饭把加工好的羊肉、生菜、作料、豆腐塞到砂锅里煮，吃完把鱼腌上，午觉，乐意啥时候起来啥时候起来，然后奶昔或者红酒或者白兰地或者果汁，继续上网喷队友骂人，放大招震撼游戏，玩够了，晚上豆豉蒸鱼米饭，饭后水果摆上，红酒红烧鸡翅高度白酒，打开超重音音响，打开4k电视，看教父、萨利机长、一代骄马、查理威尔逊的战争、兄弟连、敦刻尔克、动物城，最好会英语，直接看英语版的，语义完全不一样。音乐、英语不是让你谋生活的，音乐、英语是让你更精彩的享受生活！'
 '肛物男，平时人模狗样，回到家就是爆睡肛的循环'
长得漂亮有卵用
 '有木有Wi-Fi 有没有Wi-Fi 有而且耐用 五毛滴。虽然我很喜欢二次元 但是三三你这样的死宅编辑感觉很恶心，不如胖编死宅来的爽朗'
 '啥是干物妹，妹妹老是shi怎么办'
 '你问老子为什么不出去玩？老子告诉你，要是我有钱你连老子的影子都见不到[微笑]'
 '哔哩哔哩干杯（敌敌畏）'
 '干物是不是自慰？ 还尼玛干物'
 '死在家里就能进幻想乡了hh，何乐而不为
 'X二代'
'这是我唯一没有从头看到尾的三三的文章'
'一楼瞎说什么大真话！'
 '懒在家可以，不过别太脏。女生脏起来更是要命……'
 '可以宅 [大笑] 但是没有妹纸在家'
 '哥想做干妹物'
 '催稿的日子'
 '死在家里就能进幻想乡了hh，何乐而不为'
 '顶33'
 '小埋[喷水]网易的天下是90后的了'
 '那个俗称抠脚大汉'
 '看啥工作吧大概，像画师作家啥的就可以整天宅家里并且很有钱'
'跟帖不过百，三三的文章随着x生活的提高，营养也就少了。'
 '有钱还宅那不是傻逼么'
 '这TM卖火柴的小女孩吧'
 '银魂！'
 '干物女实际上说的不是宅，而是说女人生活得粗糙，身体和精神上都显得很不滋润、没有水分，所以才会像鱼干一样干巴巴的'
 '死了还想去幻想乡？做什么梦，咱们苹果🍎摊见。'
 '是不是换小编了啊。'
 '我们叫屌丝'
 '喜欢小埋'
 '[微笑]有钱才叫宅，没钱叫等死'
 '王三三的稿子只有39的回复，令人唏嘘欧[狗]'
 '王三三过气了😂'
 '干物妹不是指水少的妹子吗？'
 '啊?乖乖站好♂'
 '做个宅男宅女前，你的有个相对自由与高收入的工作，不然应该叫做穷在家[狗][狗][狗]'
 '说到底，啃老就是爹妈惯的，像我从小花钱是有限额的，超过就得算向爸妈借的，要按时还的，工作了还要算利息，所以我都不会乱花钱的，虽然有时难免羡慕那些富二拆二什么的，但到底是花自己钱不用看脸色痛快呀'
 '没有太平这样的哥哥，怎么做干物妹'
 '重点是哥哥，土间太平可是绝世好哥哥'
 '到在被窝里。不愿动。哈哈哈'
 '干物驼 王三三'
 '可是等有钱了可能就宅不住了'</comments><comments_num>842</comments_num></doc>