<?xml version='1.0' encoding='utf-8'?>
<doc><source>NetEase</source><id>46581</id><url>http://news.163.com/17/1208/22/D55RVBUM00018AOQ.html</url><title>莎普爱思要求员工不得接受采访 不准说任何消息</title><datetime>2017-12-08 22:07</datetime><body>

                    （原标题：记者直击：莎普爱思工厂仍在继续生产）
                
新华社杭州12月8日电 因被质疑滴眼液疗效，莎普爱思陷入“疗效风波”，8日，记者来到莎普爱思企业现场，发现工厂仍在继续生产。莎普爱思工厂门口。新华社记者 吴帅帅摄记者在浙江莎普爱思药业股份有限公司位于浙江省平湖市经济开发区的厂区，看到公司厂房几个烟囱白烟滚滚，公司还在生产运营。厂区主干道两旁停满了车辆，不时有快递车来往。厂区时有车辆和一些人员出入，其中一些人是来面试应聘的，但一位徐姓男子表示：“自己前来面试，却被保安回绝。”面对记者询问，一名保安表示厂区没有分管的负责人在，但厂区一切正常。“内部生产还和平常一样。”一位进场维修设备的工作人员透露。8日下午5时左右，正值公司下班高峰期，工人陆陆续续打卡下班。门口有六七个保安和公司办公室行政人员现场维持秩序，并叮嘱下班员工不得接受媒体采访。一位员工透露，事件发生后，公司要求员工不准对外说任何消息。莎普爱思厂区航拍图。新华社记者 李涛摄浙江莎普爱思药业股份有限公司董秘吴建国告诉记者，上市公司有相关规定，暂时无法透露相关细节。公司股票已经停牌，公司目前正在按照国家食药监总局和浙江省食药监局的相关要求进行内部核查，将尽快公布相关结果。浙江省食药监局和浙江省工商局相关部门在接受采访时均表示，截至目前通过各自的违法广告监测系统，没有在浙江省内监测到有关莎普爱思滴眼液的违法广告。浙江莎普爱思药业股份有限公司总部位于浙江嘉兴平湖市，2014年7月在上交所上市。



揭底莎普爱思:招股书故意向公众隐瞒"神药"黑历史莎普爱思曾多次因广告问题被处理，甚至被要求下架停售，但它在招股说明书中却隐瞒了这一事实。同时莎普爱思还有多起行贿行为被司法处理，涉及公司所在地平湖科技局的多位官员。


 本文来源：新华社新媒体专线  作者：屈凌燕 魏董华 吴帅帅
责任编辑：范姜国一_NN9138 
</body><comments> '鸿毛药酒是真的，在我们家不远的地方，好几十年了'
 '老公回来又喝醉了酒，我说了他两句，他居然还顶嘴：你干什么，我喝个酒，有什么错！当时给我气的，直接就爬到了他身上：喝醉了酒还有理了？终于两个小时之后，他在我的紧逼之下主动承认了错误！'
 '屁，所有保健品都是假保健，夸大疗效'
 '我觉得央视广告越来越不可信了网购，我也一般按销量排行，直接到第二第三页开始选。第一页都是刷出来的'
 '挺好，用着不错。'
 '中国人怕死'
 '看片撸管呀'
 '是养了这么多年！该杀年猪了！'
 '可怕的天朝病态社会，毒血横流'
 '没有绝对的善良。。。各种保健品在各大卫视播出。。。'
 '没明白 什么意思能否告知'
 '用明星吹嘘，比莆田系还坏！'
 '垃圾眼药企业。王八蛋烂透的企业。'
 '骗子横行！！！'
'退市'
 '法制有何用？'
 '郭德纲代言虚假广告，被封杀，这次是央视，怎么办？谁来封杀？全国人民一起封杀吧，我宣布，谁再看央视的节目，谁是傻比。'
'红毛药酒确实有点用，我不知道你用了如何，反正我爷爷喝了很久，骨子确实硬朗，也有可能我爷爷本来骨子就硬朗，反正还行吧'
 '白内障，看不清，莎普爱思滴眼睛，滴了更加看不清。'
 '我想知道中央电视台和代言的明星算不算帮凶？'
 '企业家和领导人'
 '这是得罪了谁，p民永远看不到真相'
 '一个私营企业，还用上机关的套路了！'
 '不按套路出牌啊 开始以为是鬼故事… 原来是屌丝意淫'
 '丹参保心茶太假了。'
 'CCTV还年年搞315晚会查别人，咋不查他们自己呢！'
 '至少人家还生产出了眼药水，赵薇只是流点水就几亿几亿的转，相比之下，这个企业还好点！'
 '哪个电视台都放，都是忽悠老百姓的'
 '精准诈骗。真的哦。'
 '这是什么啊？'
 '我们这里有位中医院的副院长告诉我，不要买天天在电视上做广告的药，说没有疗效'
 '还民众最起码的知情权！！！'
 '绝对是骗子'
'有批文就可以夸大疗效，虚假宣传了？？？'
 '墙倒众人推'
 '这是在中国，正常。
 '鸡养肥了再杀 高 实在是高'
 '央视最坏'
 '好人不长命坏人🔥千年
 '莎普爱思   买眼药水贵的准没错'
 '我滴过以后感觉不怎么样……'
 '深挖严惩'
 '家里死人不收礼，收礼就收脑白金'
 '主管机关介入！查这个混账公司'
 '这是个悲伤的故事'
 '领导信了出问题了就严重了花钱了了不了了之
 '坦白从宽，牢底坐穿；抗拒从严，回家过年'
 '苏州电视台至今广告没听过，真正可恨的是这些无良媒体，只顾赚广告费！'
 '郎平还帮它买广告。'
 '起底了'
 '我们的 摄像头 跟针一样小，很隐蔽，用来偷看她人沐浴，绝对安全，'
 '放你妈的屁 你去欧美看看'
 '一个已经是路人皆知的骗子，却还自由自在地活着，这才是神奇的地方'
 '电视上长时间吹广告的药，随便找一个药复查，有疗效我吃翔！'
 '没毛病'
 '这都不重要，我就想知道怎么才能屏蔽陈小春，张家辉，古天乐，孙红雷与刘烨这五个傻逼'
 '电视台为了钱什么都干得出来，没有底线'
 '中药一刀切，没错'
 '老乡，诶，你好，麻烦开下门！大冬天的小区家家送个暖水袋！'
 '舒筋健腰丸，'
 '一只黑猫
 '虚假广告特多，我们信哪个！'
 '好，制假窝点终于被断掉。'
 '这就是我们中国的内信息……当你不知道时让它们说的真神，突然有一天你又知到了事实，好可怕呀！这不是拿人做试验吗……可想我们国家那些安检和科研的究竟是人还是獸？？？'
 '热搜了'
'我们这一位老中医，一般的病4，5元钱的药就好了，从不打广告，十里八乡的人都来看！！！'
 '曹清华我妈妈买了2000块钱，吃了没效果'
 '跟贴被火星网友带走啦~'
'最暴利的产品，吃用不会死，但不治病，不保健。别问我为什么知道，我在药店兼职过，20块进货的产品，卖300块，很多只是一些植物淀粉。'
'应该取消电视台做广告。'
 '唉唉唉唉'
 '也该换换黑毛药酒了'
 '真能治病不需要做广告'
 '我只负责收钱。'
 '难道没有国家食药监管部门的批文就临床施用了吗？天国太不可思议了。'
 '思修写的都是假的吗？'
 '我强烈建议：“鸿茅药酒”、“天草丹心茶”、“曹清华”，出来为莎普爱思评个理！'
 '就这样被你骗了很多年'
 '骗子国度不骗就不正常了！'
 '葛洪桂花药膏，鸿毛药酒，曹风湿关节，肾宝…'
 '有钱能使鬼推磨！这边在口诛笔伐，那边大的电视台仍在大张旗鼓的推荐。'
 '和Sb谈逻辑，不是拉低自己的层次么'
 '看这垃圾名字就不是好东西'
 '中央电视台还在打着广告呢！'
 '至少人家创造了就业岗位，大牌明星一个人赚几个亿有人说么？~'
 '卖保健品没事，但你卖保健品却宣称能治病，这特么是害死人的，本来应该及时就医，做白内障手术的，却信了广告，耽误了病情，白花了钱。万一病情恶化，造成眼球病变，患者后半生都瞎了！！！！'
 '锅假通病'
 '马上莎普爱思的天就要塌了'
 '哥伦比威[窃笑]'
 '明白人'
 '在中国，越黑心越发财，越无德官越大，越无耻越容易骗别人钱财'
 '现在的保安不管哪里的，都是恶狗啊'
 '握草，骚年走心了啊。'
 '有钱能使鬼推磨！'
 '换换换
 '坑蒙拐骗也能上市！这是天朝奇葩！'
 '骗子横行'
 '骗子满天飞，电视台是帮凶，放屁的功夫都有插播骗人的广告，这事可没人管了，呵呵吧'
'不准员工接受采访，这是很正常的公共关系行为'
 '二楼大傻逼，大瞎逼'
 '很奇怪的事产品第一天上市没有检验结果?既然有问题这么长时间干嘛了'
 '看了你们所有人的跟帖，我只想说，伱们女马被狗曰了，生了伱们这些傻叉！👿😉😊☺😘😖😔😓我曰伱们的女马麦劈！'
 '电视上还在播出呢？'
 '已屏蔽'
 '给钱就干'
 '你TMD，我奶奶还用过很多你们的产品，现在都瞎了'
'老铁你这个评论绝对是亮点'
 '凡是在电视上打洗脑式广告的，都不是好东西，不止药'
 '这个没问题，企业有统一的对外口径。垃圾媒体那么多，难免遇见网易这样的[大笑]'
 '白内障，看不清，莎普爱思滴滴滴'
 '收藏了'
 '这次如果不拿电视台开刀没用！而且要狠才有效'
 '不曝光，我还真以为是神药。不过云南白药牙膏是真的好，我哥用上之后，以前爱长口腔溃疡的口腔变好了'
 '市场销售，央视广告这么多年了，官理者，央视就没有责任吗？莎普爱思对白内障没有疗效，医疗界不知道吗？是不是应该到位的钱没有及时到位，所以被查。'
 '狗东西一个'
'鸿茅药酒打着国家品牌计划[鄙视][鄙视]'
 '请翻朋友圈：5零酒 55 酒衣7
 '不怕，有强有力的后盾，还有CCTV大力支持！'
 '假药造车'
 '如果是真的，好热心'
 '我们躺枪了么'
'早该查了'
 '人家确实牛逼，咱们做生意都要产品有竞争力才敢投资。人家这随便拿个东西就能做这么大规模'
'彻查莎普爱思'
 '正常，骗子企业都是统一口径对外忽悠百姓，欺骗百姓得。'
 '打开电视很多这样的虚假医药广告，特别是一些地方台，难道有关部门不看电视'
 '药监局。。。。呵呵呵'
 '顶一个'
 '这真的很中国'
 '验证后台实力的时候到了，养兵千日，用在一时。'
 '最暴利的产品，吃用不会死，但不治病，不保健。别问我为什么知道，我在药店兼职过，20块进货的产品，卖300块，很多只是一些植物淀粉。'
 '给钱上贡，什么工商，税务，消防，卫生…都不查，这么多年了，你们眼瞎了吗？没伺候好，一群白眼狼就来查了，杀一敬百，看你们谁敢不孝敬'
 '是不是假药，我前几天买了一盒能不能退。'
 '皇尚老儿罩着的企业你们都敢治？'
'连治病救人的药都有假的'
 '中央电视台最坑人，什么有名的假广告都是它率先发起的。'
 '烟囱白烟滚滚'
 '就怕有人上当'
 '当年也是因为经不起诱惑，才被坑了几十年，教训深刻啊。
 '什么风都不中，还得发动人民群众，来给那些坏家伙以革命，打倒那些牛鬼蛇神'
 '它那届发审委员今安在?😤'
 '任何一个单位，都要有统一的对外发言人，不管是真话还是假话，任何个人的言论，只能代表个人观点！'
'一合眼药水卖50块，嘴巴张的太宽。该'
'三楼不懂黑色幽默！'
 '哪个什么鸿茅药酒说自己是自己是国酒，估计也是坑'
 '不看疗效看广告。'
 '赚够了，交出来吧！然后换一批骗子护持！'
'电视台 工商局 出来走两步'
 '死透彻了，股票敢复盘，就查几个地板了'
 '昨天还有人给我推荐正宇控股集团了'
 '在一片打假声中，能发这么多年！挺牛的！谁的错？！知识or责任？[车珠子]'
'真恶心专门骗老年人还用老年人的眼睛   严查贿赂'
 '这个烟草是典范'
 '审核、监管平时不知道在干嘛？现在一曝光，各路神仙全部出动了！'
 '汇仁肾宝，舒筋健药丸'
 '陈李济咳喘顺丸，舒筋健腰丸'
 '广而告之'
 '监管部门全部下岗，换有能力的人上。'
 '搞不好全都是问题产品。'
 '扭曲的价值观'
 '旺旺吃了多年没旺'
'浙江省食药监局和浙江省工商局相关部门在接受采访时均表示，截至目前通过各自的违法广告监测系统，没有在浙江省内监测到有关莎普爱思滴眼液的违法广告。你们是管广告？？？'
 '后面的官爷倒了吧，真是把老百姓当煞笔玩弄。'
 '国企早就明文规定了，议论公司决定和敏感事件属于“违纪”，发生事故第一件事就是开会告诉所有员工封嘴。'
 '凡狂轰烂炸似的广告产品一律谢绝！'
 '给莎普爱思代言的那个谁呢，'
 '其实中国很多的东西都是广告效应而已，那每个人都用的手机来说，o v 两家手机企业，广告那是铺天盖地，请了各种当红明星，实际的科技方面倒是没有看到有什么出色的表现。误于当代人觉得广告越多产品就越好，事实呢。'
 '哈。'
 '[狗][羞羞][鄙视]'
 '莎普爱思惹谁了，中国哪种药不是安慰药？'
 '重庆电视台也在播'
 '国家卫计委，睡小三儿去了吧？！'
 '由此可见我们医药审核多么儿戏！'
 '鸿茅药酒会不会是下一个？'
 '又一站错队的企业而已，笑笑就散了吧。
 '这么肥的鸡，上税大户，不舍得杀了啊'
 '你在另一个星球？'
 '就没人出来负责任吗'
 '精准诈骗。'
 '让我们静待官员如何编吧'
 '现在随随便便一盒眼药水都卖几十块钱[晕]tmd!
 '出了事不用召回，不用赔偿消费者，无底洞啊'
'虚假广告，害死人，眼睛不是小事，这样的上市公司必须深究彻查！'
 '其实眼药水还是有点效果的，除了眼药水，生理盐水的量也很大，主要可能涉及行贿的问题比较大，而且是上市公司，我们这里涉及行贿只要曝光了，肯定没有好结果。'
 '有关部门出了什么事的时候不也是一样吗？'
 '是哪个背后撑腰的落马了？
 '鬼龙药膏'
'不是回复主题的回复却感动了我。'
 '还有极草。小灌茶'
'是他'
 '🐧'
 '懂的懂得'
 '其他广告也一样，只不过你还没拆穿，反正我现在是不相信任何广告的
 '老家大山里一个老人，用他的药治好了无数病人，连大医院无法救治的大病人在他那里半年就治好了，从不让人宣传，他只治有缘人！！！'
 '讲个笑话 中国有食药监管'
 '暂停虚假广告的宣传是其一，第二，药类产品基本属于物价局脱管区域。不是职能部门不作为，是不想作为。
 '郭德纲做了个虚假广告被骂了好几年。'
 '但愿是个多米诺骨牌，让那些没有疗效的生发精之类都重新进行临床试验一试真假疗效，切实维护消费者权益！
 '记者说：看到公司厂房几个烟囱白烟滚滚。请问是在哪里看到的。能说你这是假新闻吗？'
 '不作声就没事了？'
 '陶宝的假东西有沒人管？'
 '脑白金欺骗了这么多年就是没有人管你们收了什么好处费了！从各个大城市到农村又回到北京明目张胆。小罐茶，你们买多少钱一小罐能够一两？每天在电视台播视频不用化消。'
 '养肥了可以吃了'
 '还请了老头老太，说的跟真的一样'
 '这样医药企业就该破产倒闭'
 '莎普爱思马勒戈壁！太无耻下流了连老年人也不放过。麻辣隔壁！让它们播出广告的更他妈的无耻卑鄙！
 '首先应把央视广告关了！作为国家首都，带头说假造假，把负责人抓去坐牢也不为过，免得整天忽悠老百性。'
 '我们的浙江台，脂粉气浓重，更加脑残，我已经不看了。'
 '老白金都播多少年了 有人管过吗'
 '公司要求员工不准对外说任何消息。言论自由……'
 '中央电视台打广告的，怎么处理？'
 '为社么熬夜'
'收钱了'
 '没有鸟用的垃圾药多的很'
 '都是骗子霸占了银屏'
 '中央人民广播电台也天天播'
 '这个嘛……肯定是秘密、是一个大秘密❗️❗️❗️.'
 '哪个不是这样??'
 '南充的那个吃不上假药，病情加重了。'
 '淘宝呢？这个啥时候查查？'
 '一声叹息，知（   ）而（     ）。'
 '光对一个企业穷追猛打是不够的，应该同时追究审核、审批者、监管者、推波助澜的不良媒体的责任，这样才能还老百姓一个干干净净的市场！！！'
 '浙江的企业都是这个样，能骗就骗'
'电视台就是最大的帮凶'
 '灵丹妙药也敢打广告，所以该。。。。。。'
 '鬼知道可能就是生理盐水加抗生素啊！还好，我没用眼药水的习惯！不过，我是不信这个药企挣钱是干净的！'
 '为给做广告，要重罚！
'葛洪药膏、天草丹参保心茶'
 '尼玛，这种公司都可以上市，监管城都是猪啊，丧尽天良
 '害人害国'
 '一套软件'
 '然而你依旧是那个开挖机的屌丝'
 '看评论'
 '我觉得都是可以允许的，要是央视不打广告没赚够钱倒闭了怎么办，就靠央视每天的新闻联播支撑自己活在梦里，继续更好的当羊开心的被薅着羊毛'
 '莎普爱思的广告最假'
 '楼上的，别这么不专业，看你IP是江西的，你改成 众泰汉腾事业部，这样更靠谱，我们的汉腾制造基地是在你们江西'
 '临床试验当初就是做的假。所有的眼科医生都非常反感的一种药，根本就无任何作用。'
 '所谓上行下效'
 '草是胶囊吧。药酒是每天两口。'
 '这种搞虚假宣传的企业就应该倒闭，因为他的初衷就是欺诈来百姓还自我意淫是中国良心企业！这种企业比那些明目张胆欺诈的企业还可恶！
 '养肥了，马上要过年了，该宰了，零😂到好过年'
 '中国的神药多了去了'
 '有没有疗效看广告'
 '难道是他？'
 '都不吭气'
 '垃圾🇨🇳 垃圾管理者'
 '苏州九龙医院有事没事就开一大堆贵的蒲地蓝中成药💊给患者，其实道理和莎普爱思也是一样的，只不过一个直接买，一个医院开而已。'
 '我只关心刚抄底就停牌，复盘会有多少个地板[大哭]'
 '央视的广告还在继续'
 '铲除假药，铲除暴利！'
'至少人家创造了就业岗位，大牌明星一个人赚几个亿有人说么？~'
 '又不是白打了。'
 '广告的不治病，治病的不广告
 '呵呵'
 '央视都有'
 '员工多可怕，为了钱，'
 '接是'
 '一个新药研究年投入仅仅350万的企业，广告费用高达数亿元，你说自己是一个正经研发企业有人信？
 '这算什么，前脚收广告费，后脚揭露黑幕。中央台也是极不负责任的。'
 '还有那个祥康酒，也是坑老年人的[可怜]'
 '老鼠药不是安慰药'
 '《外来媳妇本地郎》那对死老头最恶心！！！！'
 '无良企业，无良媒体平台'
'偏重'
'要说挣钱！谁敢跟央视比啊！'
'不能看广告，看疗程'
 '他们不去放广告 央屎拿什么发工资 吃什么 地方台几百万的广告 到央屎 没有亿以上免谈 大家都是利益第一 管你是什么药 吃不死人 就可以'
 '我爸一直用'
 '顽抗'
 '口上无德，一生无福'
 '这个公司上班的   都应该判刑！'
 'CCAV播放了那么多年的广告了，是不是该负点责？'
 '真相了
 '虚假广告满天飞'
 '其他虚假广告还不是天天播。。利益集团产物'
 '一看就是莆田系
 '脑白金是保健品啊大哥'
 '白内障看不清 莎普爱思滴滴滴'
 '真出事了，早很多年前我觉得怎么白内障还能用眼药滴好，感觉应该是骗人的，带着这种疑惑没想到今年还真得解开我这疑惑了'
 '按道理说药品是不能打广告的，我们的法律还是不够健全'
 '惊不惊喜？意不意外？surprise！'
 '老子天天用，用了眼睛看东西都看不清楚了，现在找哪个人陪我眼睛'
'鸿茅药酒香丹清'
 '我就想知道你在哪学的挖掘机？'
 '真的哦'
 '白内障有得医[窃笑][窃笑]'
 '市场无效监管多如牛毛！养着一帮蛀虫！'
 '白内障看不清，莎普爱思滴眼睛，'
 '4楼这货说的是人话吗？为了不让工人失业，就开厂造假药？'
 '浙江企业造假严重'
 '内部核查，监管是多么的＂给力＂'
 '先查电视台，工商局，食药监局！'
 '47味中药！'
 '那些为该公司代言广告的名人明星也应该查一下，让他们也承担法律责任，还广大老百姓一个公道'
 '来一片！自'
 '浙江省食药监局和浙江省工商局相关部门在接受采访时均表示，截至目前通过各自的违法广告监测系统，没有在浙江省内监测到有关莎普爱思滴眼液的违法广告
 '三类东西应该禁止广告：药品、香烟、酒类'
 '1818，小强热线广告打的响着呢'
 '中国最美妙的词汇都让广告给挖出来了，真佩服。'
 '难道广电部这些官员下班不回家到酒会喝小大酒！难道非要老百姓指出来你们还是不听，一批批应该被肃整的东西！他们害百姓你们是帮凶。'
'保时泰真牛逼'
 '黑的要命'
'就在我家这边，平湖的耻辱'
 '先管管央视的吧。足力健穿上就起飞了'
 '也害了几个亿人延误病情或被误导了吧？白内障除了手术，药物还治疗不了
 '所有的药企都是暴利'
 '莎普爱思只不过把药卖的贵了点，又没卖假药，有什么可骂的，你卖东西不想卖的贵？'
 '产品好不好不重要，营销好不好才是最重要。'
 '那为何日本没啥软用的酵素纳豆也这么有名 还有美国的维生素骗局 到现在还在占领整个保健商品市场'
 '那样的企业就应该去屎！
 '……'
 '问责中央电视台，只收钱不管真假，出了事一推了之。'
 '百度查个病前三都是软文广告，不信你搜'
 '这个国家毫无信任'
 '以前还有铁皮石斛'
 '药监局，哎'
 '这样的微信医生也多，待会就爆出微信了，网易封杀这样的黑衣'
 '国家法律规定，药品是不能退的'
 '傻仆爱死，滴滴好势利…'
 '没有电视机的路过'
'在YB上看广告是享受，在我们视频网站大多数广告太垃圾了！'
 '这种企业应该好好查查，特别是广告，这类骗人的广告太多了，就像深圳的电视台都用主持人帮着做广告，像董超，洪涛等，人家喜欢看主持人的节目自然也会上当受骗，还有这些打药品的，国家不是早就不让什么专家名人代打广告，为什么现在电视上还这么多人在打？什么葛洪牌药膏之类的，巡视组为什么不进驻广电总局电视台查查，尽是广告节目，人家百姓花钱看电视尽看些你们赚钱的骗人广告？'
 '屌丝，她让你睡觉是为了让你成绩更差，好让她男朋友名次更靠前。你以为当时追她就能到手？她连身后通宵睡觉的是谁都不知道'
 '停播损失谁陪'
 '浙江温州皮革厂？  注意语气和用词   你是哪家企业老板啊'
 '我马上把它开除，各位放心哈'
 '丹参保心茶？'
 '怎么？挣钱挣多了还犯法？你懂什么是大明星么。一部作品背后少说几百人。你个蠢狗'
 '能治病的，做不起广告，不能治病的广告铺天盖地，还不需要追责'
 '真的好'
 '100%是个大坑！老头腰腿疼喝了几次不但腰腿疼没治好，身上一个几十年的旧疮复发最后动手术'
 '最坑的浙江和福建企业'
 '那个做广告代的女人，是不是该出来走两步儿 .......'
'香丹清治疗顽固便秘很好用，救了我母亲的命，再也不用去医院灌肠了。这是我第一次发表评论特意注册的账号。'
 '难得，还有人天天看电视。'
 '坑了这么多年的东西国家也不管管'
 '这就是想挣大妈的钱不可能，骗他们的钱却很容易，这些企业就是顺应他们的要求产生的'
 '这些岗位有什么用，不如直接让那些白内障的老人捐钱给这些人'
 '所以呢 为啥媒体就不能引导人去思考监管部门的责任？ 为啥，怕什么，为啥这东西能过审核打广告
 '郭嘉不管天诛地灭'
'哦，'
 '有多少人都是因为明星代言才去买的，也因为名人的效应才使产品卖的更多更快，名人明星没有一点责任能说得过去吗？'
 '还有没有人管？还让不让人活？'
 '广告费不要钱啊'
 '哈哈哈'
 '有问题'
 '这个事分成4步曲，第一步停了广告，第二步给涉事企业罚款，第三步过个一年半载的调查，给电视台相关领导罚酒3杯。第四步莎普爱思变成爱思莎普继续打广告骗人。要不是最近要整风气，查的严，第三步都可以直接跳过。'
 '关键怎么通过审批的？垃圾
 'MLGBD
 '现在黑企业，黑某个人，都是有组织，有预谋，有竞争性目的的。莎普这么多年没啥事，这几天突然成了焦点，没别的原因，因为有人想整他（和他背后的金主）。'
 '每天19点那个最假！'
 '以前是科技水平低，随便忽悠忽悠大家就信了，也不会去查证。'
 '彻查'
 '假药集团还能上市？真是牵涉广大'
 '套现4.3亿已说明一切！
 '厂家希望十三亿人都滴它那它就发了
 '我看广告差点都TM信了！'
'喂，醒醒'
 '中国人好骗'
'百分之九十都给了央屎和国家其它媒体了。'
 '上头关照，有难同当'
 '最大的骗子是猛猛店视台～'
 '那老不要脸的，你还没习惯？'
 '谁买谁煞笔'
'看清楚，是ccav还是cctv?'
 '业熊了'
 '把郎平找出来，看看它到底收了多少昩心钱？
 '这个女同学我干了……'
 '国家的宣传机械(电视台，广播电台)帮助无良企业丶无良商人骗老百姓，也许他们有共同的利益，你懂的。'
 '播了多少年了 现在才查 就因为一篇文章？食药那群废物留着还有什么用？'
 '应该罚到他破产'
 '一个药品监督案。被你评论出我的一个伤感记忆'
 '跟针一样小，很隐蔽，用来偷看她人沐浴，绝对安全，请翻朋友圈：5零酒 55 酒衣7'
 '该查查央视黑幕了，没有你们，人家会火?'
 '武汉东西湖蔡甸一些鬼东西抽着水烟卖着保健品和连生产批号都没有的药相关部门其乐融融好不惬意'
 '没有问题干嘛阻止员工透露'
 '云南白药'
 'CCAV还在播放'
 '人妻好玩
 '保护费就是不一样'
 '国内有哪些药有疗效的？一个普通的治疗咳嗽的药品，国内当饭吃都没用，人家泰国的那个药吃几次就好了。真尼玛币丢人'
 '这点泰国做得比较好，泰国广告不准卖药'
 '哎啊'
 '看看其成分，可怜那些被蒙的中老年朋友，这么多年没把眼睛弄瞎了。'
 '它们太无耻，难道这么多电视媒体和大裤衩是美国人控制的，，，'
 '前段时间听人说莎普爱思能治老年白内障，我到药店花很贵的钱买了一瓶，给我母亲用，没看到有效果，就是一个心里作用，可恶的虚假广告，骗人。'
 '好像是卖狗皮膏药的 治疗腰椎键盘突出什么的'
 '那谁，谁，谁出来'
'你看这国家多和谐'
 '妈的，我前一个月还买的滴眼液'
 '你看的辽宁台都市频道吧'
 '二楼是语气问题，但也是这几十年的事实，这版图内那个地方没假？体制怎么对待？十万样假只罚一两样，还雷声大雨点小，工商总局爆马云两次数据，又能如何？罚过？淘宝没假了？大家离开键盘时，请面对现实吧，多培养一下自己的辩假能力'
 '拿人钱手软'
 '药监局到哪里去了？'
 '你是在说燕子吗？'
 '嗯，很有可能是哪位领导的妈听了广告耽误了治疗，瞎了。'
 '俺后面有人，谁不服站出来挑我后面的老大！'
 '应该把广东卫视的所有广告都揭个底，全骗老弱病残的缺德货'
 '领导被吃坏了。'
 '无人耻辱的社会'
 '是哪家电视台在打广告，害老百姓，是哪个婆娘帮他吹牛，中间得了多钱？一群狼狈为奸的日本后代！！！！！！！！！！！'
 '得罪谁了吧'
 '马应龙'
 '我发现四川南充那个逼再说自己是狗，没文化真可怕，骂人还带自损的？'
 '还有员工，还在生产，为什么不是立马查封呢？'
 '这是个网页，有很多国家的，快去看吧。'
 '说得轻松，骗了老百姓这么多钱，还耽误了最佳治疗机会，这个不严重吗，跟就业岗位比个毛，你丫开个公司不招人啊，一个人干全厂啊'
 '美国是个什么样的国家，其实大家心知肚明，之所以恨美国，是因为害怕他的正义，就象街头的混混总是最怕最恨那些见义勇为者一样。因此，特权阶层缺乏的并不是智商，而是做人的良知；而每天吃着地沟油交着不明不白的血汗钱，整天为生计奔波而被大盖帽赶得四处躲的屁民们跟着骂美国，则显然是智商问题了。'
 '鸿茅药酒，脑白金保健品，曹清华，莎普爱思是当药品，无疗效这耽误治病。'
 '是否有那么多那么明显疗效，国家检测实验室检验不了么？'
 '好视力眼贴，跟莎普爱思一个套路，为何不查？'
 '胡乱吃药酒伤肾最后两只肾坏死。，以前七十八十年代完全没现在那么多肾衰竭的'
 '[暴怒]'
 '看你、你们几时完。'
 '这只是冰山一角，类似的药企多了去了，只不过他的广告打得太洗脑太吸引人罢了。就和当年的脑白金太阳神一样。'
 '不需要翻了墙大家看美国的： t.cn/RTve3KF'
'莎普爱思眼药水就是医药骗子，还明目张胆在中央电视台打广告，而且还是体坛明星，我周边很多人用过，根本没有任何作用！对眼睛还有剌激，一瓶眼药水50元，什么神奇药水，耽误病情，应重点严厉惩罚！'
 '好多白内障病人因为广告滴眼药水错过手术最佳时期，并发了青光眼，怪谁？'
 '知道什么是保健品吗，首先是无害。有没有效不重要。古人说，是药三分毒，这话对西药同样适用。那么问题来了，药物治不好的病，指望完全无害、无副作用的保健品，是不是想多了？要是保健品像宣传的那么神奇，那要制药厂和医院做什么？别人为了推销无限夸大，那么信以为真的人是不是不够聪明？'
 '是时候拉个日本企业来批斗了'
 '大家都读没读过真正的马克思主义？事实上真正的马克思主义和你们所熟知的 不是一回事，那么，怨谁？'
 '你小心点，什么致癌，这叫千金买醉。时代不同了，十元买不了醉了。只有做梦了'
 '发生了什么
 '这就是上市公司的真实写照'
 '虚假广告害人啊！'
 '浙江台《老娘舅》主持人阿康每天还在播！省工商局不知道？？'
 '我们的确很了不起了。在家'
 '后台这么硬'
 '这样的良心企业叫它倒闭吧，CCAv最坏'
 '领导没有买通前不要乱说话，撒谎也要有计划的'
 '领导会用国产药，开什么玩笑'
 '电视台作为国家媒体公开播放虚假广告，然后一转身，我们必须牢固树立……你让老百姓怎么想？'
 '莎普爱思滴眼睛，会有点痛哦！人家都说实话了，没骗你们啊[微笑]'
 '谎言重复多次真的会有瓜娃子相信，特别是那个鸿茅药酒，估计90%的成本都是广告费，傻瓜们就傻喝吧。。'
 '脑白金越吃越脑残，但是人家说了只是保健品，算是打了擦边球，曹清华这些都说是药，这就骗的彻底了'
'又有事了'
 '这些不过是畸形的产物，不是造成畸形的原因。体制不改，产物只会越来越多。今天关了脑白金，明天就出脑黑金，关键不在于脑白金做错了什么，而在于有人指着脑白金赚钱。这钱不是一个人分，有多少人分钱，就有多少人提供保护，人多到极致，就等于这个国家在为这些畸形产物提供保护！你要关掉整个国家吗？'
 '莎普爱思广告还在满天做，各地方监管有不言之痛吧…'
 '昨天才知鸿毛药酒是药，奶奶的过节如拎了上门做客多不好'
 '拉七晒呢D无良商家啦'
 '哪个单位不这样？有必要这么黑？'
 '你了解达州这个地方吗？'
 '做企业今年极其艰难，请管、教、治、护结合，关停是要成为社会的罪人的，我是小微，我为我的50个工人和家庭代言……'
 '钱💰💰💰💰💰💰💰💰💰💰💰💰'
 '所以骗了这么多年不倒'
 '央屎就是皮条客！'
 '在天朝，钱是王道
 '一天到晚喊“反谣”，可登出“亩产万斤”的报纸不查封、播出“1100道检测关”的电视台不查封、一天到晚骗子保健品、药品广告的电视台不停播、声称自己产品能延寿10%的药厂不查封。。。艹'
 '鸿茅药酒最傻 b'
 '我买过曹清华，没什么效果，很贵。我想起诉，广大网友支持我就好了。有支持的点赞回复。'
 '众泰李鬼已经当的心安理得，是非不分了。'
 '据说，很多国家都补允许药品广告'
 '不准乱说，乱说话的，铁榔头招呼！'
 '绝对是韩国人干的公司，抵制韩国抵制日本'
'找郎平'
 '可能'
 '这不正常吗？'
 '白内障看不清莎普爱思滴滴滴，这广告词唱的我都想吐了'
 '可恶 可恼 可耻
 '食品药品三天两头出事，不知道食药监是干啥用的'
 '祸害大的很，耽误治病，祸害科研，扰乱法制，培养腐败，贿赂成风，最可恨的是愚民。'
'这个是外企？'
 '全社会都在骗老人的钱[疲惫]'
 '国家平台成就国家品牌，央视的广告'
 '马云龙'
 '光说不管用。收集证据。'
 '香丹青贵的要死。'
 '醒醒，憋做梦了。'
 '电信诈骗创造的就业岗位比这还多呢，你怎么不说啊？中国这么多就业岗位，少你一个假药厂要政变不成？脑残就安心在家养病，别出来秀智商啦！'
 '都还在隐瞒！这是谁在作怪？'
 '是指导排球那位代言的吧'
 '央视宣传过的东西害死人的还少吗？可曾付过责任？算了，别提这茬了，凭空给自己找气受！'
 '莎普爱思，滴出一片天'
 '现在是电视台不能信，报纸不能信，组织不能信，银行不能信，食品不能信……能天朝能信个jb'
 '你就别说五千年文化了，五千年的文化教出来的人都是骗、贪。无语。'
 '还有那个脑白金脑白金。。。，其实就是安眠药。。。吃了睡眠才好。'
 '妈的，老子差点就相信了！'
 '国内全是本着吸血的原则干企业的。'
 '广告还在打呢。白内障如果滴你就滴好了，还要人工晶体干嘛'
 '中央广播电台一天广告不下十次…'
 '为啥知法犯法还在中央电视台'
 '坑这么多年了该端掉了'
 '还有碧生源减肥茶，老人鞋之类'
 '上周开会还遇见徐伟雄了！想来的话，快点！哈哈'
 '全民都一样，各行各业'
 '又是一个靠着忽悠起家的假药作坊，利用金钱万能的理论，竟然冠冕堂皇的上了党把持电视台！'
 '最坏的是脑白金，完全就是个畜牲啊，弄到钱之后又去搞游戏。'
 '之前还有冬虫夏草。有钱能使磨推鬼。建议研究确立有效的各机关单位追责机制，每一次审批都要绑定责任人，终身问责有效机制'
 '陵道🈶️特工，不会吃这种东西的'
 '事情定性后，一定要穷追猛打背后的审核、审批者、监管者、不良媒体的责任，否则今天出个“莎普爱思”，明天就回出个“莎普爱想”，层出不穷！！！'
 '禁穆令？'
 '退市'
 '又一个垮了。。'
 '中必赢。。。。。
 '恩 恩 心态好'
 '暴挣病人的钱最容易，缺德总能不缺钱！'
'中央电视台还在打着广告呢！'
 'CCAV广告呢？'
 '你们又是在演哪出'
 '还用说？'
 '结果本来骚年可以上厦大的，最后上了集大'
 '药品不能投放广告，像香烟一样'
 '有多少利益集团当保护伞'
 '我们的 摄像机 跟针一样小，很隐蔽，用来偷看她人沐浴，绝对安全，请翻朋友圈：5零酒 55 酒衣7'
 '到A市来作假圈钱就不是几个亿的事情了'
 '利益面前。中央电视台也是食人间烟火的'
 '尤其是脑白金！祸害国人十几年如一日！'
 '安徽卫视还在播放违广告。强烈要求国家广电总局出面制止。'
'好东西'
 '呵呵 领导会用这药？
 '你告诉我这个企业所谓失业人口能有多少人，又有多少人可以是这个厂不干到那个厂干的基层工人，只要是好好做事的在浙江这个民营企业如牛毛的地方能失业？我义乌的厂年年为招好工人头疼。你再反过来给哥算算一坑坑多少人坑多少钱来养活个把你这种异想天开想钱想疯的人'
 '一个国家电视台，天天放这比玩意'
 '电视台脱不了干系'
 '都是钱的路上'
 '这是要找死里弄啊。'
 '中央:台:愚弄百姓:太多太多'
 '我只记得我曾经用过几毛钱的眼药水和脚气水，用过是有效果的，但是现在药店都没有卖的了，因为没利润！现在的药贵也罢了，能治病还好，但是现在是贵而无用！'
 '没用，莆田系查了几年了，这不还在害人'
 '。。'
 '到处是假货，尼玛还有什么是真的啊，我们就活在一个只能生产假货的国度了'
 'surprise？'
'少来！她是为了你后座的我'
'假药停'
 '各种理由宰肥羊……'
 '应该立法禁止酒、药品做广告。'
 '中央台也参与者必须查封！'
 '看你学到什么了，郭德纲说的有道理，听几段相声就学坏了？少来，你本来就是那玩意儿。'
 '这不还是谈了吗？'
 '贩毒集团也解决很多人就业问题，国家是不是要保护它?Sb逻辑。'
 '枪打出头鸟，在中国见好就收'
 '广告做的普天盖地，医院是不敢用的'
 '中国电视台都是国家财政也就是人民的缴税支持的，但它们还作广告赚钱。'
 '莎普爱思 郎平的专业骗人平台'
 '继续发广告是因为合同还没到期😏'
 '端掉了消费者白花的钱还要补偿吧，不能这么就算了啊！要是有问题不罚个倾家荡产好像对不起广大消费者（病患）！'
 '不能同意更多！'
 '广告卖假药，央屎是帮凶
 '无限极说要死的人，吃了十粒灵芝皇，马上能开口说话，第二天就能吃能喝了，，，，，，听到笑死我了'
 '哪个都一样'
 '专坑国人'
 '中央台就是帮凶，参照E租宝'
'这碗鸡汤我干了'
 '补肺丸，一年四季好喘气'
 '药品保健品不能代言
 '也有可能是领导直系亲戚被耽搁了'
 '说白了，就是各地的食药监管部门在养鱼钓鱼“执法”，不断地收获额外利益。记得公路交警罚款的招数吗？超重车辆交钱后，并不要求司机卸货，放了，下一个检查站的弟兄们接着罚，大家有钱赚。 在这种欺诈神药广告案子里，监管部门的负责人第一个必须被绳之以法，药企罚他到破产，追究代言名人的法律责任！'
 '夸大疗效难道不是卖假药的！！'
 '瓜子二手车涉嫌虚假宣传，被人用数据打脸了，人家重新配音，改了广告词，还不是一样在央视刷的飞起
 '一篇文章就被拉下神坛，丁香医生牛逼'
 '还有员工，还是早该解散了吗。'
 '早上央视还在播出广告，是新华社与央视对掐吗？好像中国有司法、有药监，站出来走二步的应该是他们，反而是新华社记者冲在第一线。TMD，越看越像 幕后大神 在较量，我真蒙了。'
 '停牌了  一开盘又一个骗子就倒下了'
 '，，，，，，'
'领导滴了莎普爱思没治好，大发雷霆，所以……'
 '这个倒也正常，一些部门出点事，记者去受访，也不是照样吃闭门羹。'
 '企业倒了你们这些王八员工上哪混饭吃？'
 '要求企业内部核查？最后结果一片大好！欺诈犯罪行为得到声张！看看人家浙江的地方保护多牛！'
 '是的，估计都假的，欺骗消费者不知多少年了'
 '这背景真硬啊'
 '是不是应该向查百度一样去查查央视'
'就事论事，广告里用小字说明产品局限的多了去了，凭这一条最多罚点款。至于耽误最佳治疗时间，那是消费者自己没仔细看说明书，很难直接追究厂商责任。这事儿最后能给企业造成最大伤害的途径大概是股价暴跌，望广大股民努力。'
 '这是中国真正的噩梦！'
 '中央电视台才是最大的帮凶'
'只要💰到位广告随便打[狗][狗][狗][狗]'
 '卖30多的莎普爱思因为疗效问题成为落水狗，那么请有关部门管一管那些多则上万少则几千的专坑老人的保健品吧！'
 '前几天的一个小新闻今天竟然开专题'
 '一假一大片，哎。'
 '实话说，郎平没责任！因为沙普爱思和三鹿一样，浑身都是合格证，不是普通人能识破的，倒是应该查一查，这种“药”是怎么获得食药监合格证的'
直到10月12日我请来中大医院邱海波副院长会诊，他们才给我爸做了增强CT。我请邱海波來会诊的目的就是想是推动他们积极治疗。他问我请邱海波來解決什么问題，我说是救我爸命。增加CT，确诊病情，肝静脉血管破裂，血液冲入腹腔继发感染。如果立即做介入止血，我爸爸不会走的。'
 '只有中國人才是[喷水][喷水][喷水]'
 '一骗红'
 '严惩卖假药的'
 '乱吃东西没人管你，乱讲话就不行了。'
 '一个无良的企业'
 '神药走下神坛了！'
 '是否有助睡眠都难说。从最早的脑白金广告，我就知道是骗人的。目前的医学技术达不到药到病除，反而保健品可以对任何疑难杂症有效，这不是笑话吗？只说睡眠好了，失眠不是大病吧，有几个治好了的？我也失眠，任何药都是第一次效果明显，几次之后效果不明显了。几乎所有的保健品都是骗局。同样，凡是太过神奇的药物通常也是骗局。
 '哪敢出来冒头？广告就是他们审批的！监督广告的工商也不上班，315没到呢！'
 '国家不是法制国家。一切都是金钱当道。受伤害的必定是普通民众。大家在围观的时候。灯下黑的事情正在发生。烟酒之后一切照旧。'
 '莎普爱思要凉啊'
 '不清楚、不知情、不便透露🌲🌲🌲颇有我们“有关部门”的风范❗️👹👹👹'
'同志们！别惊慌，咱们的＂爱思＂出了点小问题，不过中国文字博大精深！明儿咱们改个名字，再撒点葱花，傻逼们该吹的吹，该买的买！年终发红包！'
 '都是跟国企和政府部门学的，有错吗？'
'还有一群老不死爬长城说腰不疼了，神药们开挂了。'
 '善恶终有报。'
 '四川电视台昨晚还有这个的广告。'
 '良心企业放心药，点赞[窃笑]'
 '劣货一经海淘封号量价齐升，伪药入得羊视吹嘘利上滾利。
 '头不大也很宽'
 '骗子'
 '关键是这些广告的的收益去哪里了？国有企业的利润去哪儿了？'
 '中国还有什么能不造假？以前的一类调查记者，如今怎么找不到了？'
 '……在莎普爱思做过多次工程，原来看起来高大上的东西也不一定好啊'
 '广告都是坑，到处都是坑，社会诚信度严重缺失，骗子横行，这就是5年内最明显的变化。'
 '这企业污染是不是也挺严重的'
 '何只一家？'
 '为什么成龙打了要脱发的洗发水广告就要被批 而这些药没用确可以每天在电视上看见呢 谁在保护他们？'
 '应该严查这些监管部门，追责政府机构，责令广告企业和电视台。'
 '竟然不拐弯'
 '以前上高中经常出去网吧包宿，坐我前面的是一个长发女生，很长的那种。每次上课睡觉她都会把她扎着的头发放开。多年以后同学聚会发现她剪了短发，依然那么漂亮。我很好奇于是我就问她，为什么不留长发了。她说她并不喜欢长发，留长发是为了她后面经常熬夜的少年能够睡个安稳不被老师发现。结果多年不见她已为人妻，原来才知道错过的真的就错过了。'
 '后台没倒'
 '鸿茅药酒还真不错！筋骨痛喝它好使'
 '现在来一炮也不迟！'
 '摄像机 跟针一样小，很隐蔽，用来偷看她人沐浴，绝对安全，请翻朋友圈：5零酒 55 酒衣7
'好好查查。'
 '啥都是假的，哈哈哈，啥都是忽悠
 '外围一个个倒了，马上就要到核心了'
 '叫你爷爷瘫痪了才喝喝了之后能爬起来自己下楼那就有效了，知道不。'
 '广东卫视天天放
 '一个破药水要能治白内障，还要医生干嘛。全他吗的是各种假药保健品，能坑几亿是几亿
 '梦做多了，也该醒了'
'这些虚假的广告词，完完全全玷污了中国五千年的传统文化。'
 '跟帖不带这么玩的
 '看来更有意思'
 '香丹清不知真假，之前我妈大老远打电话还让我给家里买点这个药，药店人压根没听过。
 '不需要翻了墙大家看美国的： t.cn/RTve3KF
 '白内障，有得医，莎普爱思滴眼睛～'
 '众打落水狗'
 '某部门还有脸在这反复强调未发现广告违法，都到这份上了，没有效果不就是最大的违法吗，打擦边球哈，未发现，就是最后出了问题也只是咱水平不够是吧'
 '怎么不说脑白金的广告夸大呢？'
 '是的，灵导眼睛白内障都快瞎了，用了莎普爱思后全瞎了，莎普爱思这不找死'
 '是养肥了该杀了
 '莎普爱思滴眼睛，模糊滴，重影滴，我滴nmgb'
 '你的估计有道理。'
 '央广新闻还在播'
 '呵呵呵'
 '开始了'
 '楼上这句话可以卖给德芙做广告词，
 '股票已经停牌
 '央视审查不严谨，播这种误导大众的广告都不带负责的[疑问]'
 '莎普爱思的广告过了之后就是叫什么天天明的，估计是一家！换个名字继续忽悠人'
 '闭口莫谈，企业通病！[疲惫]'
 '建议凡涉及食品药品广告的，先将广告送食药监审查无误才能播出。同时食药监应有专职部门不定时查看所播出的广告是否与当时送审的一致。'
 '虚假广告还少吗'
 '补肺丸表示不服，汇仁肾宝表示不服'
 '起码人家的眼药水没滴死人，在中国，算良心企业啦[可怜][可怜]'
 '本人一向来就不相信这种药'
'脑白金不是药，是保健品，所以打了擦边球'
 '医院和药品少做广告，免得误导大众'
 '药监局，广告能一路绿灯
 '还有绿蓝手机，凡是大量广告的都要查一查。'
'要钱不要脸。'
 '关注'
 '老板说现在流行vip 所以也得搞分级别销售 记住分级别'
 '纪委表示没看见，我知道药监管理监管部门有人收钱了，但我就是没看见，我们要依法办事，看不见看不见看不见～～'
'央视的广告基本全是骗子  还有什么老年鞋  老年足浴   而且都是针对老年人的广告  我就想问问一个号称国家级的宣传平台就那么没有道德底线?台长就不应该查查?'
而比特币就不行？ 价值观腐烂？'
 '社会充满各种诱惑，关键在于自己去辨别真假，你自己受骗是你自己太傻'
 '和国家机密有得一拼……真是有样学样，有教无类'
 '红毛药酒确实有点用，我不知道你用了如何，反正我爷爷喝了很久，骨子确实硬朗，也有可能我爷爷本来骨子就硬朗，反正还行吧'
 '莎普爱思是个骗子公司不假，但是，责任在政府你政府的监管部门到那里去了，'
 '滚出证券市场'
 '两年前的段子还来骗赞？
 '假药停'
 '预感医药股都要熊了'
 '啧啧    后来她明白了  你这样的人一年挣得也供不了她一个月的花销  于是她狠这段历史  想起辫子就觉得羞愤难当'
 '[微笑]'
 '按照处理快播的判决，央视该承担什么责任？'
 '按价格来说，眼药水中，50的价格还不算高，最TM气人的是，要有效果才行啊'
 '你不是sb？人家不过就是广告有夸大嫌疑，走司法整顿就行，要是特么企业都倒了失业人口你去养啊，傻儿子。'
 '那记者就别接触员工了呗，这么大个国家，就没个其它工具么，'
 '这是要倒的节奏啊'
 '应该严禁药品打广告，药是用来治病的，不是用来营销赚钱的。'
 '干吗查，查了这些媒体寄生虫怎么活，出事了只需发布提醒如何鉴别，如何预防就行了'
'其实国家尤其是地方征服并不想关闭骗子企业，他们没那个觉悟！！只要能骗到钱，能分给国家，就是好家伙，至于生产什么产品，产品有没有危害，他们不懂也不想懂，除非出了人命或集体事件！'
 '脑白金还好'
 '什么时候才能去掉各电视台洗脑式的播放广告。'
 '真相'
'都一个套路，谁也不比谁好多少。某药1死了，还有2，2死了还有3。。。反正都是一样一样的。'
 '没人说？你是有多瞎[微笑]'
 '省市电视台，电台播的不亦乐乎'
 '最腐败的部门呵呵'
 'ccav是不是该解散了！'
 '是啊，就这几个骗子，还在做'
 '如果真的有问题央视是不是也要负连带责任呢？'
 '有些民族品牌是可以信的，三九感冒灵，白云山小柴胡颗粒，便宜实在有效'
 '昨晚还专题新闻呢！'
 '该查查了…'
 '打虚假广告的全是国有电视台！为什么电视台为虎作伥打假广告害百姓却屁事没有？'
 '这就是你当年没好好上大学现在开挖机的原因？'
 '多少肯定有些作用 但是也没广告那么神奇 就像莎普爱思一样 也是有一定的效果的 他们只是把药效夸大了 或者掩盖了不是所有人都适合用这个的真相'
 '郎平 出来走两步 要钱不要脸的丑逼'
 '还有小罐茶～'
 '香丹清作为一种保健品，亲试效果还是不错的。
 '好东西'
 '他好我也好'
 '地产表示抗议！'
 '莎普爱思，即将倒下的又一个骗子公司
 'fgh'
 '国家应该法律制裁'
 '这些个体户掌握权利的私企，为什么长久不了，就是因为有各种原因，其中少不了理不清、割不断的家属利益和根深蒂固的封建管理理念！总之，这些私企从长远来看是没什么出息的，就像现在的许多温企一样。
 '很有特色'
 '创造就业岗位去坑更多的人？明星赚钱那是一个愿打一个愿挨的事情'
 '又吹牛'
 '在ZG大部分人都是🐏，可以任人剪取羊毛，给🐏吃的，给🐏用的，甚至🐏的幼崽也可以给人玩弄，但前提条件是不能把🐏弄死了，🐏少了大家就没得玩了！'
 '好心酸'
 '滴眼液是什么鬼？'
 '广告打得多的，基本都是骗子，价格中大部分是广告费，昨天才看到傻普爱死居然卖43块/5毫升，跟迪奥香奈儿价格差不多了，绝对是暴利了。'
 '从多年前这些广告开始在央视播，我就没信过'
 '因为我们有啥必监管'
 '我老家的企业，哎！'
 '我是辞职员工…'
 '危机公关'
 '这名字是英文惊喜的意思？'
 '估计现在屎钰柱估计要哭晕在厕所了！'
 '看看上海电视台，全是药的广告，汇仁肾宝，曹清华，舒筋健腰丸，鸿茅药酒。。。。每天两口，把命喝走'
 '厉害了'
 '中央人民广播电台天天莎普爱思！'
 '央视该查查了，该抓几个人出来了'
 '有关方面正在放假 发言人表示此事不了解'
 '所以，我现在不看电视'
 '现在不办，更待何时？！'
 '正在活动中，一定能安全落地'
 '有专家说脑白金，除了有助睡眠，什么作用都没有，央视不是还在广告，只要你有钱，狗屎也可以说成是香的'
 '央视广告也胡来的'
 '电视广告都是假的多'
 '请一窝端了'
 '你以为我要脸吗，我要钱——中央电视台！'
 '那个骗子名星专家卖假药的曝光后，名字最长的那个部委领导就该下台，这社会坑蒙拐骗偷盛行。这不应该是自吹的资本
 '有关部门是天朝最牛逼的部门！日他妈还能干点人事不？？？？'
 '冠心病专利药益安宁丸，就是个大骗子。'
 '可怕'
 '莎普爱思的中文意思是惊喜吧，当然也有惊吓的意思，呵呵'
 '还就业岗位 我东莞说什么了？'
 '没看懂'
 '滴滴滴滴滴滴滴
 '上次那个专业做神药广告的“专家”没下文了么？黄赵马的新闻都屏蔽了么'
 '说的太好了！处方药是不准做广告的。'
 '⋯⋯'
 '同志们！谁是沙普爱思最大的吹鼓手？你一定有答案。贪官谁选的'
 '很明显，这家公司的实际控制人出问题了。'
 '第一个要查就是媒体自己'
'浙江，假货之乡！'
 '赶紧倒闭吧害人的东西'
 '照片里能看到我们公司，哈哈哈
 '恩爱'
 'TM这些网友还有没有“是非观”了？搞的现在是坑人轻的，就是好人了？难道不是不坑人，才是正常社会吗？这个社会还有没有正常人啦！？'
 'ccav假药的载体。'
 '中央电视台不是经常批评别人做广告审查不严吗？'
 '保密工作得做好！'
 '再掩盖也没有用了，骗子们'
 '黑郎平了吗
 '这样的上市公司，要是出现在美国保证让他们连裤衩都赔掉。'
 '这个企业怎么了？'
 '假？不假'
 '模糊滴，重影滴'
 '内部核查？让骗子查骗子'
 '肯定啊，领导用了耽误了，火了，就开始查它了。它后面的利益链也不少，股东里也少不了各路神仙，不然谁罩你'
 '现在电视上都是这种广告，曹清华，香丹青，鸿茅药酒，脑白金……'
 '这届员工不行'
 '莎普爱思多好的企业啊！虽然牠卖假药，但是也害死人啊！'
 '白内障，看不清，莎普爱思滴眼睛…'
 '估计以后还会有神药出现'
 '马应龙不错'
 '洗脑的东西多了，钻石洗脑洗的最好…什么眼贴 脑白金的 广告都有洗脑作用'
 '[微笑]你买的手机不也是吗'
'我记得几年前都说这个药有问题。怎么请了郎平，就不敢动手办？？？？'
'后台老板是谁'
 '广告吹的越凶说明越差'
 '江苏省人民医院管理混乱，心脏科李春坚陶正贤icu李金海草菅人命。我爸爸因为房颤肺部感染胸闷住进医院，进去医院不拍片，不做心脏B超，在白细胞高的情况下，赶在国庆前给我爸爸做支架，术后第五天肝血管破裂，肺部积液有2升。心脏科没及时转入急诊外科做介入止血，最后我爸在icu就是输血输球蛋白，一共花去31万多元。我爸都快走了，省人医这时才把呼吸科心脏科外科介入科等科室的人一期请来会诊。我们要病历医院也是拖着不给，医患中心工作人员说，医院不会改病历，这是犯法的，这么大的医院，有的是钱赔。医者仁心，江蘇省人民醫院Icu的一帮人从主任到下面的医生除了几个医生，都是沒有人性。icu曹全主任跟中大医院邱海波院長的差距不仅仅是医术，更重要的是医德。刚进icu，病人家属说曹全他不管病人的病情，而是关心病床的使用率，赶人走。我还將信将疑。我爸爸10月6日中午转到哦icu
 '无良奸商联想电脑用返修的零配件给保修的电脑进行更换'
 '应该查查药监局'
 '现在最危险最坑爹的不是只有假证照的假药假保健品，而是具有药监局认证、有合法厂商生产的假药假保健品假医疗器械，什么沙普爱思、好视力眼贴、各种频谱仪、治疗仪。'
 '咋骗团伙也创造就业机会'
 '不整垮它誓不罢休'
 '药企真是不容易啊，卖个眼药水都不能安稳，不就是挣几个亿而已'
 '现在相信1-12只有5真了吧'
 '应该理性维权，申请医疗鉴定，走起诉的法律程序！'
 '泰国  死刑
 '还有操清华'
 '广告恶心'
 '还能怎样？'
 '传销拉动当地经济发展，贩毒还是一些国家经济支柱，怎么样，要不要大力提倡一下啊？'
 '看来只有骗才能致大富啊'
 '[色色]老家是总部'
 '别盯着一家不放，其他的多着呢！！！'
 '这么多年为什么现在才整 哪位领导听广告耽误了吗
'原来你们那也有啊，现在铺天盖地都得这几个，脑白金少一点了'
 '我有和她那个的视频，要的留企鹅'
'掩耳盗铃。等管理层自己待病了呢？'
 '。。。'
'哈哈哈…老头老太太蹦跶比剪刀手✌️的画面'
 '郎平还拿着代言费呢'
 '不管他说的是不是笑话，但最后一句是真的，错过了就真的错过了，能遇到对自己好的人不容易。'
 '如今国家，从上之下，皆是骗局，防骗有招
 '如果在美国这公司应该破产清算了！天朝另当别论'
 '激情四射啊'
 '这是得罪谁了'
 '我赌不到一个月平息，然后更名重来，立贴为证'
 '神药走下神坛了'
 '不了解治什么的？'
 '盖了小散'
 '做医药的都清楚国产药是什么b样，营销策略都一个叼样。要不是药监局对进口药销售管控严，中国制药厂至少倒闭一半。'
 '药品虚假广告太多了  真的需要查一查'
 '牛三斤的调子：假药停、假药停、假药不是你想停就能停'
 '广告还在啊！'
 '补肺丸，足力健，陈李济，还有那个染头发的，看着都烦'
 '还有小罐茶，益安宁，'
 '在騙局横行天下  不会骗人是傻瓜  广东省河源市华冠股份公司骗了人民五亿元  今安然大吉  几多人民含淚上诉无门  血白流  政府不管  几多买有几十万元的华冠股票成废纸😭😭😭'
 '郎平 出来'
 '话多说漏嘴？'
 '骗 继续骗  翻着花样骗 从三株口服液 蚁力神 到莎普爱思 如出一辙..........国人为什么一而再再而三的上当受骗..........'
 '中国企业已经毫无道德底线而言了'
 '现在还在播呢'
 '治白内障莎普爱思'
 '那是，昨天晚上我都看到了，真是莫大的讽刺，缺乏诚信的年代！'
 '这叫过河拆桥麽'
 '当时不懂，没🈶️封病历'
 '香丹清治疗顽固便秘很好用，救了我母亲的命，再也不用去医院灌肠了。这是我第一次发表评论特意注册的账号。'
 '没滴瞎我们真是大吉大利了！'
'一点疗效也没有，滴眼疼的很，睁不开眼睛，还死贵，三十多，关健是没疗效。'
 '这么大个厂赚那么多钱居然不装中央空调，看来老板想干一锤子买卖。'
'严厉打击违法犯罪行为'
 '人家有国药准字的批文OTC，你不去查监管，跟企业较什么劲'
 '不能怪商家。老爷们出来走两步。'
 '一个重要的问题，药监局干什么的😄😄抓几个杀🐔敬🐒看看'
 '脑白金起带头作用！
 '也该查查了吧，现在电视上都是这种广告，曹清华，香丹青，鸿茅药酒，脑白金……'
'白内障，看不清，氢氧化钠滴眼睛'
'奇葩呵呵'
 '呵呵，美国政府人员都能说话，但是那也只是他个人的观点，不能代表美国政府。只有总统或者是委派的发言人的声明才能代表美国政府的决定。所以说，美国也是骗子国家？哈哈哈哈'
 '還有傻逼頂這個垃圾玩意？'
 '达州人怎么你了？'
 '曝光这个厂的记者要小心了。'
 '我一直用的fx眼药水'
'8848手机、小罐茶'
 '赶紧查查吧，广东台总是这几家的药厂的广告，搞得我总以为自己一身疾病的样子'
'想来众泰很简单，众泰人力资源总监是我哥们，只要不是特别高的岗位，分分钟搞定！'
'我们的 摄像头 跟针一样小，很隐蔽，用来偷看她人沐浴，绝对安全，请 翻  朋 友'
 '破广告一样一样的，骗💰'
 '级电视国家台其实就是帮助这些药企蒙骗老百姓。多少老百姓特别相信央视电视台，结果可想而知。虚假广告害人不浅。像向丹青，鸿茅药酒蛋白，什么等广告铺天盖地，大家不要太相信。'
 '不打倒不罢休？'
 '兔子不吃窝边草？浙江未监测到违法广告。'
 '湖北经济电视台官方还…'
 '所有的电视台都播虚假广告 昧着良心挣钱'
 '作为一个企业应该制造一个合格的产品，不合格都可以出售，那就要追究刑事的。'
 '，w'
 '应该查一查中央电视台的'
 '一查一大堆
 '把郎平坑了'
 '现在中国商人有底线的不多了！'
 '倒大霉喽，做生意还是实干兴邦'
 '我们情报部是保密部门 别问我为什么 因为我说的我自己都不信'
企业能被批准上市，这个企业着实有能耐！'
 '虚假的不止这一家吧'
 '我也想去众泰'
 '这么多年为什么现在才整 哪位领导听广告耽误了吗'
 '阿里巴巴靠帮别人卖假货挣的钱是黑钱；靠逼迫商家2选1挣的钱是黑钱；用黑钱投资很多企业挣的钱也是黑钱！黑钱挣越多，罪行越大！'
 '干脆播香烟广告'
我可是看了央屎的广告才买的。'
 '假药永远都会有，只要人有欲望，假药就不会消亡'
 '什么东西都是'
 '温企是什么鬼？'
 '白内障看不清，莎普爱思滴眼睛'
'关了它'
 '造假
'cao清华是什么东东？印度神油吗'
 '好，不是你的错！政府没人管就这样！'
 'mmp我就让家里的老人买过莎普爱思，好像是中国女排教练打的广告啊！居然是个假药。'
 '还有茅台、五粮液……。眼药水最多药效差点，可这些才十多元成本的国酒却敢卖一千多块，而且还会致癌，那才真的谋财夺命！'
 '药品应该禁止播出广告'
 '真理一条！'
 '如果是真的，好温馨'
 '自从这个剪刀手广告之后我就不打算买他家的滴眼液了  怎一个恶心\U0001f922'
 '虚假广告这么猖狂，药监总局负责人，广电总局负责人，各地方电视台长，全部要追究刑事责任！'
 '应该禁止药品广告'
 '还是买国外大医药公司的产品吧，'
 '电视播放医药广告就是忽悠百姓'
 '假药不肯停'
 '劲酒怎么样，到底有没有效果'
 '他妈的，好一句没有监测到违规广告，我自己会说自己不好吗?'
 'ygghj
'央视只有拿钱，出事了内有连带责任，多少人是看中央视这个品牌的，之前那个e租宝，我有亲戚就是因为在央视做广告，信任央视买了，结果呢，出事了央视一点责任都不付，从此不会再相信央视了'
 '社会变了 金钱至上  体制问题'
'他害了郎平'
 '5零酒 55 酒衣7'
'无商不女干'
 '呵呵   想治病  找广电'
 '十三楼，你说你是真的，你告诉我你在众泰的那个部门，你认识我不？如果你是永康总部的，那中午吃饭来七号桌，我看看你倒底是谁？'
 '由于央视的广告欺骗了全中国多少老百姓，央视应负主要责任！！！'
 '中央台，假广告的出品商'
 '这垃圾企业离倒闭恐怕要用小时计算了。'
 '卖了那么久现在才曝光，早干嘛去了？'
 '闭口莫谈，企业通病！'
 '嘴贱、理对'
 '這要是日本的假药，某台能滚动播放一月'
 '香丹清是最坏的，里面就是泻药，吃的时间长了绝对黑肠病甚至肠癌'
 '央视的广告大多有问题
 '凡是跟中药沾上边的千万别信！！能帮你省不少钱？'
 '假药是怎么拿到证书上市的？谁监管你？那些骂郎平的带节奏的傻逼，你怎么不去吗央视？怎么不去骂某局，都是带节奏的垃圾'
 '提素质，提高素质！'
 '你有权可以采访，人家也有权可以拒绝。没问题呀！'
 '可以查查维生素骗局'
 '浙江省食药监局和浙江省工商局相关部门在接受采访时均表示，截至目前通过各自的违法广告监测系统，没有在浙江省内监测到有关莎普爱思滴眼液的违法广告。'
 '是的，整天都播这些，烦都烦死人'
 '酒香不怕巷子深'
 '违法广告应追究电视台，代言人的责任！几十年来违法广告充斥各电视台，各药监局，各电视台，各代言人，要一一深究！'
 '谁将你的长发盘起，谁为你做的嫁衣'
'好视力眼贴'
 '有枪有墙我们只投听话的份'
 '脑白金不应该算，他只是铺天盖地的广告，没有明确提疗效。。'
 '这些骗人的药直接关闭就是对老百姓最好的保护'
 '哈哈'
'病黑眼有得医！请滴沙普爱思！'</comments><comments_num>29182</comments_num></doc>