<?xml version='1.0' encoding='utf-8'?>
<doc><source>NetEase</source><id>38345</id><url>http://news.163.com/17/1208/11/D54MHK0B000189FH.html</url><title>北京市城市管理委：架空线和天际线“两线”清理坚持科学操作</title><datetime>2017-12-08 11:19</datetime><body>

                    （原标题：北京市城市管理委：架空线和天际线“两线”清理坚持科学操作）
                
千龙网北京12月8日讯??据北京市城市管理委消息，日前，北京市城市管理委对架空线和天际线“两线”清理工作进行阶段性总结梳理。架空线增量被严格控制，存量正按计划消减架空线乱象得到初步遏制，增量被严格控制，存量正按计划消减，尤其是二环内电力架空线入地58条，明年可确保全部入地，通信架空线入地313条，蜘蛛网逐步清除。动员企业和单位自拆和帮拆楼顶各种牌匾标识1.4万块，亮出天际线，得到市民支持天际线治理取得阶段性成效。根据《北京市牌匾标识设置管理规范》和《建筑物广告牌匾清理后重新设置工作导则》，各区政府和相关部门积极行动，本着打造“空间协调、视觉清朗、规范有序、整洁优美、品质高端”的城市公共空间环境，清理建筑物顶部广告牌匾和其它乱象，维护空间安全，恢复建筑规划原貌。动员企业和单位自拆和帮拆了楼顶各种牌匾标识1.4万块，亮出了美丽的天际线，得到了绝大多数市民的支持和好评。回应社会关切，坚持规划先行，科学操作，因地制宜针对社会上的一些反映，如拆除后重设进度有所脱节，新牌匾没有及时跟上，有些商家拉横幅来代替；个别老字号店铺因放大传统匾额或一店多招被动员拆除，引发社会关切;有些有路标意义的招牌消失，影响了市民的寻路习惯等，对于各种好的意见和建议，北京市城市管理委将积极接受并整理研究，坚持规划先行，科学操作，因地制宜。当前将做好街区总体设计，注重街区特色。方案要与城市区域功能相适应，与城市区块人文特色相结合，与周边环境和城市景观相协调。要加快重设工作，力争拆除和规范重设同步，方便群众,为广大市民创造更加宜居怡人的城市公共空间。


 本文来源：千龙网  
责任编辑：孙继礼_NN3563 
</body><comments> '首都市容环境人人有责，政府也应加大宣传力度，引导广大市民在生活中自主自愿维护市容市貌，理解并配合相关部门的工作。'
 '时代在进步，有些线可能早就没用了，可以清除很多。'
 '我想啊，主管部门绝不会光拆不管的，今后，还会有更多后续措施进行跟进，比如安排更多更合理的规划，让咱们的市容变得更加美好。'
 '一项政策不管是制定还是执行都需要保持科学性，是否科学合理也决定了一项政策能否长期执行和坚持下去。'
 '统一规划，肯定会更美观
 '市容市貌很重要，北京现在要大力发展，就需要我们在规划中做好取舍，况且，牌匾的鳞次栉比确实给整个城市带来了很多不便。'
 '看着都心里舒服了，虽然有一些不习惯，哈哈'
 '牌匾也是城市的脸面，哪能扩张的无边无沿呢，也不能任商家摆布，互相攀比没有一点好处'
 '不仅是拆除楼顶各种牌匾标识亮出了美丽的天际线，最近极好的空气质量也亮出了美丽的天际线。
 '城市主要大街、重点地区的环境还是不错了，关键是背街小巷太乱了。'
 '北京很多都是企业的总部什么的，根本没有业务、生产，要那么多广告有什么用。'
 '很多广告牌都是私自立起来的的，有些人还意识不到，以为圈地呢，竖个牌子这地儿就归你了，搞笑！'
 '每个人的家中要定期清理，隔几年还会重新装修，甚至重新翻盖或者购买新房子。城市也需要由家长进行管理啊。'
 '咱们不说天际线美不美，就是出于安全隐患来讲，这种大广告牌也存在的一定隐患，拆了吧，挺好。'
 '广告牌匾一方面是商家的招标，另一方面更是中国的文化。'
 '城市化要进一步提升，北京作为首都，又是第一个去尝试，有气度，北京就是北京，首都就是不一样'
 '架空线清理了，叫好声一片，怎么天际线清理就这么多七嘴八舌呢，都是一回事啊，都是为了美化城市环境'
 '牌匾得管管，没彻底管好之前，肯定不大好看，任何一项进步都是由不适应到适应的过程'
 '架空线和天际线清理同时进行'
 '所谓酒好不怕巷子深，不是一块最大最高的牌匾就能证明你的产品或者说服务就比别人强了。
 '北京发展的太快了，2000年我初到北京四环还在建，现在都7环了，是该停下来规范一下了。'
 '大牌匾算严重的浪费，稍大一点，材料得翻几倍，一到晚上，牌匾都得亮起来吧，耗电更多，其实蛮可以节约下来的'
 '精细化城市管理不仅要有科学的规划，更需要全城上下的总动员齐参与，才能将美好蓝图变为现实。'
 '北京城市规划建设，不断朝着建设国际一流的和谐宜居之都的目标前进。'
 '当前，不仅要解决主要大街、重点地区的广告牌匾，更要加强背街小巷中的广告牌匾治理。'
 '类似这种在社会面上有影响的政策，需要更加公开、公正的推行。把原因、目的、进展、问题都说清楚，老百姓自然会支持。'
 '牌匾所在的楼顶确实属于公共空间，如果公共空间被挤占的太多的话，不仅影响我们的市容，也给市民带来了很大的危险系数。'
 '支持亮出天际线行动。'
 '先拆，再建，希望北京越来越好'
 '都是不健全不完善的市政经济惹的祸，让黑心商家无规则无秩序地乱设广告牌匾。'
 '城市发展的步伐不断加快，但一个有着历史文化的古都，我们不应将过去的美好全部换成现代的气息，文化底韵要在不断地经济发展中体现出来呀'
 '又有人批一刀切了，不切不整治又有人说不作为，中国政府太难了，呵呵。'
 '一到大风天气，大牌子们摇摇欲坠，看的揪心，咱能不能不竖那么大的牌子，出事了你承担的起吗'
 '你知道不，这些超大广告牌特别危险，一到大风天儿就告诫孩子千万不能走广告牌底下，早就该收拾收拾了
 '城市的美好应该给予更多的空间，不能哪里都塞满挤满啊。'
 '清理建筑物顶部广告牌匾，体现城市精神、展现城市特色、提升城市魅力。
 '现在街上牌匾都排满了，城市想美化美化也没地儿了，整治整治是好事，给城市美容留点空间'
 '对支持、配合北京发展和建设的商家、老字号们表示感谢。'
 '你看好多大楼，内部管理不怎么样，广告牌子亮堂堂，就是典型的金玉其外败絮其中。得治理治理。'
 '架空线入地，确保安全'
 '违规牌匾清理整治，提升市容市貌，维护整洁美观的城市形象当然是好事，但当中遇到的一些影响市民出行的问题希望有关部门尽快解决。'
 '比起全球熄灯一小时，把那些在夜晚灯火通明的广告牌拆了，节约的电力资源更是巨大的，改变的也将是人的审美和观念。'
 '城市不断整治不断纠错，才能始终保持在正确的发展轨迹上。'
 '商家也要改变思路，不是谁家广告牌子大，谁家的亮，谁家的醒目，谁家生意就好。与其这样，还不如多些经历经营生意。'
 '北京市民坚决拥护，净化环境'
 '为首都创造良好的市容环境，捍卫城市之美，是我们共同的责任。'
 '拆除和规范重设应同步。'
 '电力架空线入地、通信架空线入地、消除城市空间里密密麻麻的蜘蛛网，对城市环境提升效果是非常明显的。'
 '下层的执行和当初顶层的设计是否相统一相一致，这个是需要时刻评估和论证的问题。'
'清理建筑天际线，拆除违规牌匾对恢复城市原貌，消除安全隐患确实有好处。'
'相信通过政府部门政策规定的不断完善，整治将使首都环境市容得到进一步提升，营造出整洁、有序、文明、祥和的城市氛围。'
 '牌匾就是不花钱打广告，只要能吸引眼球，商家从不会考虑整体效果，有些对人们视觉上是一种伤害。'
 '巨大的夜晚照明让天上的星星黯淡无光，充斥着浓郁商业气息的城市，带给人的绝没有宜居和舒适的感受。'
 '相信随着广告牌匾和架空线治理的完成，这座城市的市容市貌会更加整洁一些，也相信随着城市规划建设的推进，这座城市会更美丽。'
 '整治一次之后，户外广告管理也理顺了，避免了哪个部门都管，哪个部门都不管的局面。
 '清理拆违等，这些举措不仅是《北京市城市总体规划》的顶层设计，也是每一个热爱北京的人的愿望。'
 '北京城市是到往细微处管理的时候了。'
 '抬头望去，眼前干净多了。'
 '如今夜晚，那些巨大的广告灯箱或亮或不亮，产生巨大的能源消耗不说，还带来了光污染，实在难看。'
 '整治的挺好'
 '城市的核心是人，要塑造错落有致、富有韵律的天际线，关注到人心的起伏。因此，我觉得这次的清理牌匾要循序渐进。慢慢会被大家接受的。'
 '街面的整治如同一个人在做整形手术，手术还没结束呢，当然看着不好看了，等手术成功之后再看，有点耐心好不啦'
 '北京，一个古都，本来就应该维护好古建筑的样子，可是有的地方的大标识是在是碍眼，不能保护好古建筑的传统公共空间，那城市规划从何谈起。
'有很多种浪费，电的浪费、资源材料的浪费'
 '牌匾标识综合整治行动，为首都营造了整洁、畅顺、绿色的城市环境，市政设施维护、城市环境清洁等方面正在逐渐加强，城市必将更整洁、更宜居。'
 '支持支持，和谐美丽的家园是我们一直的梦想。'
 '手机收到的广告是垃圾，挂在天际线上的广告同样也是垃圾，这种影响市容市貌的产物必须被清理。'
 '让首都户外广告牌匾环境形成良好的形态，希望整治不是昙花一现。'
 '很多人调侃说今后找不到回家的路了，我想问，谁家地址不是靠门牌号么？有谁靠广告牌子找家的么'
 '维护良好市容市貌环境，完善城市功能，加强对牌匾标识设置的管理，针对过程中出现的问题及时制定方案，真正提升城市环境质量和人民生活品质。'
 '北京城市的第五立面太脏乱了，从空中看下来，实在是惨不忍睹。'
 '城市既要管理面子，更要管理好里子。'
 '中国城镇化发展进程表明，城市绝不是藏污纳垢之处。'
'很多媒体一直在提天际线，不过是为了蹭热度，蹭流量罢了。其实此次整改，天际线只是一部分，其他的为啥不说呢?因为不够能激起网民兴奋点。'
 '看看人家发达国家，也是由不断整治不断规范，才有的目前的样子啊，那些崇洋的同志们，没看看么？'
 '在期待新规划带给这座城更加美丽的环境里，也支持城市治理的任何举措，相信随着治理的完成，这座城市会更美丽。
 '整治不能是昙花一现，有集中行动，还要有长效机制，才能保持城市的长期整洁。'
 '美丽的天际线，清朗的建筑立面， 都是城市的靓丽名片。'
 '城市美不美，就得看广告少不少，一个到处充斥着广告的城市，绝不是大城市应有的面貌，更不是中国首都的样貌。'
'大家想一想，假设你家每个柜子上都贴有大标志，你烦不烦啊。反正我是接受不了。跟城市一样，清理吧，没错。'
 '无论自拆还是助拆，目前已经拆除1.4万块'
 '有时候看到耷拉下来的都不知道是什么线，要是电线多危险。'
'中华文化具有含蓄庄重之美，八百年古都北京独有韵味，如果到处一片商业气息，显然不合时宜。'
 '社会发展已经到了一个新高度，以前缺吃少穿所以只想着活命，现在则是要活的更加舒适更加精彩，一个美丽宜居的城市就要展现在我们眼前了，期待改头换面的家园。
 '城市建筑物大型广告牌匾太乱了，还不安全。'
 '拆除违规广告牌匾，虽然给商户带来一时的不便，但阵痛是短暂的，美好的城市环境就在不远处。'
 '这真的会影响市民出行，我这路痴没有标识真找不着路，希望相关部门形成规划合理、设置有序长效管理机制，解决这些问题。'
 '一座城市怎样算美丽相信仁者见仁智者见智，但能够得到共识的就是这座城市绝不会因为广告牌匾而美丽。'
 '维护空间安全，恢复建筑规划原貌'
 '牌匾得管，天际线也得露，不然让商家自由竞争，牌匾就无序扩张了，啥泛滥了都难受，眼珠子都没地方搁了'
 '某些公司的logo不知道是不是符合规范。'
'“坚持规划先行，科学操作，因地制宜。”好政策。好的政策需要好的执行者，希望不是简单粗暴的执行方式，需要因势利导，因地制宜。'
'牌匾标志也是影响城市面貌重要一环'
 '某些狗皮膏药似的广告牌超级碍眼，终于拆了。'
'虚心接受各方意见，针对清理工作中出现的问题，认真对待，因地制宜，科学决策，给政府点个赞。'
 '支持政府的决定，科学操作、科学规划、科学发展！'
 '经过各方多日努力，京城终于露出漂亮的天际线，让出行更顺畅，让环境更整洁，支持。'
 '有的大厦顶部好多大牌子，是该整整了'
 '政府对城市管理都是有规划的，不是为了摘而摘，耐心等待一下，肯定有惊喜，住在舒心敞亮的地方不好吗
 '支持广告清理，希望网络上、电视上的广告也清理清理！太混乱了！
'亮出最美天际线'
 '政府用实实在在的行动，为中国未来更好的发展做着努力，支持！'
 '雅气点好，显示出北京的大气'
 '北京那么多文物，那么多的历史，就得体现出来呀，牌匾得整治，京腔京韵很美，走哪都能欣赏到'
 '首都环境建设任重而道远。
 '哪儿哪儿都有大牌子，没有了自己的特色'
 '刮个风，被广告牌砸死了，亏不亏，上哪说理去，别整这玄乎的事儿，好好做你的生意，把质量弄上去才是正经'
 '城市管理要越来越精细化，这是大势所趋，全球都这样的呀，无可指摘，以前咱没顾上牌匾的事，现在咱进步了呀。'
 '审美是最有歧义的一门学问，一个人认为美的不见得其他人可以欣赏的来，但规范整洁是统一的。'
'除了高空广告牌，其他有安全隐患的悬挂物也应该拆除整治。'
 '牌匾标识泛滥，甚至有的店家为了宣传效果违规一店多牌，是该管管了
 '希望在拆除的过程中，安全施工，注意安全。别好事变坏事。'
 '广告牌匾拆除对于生活的影响是非常小的，而带来的审美提升确实潜移默化，非常巨大的，相信这次整治的效果在完成后会显现出来。'
 '天际线其实是一条重要的曲线，一座城市美不美，我觉得这个可是个重要的指标喔。'
 '继续努力为大城市发展规范化管理努力'
 '规划先行，科学操作，因地制宜，这样的操作才能得到市民的认可和支持。'
 '美丽的天际线，清朗的建筑立面，都是城市的靓丽名片。'
'我家邻居大爷前几年就是被广告牌砸了，命大没死，半身不遂了，上哪找后悔药去，那么大的牌子特不安全'
'为了让自己的招牌醒目，除了越建越大，越建越高外，就是各式各样的灯光照明了，浪费掉的资源干点什么不好。'
 '治理的大方向是对的，毕竟，咱们现在正在疏解整治，我相信未来会有更多的规划的安排，而且，随着GPRS的精准定位，也不会给我们的生活带来什么不便的。'
 '北京是中国的首都，要庄重些的'
 '北京是咱们大家的，管理城市也是为了咱大家管理啊，你不想住的美丽点，舒服点吗，那就再耐心等待'</comments><comments_num>491</comments_num></doc>