<?xml version='1.0' encoding='utf-8'?>
<doc><source>NetEase</source><id>9242</id><url>http://news.163.com/17/1208/16/D559DIF30001875P.html</url><title>大爷公交车上播放《宝玉哭灵》 乘客听到心脏病发</title><datetime>2017-12-08 16:49</datetime><body>
</body><comments>甲乙双方都是在同一辆公交车上乘坐
 '也是西皮！'
 '拿个四个喇叭的录音机对攻。'
 '人渣老了更可怕。老人渣还装有文化。。。。。。'
 '你看来也对高铁上拿手机看那种无聊视频的人深恶痛绝，更别提那看直播的了'
 '这时候该岛国片发挥作用了，声音调到最强，大家就不会注意《宝玉哭灵》了'
 '老狗杂没有公德心。'
 '背景音乐起   雪花飘飘北风萧萧 天地一片苍茫'
 '这来段广场舞吧'
 '哈哈哈哈哈哈哈真的是有毒'
 '遇到一次坐车回家，3个小时的路上一大爷放了一路京剧，原谅我根本不能欣赏国粹，只想把他收音机砸了'
 '一般都是文革余孽'
 '跑馬燈外加杜比環繞立體聲。
 '虽然大叔音乐外放确实缺少公德心，但是能听到心脏病发，未免太林妹妹了。能跟着大叔听半个多小时的音，缘分不浅呢
 '作为一颗韭菜，又要韭芽（韭黄）的心！'
 '跑过'
 '厉害了'
 '头发要卷的，带蛤蟆镜，穿花寸衫，尖头皮鞋，八个喇叭的收录机才带劲'
 '可以砸了老东西的手机'
 '虽然大爷确实不对，不过如果我有心脏病，我会考虑下车。。。。'
'公交车上吃韭菜包子的母人是脸长在肋骨下的。'
 '还有在公交车不顾别人感受，外放听广场舞歌曲'
 '看成重创仓井空了。'
 '作为一颗韭菜要有韭菜的觉悟！
 '那是经典知道吗？'
 '这词写的真好啊 看着都揪心'
 '二楼，你知道楼主说的是哪一方么？'
 '有些老人缺素质，品德也有问题，觉得自已也会使用手机了，得瑟。看来有好多新的法规必须要尽早出台跟上了。该管管社会上的许多不该出现的乱七八槽的怪事，坏事了。'
 '那你去参加葬礼，听到哀乐不得一下就哦窝了。'
 '总有老狗放很大声'
 '你需要一个300W瞬时功率的喇叭😂😂'
 '在公共场合用手机外放听东西或者看视频真的很吵人。'
 '强烈谴责这听歌的老家伙。'
'我真不明白为什么有人那么喜欢手机外放，总感觉这样蠢死了'
 '余孽'
 '别说两年前了。就前3个月到昨天，我们这里只要没下雨，半夜1点到3点就有开炸音摩托飙车的傻逼崽。我特么是诚心诚意祝福他们个个都撞上路边护栏。最好一个护栏穿八个。'
 '放大妹子美来大妹子浪'
 '一剪寒梅傲立雪中，，，，'
 '有什么证据能证明心脏病发作是这首歌引起的？'
直至旅途结束.比方说乘坐公交车发生车祸受伤是不是要向公交公司进行索赔.原理是一样的.在中国社会很多时候甲乙发生纠纷习惯或喜欢直接面对
 '有故事的人啊～～～'
 '太伤情的音乐。'
 '手机放一段av片，你不仁我不义。'
 '还有在办公室视屏聊天的'
 '真有这坑人事，上回在公交车上收到一朋友微信，打开瞬间全是叫床声，搞得我老脸通红这车也没法坐了，下车低头哪都不敢看'
'现在去深圳的各个公园，都有那么一群人拿着蓝牙音箱大声的放歌'
 '拿个比他大声的MP3对轰'
 '因为警察不抓啊，扰民的广场舞大妈在美国的下场不就抓走了吗？所以靠道德约束就是个靠山山倒的个事'
 '老狗日的'
 '大妈想到从前 心疼'
 '这个年头的红卫兵都不会蹦哒了，而且一直很低调，现在市面行的那帮人都是当年卷毛，喇叭裤，尖头皮鞋，花寸衫，带个蛤蟆镜扛个四喇叭在外得瑟的这批八十年代新一辈。'
 '这帮文革余孽啥时候才能死绝'
'哈哈，😄😄如果播放A片叫床声恐怕就不会有心脏病了吧？'
 '一楼这要多无知才能那样说！心脏病严重到一定程度就是对噪音或者突然来的声音很敏感。平时看着跟正常人没区别，但别说一听到噪音就犯病，就是在理发椅子上坐20分钟都会有不舒服难受的表现！'
 '无良老人太多了！'
 '这歌唱死人听的'
 '最他妈烦这种公共场所公放音乐、视频的傻叉！傻逼和年龄无关！'
 '虽然大叔音乐外放确实缺少公德心，但是能听到心脏病发，未免太林妹妹了。能跟着大叔听半个多小时的音，缘分不浅呢'
 '这个时候该找这老头索赔，这可不是讹'
 '活该！听了半个小时你都忍你就继续忍下去吧，你直接躺他面前死死拽着他，不就没事了嘛'
 '无德！想听回家听。'
 '那个歌是唱给死人听的，'
'大爷肯定是被广场舞给逼的'
 '可能是三十多年前，穿喇叭裤提收录机在街上横晃的那位。'
理论上大家都和公交公司有短期的合同关系
 '可以放辣妹子'
 '我说为什么我在大妈大爷广场舞队伍里面放一人饮酒醉会被打……'
 '有大妈跳了广场舞，你就能确定武女士跳了广场舞？'
 '最炫民族疯'
 '公园里，广场上，，，，这些老东西不老称作老人，应该叫老牲畜!尊重老人，首先要是人才能受到尊重。
 '早挂了，骑摩托的没几个命长的'
 '这也算扰民吧，好在没事，如果心脏病发作死亡率，被起诉，老头要赔偿的！！！'
 '一楼牛，很会联想！😄😄'
 '为毛我看了这个想笑？脑补一下这画面。。。'
 '能制服中国大妈的只有中国大爷'
 '看来大爷有一段不堪回首的往事啊～～～～难道这位大妈就是大爷的林妹妹？
 '下次播放女优叫床，啊啊啊，噢，呀买碟，呀买跌'
 '顶你，不管你觉得是如何优美的声音，对于别人来说有可能都是噪音。'
 '跟三十年前，拿个三洋，满大街跳霹雳舞的是一拨人。'
 '拿个比他大声的MP3对轰
 '把你的羊毛大氅\u3000毛朝里穿'
 '因为在这类人的身上动物本能多于人性修养。'
 '能为他人考虑的人不多，比如，我们办公室里，有的人每天十分亢奋，从早说到晚，没人说就自言自语，不知是因为大龄未婚聚到了一起的原因寻求关注呢，还是怎么，每天不停在耳根边炒，噪音的很，你有啥办法'
 '拿着个国产山寨机，大喇叭吵死了，一上来还喊你让座，本来就挤的不爽还吵的一比'
 '呆家里吧外面的世界不适合你'
 '林妹妹的小心脏？？？'
'一段越曲，通俗地讲是一哭坟戏'
 '这是放的  我还碰见过自己唱的 你还不敢把他咋样  岁数大  他倒地下 谁也承担不起啊'
 '你这个路见不平代价有点大啊。。。你要倾家荡产了。'
 '刚刚去搜了一下宝玉哭灵，贼吓人了'
 '老子瞬间掏出手机播放起迈克尔杰克逊'
 '年轻时坏事看多了做多了，年老了就会对这个世界充满深深的恶意。'
 '很可怕吗'
 '说的是放哀乐大爷'
 '去死吧，这个世界不适合你'
在国外发达国家绝对是各自找第三方解决
比如同一小区俩住户因为某事纠纷
 '笑死我了
 '股市就是跷跷板！你翘起来它软下去，它软下去你却顶起来！'
 '公众场合大声讲电话的也很烦人，尤其是讲公事电话。他是电话办公挣工资，别人有理由听他烦？'
 '这个可以有！'
双方甚至不用打照面.'
 '你是散户，想买啥都行，明白我的意思吧。'
 '强烈谴责这老家伙。'
 '没车的时候 只能这样碰瓷'
 '你以为23年前的今天发生的事儿大家都淡忘了吗？'
 '世间万物，一物降一物啊~'
 '此大爷缺德，不过此《宝玉哭灵》能把人煽情至发病，足见词曲艺术之魅力！'
 '金玉良缘人人都羡，又有哪个在乎木石前盟。题外话啦..
 '主要是买的太少了，毕竟人少力量小啊，散户真不适合买股票'
 '我们 （和谐）是法（和谐）治（和谐）国（和谐）家，刚被删，我试试！！'
 '这样的老家伙要是在美国就好了，整死他'
 '你可以向驾驶员投诉，精神病人没有监护人不得乘车。驾驶员不处理的，公交公司有责任赔偿乘客。'
 '其实应该让公交公司来赔偿
 '公交公司遇到这事就让驾驶员把车停了，让吃瓜群众围观他好了，就留那呆货一个人在车上一脸懵逼。。。'
'“中国老年人”简直就是这个时代最恶心至极的贬义词！！！没有之一！！！！'
 '直接放av啊，最大音量🔊🎺'
 '这个老毕操你妹的。咋不让车撞死了'
 '中国的老人怎么了？'
 '这个回复好。。。'
 '大爷，别逼我开外音放一本道'
习惯彼此争执甚至大打出手
 '公共场所制造噪音是不对的'
 '大妈你想过没，你们跳广场舞的音乐和这个大伯有本质上的区别吗？甚至更加恶劣'
 '坏人都老了'
 '骗无可骗了，忽悠睡觉做那个了'
'拿个比他大声的MP3对轰'
 '老不死，真的该死'
 '追悼会音乐放给他听'
'文革余孽死绝才安静'
 '有多少个特意去搜来听的？'
 '其实人们总是缺少关爱，遇到这样的人你只要多和他聊聊天，说说话，转移一下注意力，他自然就不会放音乐了。'
 '中国是法制国家'
 '倒也不是，主要是从小缺少家教，一辈子又没反省，没有进步，垃圾一辈子'
 '没看出来，网易江苏地域黑一个比一个厉害。'
 '老头家里可能有人惨死，放音乐舒缓一下'
 '坏人都老了，年轻的都是好的嘛？我看比老的更坏。'
 '应该追究老人在车上放别人不愿听的音乐，引发了有心脏病的人犯病的责任。至少也得赔偿医疗费用。'
 '不作像的老人，讨厌不觉知。'
 '不奇怪，砖质教育出的都是这个德行！'
 '有些人在公共场合大声外放，我不明白那些素质低的人是不是思维跟常人不一样啊。'
 '公共场所需要注意公德'
 '传说中的零盗先走吗？'
'前两年，马路上呼啸而过的摩托车上、低音炮高声放着dj音乐的少年骑士们，不知到了暮年是付什么模样？'
 '江苏人比东北人开化、素质高得多。'
 '笑死我了，刚听了下，确实感人'
或许很多人听了会不解
 '你开一本道不用五分钟，大爷心脏病肯定发作'
'。。'
 '你个哈批，公共场所保持安静不能影响别人！'
 '背在身上，放开音量，嫩呼老腔，如泣如丧，老者老者，上車请关音响！'
 '到如今人面不知何处去，空留下素烛白帷伴灵前'
并且都是买票上车
 '拿个山寨机在公交上放音乐的，不是民工就是红卫兵'
 '谁放首摇滚憨回去'
 '还有学校每天以教学工作的借口用高音喇叭制造噪音.'
 '直接送这个老头上路，合他心意'
 '这老头这么没修养和公德？打死他！'
 '咋回事？咋回事？前两天选的十个股票，第二天开盘全跌！！！！！！刚重仓古井贡酒，大跌三天了！！！刚忍痛清仓，今天居然半个小时大涨了近三个点！！！！这是为什么！？？？？这道题太难了，太难了'
 '去你瞅啥那个地方看看，常态化！'
 '烹芽韭、木樨菜、烹丁香、烹大肉、烹白肉……'
'对，就轰月亮之上，然后一车人对着这个老大爷一起轰'
 '总得讹点什么吧'
 '真没素质，我婆婆也是我们睡觉她把戏曲放的很大'
如物业.因为大家都是缴纳了物业费完全有理由让物业来处理
 '为什么世界上有很多人没有公德心，侵害别人的权益还理直气壮？'
 '我是卖了贵燃马上就翻红，好在买的香飘飘也立马涨停了[狗]'
 '大妈，我不在，我要是在我抬个低音炮，咱轰死他！'
 '录好女优淫叫，上了公交车，大家应该都很亢奋噢，啥病都治好了'
 '烦死了！'
 '试过网络赌博的人知道，没有大鱼小鱼也吃！'
 '是不是该跳起钢管舞 让大爷看的流鼻血心脏病发'
 '改革开放的学校小逼小卵欺负人也不是陈出不穷到处都是吗，这个不是文革的余孽应该没有了吧。'
 '文章里里词挺惨的'
 '为什么这些人没有公共道德，还这么理直气壮呢？'
 '这首歌真有那么惨吗？'
 '见到广场舞扰民的，可以试试这个，嘿嘿。说不准还真有用！'
 '我就见过这样的大SB，背个大喇叭满街乱窜哭丧，，，，，'</comments><comments_num>4891</comments_num></doc>