<?xml version='1.0' encoding='utf-8'?>
<doc><source>NetEase</source><id>5913</id><url>http://news.163.com/17/1208/22/D55T7ARM0001875P.html</url><title>女子打车杭州温州连夜往返只为见男友 结果悲剧了</title><datetime>2017-12-08 22:35</datetime><body>

                    （原标题：杭州温州连夜打车往返，男友没见着，没钱付帐？“我在KTV上班，怎么会还不了他…”）
                
杭州的陈师傅是一名出租车司机，6号晚上，他送一名乘客去温州。可到了温州以后，他又把那名乘客拉回了杭州。女乘客打车去温州见男友陈师傅：“是长途，一年也就碰到一两次，我自己也是刚检查腰间盘突出，我本来开到一点就回家了，我说这么好的单子，我就坚持一下吧，然后就拉过去，没想到我今天也没有收到钱（开了个通宵吗？）对，开了个通宵。”6号晚上，陈师傅接到这个跑长途的活，从杭州到温州，乘客是一位26岁的姑娘，叫小杨。据陈师傅介绍，当时小杨打车去温州，说是去见她的男朋友。陈师傅：“往温州去，已经到了凌晨一点半下的高速，到高速那里，她又跟她那个朋友联系，结果她朋友不接她电话，打了好几遍，然后又接她电话了，然后她跟她朋友借一千五百块钱，她朋友说没钱，过会儿就把电话挂了，就再也不接电话了。”来回车费2450，乘客说自己没有钱小杨：“男朋友（来接）（后来他为什么不来接？）他说他没钱，就不来了呗。”小杨说，原本说好打车到温州以后，由她男朋友来付车费，可是后来对方没有出现，手机也关机了。 小杨就让陈师傅连夜把她送回杭州。当时谈好来回车费2450块钱。可是到了杭州后，小杨却说自己没钱。小杨：“老子没有身份证，我身份证掉了，老子在KTV上班，怎么会还不了他。”只给了150元，其余一周内还清？据陈师傅说，小杨只给了他150块钱，剩下的两千三，表示会在一星期还清。可陈师傅觉得这事不太靠谱，他希望小杨联系亲朋好友，先把车费付清了。陈师傅：“您亲戚朋友，有联系 ，您就联系一下对不对，沟通不来，已经讲了好半天了，都不行，回她家之前跟她讲了，我说要不你打电话，她电话里有哥哥，有什么这些朋友，我说你打电话，她不愿意打。”小杨：“你知道世界上什么东西最难，借钱是最难的，能相信就给，相信不了，大不了闹。”民警协调下，小杨在欠条上签了字陈师傅选择了报警。在警方的协调之下，陈师傅替小杨代写了一张欠条，并让小杨在上面签了字。






 本文来源： 1818黄金眼  
责任编辑：赵亚萍_NN9005 
</body><comments> '哎，倒霉的是司机啊。大半夜的，白辛苦了！你们就看了热闹了，司机真是欲哭无泪。这钱，根本要不回来的。'
 '一看就是被男人耍的蠢女人！'
 '门：我夹过的脑壳都比她灵光的好不好！'
'2300 艹20次抵账'
 '女上面吧'
 '女的说老子的都是四川的。'
 '好换'
 '我是来扶你的！向经典致敬！'
 '不用您动，'
 '只能下海了，这智商'
 '都半老徐娘了，还去约炮？这下亏了吧？'
 '傻逼一样的女子'
 '缺心眼'
 '还老子！一巴掌打到她怀疑人生！'
 '一次30，日了，日了。'
'观音坐莲'
 '好笑'
 '😂'
 '呵呵KTV上班是什么人？那么牛？'
 '金币'
 '司机腰不好是关键'
 '垃圾女人，还真以为别人会为你买单？你谁呀？也不看看自己样子'
 '本来想去卖一次，结果没成，就没钱付车费了，张口老子老子的，一看就不是什么好货。有的人一辈子的行为你都不会理解。'
 '射前淫如魔，射后圣如佛'
 '黄有龙和赵薇夫妇一直宣称黄是富商出身，身家数亿，其实黄名下根本没有实业，只有几个空壳投资公司。赵薇还有一个不为人知的身份，曾经是许宗衡的情妇，帮许宗衡打理在香港的资产，当年许案中有人提及的女星就是赵薇，赵薇能通过公关，宣称和马云一起炒股赚了几十个亿，其实那是骗人的，炒股基本是亏本的，马云只是帮他们把这笔黑钱洗白后变成合法收入，再把财产合法化后转到赵薇夫妇名下。名义上赚了几十亿，实际上亏损了不少，还要付洗钱抽成。许宗衡当年贪污的部分资产转移到国外，是通过赵薇经手的，许宗衡出事后，赵薇独吞了这些财产，但是又绕不开黄有龙，可能是出于感情，可能是因为被要挟。两人最后还是结婚了，这才是赵微和黄有龙财富的真正来源。          想想也有道理，马云和赵薇有段时间看上去那么着急洗钱，每天娱乐、财经通告上都是他们的身影，据说2015年做空中国股市就是以马云控股的恒生电子为首的配资引起的，那么马云及其身边人员知道启动了2000点到5000点的牛市，也知道开始股灾的时间点，那么这帮人到底通过做空中国赚了多少钱我们至今不知道，但我们要知道他们操纵的一部分钱需要通过股市来洗白，这就是赵薇一年之内突然赚了一百多亿的原因。
'免费的都还是算了吧 下不去手啊兄弟'
 '这是多傻逼'
 '万里江山'
 '千里江陵一日还'
 '能插多少次，插回来得了。'
 '26 老子  ktv上班  呵呵'
 '就算下得去屌也没感觉'
'这司机也傻，为什么不先付了车钱再跑温州'
 '印象中湖南四川一带女子喜欢自称老子'
 '哈哈！兄弟看得真仔细'
 '哈哈哈，连一百块都不给。'
 '这司机碰到“老司机”了，绝对胸闷的'
 '碰上个傻逼
 '男人眼光高了，这种渣真下不去吊，丑的一比，我是说长的丑素质也丑，毫无魅力'
 '随着一阵抽搐，整个世界都索然无味了！
 '吃瓜的稳！！'
 '瞎编'
 '要我也不借女的钱 神特么打车'
'贵了，'
 '女的自己动'
 '出租车司机也不容易呀'
 '当时在回来的时候应该直接要钱，不然就扔半路'
 '算了吧，万一被反告强奸，你就死定了。'
 '送外卖的？不是说KTV上班的吗？'
 '幸亏我当时在电线杆，偷看了一下！'
 '三楼，你是怕掏jj女人问你名字是谁吧？'
 '那是另一个网友，女的吧？'
 '自己动
 '约炮的吧。见样子不如意不现身'
 '可惜
 '这比有多浅见，日松拉'
 '打车老远去送嫖，恩客觉得加上车费嫖资高了不答应于是傻了……以后接大单先问下什么工作为生的保险点，别遇到这种卖肉的了，这还是好的，再无赖的估计直接提出肉偿司机她自己爽了还不用给钱呢，司机不得赔游赔身体赔精力，太亏！'
 '腰不行动动手总行吧？懒得动手动动舌头总可以吧？'
'牛逼'
 '艹，非要用腰吗？'
 '半夜笑出声吓得老婆醒了。'
 '坏了规矩！自己约的炮……就是TMD含着泪也要打完啊……'
 '你上也行'
 '婊子就是婊子'
 '时间成本高啊，你会为一天的工钱搭前后好几天去打官司？
 '就冲老子这两个字，就要认真处理这件事'
 '别闹，陈师腰不好。'
 '有用？'
 '都是人才，😂😂😂，笑死了。'
 '穷逼+傻比。。。'
 '杭温二地返，欠钱二千三，师傅你别急，晚上值夜班，一晚八百块，车费三天还，如若真不信，可以自己来。'
 '如果是滴滴，平台会垫付，看来是黑车了，警察还处理写欠条？'
 '上去自己动'
 '腰不好，就说明肾虚，老二硬不了，别说女上男下了，就是勃起都困难'
 '一口一个劳资，真是个婊子'
 '荷尔蒙催的啊！'
 '遇到一个不正常人，不会打洞'
 '手机拿走算了'
 'x\u2006n\u2006x\u2006j\u2006x\u2006j\u2006x\u2006x\u2006x\u2006k'
 '在KTV上班好有成就感啊，怪不得男朋友不理'
 '姿势可以弥补腰部缺陷'
 '跟贴被火星网友带走啦~'
 '哈哈哈哈哈哈哈哈'
 '屌丝都没露面，感动个毬。'
 '此女怎么如此不要脸呢？'
 '去KTV先搞，一周后结账'
 '没钱叫啥车，坐火车去呗！手机里居然连个借钱的人都没有'
'哎，被所谓男友坑了，也坑了的士司机。这位女乘客......如果不想给钱就直说
 '外卖就外卖，什么千里卖'
 '疯了'
 '就这身材发型Ktv扫地的？'
 '这是老杨吧'
 '脑子有病的女人'
 '没钱是关键。'
 '就这种货色，能值100？'
 '相貌导致师傅自称腰不好'
 '这肥猪样还有那嚣张的性格，ktv里也就赔玩得料，就是用那啥表演开酒之类的，唉，败类'
 '欠条算是成白条了，肯定没了
 '人丑智商低，千里送货还赔钱'
 '那就用嘴，KTV 的小姐这都是熟练工'
 '就这货色，2000多我也关机！'
 '浙江六频道1818黄金眼，真是什么新闻都有。'
'笑死了😂😂😂'
 '千里送🅱！感动鹅毛！'
 '让老夫来试试可以吗？我可以还车费300元！'
 '好叼哦[惊讶]一口一个老子让你爸情何以堪'
'老子腿一开就来钱'
 '灭了灯再试试'
 '这品相4块！一个星期就算没订房！光混小费差不多够了'
 '赖  脸  德'
 '女人，26岁了！太没脑子没价值了！'
 '卧槽！小伙子上学时阅读理解都是满分吧？'
 '再不行，到口的肥肉也尝两口！两千多块钱没见过？要什么钱？'
 '本来要动手术的，谁知道杨小姐上瘾了，精尽'
'卧槽，还有这么渣的女人'
 '看起来就邋里邋遢的，素质还这么低真够恶心的！'
 '为了那点破事真有精神，难怪有人为了那事而死。'
 '就这侧脸，还一百！'
 '逗逼了'
 '你观察的真仔细'
 '可怜的陈师傅查腰间盘突出啊要不然姑娘可以分期付款的啊'
'有味道的少妇，微：y4gh7879'
 '奇葩'
 '玩的好的一晚上数千元。'
 '师傅还想多活几年'
 '也可能是收费约炮，结果被耍了'
 '遇到无赖了'
 '杭州到温州来回2450是不是贵了点？难道没有动车？'
 '脑子不灵清'
 '又不是'
 '因为长得不好看，没人点钟。所以没钱。'
 '这种婊子活该
 '看侧面，不用看脸就知道又丑又胖。'
 '哈哈，，，，腰行也不可以呀，她反过来告你强奸'
 '本来住院的，谁知道杨小姐上瘾了，要动手术了'
 '虎背熊腰的！真垃圾'
 '说话这么二，人品脑子也好不到哪'
 '再乖再漂亮的女人，只要一爆粗，我立马焉，倒胃口……
'看背影此B难以下日'
 '平时抵的债太多了吧？哈哈'
 '只要熄了灯，母猪也能变貂蝉'
 '瘾大'
 '没脑女人，什么人都敢信，就算是你的老公也不能这样信任'
'自称老子？'
'外卖的吧？活没接到'
 '这种货色，这种口气。贴钱还差不多。
 '老子会还不起钱？这口气咋像个爷们呢？人妖？还是gay?'
 '长这B样，在KTV点到率也差'
'样子不值车费钱'
 '妈的，一点服务精神也没有，不会在上面自己动啊？'
 '尼玛，这种货色，KTV做保洁的吧？'
 '但是人家不收，估计也是嫌带车费这一千二三的，不如开一次进口车，体会一下彪悍性能。'
 '打的去卖，买家爽约……'
 '这铺垫下的及时！'
 '肯定是四川的妹子'
 '劳资在KTV上班怎么会还不了他[微笑]'
 'ktv真赚钱，剩下的2300，一周内还清'
 '777'
 '万里江陵十日还好了'
 '单程车资一千多块，够出去包两晚了，而且还可任挑。
 '四肢发达头脑简单'
 '肯定是小姐，人丑了。人家不要了'
 '张口闭口老子，这女的也不是个好东西'
 '千里找太阳
'不给钱还这么霸道，怪不得男朋友不接你'
 '千里送外卖，点餐小哥爽约！'
 '困的不行，笑得肚子疼！[大笑]'
 '呵呵幼稚啊，最起码女上位吧？还有什么省力的姿势老司机教教一楼吧！'
 '陪司机睡几天不就行了'
 '尼玛这事能和老婆说吗？'
 '看到这里，我吸了口古巴雪茄，喝了口罗曼尼康帝，放下了直升机钥匙，放弃了和特朗普的交谈，拉开抽屉，拿出那布满 灰尘的五菱宏光钥匙，今晚十点，秋名山见，看见灰尘算你赢，不要拿几百万几千万的车在我面前炫耀，老子上班都是坐几个亿的地铁上班，我炫富了么？我走在国家投资几十个亿的省道上，我骄傲了么？马云够有钱吧，至今没见过我面，王思聪够富吧，不也一样不认识我，还有我和中国工商，建设，农业等大型国营企业银行有长久的业务来往，给上百亿企业中国移动，中国联通都有通信来往，你们有听说过我么？不要跟我讲牌面，更不要跟我炫富，不说了，泡面好了，再过会就不好吃了！'
 '没钱？啪三十次算了'
 '仔细看了下，这女的满口的老子，一看就是混社会的妓女'
'自己动……'
 '长这13样你们也下得去吊啊？'
 '师傅可以不动'
 'KTV来钱快'
 '是的，四川女孩喜欢自称  劳资'
 '现在凌晨两点半，又可以清醒半小时了'
 '这样的长途必须提前付费的，至少先付一半.到地方付另一半，一旦对方有耍赖的架势，立即调头走人认倒霉！'
 '2450，1周还清，每日300多'
 '动不动老子老子的 看样子不是什么好女人'
 '长得也太壮实了吧![暴怒][暴怒][暴怒]'
 '大家觉得就斤斤计较'
 '你们还要人睡觉吗？'
 '就这个身材，30年前在田地里挑谷子倒是一把好手'
 '还好是出租车司机，如果是滴滴的话对方下车后不给钱滴滴会管吗？'
 '不用多，陪十个晚上就好了！'
 '看这质量，哪个ktv这么辣鸡啊！'
'◟(.öˬö.)◞'
 '这个逼还不好意识'
 '逼女人!KTV混的?男盆友不见是对的'
 '没有两千多路费的话，送上门的也还是会收留三五天的！'
 '这是要了师傅的老命了'
 '连男朋友都下不去吊的女人，在KTV上班会有人点吗？'
 '多光彩啊'
'这样子的能艹的下去吗？'
 '师傅可以躺着不动啊'
 '千里送都没人要'
 '腰椎键盘突出，看清楚'
 '哈哈哈哈'
 '来一趟一千多，就算送货上门这一炮也太贵了'
 '看這側臉背影一般人下不了吊，遇到老司機了
 '这傻逼女哎'
 '你以为她只卖一次吗？'
 '做鸡能混到这个地步也够惨了！看哪个美美多牛！做婊子的要比较一下！'
 '千里送比！感动鹅毛！
 '130'
 '喂！老王吗？过来玩保证您满意。
'是不是遍孑'
 '为毛没有钱，忽悠到那么远去了'
 '乘客擅长观音坐莲'
 '拉到街上，一百一次，卖掉，'
 '女生上男人下，手打，👄爆，方法很多的'
 '傻逼女人什么玩意儿啊'
 '千里江陵？不行，还是万里江陵吧'
 '打几炮就完事了'
 '有高潮就会有低谷，很正常'
 '听着像有些道理'
 'KTV上班很挣钱吗？'
 '脑残一个'
 '什么事'
'KTV...'
 '[竊笑]哈哈'
 '垃圾小区 停车场都没有 而且你这种思想小心你家小孩中招'
 '😎'
 '女上位'
 '对对对'
 '一般'
 '怎么联系师傅，我代劳了。师傅那边出钱，女人那边出力。'
 '四川的在ktv和洗浴的跟东北的差不多多'
 '没笑脱肛算你狠'
 '张口闭口老子，在ktv上班的婊子这么拽么？'
 '这样丑鬼还转让个毛？20一次最多'
 '这种垃圾女人'
 '[微笑][微笑][微笑]'
 '呵呵'
 '还是滴滴方便，远途都乘客先预付车费。'
 '智障女世上真有这种不要脸的人啊'
 '不信小姐这么穷'
 '千里取经未成功！毕竟不值车费钱！'
 '不是每个人，脑子里面都是性，要是我，我也是要钱。'
 '打扮的像个鸟人，其实是只野鸡!'
 '上门服务的，客户爽约了'
 '真的不要B脸'
 '这个司机也够呛，包车都是先付定金的'
 '谁睡谁'
 '要腰好，应该可以谈谈'
 '可悲'
 '这种女人一次三十都贵了！'
 '这女人听她说几句话就知道绝对属于垃圾人，师傅这钱怕是不好要了哦'
 '就是啊😁老子KTV上班会不给你钱？'
 '都这时候了，女的就别想着享受了，该动动就要动动了！'
 '劳资看你是欠草'
 '杭州ktv坐台妹，比温州渣渣放鸽子了
'民警真聪明，写个欠条了事，老子服！这钱要是能收回来，民警他吗刘从良了！煞笔女人也是智障，不坐高铁偏打车，遇上贱男，坑了老司机。'
 '淫才，小弟佩服'
 '女上'
 '现在的女人太她妈坏。男友不见她就对了。就作死吧！'
 'KTV上班，应该不会太丑吧，肯定有别的原因'
 '安徽鸡'
 '老客哄大乱叫了单外卖，一听路费快赶上P资了关机玩失踪'
 '我看也是要不回来这钱了，师傅真倒霉
 '可怜的女人'
 '老子在ktv上班亮了'
 '在下面不行啊'
 '现在的女孩越来越不要脸了'
 '枪战王者
 '我也是醉了，这钱都可以坐飞机了'
 '主要是腰不好！！这你们都没看懂？？？'
 '张口闭口老子老子的    渣女！'
 '陈师傅应该像别的司机一样血性点，口气重些，不然这种垃圾蹬鼻子上脸偷偷跑了'
 '她这朋友办的没错，如果见面了就相当于花两千多干一炮，不值啊'
 '每次10元  让她肉还'
 '保险已打开'
 '坐上去自己动嘛！'
 '千里江陵不行了，要万里江陵
 '如果长的好看点的KTV小妞，那么2450块也算符合包夜行情！'
 '这种女人谁娶了谁他妈脑子有病。'
 '长这个逼样还去送逼，心里就没个逼数吗？送逼被拒收，你特么也真的没谁了…'
'臭婊子一个！猪头婊子'
 '千里江陵十日还。
 '网友都看不上，师傅看也就不上哇！'
 '说几句话老子前老子后的，太不文明r'
 '……'
 '大半夜打车去约？？？'
 '就这个背影50不能在多了'
 '就这样子，你操？'
 '好细心'
 '这样的吧...看看P的照片就还可以..看那吨位....蹲守在高速路口的男友果断甩包..'
 '不值'
 '小杨没给钱，倒是差点把楼上的几位逗尬尴了，哈哈哈。'
 '这么丑的大妈，还千里约炮？'
 '这女的也是有苦说不出哈哈   被男朋友坑了   所谓男朋友可能就是网友   耍着玩的'
 '一炮泯恩仇'
 '我相信她是想赖账的，KTV女的哪有诚信！'
 '赌债肉偿'
 '我是真笑了，笑你看的仔细，开玩笑都那么仔细！'
 '都说不好看，没看到呀？[大笑]'
 '从背后看明显虎背熊腰啊！难道千里送都没人要！'
 '我操、就这身材、像大妈'
'大哥，我没带钱，你看看能不能让你怼几次把账抵了……'
 '大半夜的恶心人，真不要脸！出门光带B不带钱？'
 '老子KTV上班的，还能差你这点儿钱？？？'
 '一个？？痴情'
 '百度下莲蓬乳有你们想要的东西'
 '：这么好的单子，就坚持一下吧'
 '这货色，30不能更多。'
 '老子KTV上班怎么保证不了了？[大笑][大笑][大笑]绝对会被传为佳话[大笑][大笑][大笑][大笑]'
 '出租车师付。你也太天真了会上女骗子的当，这种人明就是骗吃骗喝的，说啥都别信，赶紧先把钱追的要回来，
 '50差不多'
 '我怎么看不到脸？
 '华为的贴都删？'
'这钱是拿不到了'
 '我也是很佩服这女的勇气'
 '嗯嗯'
 '反证让你干抵帐，你不干，那是你的事!是你不干!'
 '有道理！'
 '居心不良啊！你这是想害死司机大哥啊！'
 '这个也太奇葩了吧'
 '女的说老子，老子我是第一次听'
 '去卖就行了'
 '无赖，滚刀肉，没招！'
 '我喝多了墙都不服就服你[大笑]'
 '好咯哦咯哦哦'
 '黑暗中，时不时蹦出一句“爽死老子了！”想想都惊悚'
 '哈哈哈'
 '才26岁？46岁吧'
 '随意污蔑他人的垃圾都会遭报应的……'
 '自成老子的女人，估计是四川人
 '脑残啊！没救了'
 '20几的人，1000多也没有，混得可以啊'
 '23次，怕你不想！再来个10送1！怕你自己不愿意'
 '千里送炮别人嫌气不打'
 '笑话！老子KTV上班会欠你那点车费？[窃笑]'
 '真是个智商低的贱女人，没钱还敢打这么远的的士，碰到脾气躁的直接把你杀了扔野地，坐霸王车还这么牛逼！'
 '世上还有这种神经病女人'
'故事如下……：这个男的约这个女的一炮，结果这个男的没想到要让他付车费，这男的一算根本就不划算(1500约次炮能划算才怪)。然后关机了事呗。'
 '别逼她去广东啊'
 '千里求炮，结果人家嫌贵。'
 '找屌。屌不插。'
 '躺着自己动'
'人傻'
 '千里送...'
 '图片最后一排字是亮点，注定受害人拿骗子也没辙，天朝法律太高大上了'
 '妈的不给钱就算了，还想爽'
 '正拉屎呢，被楼上一句话笑的把屎夹断了
 '哈哈哈哈 笑死了'
 '烂比'
 '打车千里去挨炮'
 '女的蠢货'
 '傻逼的人
 '当时好痒，就想过去止痒！'
 '一看干这种事的女孩子都好不到哪里去
 '只有夜场里的逼才这么霸道！
 '师傅腰不行没看到？
 '一千多什么样的没有？🚺😁😁'
 '绝对是个被干的货，还一口一口老子'
 '学扬振宁抠翁帆的逼一夜三千下好吧？不用腰扭的😝'
 '就剩个B还能卖两块钱'
 '傻女人，哈哈哈'
 '杭州温州两千三，温州友人不日还司机乘客扯不清警察出面始签单'
 '。。。。。。'
 '这样的女的真的垃圾，自己想去死不要拖累别人，人家司机开一夜车很累的，垃圾'
 '丢人，傻女人！'
 '女上位还不行？'
 '一日还
 '不是男友？
 '万里江陵吧'
'那还不压断了？'
 '2400啊，rmb啊！你以为吃麻辣烫啊，13块？！！！当我傻啊！！！哪来回哪去，快，麻溜的！'
 '全自动'
 '首先，得有法院判决，为两千三百块钱折腾这么大一圈？'
 '最恶心谁张口闭口老子，老个锤子'
 '1000块车费都不给我'
 '小编这伏笔埋得好深！'
'还老子呢，这个傻逼！'
 '後面的不是憋回去囉[竊笑]'
 '麻痹不知道有动车这东西吗'
 '以我的判断钱是百分之百要不回来了，那女的身上就没点值钱的东西抵押吗'
 '做一下雷锋吧'
 '腰椎间盘突出'
 '不能肉偿吗？'
 '看她的样子，不止26吧？？？？36还差不多'
'沃日，思路真尼玛开阔'
 '约炮，男方开玩笑说付车费，结果女的挺实在，从一个城市打车到另一个城市，结果，男的觉得你特么当我傻逼么，迟迟不现身'
 '离近点就不介意照顾一下这女的生意了。我当帮滴滴师傅的忙，不是为了私欲！'
 '就是腰不行了还可以口'
 '结果连屌毛也没感动'
 '打完炮，司机被告强奸，赔了20万'
 '贱货'
 '司机师傅腰椎间盘'
 '小杨是不是伪娘啊，不是应该老娘吗？说老子说漏嘴了吧。'
'龟儿子，格老子的'
 '哈哈哈哈哈。'
 '长成这个样子，想想还要付车费，最后还是关机算了，'
 '现在这些女人够贱的，就怕没人睡'
 '脑壳：她都没脑壳的好不好？'
'。。'
 '师傅腰间盘突出，那么大运动量，那不要命啊'
 '脑残没底线，一口一个老子，这教养'
 '看上去，貌似这女的真不给钱的话，好像警察和法院也都没有好办法？'
 '以后长途先收一般定金吧😄
'老子老子的，应该是三川半附近的。'
 '哈哈哈哈哈哈哈哈哈服你'
 '千里送比！感动鹅毛！'
 '太贵了，这种女人一次三十都贵！'
 '一个二十六岁的女人称自己是老子，这种女人是什么人，想必大家心里有数了，一晚六十，不能再多了！'
 '奶奶的，一口烟差点没把老子呛死'
'二逼师傅！出车前不晓得先收一半费用哈……'
 '鸡飞狗跳'
 '观音坐莲吧'
 '下不去屌，，要不网友能不出现？？'
 '实在不行就强草'
 '哈哈哈哈哈哈，'
 '这女的脑袋有病吧，司机师傅真倒霉'
 '嗯嗯！长得真心不好看，如果是150车费估计还咬咬牙付了！1500可以找个很不错的小姐包夜了！'
 '看看'
'这种行为，警察只是协调？ 要不改天我也当流氓去？'
 '要我约的，含泪也要干完。'
 '老子穿越大半个世界去睡你，你却连车费钱都不给我。'
 '这女的就是欠操，'
 '………'
'你这是饥不择食啊大兄弟'
 '也许是贤者时间'
 '一百块都不给我'
 '这么回事，'
 '霸王车新境界啊，自以为还活在蜜罐子里？'
 '不是样子的事，是气味的事
 '真的假的'
 '陈师傅：“是长途，一年也就碰到一两次，我自己也是刚检查腰间盘突出，我本来开到一点就回家了，我说这么好的单子，我就坚持一下吧，然后就拉过去，没想到我今天也没有收到钱（开了个通宵吗？）对，开了个通宵。”'
 '人嘛！不就是吊馋和俾缠吗……'
 '[喷水][喷水][喷水]'
 '臭婊子 小姐都这德行'
 '这女的贱到骨头了'
 '赶紧起来撸一发'
 '贱人'
 '确实虎背熊腰，美好的意淫全化为泡影'
 '唉，没见过男人吗，一个是人渣一个是垃圾刚好一堆'
 '师傅都埋下伏笔了 就怕易友让她肉偿'
 '千里江陵…😜'
 '这是ktv打扫厕所的阿姨！'
 '绝对跨地区约炮，'
 '开头就说了，老师傅腰不行'
 '我也去看了广告麻麻的'
 '肉偿23次'
 '男友跑了'
 '嚄衣'
 '这个样子在ktv上班也是个洗厕所的干活😅
 '这姑娘要么真爱要么性饥渴，我可以满足她性饥渴'
 '司机也这么想，水知道没人收 这就尴尬了。'
 '看这形体，你吃得安乐?'
 '就这肥样，KTV会要吗？'
 '你觉得你配尊称为您么？'
 '看图片的质量最多值30一次，只能去建筑工地卖。怪不得司机非要钱呢。'
 '能把司机累死😄'
 '老子在KTV上班……'
 '你问过司机老婆愿不愿意吗？'
 '司机真傻，你耍一个月'
 '你这样子，在ktv上班也没人点你啊'
 '绝对约炮的，结果被耍了'
 '我就是来看看大家怎么评论的'
 '傻B一个'
 '哈哈哈，服了你'
 '乱吃会生病的哦'
 '我给师傅2300 让师傅劝她给我艹八次就够了'
 '真是世界之大无奇不有啊！还有这种女人真是给女人丢脸！'
 '做不要脸的行业，车费也特么不要脸'
 '说千里要洋气一点'
 '估计是男的觉得不值这车费'
 '服了[惊讶]'
 '都什么人那！'
 '一星期赚两三千，KTV确实好'
'KTV上班，说的理直气壮！这比脸赛城墙！'
 '有道理，男人威武'
 '说到重点了！'
 '千里江陵吧'
 '司机师傅都下不去屌'
 '看这“小杨”年龄得50多岁了。'
 '为什么通过诉讼不划算？为什么别人欠2000块不用还？还有王法吗？还有公道吗？诉讼成本那么高，只能认倒霉？'
 '师傅腰好也不行呀，去约男的人家都不见，估计长得不怎样。
 '腰不行也得硬操呀！否则小鸡鸡会尿堵罢工鸟！😂
 '傻逼女人'
 '男下女上'
 '一个星期七天，每天卖四次，一次一百，怎么得也有2800。老子在KTV上班怎么会还不起钱？
 '老司机，老湿人，对事物的描述就是不一样😄
 '网络约炮'
 '不要逼脸'
 '即使正常人也没有谁任性到这样打车去见男友，还让男方掏钱，人太高估自己，就是作死！'
 '温州男还是清醒的'
'666'
 '艹，愣是笑醒了[大笑][大笑][大笑]'
'老子。。。小姐是四川的还是重庆的？'
 '大话说给谁听？车费不付'
 '26岁？看那下巴。这女的真可怜，但可怜之人必有可恨之处。'
 '女上男下不行？'
 '让我想起了马蓉和宋喆微信里的那句问句三字经。'
 '亏你想得出来，不给车钱就算了，还得要把她伺候爽？'
 '可以聊滴滴代日
 '妈的两千多拿不出来，那么大个人了'
'对于这样没钱还装逼的人！就得让她先掏钱！'
 '无赖'
 '看背影跟我妈50岁的差不多'
 '一日还？'
 '地方都不知道就送货上门，傻x一个'
 '等日'
 '垃圾人，就应该拘留
 '哦哦'
 '司机扎心'
 '跟这种人就应该要到底，没钱就别装逼打车呀'
'警察的处理方式表示不能理解'
 '晚上'
 '没钱你打那么远的车？'
 '[大笑][大笑][大笑][大笑][大笑][大笑]'
 '没钱学人打的？'
 '看这发型，难怪送上门也不要。'
 '没钱打毛个车，高铁又快也便宜。'
 '就这货色，下得去屌！'
 '就这身材还女上男下？师傅怕是屎都要漰出来'
 '安徽的，今天电台有播，笑的我差点追尾警车'
 '杭州到温州往返600公里！'
 '正准备睡觉，看后睡意全无！'
 '有道理，不然干嘛强调腰痛
 '无语'
 '人家在KTV上班又不是坐台的，量贩式KTV搞卫生的'
 '可以坐上来自己动啊'
 '骂你嫌脏口打你嫌脏手，得有多丑？'
 '出租车司机腰不好，再说人家KTV上班，一个星期就还了，'
'这算毛，我一朋友来嘉兴喝酒，喝着喝着突然想女朋友，直接打电话，打的过来，我想你，直接杭州打的过来
 '[微笑]我们温州人这么任性'
 '老子干KTV 的就有钱付了？
 '腰椎间盘突出不能压的，看这女的体重坐上去估计轻度压成重度司机师傅就废了。'
 '如果跟你哪个龌蹉的想法一致她会没钱？'
 '还是你细心'
 '嘿嘿'
'千里送比！感动鹅毛！'
 '你一ktv上班的，付不起钱？'
 '这么痴情。'
 '我愿意日'
 '记者也是老司机，前文已经提到了伏笔:司机腰不行。'
 '看起来就邋里邋遢的，素质还这么低真够恶心的！
 '这种烂货一次50都贵了
 '应该是 没看上 执意要钱'
 '一个黄毛丫头开口闭口老子老子的，我是司机的话不但不减免一分，还要收她利息，让她长点记性。
 '这比太贵，不要了'
 '毛病来的不是时候啊'
'群里喊一下，一炮100，不也就23炮的事！'
 '各位易友，有没有尚未翻车的直播间啊？'
 '他喵的 老子嚼的槟榔差点吞了'
 '不靠谱，苦了司机师傅'
 '这么胖在ktv上班？真有喜欢这口的？侧面那双下巴简直了'
 '警察有个锤子用，曹，这等于买东西不付款，尼玛还叫人家诉讼，两千多元，起诉不花时间精力，谁都你这帮傻逼警察那么闲？看到这样的我真的服，居然明显没理的也能和你就此别过！威武'
 '没看到师傅说腰痛吗？'
 '没事，挂网上拍卖转让。'
 '你的眼睛好贼啊！'
 '大不了千里江陵......'
'司机说真是日了狗了！'
 '信息量太大，理不清了'
 '这女的真恶心，除了样子，还满口老子老子。那位躲起来的兄弟，这回我支持你。别被这种丑逼玷污了。'
 '万里江陵'
 '师傅腰不好，咋肉偿？'
 '那也二十多次了，开车师傅又有腰间盘突出，有点强人所难了'
 '开口闭口老子 素质这么低
 '骗子吗，难说'
 '什么人'
 '师傅要不好，再艹20次，你想让人家瘫痪?'
 '林子大了，什么鸟都有。'
 '可笑'
 '关键看背影长得不行肉偿还是算了吧'
 '脑壳被门夹了！'
 '可以转让'
 '怼?字用的妙'
 '100狠了点［大笑］'
 '真欠揍
 '司机送你来回，应该付车费，天经地义。没毛病，你没有见到朋友，没有人借钱给你付车费，然后司机把你拉回来。回到了杭州，你说你没有钱付，也不同意借，其实你跟司机多说点好话，然后找朋友借一半的钱给司机，然后自己低调点，承诺几天还余下的钱，我相信司机也会通融的，但是你一个半老徐娘，说话开口老子闭口老子，讲话那么难听，本来欠人家钱，还TMD的瑟，谁吃得消？把在KTV上班说的无限高尚一样，此女就是一个脑残，不值得同情。'
 '欠条有屁用，老赖'
 '只要学会我们大理的一阳指☞神功，腰好不好的都无所谓了。七天学成收费八百'
 '🍌'
 '看这模样，2000得好几炮，才能搞掂'
 '又是'
 '现代版  千里江陵一日还。'
 '唉，饱的饱饿的饿'
'打的的价格都赶上飞机头等舱了'
 '情为何物啊？？？'
 '这是小杨有点虎啊'
 '一个脑子进水的神经病，贱，连这点钱都没有，看来平时就不学好，借点钱都借不到。'
 '应该是网友约炮的，谁知道要付那么多车费就放弃了'
 '就服你这认真阅读的'
 '温州这个怂货给温州人脸丢大了。这点小钱就让他把头缩进肚子里去了。连送货上门都不敢接。还有他娘的要找也要找个好一点的。竟然找了个姓婊的。也是给温州人丢脸。'
 '这货智商余额不足'
'就差点明说自己是卖的了吧？'
 '在KTV上班的 2 千多都没有？ 没有就别摆阔'
 '哪里可以证明KTV里上班就可以还钱的？'
 '千里卖，不知道先收点定金，就这么送去了？不过老子老子的的确是小姐的口头禅。问题是做小姐居然拿不出2000多块钱'
 '什么狗屁男朋友啊，分明就是着急约炮，又没钱，司机师傅悲剧了。'
 '师傅腰不好是关键。'
 '小杨：“老子没有身份证，我身份证掉了，老子在KTV上班，怎么会还不了他。”是啊，一晚600，一个礼拜都不止4000块了，怎么会还不了？大不了分期肉偿呗。'
 '大家快看看我语法分析的对不对？怎么保不了证不还他？反问句，一定能保证不还他！难道我分析❌了？类似句型：怎么会不喜欢你？=一定会喜欢你。 有点晕\U0001f92f'
 '老公骂我了说我还不睡…'
 '这回杭州KTV要火'
 '老子正在吃花鲢，这种垃圾货色碰一次师傅就能倒贴，就说怀孕了。赔钱。最少20万，给还不给，到你家闹去，'
 '2450？还是省内？打的真有这么贵吗？我姐夫家从江苏苏州包车回河南老家貌似也就不到1000吧'
 '女的说:“一次一百”。男的说:“不行，最多五十”。女的:“可以，但是你得掏路费”。男的:“可行”。于是女的打的过去。男的一听车费价格，骂了句:“操，有这车费钱我可以找这样的一个连了”，于是关机。'
 '男友一听车费一千多，不愿意出了。'
'老骚货，让本大仙来收拾你！说说哪个KTV
 '小杨：“老子没有身份证，我身份证掉了，老子在KTV上班，怎么会还不了他。”一晚上就赚回来了'
 '如同当年深圳一出：一百块都不给我[大笑]'
 '这女的就是个傻逼
 '去 动物园弄点老虎尿或者粪便，黑熊的也可以，然后自由想象吧'
 '唉倒霉
 '关键车费1300啊，约个炮不值得，女的又让出租车回杭州了，一个来回2300，女的说回家拿钱，到家说钥匙丢了，大家都懂的，就是小姐
 '废话，这种货色五十都嫌贵，还给车费？'
 '双重否定你没看到。类似排比应为：怎么不会不喜欢你？'
 '你呢
 '7楼还能不能让人愉快的睡觉'
 '下面不挑食，上面挑食'
 '老子老子的，肯定是四川女流氓'
 '什么垃圾都有，没特么打什么车啊，还那么远，怪不得没人要'
 '你来'
 '给人免费上几次不就得了，反正你去ktv也是赚这钱，脑子也太不灵活了'
 '车债肉偿，一次100'
 '婊子，先奸后杀，痛快'
 'KTV上班不差钱'
 '婊子没干净的，有脏病。'
'可以让司机睡吗'
 '这些无聊的新闻、以后少发点、会在社会引起很多负面影响'
 '2300 艹20次抵账'
 '什么人呢？26岁还怎么不靠谱吗？'
'我擦擦！'
 '1818黄金眼  还挺有趣的，净播奇葩事。😄'
 '这钱要回来难了，可怜了出租车师傅，亏油钱还累个半死。'
'eeee'
 '司机腰间盘突出啊'
 '这个SB婊里婊气'
'26岁？？？'
 '老子?是孙子吧😄'
 '没钱还打车傻不傻！    怪不得男友不来'
 '傻子
 '叫上葫芦娃，葫芦娃不行，他们还有个爷爷，他爷爷不行还有个穿山甲'
'高铁要先买票的，出租可以先乘'
 '这样解决？？？？！！！还找了派出所，这钱很可能要不回来了～'
 '愚蠢 高铁便宜安全'
'没钱就千里江陵，不行就万里江陵，不能让老实人吃亏。'
 '这这……'
 '不想活了'
现在有正当工作的人没几个拿不出这2K块'
 '肉偿但不值'
 '网易慢慢跟以前的街边小报纸差不多了'
 '虎背熊腰'
 '蒂花之秀'
 '26年的脑子装的是屎！
 '千里江陵二十日还'
 'KTV上班的女孩是好女孩？原谅我!没看见过清流!'
 '有钱的任性。'
 '这还用估计，这不千里送比都不要么'
 'KTV卖肉的'
 '真不要脸，动车100多块的事，非得打车，这脑子有病吧'
 '贱成这样⋯⋯'
 '只想说，这女人有病'
 '她男朋友刚打完仗或者和女朋友再打一仗不值那个车钱'
 '我愿意做她男朋友，来福建找我吧。来回路费我给你报5000。多的送你。'
 '渣女千里送炮而已，结果对方嫌太贵，想想还是找妓女划算！哈哈'
 '肉偿了不就好了'
 'ktv上班，擦'
 '太形象的比喻，高人
'这女的虎背熊腰你们也下得了口？'
 '就这样子你100，你是有多饥渴……贴我100都嫌少'
 '开口闭口老子的，呵呵我都懒得送你'
 '肉偿吧'
 '哈哈哈
 '动鹅毛'
 '100块都不给我'
 '二楼港片看多了，我这满地都是狗屎，有时电梯都有，能怎么办，毒死它们又不忍
 '有病'
 '就这素质，100不值，小心种标'
 '言必称老子的，长江中下游几个城市……具体就不敢说了！'
 '这女的咋这么贱
'就知道你们说  抵账  小编都想好了 司机要不行'
 '这女的真恶心！还说话这么牛逼'
 '肉偿多少次？懂行的兄弟们算一账。'
 '脑残女'
 '看这背影不值啊'
 '女上男下，吹，都可以啊'
 '尼玛啊，真是作，国内随便坐飞机也用不了两千啊，竟然打出租
 '约炮的吧。见样子不如意不现身
 '你们都是怎么看的新闻，司机腰不好，好的话就没这个新闻了！'
 '来回车费2000+，还要开房费，吃饭，搞不好还得给的零花钱，操算一下5000都不够，傻子才接电话'
'又不是屌不好 可上'
 '可以手台里叫一下，轮一圈就差不多了。。'
 'KTV上班，鸡婆？'
 '哎！爱情可能蒙蔽了双眼，但是还要活不是吗
'为你的机智点赞[窃笑]'
 '犯贱的货色！！！'
 '师傅不动她动'
 '明显是千里卖，对方失约了'
 '看图就觉得不行了'
 '鸡🐔'
 '对，这次二楼没毛病'
 '婊子'
 '女上位啊
 '太丑下不了手'
 '丢人啊'
 '“老子在ktv上班，怎么可能不还他”哇哈哈哈哈'
 '见网友………这女子也是可悲！可悲之人必有可恨之处！！'
 '你还真是不挑食
 '没钱你打鸡毛车啊，贱人！'
 '人才'
 '男友心想，我包个夜就花2450，太尼玛赔了'
 '她没钱，想着男的会出钱的，说不定那男的是说过这话:你过来呗，我出钱'
 '女上男下不就完了！'
 '2450一趟 她得标价多少 这样的500一宿都算高了'
 '一副虎背熊腰的模样，难怪男友不肯出来'
 '我家泰迪不挑食，你的大葵花让我家泰迪乐呵乐呵'
 '这样的男人也有女友。哭死单身狗'
 '看来都是圈内人士  一看都懂'
 '这师傅没经验 先给钱再送人'
 '妈的，舅服你！！'
 '唉！晕呢'
 '先付车费，然后再拉'
 '这女的真TM恶心！'
 '没钱装什么逼，恶心'
 '手指微微扣动'
 '打车的话肯定要这个钱，至少来回近两千。'
 '这种贱B。。。死了算了。。。'
 '关键是找法院这点钱不划算，这就是为什么能赖就赖，能骗就骗的原因。'
 '长得太丑，没人愿意日！'
 '换成我我一定是那个男的'
 '一个有故事的人'
 '真是佩服那种没钱还敢到处扯皮的人
 '老司机估计拿不到钱了'
 '奇葩，三个奇葩！'
 '操呀老陈
 '还是你阅读仔细[微笑]'
 '张口老子闭口老子，尼玛还ktv上班，鸡婆被人甩了坑人家司机'
 '又来'
 '没钱还去千里送？这女的饥渴难耐？估计长的太丑了，男的远远看了一眼吓跑了。然后想肉偿车费，司机也接受不了，所以这女的就恼了'
 '这种货色人品穷逼的女的，免费都没几个人愿意'
 'KTV…'
 '何必呢'
 '这证明我们大多数男人还是挑食的，不是任何女人都可以下的去屌的。哇☞哈哈哈[大笑][大笑][大笑][大笑]'
 '主要是约炮男的见到这个女的长得丑不愿意露面，钱也就不会给付了。。。事情很简单嘛 可怜了那个师傅....'
 '都不容易'
 '我去，看了才知道这么难看，要我我也不约啊，浪费钱'
 '有没有点商业头脑，难道酒厂倒闭了拿几十吨酒抵账你就一人喝完？'
 '傻逼'
 '半夜'
 '人品太差，男朋发现先分手了。'
 '26岁长这么胖'
 '小杨：“老子在KTV上班，怎么会还不了他。”'
 '正规出租车'
 '椎间盘不好 开头就重点交代了'
 '人碴杂种！不是东西！'
 '灯一黑全tm杨贵妃，来吧别控制！'
 '陈师傅腰真的不好！'
'假富二套路痴情🐔！'
 '也可以口嘛'
'千里江陵百日还'
 '我靠，这是长途送逼，结果别人嫌贵了。'
 '孔子晕了，原来这货是老子！'
 '腰不行啊'
 '老司机'
 '。。。'
 '正拉屎呢，被楼上一句话笑的把屎夹断了'
 '打肿了一样有快感'
 '要钱没有，比有一个，让你干抵账，不干拉倒!'
 '遇上疯女人了，司机真倒霉'
'关健是TM的KTV上班的丑婊子，啪一次还得付车费，两千多呀！老子包夜可以随便挑[微笑]'
'2000块钱都借不到的人估计人品好不到哪去'
 '没人关注连夜赶过去就为见一面？为什么连夜？熬到第二天有动车不是吗？才多少钱车费？'
几号！'
 '一个女的开口闭口老子？什么人嘛'
 '千里送碧啊，这么老还小杨，滚'
 '故事会，操'
 '杭州到温州也算大半个世界？'
 '虎和熊表示也下不去吊，但能下去口'
 '这家KTV诂计要破产！
'没钱可以，免费给我睡10天总可以吧？'
 '认倒霉吧，这种女人估计是个烂货'
 '网上照片跟现实差太多人家不想见了吧'
 '真是奇葩'
 '这女人长这么丑 那个夜总汇要她上班 应该是站街小姐 脸皮很厚的那种女人 还特么的不要脸 赶紧死她全家人去'
 '唉！'
 '赖皮，怎么这么多又是垃圾女人不要脸！'
 '她只售那些又好玩又能装痹的。微：七依7依 三灵2七'
 '不行那就要给律师含了'
 '这尼玛看背影送我我都不艹'
 '2450吃一顿外卖快餐谁肯？'
 ':-O'
 '看图片老子以为是蔡英文！'
'你牛，广告做的[大笑]'
 '小区里面养狗的太多到处拉屎撒尿，车停一周车轮都被尿变色了，我打算在网上买点毒老鼠的药刷在车轮上，但是又怕又不懂事的小孩碰到误伤到人，说有办法可以毒死或驱赶在车轮撒尿的狗又不伤人？'
 '😓😓😓😓😓'
 '看着侧面整个一个大妈，估计人家也就玩玩她'
'这老司机真是够倒霉的！'
 '哎呦，臣妾做不到啊。'
 '日一回祘球了'
 '你，听说过观音吧？'
 '不知道怎么混的'
 '一看就是鸡'
'中国落后就是人的素质落后'
 '这是老杨吧，不是自称老子吗'
 '下屌吧？'
 '玩佳丽贷的吧。'
 '让她在上面'
'可以冻结银行卡，限制公共交通使用，若真想对方履行债务，其实方法是有很多的，就看相关执法单位是否愿意去做。'
 '这特么是KTV的扫地阿姨吧？'
 '千里江陵
 '别扯司机了，要是跑这么大的活回家交不了钱，你以为他不想一炮泯恩仇？'
 '可以女的坐上来自己动啊，还可以口啊'
 '男的可以躺着'
 '又要'
 '兄弟，还是你稳'
 '小姐真的是牛逼。'
 '舅服你'
 '这打扮，是在KTV打扫卫生的？'
 '受人之托 ，女，26岁，未婚，成都人，1.68米，体重52公斤，四川大学毕业。漂亮大方，爱好读书，健身，游泳，王者荣耀。目前在一家世界500强公司做部门经理，工作稳定:，年薪35万。成都有2套房，1套在高新区，1套在锦江区。奔驰C200小排量车上班代步，人务实、不拜金，父母公务员，退休金每月2W元。 她本人和家人现在非常着急，发动亲戚朋友想请大家给她新房子介绍一款效果比较好的无线路由器。'
'小编你出来，保证给你一个大鸡腿'
'这种婊子请原地爆炸吧！活着也是浪费粮食！'
 '复制进支付宝，领取0～1212之间金额：ipwTMJ13SW\r不信你试试'
 '关键人家炮没约着先要付1000多车费，人家肯定得跑'
 '服气！服气！'
 '又不是让师傅艹，只要钱够了就行'
'是我吕盆友的话3000都给[大笑]'
 '我是的士司机 这个单子我都不得接！'
'呵呵，可是看的人不多了'
 '这女的就是一个骚货，'
 '民风彪悍'
 '千里说逼不成，反欠一身债。不过这智商也是没话说
 '大半夜有飞机？杭州到温州有航班？脑子呢'
 '怎么忘了还有同城约'
'贱货'
 '司机腰不好'
 '靠……哈哈'
 '那就女上位……顶得住！'
 '直接拉去卖了'
 '这女的就是一个婊子，欠人家车费还老子长、老子短的！这要是哪个傻逼娶了她也是瞎眼了'
 '典型的无赖'
'师傅也不容易啊，这种垃圾'
 '十几年前还有个河南到厦门的，如出一辙。'
 '十足脑残，水货。'
'哎哟我去一一一'
 '然后吃了'
 '这么大的活 其实最好不接吧
 '操，秒删贴啊！'
 '这个逼样素质还那么低，一个女的开口闭口老子老子的，'
 '都半老徐娘了，还千里去约炮？这下亏了吧？'
'[喷水]'
 '聪明的你却不知道晚上这个点是没有高铁的，况且杭州到温州全程也不是高铁。'
 '平时很少穿衣服，这是出门了没办法。'
 '不要碧莲的东西！'
 '这猪脑子，把你卖了都不够车费！'
 '大盘鸡'
 '以后接单要收取订金啊，血的教训！
 '手机先压着呗，多少回收点本钱！'
 '这倒霉催的，碰到小姐了，她们这个群体是啥逼事都有，还是躲着点。'
 '😂哈哈哈'
 '破坏行规的人越来越多'
 '指不定活好呢[色色][色色]'
 '惠州淡水才几步路？这么多失足女青年你不去打救找这样的？'
 '不用百度了，看第一幅图就知道个大概了，这种短发能遮半个脸，显脸小点，脸小的没这么留的，除非是鲁豫，那个外套应该是个大衣，下面露脚踝的裤子，一个小皮鞋
 '打炮换车费好了'
 '还真有依据'
 'KTV上班没人点你不还是还不了钱，这长相能挣到钱也没有付不起车费一说了
 '师傅亏了，她不就是去千里送么'
 '动车🚄要先买票的，出租车🚕是先做完再说的，耍无赖，年纪轻轻怎么这么无赖呀'
 '最起码还能坐着，那些成天在网上喊着扶我起来我还能来一炮的人都死哪里去了？销声匿迹了？'
 '都是大神'
 '侧面看着好眼熟。而且姓也一样。但愿我认错了。。。。。。'
 '最后一图也是经典！'
 '这钱我付了，20次使用权转给我吧，我用2次，剩下的给楼下'
 '师傅腰不行没看到？'
 '哈哈'
 '没有火车了吗'
 '开出租车的师傅挣钱真的非常辛苦，还有开长途的司机，感觉真不是人干的活，希望早一点把钱还给司机。'</comments><comments_num>29076</comments_num></doc>