<?xml version='1.0' encoding='utf-8'?>
<doc><source>NetEase</source><id>38613</id><url>http://news.163.com/17/1208/13/D54VJ3DE0001875O.html</url><title>美2名司机撞车后一言不合掏枪互射 击中一路人头部</title><datetime>2017-12-08 13:57</datetime><body>

                    （原标题：美国两名司机撞车后一言不合掏枪互射 致2人受伤）
                
中新网12月8日电 据美国《世界日报》报道，美国休斯敦西南区6日下午发生枪击事件。两名司机在发生车祸碰撞后，一言不合当街掏枪互射，导致一名司机受伤，流弹也击中一名路过的无辜民众头部。据现场目击者表示，枪战发生在6日下午2时40分左右，车水马龙的Kirkwood Road和Westheimer Road交叉口附近。两名司机疑似发生车辆擦撞后起了口角，竟各自掏出枪在大街上互射，在警方赶到前，双方至少击射超过12发子弹。其中一名司机中弹受伤，先被送往Ben Taub医院接受治疗，另一名没有受伤的司机则被警方当场逮捕。



这场突发的大街枪战也波及一名站在对向停车场的非裔女性，流弹击中她的头部，救护车赶到后紧急将她送往医院救治。据目击者表示，现场枪声不断、子弹到处飞窜，两人在当街拿枪对峙情况令许多经路过民众看傻了眼，枪声大作时纷纷找地方掩蔽。警方于现场拉起封锁线，将两条车道封锁，封锁造成Kirkwood Road和Westheimer Road大塞车，许多车辆被迫绕道，就连路旁的主流超市停车场也一度因许多车辆驶进绕道而回堵；现场地上放置超过12个警方用来标记子弹的标志，可见当时枪战之激烈。


 本文来源：中国新闻网  
责任编辑：张宪超_NN9310 
</body><comments> '是不是电影看多了！'
 '小洋奴，怎么一提华尔街示威，你这货就怂了？华尔街民众示威一年多，问题得不到解决，还被暴力清场。是什么样的美帝能把民众逼得去示威一年多，结果还是不解决问题，要靠暴力清场来解决呢？要知道，民众们是要要求解决问题的，不是去玩的。真是“民主”的美帝。'
 '白妞800. 稍微好一点就得上千了
 '我要有枪先把说美国有枪好的无脑喷子一人脑袋上来一枪，看看里面能流多少水出来。就算最后被击毙了好歹玩了把真实的GTA，还杀了不少喷狗，那感觉真特码的爽啊'
 '一个民众有枪的国家，是很难想象暴力强拆和暴力驱逐的。'
 '不是喷子 是手枪的流弹'
 '你是不是有病？'
 '《西部世界》😂'
 '战斗民族'
 '怕是死的最多的是无辜路人，两人火并，莫名其妙被流弹打死了'
 '天天如此，这也算新闻？'
'问题你还没有拔枪已经被射死'
 '多整些之方面的电影给美国佬看
 '和1994年建国门事件田建明大开杀戒死伤约百人相比，其他都不值一提'
 '华尔街民众示威一年多，问题得不到解决，最终被暴力清场！我都想替华尔街民众问一问你们这群洋奴，枪在当时干什么去了？'
 '只因一句“你瞅啥” 大连小伙持军刺捅死59岁大叔——美帝禁枪加你国禁刀，世界每年少死约十一万人'
 '有把枪就能对抗国家机器，就像嗯嗯总觉得自己有了和蛋就能对抗美弟一样'
 '没枪没关系啊，至少手上得有票啊
 '喂喂，走错片场了。'
 '有枪真好'
 '三万多人死于枪支？哪里来的数据？那其他人怎么死的？美国没有自杀？还是美国没有车祸和刀子？你怎么选择性对比呢？'
'gangsta shit…'
 '一言不合就互射！'
 '3楼，那美国被拆户的补偿费是不是也是单方面认定的呢？？'
 '好好看新闻  动不动就枪击事件  神经病多 你晚上都不敢出门 否则很大可能把你崩了   要不你以为美国警察警告无效后可以直接开枪击毙怎么来的'
 '喷子们快来喷一喷，美爹们打起来了，咋办？'
 '美的5500万人持G，人均1把 ，治安依旧很好，国内没有刑事案件？人人都有，反而人人都老实了，不排除这些极端分子放在世界上其他国家99%内乱，中国 试试？军阀割据 100%
 '首先你得有'
 '怎么喷？要是有枪还用喷么'
 '两话不说就互骂！'
 '确有此事啊!'
 'zoukai😁😁'
 '枪法都不练还射毛啊，不如拿个撬棍上去怼'
 '诶，那奇怪了，你觉得这里不安全你怎么还活着？怎么没死啊'
 '这俩完蛋了 牢底坐穿'
 '如果在中国不知道要死多少交警啊，有枪'
 '美国也是一样....'
 '有枪公平一点'
 '……'
 '小洋奴，接着意淫。看看你这货还有什么伎俩，都使出来。'
也是一种让美国动乱的办法.省得这鸟国到处欺负人.
 '我拿AK47跟你拿手枪的打。。。公平不公平啊。。。你拿1万元的手枪。。。跟我拿二万元的手枪打。。。公平不公平啊。。。。你还没有拨出枪来。。。我先开枪了。。。公不公平啊。。。'
 '我好像听过一个新闻，全副武装的挖掘机对抗强拆。'
 'rpg'
 '没有菜刀更安全'
 '一花一世界，一叶一佛佗!究竟是什么意思呢?他是在告诉我们任何一个物质都是一个世界一个宇宙!组成这个物质的物质都是完全相同的!比如一片树叶由十个细胞组成，我们说十个细胞是一片树叶!再比如这十个细胞中的一个细胞由十个原子组成，那么我们可以说一百个原子组成了这片树叶，也就是说这片树叶是一百个原子!再比如该树叶的一百个原子中的一个原子是由十个中子组成，那么我们可以说这片树叶是由一千个中子组成，一千个中子组成了这片树叶!以此类推至各基本原子!我就不一一举例了，自己想象去!!因此我们可以说这片树叶是电子，是中子，是原子等等!哪个物质不是如此呢?'
 '美国刚被疯子打死56平民在音乐会上.'
 '不好意思我看不见'
 'gta'
 '美国刚被一个疯子用枪打死56个平民，90年代以前中国允许私有武器为什么禁制了，引为90年代持枪抢银行抢劫绑架四了少人就再也不润许了'
 '占领华尔街，还真是让我们大笑一场：原来一个到处标榜民主的美帝，对于华尔街民众的诉求，竟然可以一年多都不给解决，最后还是采取暴力清场的行为。这就是美帝的民主。要知道，华尔街民众是要求解决问题的，不是去开Party的。什么样的“民主”能够把民众逼到游行抗议，且抗议一年多还要暴力清场。好一个“民主”的美帝。现实是不是又无情地打了你们这群洋奴的脸？'
 '这就是米国安全的原因。要是一方有枪一方没有就出人命了'
 '来了，多赏你一坨，吞下闭上狗嘴。'
 '回复楼下所有中国黑，在禁枪的中国好处是我们还能在这里开嘴炮地域炮各种怼，而不是上网一言不合出来互射'
 '你再牛有军队牛吗，真动真格的说你叛乱到时动用重装备你凭破枪能打动坦克装甲车飞机，美国警用的都是军队退役的武器，说是军队也不为过，'
 '肯定不是被拆户想要多少就多少，否则美国的一座座现代化大城市也起不来。'
 '你以为枪很容易击中人？手枪后坐力很大的'
 '这个怎么喷？'
 '五楼  现在基本都是盼着拆迁好吗  熟称拆二代'
'82无后坐力炮，拿走不谢'
 '占领华尔街运动那些人最后是怎么离开的？'
 'FBI网站数据，当然是三万几千人，其中三分之二就是你问的自杀。自己搜搜核实'
 '德州人就这样，对持枪最有劲，好比中国大陆西北一些人曾经爱带着刀等逛街。这篇新闻稿写的不好，这两货互相射到对方了吗？吊人胃口。
 '美国习惯了子弹飞，中奖机率太高太多了
 '击中后你就没头了'
 '我看拉斯维加斯那个上门服务广告写的200刀每次，但是没说上门服务的时间，他们网站提示里面说照片是忽悠人的以实际为主😂'
 '不用想象 屁民互杀就差不多了'
 '用不对称数据误导别人.......  顶过500算造谣 你懂得'
 '杀人的是人，与枪无关。'
 '我们这儿也早盼着拆房子了。。。'
'我刚刚就射了一个非翼女性，100刀玩一次，随便玩。我就拿着她的头怼我下面'
 '小编要多报道正能量的国外事，不要报道负能量的新闻，全球化趁势下，国与国之间竞争化越来越大，老报道国外不行了，容易产生骄傲自满的心态'
 '爱加塞的死机应该多看看这种新闻[挨揍]'
 '我能射完格洛克的20发'
或许国民气愤一出
相互激射
 '先搜一下相关信息，别急着败露硬伤'
 '幸好中国不能持枪，中国很多司机脾气也很火爆，感谢政府~'
 '我要前突后翘'
 'hao'
 '打错字了。你懂的'
'枪击上门的警察和政府部门人员就不是无罪了'
 '美国的死刑就是给1楼留着的。'
 '晚了！乳山疯狗已经举报，你的枪喷出动能超过18焦耳，具有一定杀伤力，对人体有致盲等伤害危害性。请自首以求宽大处理。乳山的高抬贵手，我给你加餐'
'所以说，没有枪的世界最安全。'
 '深圳不是互射过了吗！'
 '哪都有人死于凶器，每年美帝3万人死于枪支其中一万死于他人枪口，中国约30万死于自杀他杀，其中几万人死于刑事犯罪（凶器不是枪而已）'
 '嗯 对对   禁枪对   一会我就把呲水枪扔喽销毁罪证'
 '什么？拆房子就会掏枪干？我们这里都盼着拆房子呢。'
 '应该是 格洛克吧，你说的是啥玩意？'
 '两人一共射了12发。换成我我自己就能射完克洛克的17发。'
 '不就是现实版的吃鸡游戏嘛'
 '基本上是黑鬼社区'
 '美国真危险
'来围观这乖巧狂犬，看看4楼5楼网易名就让人哈哈。疯畜，你先能占-领居萎会再五万步笑百步的狂吠吧~'
 '你以为警察没枪？'
 '这俩司机是华人吧？'
 '这枪法也忒差了吧？'</comments><comments_num>1231</comments_num></doc>