<?xml version='1.0' encoding='utf-8'?>
<doc><source>NetEase</source><id>38226</id><url>http://news.163.com/17/1208/21/D55PNK330001875P.html</url><title>男子自家马桶坏了深夜骑车偷马桶 连偷2个都摔碎</title><datetime>2017-12-08 21:34</datetime><body>

                    （原标题：男子深夜骑车偷马桶，连偷两个都摔碎了）
                


	
			

【男子深夜骑车偷马桶，连偷两个都摔碎了】河南登封的郑某，将摆在建材市场门口的2个马桶盗走。郑某说，家里的马桶坏了，看到店外摆着的马桶就想偷一个回去。结果因为当晚喝醉了，他偷了一个在路上摔坏了，又回去偷一个，也摔坏了……






 本文来源：一手Video  
责任编辑：程钢_NN7377 </body><comments> '中国中产阶级穷疯了！'
奇高收费尾气超标，变速箱异响，断轴，断梁下雨还得打伞(雨水窜驾驶室），方向盘锁死，甲醛等毒气超标等等毛病频繁，大众说：中国油品太差。三桶油：我油卖的贵不假，但你大众的黑锅我不背！'
'老天注定你接下来不用坐的。'
 '主人看上你家马桶是你的福气！'
 '估计桌椅都是偷来的'
 '只进不出的那种动物'
 '人才'
 '欧洲的？'
 'ᕦ(ò_óˇ)ᕤ“搞事情'
 '霉到家了！'
 '人家卖马桶的，摆两个样品在门前，有什么好奇怪的'
 '很河南哈哈哈哈哈哈哈哈哈'
 '还行不行啦？'
 '先让我笑会[大笑]'
 '马粪'
 '这智商以后别用马桶了'
 '其他店还有！只是连摔两个，有些绝望'
非中招。'
 '什么傻逼
 '酒是粮食做，不偷是罪过。'
 '酒是粮食精，越喝越年轻。'
 '笑喷了。。。'
 '这真是一个听了让女人流泪男人沉默的故事
 '荷兰精神！！！'
 '改偷马桶了！'
 '命中注定'
 '为啥没再偷第三个？'
 '来的早都会被顶，抢位置。哈哈哈哈'
 '门口就摆了两个'
'这要是去盗墓
 '妮玛被日了？'
 '粮食做的酒
 '这下要买3个马桶了'
 '果然很荷兰'
 '马桶表示：很受伤'
喝完就没脑.'
 '直接问他要两马桶钱就行，批发价。'
 '河南精神'
 '马桶坏了就偷，果然贺烂'
 '荷兰'
 '居然没有地域黑、不科学啊……'
 '范我马桶者，虽远必偷'
'能不能笑死'
 '这很荷兰'
 '果然系……中。'
 'helan的 不奇怪'
 '连🚽都偷，还随随便便的偷两次！'
 '瞧你那点出息。一大把年龄了连台车都没？还偷马桶，'
'以后改称：荷兰马桶集团'
 '老天不让他上厕所，找个算命先生算算吧。'
 '尼玛的，命中无马桶'
 '哈哈哈😂'
 '垃圾'
发动机漏油还自燃，减配，减重
 '我被他持之以恒的精神感动了，先笑一会……哈哈哈'
 '登峰？不是煮马店呢😊？'
 '贼种，什么都偷！
'日本马桶'
 '这智商这辈子就告别🚽了
 '这是喝了多少？'
 '车主说:大众he奥迪汽车烧机油
 '奇葩在民间啊'
 '民间在高手！！！！
'(－‸ლ)无语'
 '这贼太蠢了……😂'
 '人才~
 '喝醉了的逗比'
 '我去，是个人才。'
 '盗窃被判至少一年'
 '他说喝醉了你又没看到'</comments><comments_num>1653</comments_num></doc>