<?xml version='1.0' encoding='utf-8'?>
<doc><source>NetEase</source><id>4593</id><url>http://news.163.com/17/1208/19/D55J1E8I0001875P.html</url><title>山东莱阳教体局回应14岁神童跟麻省理工签约：真的</title><datetime>2017-12-08 19:37</datetime><body>

                    （原标题：山东莱阳教体局：“14岁神童”跟麻省理工学院签约是真的）
                
近日，山东莱阳的一名14岁男生被美国麻省理工学院录取的消息引起了各方的关注。有文章称，该学生6岁设计程序，8岁研发云计算平台，14岁签约“麻省理工大学”。而“网络神童少年”遭遇热议同时，也引发了广泛质疑。12月8日下午，莱阳市教育体育局宣传处一位工作人员向澎湃新闻表示，该李姓学生被麻省理工学院录取一事是事实，“我们看到了（签约的）照片，不会存在差错“，而正式签约文件正在从美国邮寄到莱阳的途中。引起各方热议的《莱阳一14岁少年被美国麻省理工大学录取》这篇文章称，山东省莱阳市第二实验中学在校李姓学生，6岁自主设计了一键式关闭学校电脑的程序；8岁自主研发了云计算平台；13岁注册成立“莱阳喔普云计算有限公司”并研发了一款3D扫描仪。但最近不少网友对李某被麻省理工学院录取一事提出质疑，称其简历漏洞百出。例如，视频中，”神童少年”表示自己2017年10月13日被“麻省理工大学预科”录取，但麻省理工（MIT）全称并非“麻省理工大学”，也没有“预科”。此外，麻省理工学院本科入学申请截止日期为11月15日(春季入学)和3月15日(秋季入学)，李某签约的时间也存疑。质疑者还指出，该生简历中展示的部分与高校的往来邮件中，发件人为“我自己的邮箱”，落款、发件人等信息也不甚规范，参加并获奖的“ACPC国际大赛”查不到组织方信息。



12月8日下午，山东省莱阳市教育体育局宣传处一位不愿透露姓名的工作人员向澎湃新闻表示，正在进一步调查相关事实，但该李姓学生被麻省理工学院录取一事是真的，“我们看到了（签约的）照片，不会存在差错“。该教体局工作人员称，对于此事的调查已经基本结束，该生正式的签约文件正从美国邮寄到莱阳的途中。并且签署的文件中还提到，由于李向楠还是初中生，就读美国麻省理工学院可能要到2020年读完高中后。“意思就是先签约，别给别的学校抢去了。“他说，“人家没有必要撒这样的谎。”而针对网络上质疑者提出的几大疑点，8日，莱阳市教育体育局行政办公室的一名工作人员则表示，目前教体局正在整理该李姓学生的证明资料，即将公布调查结果，向社会中对于此事的质疑声做出澄清。


 本文来源：澎湃新闻  
责任编辑：范姜国一_NN9138 
</body><comments> '我儿子也快6岁了，看来得教他写些简单的软件了'
'哈佛科技大学也向他发出了邀请。'
 '还一键式关闭电脑的程序，这不就是拉电闸嘛，我五岁就会。还踏马用的着设计。'
 '别给别的学校抢去了，比如蓝翔'
 '我儿子六岁还在尿床了呢。'
 '一帮土老冒，肯定都不知道MIT，被忽悠的一楞一楞的'
 '这是踢足球转回吗？提前签约，给签字费吗？'
 '周正龙还拍到华南虎了呢，让子弹飞一会吧，莱阳教体局别急着替人背书，小心笑话越闹越大'
 '上面那么多顶尖学院，休斯顿汽车修理职业培训学校的招生办主任，拿着录取通知书，站在小李家门前犹豫了……'
 'MIT还有签约这么一说？你当你是谁'
 '麻省理工回应与山东14岁神童签约:不存在这情况'
 '这个估计还有后续报道  要是查实这是真的 不知道这帮喷子的脸该往那放！一个个阴阳怪气的。'
 '我反手就给玩手机的女儿一个嘴巴'
 '应该是麻城理工大学'
 '哈哈哈
 '好人才早早就被美国搞走，美国想不强大都难！'
 '牛筋底大学发出邀请'
 '宣传需要！[微笑]'
 '斯坦福财经大学，每学期补贴10万美刀'
 '18岁搞出来云计算平台，也算神童了吧？'
 '先科普一下，再吹NB，是不是能稍稍科普点？'
 '莫名的喜感~~~'
 '厉害了'
 '以及华盛顿农业大学'
 '浙江一直在卖，贱卖……'
 '他不上网易，上薪浪，因为网易删tie
 '🌚🌚🌚😏😏😃😃'
 '麻省理工学院特意为李向楠同学开设预科，这样不是更牛逼？人家没有必要撒这样的谎。吹牛逼呗，麻省理工又不会出来辟谣。'
 '牛🐂'
 '不是怀疑他的技术能力，只是研发一个云计算平台工作量实在太大，根本不是一个人能干的事。不敢相信！'
 '纽约家长大学也发出邀约，18年后正式入学。'
 '英国剑桥大宝剑皇家技术学院也向他发出了邀请'
 '再高的智商也抵不过作业轰炸啊'
 '有些东西，不是8岁能编写出来。。8岁有可能当黑客。但是做个云平台。涉及好多东西。。应该是个团队完成。'
 '照这么看，他3岁应该就会吹牛逼了！！！'
 '还有耶鲁职业技术学院'
 '美国大学提前三年录取中国人，现在有这例子吗？美国大学提前三年录取过美国人吗？美国大学提前几年录取美国人吗？中国大学提前几年录取中国人吗？中国没上高中就被保送清北复交的人，有吗？人才、精英，世界顶尖大学会缺吗？'
 '其实就是他们那儿的一所技校'
 '嘻嘻，MIT已经出来辟谣了呀'
 '沙比，MIT是学院，什么时候改成大学了？'
 '美国大学全都招的是高中毕业生，这种什么签约的只有中国才有这说法。'
 '我就是莱阳的'
'666'
 '他不上网易，上新浪，因为网易删tie'
 '关键是看家庭教育，父母都是高级知识分子，怎么会不可能呢？'
 '人家麻省都说没有了，脸疼不？'
 '是真的，不要乱喷了，在当地教育口都知道这事，人家就是高智商'
 '碧莲？山东人的药店，不卖这个....'
 '是克莱登麻绳理工大学，校长方鸿渐亲自发的通知书'
 '要点碧莲真难'
 '这孩子早就在知乎被扒了'
 '蓝翔经济管理学院发出邀请'
 '这个地方的负责人可能不怎么上网易，上午已经说了是宣传需要。'
'10月份录取不是扯淡吗'
'以及华盛顿农业大学'
 '8岁自主研发云计算平台……这他妈真的对IT的侮辱啊，他妈的这是从娘胎里开始学编程？'
 '如果属实，那新美国公民今后又能为美国作贡献了~~~'
 '休斯敦不是修火箭的技校吗？'
 '足以表现出这些教育局领导是多么的傻逼'
 '臭不要脸，国外大学才没有签约不签约一说，人家尊重个人选择，爱来不来。不需要个别尖子生撑门面。'
'杭州的网络科技公司就没有碧莲卖！'
 '举国意淫蔚为壮观。'
'编，接着编'
 '这孩子实力打脸阿里云的专家
 '别人都否认了，皮真厚'
 '我儿子小学天天作业到十一点，他还有功夫搞爱好！别闹了！'
 '说得象真的一样
 '快来看啊 放卫星了'
 '又真的？'
 '看了这则新闻，我默默的拿起了苕帚走向了正在玩王者荣耀的儿子……'
 '一花一世界，一叶一佛佗!究竟是什么意思呢?他是在告诉我们任何一个物质都是一个世界一个宇宙!组成这个物质的物质都是完全相同的!比如一片树叶由十个细胞组成，我们说十个细胞是一片树叶!再比如这十个细胞中的一个细胞由十个原子组成，那么我们可以说一百个原子组成了这片树叶，也就是说这片树叶是一百个原子!再比如该树叶的一百个原子中的一个原子是由十个中子组成，那么我们可以说这片树叶是由一千个中子组成，一千个中子组成了这片树叶!以此类推至各基本原子!我就不一一举例了，自己想象去!!因此我们可以说这片树叶是电子，是中子，是原子等等!哪个物质不是如此呢?'
 '😏😏😃😃🌚🌚🌚'
 '不然怎么叫神童呢？'
 '把你手机发出来看看你用的什么手机。是华为吗？'
 '该生的录取通知书到达山东的时间、如无意外估计需要8年时间、请大家耐心等待！'
 '就这个文里的一大段，已经多处“有毛病”，跟帖里还有说该生优秀，老妈很牛。确实挺牛的😓'
 '说不定人家是穿越过来的呢'
 '云吹牛'
 'Linus Benedict Torvalds那么NB开发出Linux的时候也已经21岁了。如果是真的只能说这是一个天才'
 '我看了录取通知书，麻省理二大学，学校名用毛笔字写的
 '麻省理工'
 '是真的，不要乱喷了，在当地教育口都知道这事，人家就是高智商
 '烟台的苹果莱阳的梨，不如潍坊的萝卜皮'
 '人家就吹个牛B玩，怎么还这么多人当真了？'
 '要说上哈尔滨佛学院我信。。。
 '14岁的神经病儿童'
 '只是你不行。。。。'
 '3楼在嘲讽啊'
 '这小孩的背景不是一般的深。。'
 '你疯了？'
 '哈尔滨佛学院！'
 '知道天才学校吗？'
 '越描越黑，大陆何时才不搞诈骗。'
 '农村乡下人就信，它还说你骂乡下人啊'
 '人家签约的是麻省理工大学，你一个理工学院是什么鬼？本三私立的吧？😲'
 '您真的补补常识'
 '你们这么厉害，干嘛不说网易准备一万元卖给我。反正有我和你们说就够了。已经谈妥，明天正式签字。
 '孩子出去了，就别回来！'
 '我知道这个小孩、是真的。妈妈是医院的医生。真的挺牛的…虽然一开始听他奶奶说我也觉得是吹牛。不得不佩服。'
 '当地教体局都够🐮的，
 '你们是恶意怀疑，我们保留追究的权利'
 '你儿子没空搞爱好，难道别人的儿子也没空？那些藤校的中国留学生都是虚幻的？'
 '废话这年头搞个东西不带个“云”出门都不好意思跟人打招呼。云装逼。。'
 '好吧。在美国等你。'
 '牛精建桥大学欢迎你'
 '人家说没那事'
 '这么叼还上什么学？'
 '牛津农业大学吹牛专业向他颁发毕业证书。'
 '如果是真的，那么恭喜出了个人才，但是有可能面临流失。如果是假的，那么这个算不算谣言？'
'以及加州农垦大学'
 '“山东省莱阳市第二实验中学在校李姓学生，6岁自主设计了一键式关闭学校电脑的程序；8岁自主研发了云计算平台；13岁注册成立“莱阳喔普云计算有限公司”并研发了一款3D扫描仪。”牛死绝了、被你们吹的！'
 '山东莱阳教体局说，别看我地方小，我吹牛口气大！'
 '英国的牛津巴学院表示正在赶往签约途中'
 '英国大学剑桥皇家学院的录取通知书也正在路上'
 '8岁掌握离散数学？比高斯还牛逼'
 '祝贺你'
 '李楠。。。'
 '麻省都说没这回事了'
 '还有牛津技术学校，耶鲁成人夜校'
 '聪明的人很多  但这么小就开始研究  不大不敢相信   除非真是从娘胎里就学了编程'
 '一楼说的没错呀'
 '我擦，双方签约的话不应该双方都有签约书呢，怎么还要从美国邮寄，还只看照片就相信是真的，当年正龙拍虎也是这么说的'
 '扯淡的事，，用膝盖想一想都是假的。。还在这圆谎，，真是见鬼了，，，'
 '好个屁，没看新闻吗，麻省都否认了'
 '还要耶鲁工业大学'
 '还有英国建桥工程学院！'
 '6岁自主设计了一键式关闭学校电脑的程序；8岁自主研发了云计算平台我都服了，这也有人信？'
 '写个ios游戏我信，但你八岁就云平台……别说实战了，这玩意跟coding关系不大，是知识体系和经验问题了！光各种概念，八岁都学不完'
 '你可以把你孩子往主播方向培养'
 '耶鲁孔子学院也给他发了录取书。'
 '申请MIT，不需要考sat或act？预科是什么？和MIT一起合作的社区大学吗？那就不是真正的录取。'
 '官方正式名称是英文：麻省理工怎么说都是一流大学。只是中国习惯翻译为学院，institute研究中心（院）、学院/学会，麻省的学院institute和中国的学院college不一样。'
 '错了，是从他老爸睾丸里就开始学习了。'
 '对行内人士来说 云计算平台说不上什么神秘，毕竟很多基础代码是开源的，比如kvm的代码。虽然弄出一个云平台和可商用的云平台概念上就差的远，但是由于要改写这些开源代码，也需要大量阅读各种说明，测试各种数据，而且这些说明涉及多种编程语言，而且这些资料是英文的。所以，这不是一个几岁，十几岁孩子能做的，甚至不是一个人能做的。如果说十几岁的黑客是有可能的，但是十几岁搞出一套系统平台那是不可能的'
 '喷子[微笑]
 '除了起点小说里的重生男主角，想不到有对应的人了。'
 '正常人要学三年的东西，人家几天就看会了吧，前几年有个报道，一个十几岁的熊孩子玩游戏没钱，竟然把银行的内部系统攻破了，搞出了一百多万 警察以为肯定是个级别很高的黑客，然后根据ID查找熊孩子的家，看了都惊讶了，这种天才不会被判刑，都直接弄到特殊岗位去了'
 '[窃笑]楼猪可以自己当主播，直播怎么棍棒教育玩王者荣耀的熊孩子'
 '哈佛科技大学也向他发出了邀请。'
 '估计是去儿子房间打扫卫生了，毕竟农药竞赛奖金不少。'
 '静候；如造假希望追究相关责任！'
 '未成年人能注册成立公司么？
 '山东莱阳？你们这种县级文教局的就不要出来说什么真假了，别说是照片，就是所谓签约书给你，你也看不懂上面的英文是什么意思！'
 '（多做好事，必有好报）加快发展繁重工作替代性智能机器（不用延迟退休）公司上市后业绩异常下降，依法赔偿遏制骗钱（当务之急大小限减持和再融资要挂钩分红或回购，违则重罚，促进长期良好经营，缓解套现压力）尽快开征股指期货的印花税，才能降低杠杆及高频风险，限制其乱影响股市（基金只有盈利才收管理费，真正为投资者服务）连续2天涨跌停就限仓交易，共同受益，利国利民！'
 '神童无处不在！'
 '真个毛线啊，麻省理工都发文说不存在的了……'
 '麻省理工大学?真踏马搞笑。。。'
 '湖北省麻城市有个麻城理工，不会是这个学校吧！'
 '还有纽约师范大学'
 '13岁注册成立“莱阳喔普云计算有限公司”——都散了吧，这只不过是OPPO做的广告而已！！！'
 '刚好我一同事是山东莱阳的这几天刚好在老家探亲，在他的朋友圈中也发了这个消息，他说他的家人还认识这个小孩。感觉好象是真的。不过听他说这小孩确是牛逼。'
 '还有普林斯顿工业学院'
 '山东莱阳教体局涉嫌传谣…
 '隔壁老王眼泪默默掉下来
 '最近日本的东京不太热职业技术学院也向该学生表达了录取意向'
 '想想“汉芯”事件，国内很多奇葩事情就明白了'
 '浙江人药店全是卖碧莲的，因为他们自己不需要。'
 '芝加哥工农兵学院欢迎你入学'
 '看评论我以为掉进了醋坛子'
 '这TM打了楼上一帮傻逼的脸了'
 '火星大学'
 '哈哈，还大学，麻省理工是学院，国外综合性的称为大学，只有专业性强的才称为学院，麻省理工就是理工类的学院，文科的极少'
 '创新型人才只有出去才能不埋没，只有到了美国才会有机会。'
 '什么清华北大，都不如胆子大。如果家里能给十万块钱 启动资金，完全没有必要读大学。先去个超市打工，学会进货和促销技巧；一年后再去连锁饭店当服务员，学会产品研发。然后拜师学习红浅学，或者自学《能量决定命运》，不学红浅学，赶不上马化腾，娶不起林志玲。用父母给的十万和自己赚的二十万，创建一个电商品牌。请几个大学生做客服，找一个女大学 生做财务，然后和她生几个小孩，到了四十岁身家过亿。他的同班学霸考上大学后成了他公司的骨干，都当上了快乐的房奴。我班同学人才济济，考上大学进入省城的大多数进了工厂混得很惨，而中学在当地考进银行、税务的都活得很滋润。当官最大的是个中专生，最有钱的是高中生。不学红浅学，赶不上马化腾，娶不起林志玲。不读《能量决定命运》，富不过刘强东，跑不过贾跃亭。'
 '6岁写代码关电脑，8岁就开发云计算平台了？这两年他经历了啥？'
 '估计家里有人是这行业的  也有指导'
 '海海淘？'</comments><comments_num>3978</comments_num></doc>