<?xml version='1.0' encoding='utf-8'?>
<doc><source>NetEase</source><id>48529</id><url>http://news.163.com/17/1208/12/D54RFIQV0001875N.html</url><title>香港大律师为“占中”头目黄之锋求情：他才18</title><datetime>2017-12-08 12:45</datetime><body>

                    （原标题：要判了，律师为“占中”头目求情：他才18）
                
香港高等法院原定12月7日下午对非法“占中”期间涉嫌“刑事藐视法律罪”的黄之锋一众16人判刑。不过据港媒报道，黄之锋律师骆应淦7日出庭时向法官“求情”，称被告当时只有18岁，而且已被判刑半年，希望酌情考虑。法官同意押后判刑，待控辩双方呈交书面理据讨论后，再决定判刑日期。黄之锋的代表律师骆应淦是香港刑事大律师的“四大天王”之一。来源：“东网”据香港“东网”12月7日报道，2014年香港“违法占领行动”期间，包括“香港众志”秘书长黄之锋、“学联”前副秘书长岑敖晖，以及社民连副主席黄浩铭等20人，违反法庭禁制令，阻挠执达主任清理堵塞旺角弥敦道的障碍物，事后被控刑事藐视法庭罪名，除首批4名认罪的被告上周已判刑，其余16名被告，包括黄之锋、岑敖晖等，法庭原定于7日判刑。然而，代表黄之锋的“资深大律师”骆应淦表示，黄之锋于案发时只有18岁，再加上之前已经因“重夺公民广场”案，被上诉庭改判监6个月，希望法庭量刑时，会考虑刑罚的整体性，希望可判处“感化令”。另外，骆应淦代表另外两名不认罪被告郭阳煜和朱佩欣求情，声称二人是因“关注社会”而参与了本案，期间并没有使用暴力，都没有定罪纪录，并已经被“上了一课”。黄之锋(左)、岑敖晖(中)及黄浩铭(右)等人被控刑事藐视法庭罪。来源：“东网”另一位辩方律师潘熙则表示，他所代表的被告当时并无意挑战香港法律及法庭指示，他声称，关兆宏(被告之一)当年23岁，行动中也无反抗及作暴力行为致他人受伤，而且被捕期间“表现合作”，希望能判以缓刑。潘熙称，虽然不认罪的七人最终被裁定刑事“藐视法庭”罪名成立，但他们“没意图挑战法庭权威或法律”。但法官反驳道，仅有部分被告没有意图，不能代表其他被告。辩方还解释称，郭阳煜和朱佩欣(不认罪的两位被告)均是初犯，在案件中二人“角色都较轻微”，并没有意图挑战法庭颁下的禁制令，而二人被捕时并没有挣扎反抗，反而与警方合作;即使冯启禧(被告之一)被要求跪地两分钟，也没有反抗，充分合作。另外，“香港01”报道称，潘熙还透露黄浩铭(被告之一)是家中长子，父母经营小生意，但家境不算富裕，完成社会政策硕士学位，并立志要“服务社会”。黄浩铭向法庭呈交在狱中写的六页求情信，向法庭解释他只是想“维护法治”，他在场“也劝其他人冷静”，“表现和平”，即使被捕时被压在地上“也无挣扎”。辩方律师皆请求法庭考虑整体量刑的原则。法官陈庆伟指出：部分被告因本案被捕时年龄不足21岁，除非法庭认为其他的判刑选择都不适合，否则不应判处一名21岁以下的被告监禁，但若最终不能判处各被告“社服令”或“感化令”，索取相关报告又显得费时失事，所以要求各辩方律师提议合适的处理方法。因此，辩方声称“需要时间准备陈词”，到时候再提交案例。法庭决定将此案押后，待辩方进一步书面陈词，并以书面通知各方再开庭的日期。“逃过一劫”的黄之锋在步出法庭后表示，对法庭何时判刑暂不知情，称自己会以“平常心”去面对判决，并感谢他们的律师团队。被问到是否想过等待终审法院处理另外几宗上诉案件后才判刑，黄之锋表示须由法官决定。黄之锋一行在庭外接受采访。来源：东网视频据港媒早前消息，黄之锋、黄浩铭都曾不约而同向外界宣称，预计此次判刑极有可能会再入狱，黄之锋还在Facebook上撰文称，因所谓“重夺公民广场”案遭判入狱服刑，2个月后获保释等候下月上诉，“没想到离开监狱6个星期，再度面对判决，此刻心情有点复杂。”



不过，并非每一名被告都有悔意，未曾入狱的岑敖晖就声称自己“已有足够准备”。他在开庭前表示，对于自己的行为“没有感到后悔”，有心理准备入狱。他还公然宣称，对于当日的所作所为，和参与“占领行动”感到“光荣”，并宣称自己“对得住自己良心”。另外，“东网”报道称，在开庭之前，有约30名所谓的“支持者”到场“支持”，他们高叫“政治检控可耻”、“公民抗命，无畏无惧”等口号。2014年“违法占领行动”期间，包括黄之锋、岑敖晖、黄浩铭在内的20人，违反法庭禁制令，阻挠执达主任清理堵塞旺角弥敦道的障碍物，事后被控刑事藐视法庭罪名。首批4名被告在上个月各被判刑1个月，缓刑1年，并须罚款1万港元。


 本文来源：环球网  作者：徐亦超
责任编辑：韩佳鹏_NN9841 
</body><comments> '卖国贼没有什么情可求，拉去毙了
 '尖嘴猴腮，一副败类样。'
 '十八岁死罪可免，活罪难逃！'
'尼玛，带回来判，分分钟教他几爷子做人'
 '大律师简直是没文化没知识'
 '18岁成年了，不严厉处罚，学坏样的会更多！！！！！'
 '18岁是成年人了好不？'
 '不sha不足以平民愤'
 '骨子里坏，不分年龄大小，必须严厉打击。
'瞎了眼 都这样当带路党还想求情'
 '这些狗还有良心吗'
 '有句话说的好：爹妈不教好，以后社会会教他做人'
 '直接劳改'
'直接弄死在里面得了，省得放出来危害社会'
 '这么小就当汉奸，查查背后是谁
 '年轻不是就可以犯罪的理由！'
'律师与他们是同党，跳梁小丑。😱😱'
 '这个粉肠判他个终身监禁才行，还给他求情！这个律师都应该查下他！'
'小蛋孩就这么孬，大了更不是玩意儿，应该重判。'
 '18岁了！成年了！该负的责任是要负的！求什么请！严办！'
 '这些傻嗨，无法理解！'
 '法不容情，律师'
 '18岁可以杀人了吗？你麻痹的辣鸡律师，一切反国家的行为都应该得到重罚，中国万岁'
 '上诉失败，再加三年。'
 '劳改吧'
 '18了就开始干走狗的事，到了40岁不翻天了'
 '他只是个孩子，千万别放过他！'
 '18岁可以明辩是否了，'
 '这帮杂种，早该关进去'
 '十八岁有自己的世界观啦，做错事要为自己一辈子负责，真理'
 '如果不出国的话这个小伙子的人生基本毁了，可能会影响他的好几代人，国外的分裂势力简直可怕！'
 '人渣不分男女老幼！'
 '以后更可怕'
 '他还小，还不懂事，千万要打死他，不然养大了更麻烦'
 '想要夺权吗？请拿等量的鲜血来交换。'
 '枪毙'
 '这个大律师也是有险恶用心的！'
 '那应该是罪上加罪 屡教不改'
 '判它个30年，反分裂，反和平，反人类...........'
 '骆大律师的真实意思是说，此货已经成年啦！该咋判就咋判呗！'
 '只能说这些孩子的背后那一小撮的无耻之人，为了自己的利益把孩子推到前台！！！'
 '杀了吧！留着也是祸害！'
 '对于忘祖的败类，不能有怜悯之心。刚成年就坏了，这生不会有改过的一天。'
 '不可姑息养奸'
 '对啊，他才18岁，还是个孩子，以后的日子还长，所以千万别放过'
 '18岁就能分裂祖国，可见一触即发的严重问题'
 '嗯，他还小，千万别放过'
 '18岁了  可以枪毙了'
 '分裂罪，应该不分年龄，'
 '败类'
 '难过要等他坏到八十岁？'
 '嗯，他还小，千万别放过
 '还小所以要教育！'
'这么小就走上犯罪道路，不杀会遗患无穷。'
 '判他一千年。罪名分裂国家罪'
 '他还是个孩子，千万别放过他
 '叛国者必须严惩！'
'十八歲，可以判重點'
 '完全没悔过之心'
 '绝不允许！法大于一切！'
'没有底线的东西，应该清除掉！'
 '杀了'
 '去你妈的，分裂国家的卖国贼居然被你们轻描淡写的说情节不严重？你们可知道汉奸卖国贼历来都是罪大恶极罪不可赦的？'
 '如此拉圾'
 '法治国家'
 '它还是个孩子，千万别放过它
 '这样的律师本人就是港独支持者。我们真正的中国人要求严判、重判！'
 '保持原判，再加三年。👍👏'
 '呵呵，十八岁，成人了！还有的三观都应该有了！不能放过这种人渣！'
 '按少年犯处理。但罪是有的，不因年龄小而逃脱罪责。'
 '一切都要尊重法律！不能因为年龄而轻判！按年龄小犯法就轻判，那一百岁的老者犯法是不是要加倍处罚！逻辑就是有问题的！'
 '防微杜渐！把社会的渣滓清理干净'
凌迟差不多'
 '重判！杀头！'
 '十八岁成年了，可以枪毙了！'
'才18岁就这么坏'
 '判黄无期都不重'
 '分裂祖国，不分年龄，严惩'
 '这些狗日的该马上枪毙！'
 '查下这条所谓的大律师'
 '他们的状态可以形容为：茫然不知所以。'
 '对历史无知，媚外崇洋，面目可憎的民族败类。'
 '这些只是站在前面的棋子而已，下棋的人才是关键'
 '少偷针老偷金，18岁就一肚子坏水，再不管教那还了得！'
 '这狗日的也是港独'
 '现在放过他，以后这厮变成人弹怎么办？'
 '18岁已经有刑事能力了'
 '18岁就做狗了？'
 '依法治国'
'这么多18岁，为什么就他干？'
 '十八岁，具有完全刑事能力，可以判死刑了'
 '最好枪毙他们！'
 '法律面前人人平等，这个律师应该懂吧？小学生都懂的问题。还是什么名律师？
 '律师不讲法讲情？'
 '18岁了 既然不是未成年人 就更没有理由放过他'
'狗东西，人渣'
 '罪不可赦'
'犯罪者必须为其罪行担责，无理由轻判！！'
 '给这王八蛋一个教训！'
 '当时18岁，好，那他现在悔改了吗？'
 '这些无知的年轻人，政府和人民应该尽早给他们“重新做人”的机会！'
 '当时才18岁，说明已经成年了，而且他们现在一点儿也没有要消停的意思，不知悔改的东西不值得同情和原谅。
 '搞死这样的傻逼'
 '严惩'
 '18岁已经成年不小了'
 '直接枪毙，或者终身监禁'
 '严惩这种分裂分子
 '已成年，懂得搞港独了，分裂国家，严惩不贷！'
 '该怎样就怎样'
 '以叛国罪论处！'
 '有本事做就要做好被惩罚的准备'
 '不应年小而为之，违法必究，才能体现法律公正性'
 '不能放过'
 '十八岁了，却只有个八岁的脑子。'
 '傻逼崽子，敢回来老子把你打出屎'
'把牢底坐穿最好'
 '根本不值得同情，必须从严从重严惩'
 '小逼崽子。挨揍挨得少'
 '这种汉奸留着纯属浪费空气，还不趁早枪毙干嘛'
 '獐头鼠目'
 '我代表广州人民向中华人民共和国香港特别行政区政府法院判处这只畜生终身监禁！'
 '14岁以后是什么德行，很难改变。'
 '枪毙都轻
 '十八岁已经成年了哦，骆大律师！
 '对待汉奸要斩草除根💀💀💀'
 '什么才18，18已经成年了，该为自己的行为负责了！关个几年啥的就老实了'
 '这么小就这么坏，判个无期，别让他出来害国家。'
 '18岁就能如此猖狂吗？'
 '才18岁就这么丧心病狂，应该加重刑罚'
 '这是政治因素，法不容情，不能轻判'
 '就是因为年龄小才要加重处罚，否则长大了更不得了。'
'重判！！！'
'那张脸 丑八怪'
 '打死这逼'
 '不存在本人求情，只有自己彻底悔过。
 '18岁已是成年人了。杀人都要偿命的。'
 '20郎当岁，没钱没事业，请的动大律师？这大律师也太不值钱了。背后没人骗鬼去吧！'
 '不知道死活的狗东西，你以为你几个小逼真的翻得了天？'
 '坐实罪行的犯罪分子，不配享有任何权利'
 '有点小能力，可惜没用对地方
 '18岁就能反党反社会了吗？18岁已经成年了，自己喷的屎，跪着也要吃完！'
 '少年保护法是保护少年的，不是保护少年犯的
 '对港独份子绝不要手软！应该重判！'
 '罚未让其痛，教未让其悔 ，死硬之判国者'
 '18岁没有民事行为能力吗？'
 '18岁，却干尽坏事，不处罚还真的天理不容！'
 '狗都比他有良心，这种人该杀'
 '香港的这些杂种18岁不懂事？那怎么不去偷、去抢、去杀人啊，怎么不去冲击驻港的美国、英国领事馆啊！判刑是轻的，应该以叛国罪，该杀！'
 '小时偷针，大时偷金'
 '搞分裂。。要严判刑'
 '原谅黄之锋是上帝的事，而我们希望国家能送他去见上帝'
 '才18有这样的财力请这样的大律师，可想什么样的人在背后支持他，不能放任
 '18不小了，不是理由，该为自己的错承担责任，而不是现在这样子'
 '他还是个孩子，请不要放过他'
'就该现场突突了'
'已经18岁了，是成年人了，成年人做错事应该受到惩罚的！'
 '有他后悔的时候，敢和国家做对，找死'
 '18岁，那不是成年了吗，正好说明可以按成年人标准判刑了'
 '18岁成年了，可以判死刑了！'
 '应该送来大陆收监'
 '18岁都够枪毙了，就这种垃圾应该拉出去枪毙一个小时'
 '18岁了。再不矫正就来不及了。
 '小伙子胆子不小呀'
 '一点爱国意识没有，直接拿倒'
 '只有18岁就能煽动暴动而不受严惩吗？大律师，你让香港法律情何以堪'
'放狗咬它'
 '香港回归后没有重视教育'
'在叫再判，关他一辈子，看他怕不怕'
 '人渣'
 '看他这么年轻的份上，大家千万不要放过他，往死里整'
 '18岁就可以分裂祖国？？'
 '18岁，可以判死刑了，逼崽子'
 '造反还敢求情？！'
 '才18岁就这么坏'
 '他这是分裂祖国，是中国人都不会原谅他的，这种垃圾只会得寸进尺，不会感恩的'
 '才18岁就这么坏，长大了就不得了。'
 '太危险太坏了'
 '强烈要求把这些败类押解到异地（大陆）审讯。'
 '18岁还小么，可笑
 '这个律师也不是什么好鸟'
 '如有悔意，请让本人公开表示，律师表示的不算'
'这种人渣赶紧弄死'
 '18岁是成年人了要应该为自己的行为负责任，不要拿年龄来说事。
 '重判'
 '从小坏到老！'
 '社会人渣……败类……'
 '从小就这么坏，为什么还要为他求情了。长大了那不得飞天了？'
 '不应该是已经满18岁，而且有前科吗
 '分裂中国应该判死刑。没有国哪来的安定？危害之大，可想而知!'
 '18岁就成了民族败类'
 '养一养，等到时间再犯，就以叛国分裂罪论处，他们不是喜欢西方吗。英美是怎样对付叛国罪的，就以西方一套对付他，这样英美就没话讲了，也了了戆度的一番心愿！'
 '18岁已经成年了。中国被列强欺辱了上百年，分裂祖国决不可原谅！'
 '這狗奴才、漢奸，拿著外國人的施舍，來搞分裂祖國活動，真是畜牲不如！'
 '必须严厉制裁，不能以年龄找逃脱制裁的借口，要杀鸡儆猴，不然后患无穷，危机国家和谐统一。
 '这种SB就应该判重</comments><comments_num>8967</comments_num></doc>