<?xml version='1.0' encoding='utf-8'?>
<doc><source>NetEase</source><id>20137</id><url>http://news.163.com/17/1208/13/D54TS8MK000187VE.html</url><title>莎普爱思广告最多?鸿茅药酒不服:7年拿1167个批文</title><datetime>2017-12-08 13:19</datetime><body>

                    （原标题：莎普爱思广告最多？鸿茅药酒不服：7年拿1167个广告批文）
                
OTC（非处方药）营销大户“莎普爱思滴眼液”将药品广告再一次推到风口浪尖。12月7日，澎湃新闻发现，在食药监总局网站上取得最多药品广告批准文号的并非莎普爱思，而是另一种OTC药――鸿茅药酒。据食药监总局官网显示，自2011开始至今，由内蒙古鸿茅药业有限责任公司（下称“鸿茅药业”）生产的鸿茅药酒已于近7年间取得1167个“蒙”字开头的药品广告批准文号，两倍于排名第二的“阿胶”广告数。莎普爱思是352个。看重广告宣传的鸿茅药业常常走偏。今年，健康时报曾报道，记者研究近十年的公告文件后不完全统计结果显示，鸿茅药酒广告曾被江苏、辽宁、浙江、山西、湖北等25个省市级食药监部门通报违法，违法次数达2630次，被暂停销售数十次。“每天两口，健康长寿”、 “一剂药酒，对多种病有效果”、“酒到药到疗效更周到”、“药酒治病选鸿茅”、“是中老年人综合调理的好方法”等类似广告词被鸿茅药酒广告频繁使用。事实上，鸿茅药酒并非酒，也非保健食品，而是中成药中的一种内科用药。作为非处方药，其注意事项中也明确标有“严格按照用法用量服用，年老体弱者应在医师指导下服用”、“有高血压、心脏病、糖尿病等慢性病严重者应在医师指导下服用”、“服药7天症状无缓解，应在医院就诊”等多达13条注意事项。据国家食药监总局官网显示，目前可查的所有获批药品广告非处方药品种里，仅有一家生产商的鸿茅药酒广告数为1167个，而紧随其后排名第二的“阿胶”广告数为500多个。鸿茅药酒逾千条获批广告包含平面、广播、电视等多种广告形式，时间上横跨2011年至今，仅2017年至今已获批的广告数就超过了300个。2015年9月1日，新《广告法》修订后正式实施，对于药品广告内容进行了严格限制，不少活跃的OTC药品闻风行动，不再邀请明星代言，但鸿茅药酒“顶风作案”。影视明星陈宝国代言的鸿茅药酒广告很快被上海市工商局立案查处，成为新法实施后工商部门“违法广告第一案”。紧随其后，湖北、江苏和宁夏等7省（市区）食药监部门对鸿茅药酒做出了“暂停销售”的决定。今年8月人民日报社主管主办的健康时报曾报道，记者研究近十年的公告文件后不完全统计结果显示，鸿茅药酒广告曾被25个省市级食药监部门通报违法2630次，被暂停销售数十次。



该报道称最早的违法行为在2008年，鸿茅药酒广告“以专家和患者名义为产品做功效宣传”、“发布未经审批的内容”违反相关规定，违法次数超59次。鸿茅药酒曾被多个省市通报曝光其广告违法行为，如“含有不科学的表示功效的断言”、“广告超时”等，也曾多次在各执法食药监部门辖区内暂停销售。根据《广告法》规定的法律责任，违法者除了被责令停止发布广告外，对于两年内有三次以上违法行为或者有其他严重情节的，处广告费用五倍以上十倍以下的罚款，广告费用无法计算或者明显偏低的，处一百万元以上二百万元以下的罚款，可以吊销营业执照，并由广告审查机关撤销广告审查批准文件、一年内不受理其广告审查申请。


 本文来源：澎湃新闻  
责任编辑：张海桐_NN9053 
</body><comments> '曹清华呢？益安宁丸呢？肾宝片呢？补肺丸呢？脑白金呢？感康呢？三九胃泰呢？三九感冒灵呢？'
 '电视剧里也很多鸿茅药酒的影子
 '呵呵，多如牛毛'
 '弱智能看懂你爹说什么吗？死开！'
 '灵盗收钱了！就可以骗屁民的钱了！随便怎么营销！骗到手，你就是灵盗眼中的好猫！'
 '电视台些都是睁眼说瞎话，见钱眼开的，无耻小人'
 '那一个批文能不花钱办下来？'
 '傻逼吧[色色]'
 '死马当活马'
 '随着时代的进步，这些毒瘤迟早清除'
 '正规的院属医院从来不打广告
 '你也不看看喝那酒的都是什么人？全是当年那批天不怕地不怕的人
 '双星名人八!超!鞋!'
 '[微笑]特意看一眼果然真是这样，国家不能自己打自己脸啊！让莎普爱思不舍得花钱，把自己也整个国家品牌不就没事了！'
 '你的嘴长哪儿了？？？逼似的！你妈咋就下了你这个狗逼人呢？你亲爸是谁你知道吗？？你就是个流氓恶棍！欠阉割！'
'老人家不舍得花钱买正货，专花钱买有广告产品的假货，所以商家利用这些，，，，，，'
 '国家保密配方！这个就厉害了，别问我怎么知道的！广告说的'
 '麻痹两个临死脑袋短路的人'
 '我记得早先还说的  每天两口  把病喝走'
 '都是令人恶心的广告，不知为何能在知名电视台播出？行贿的结果吧！'
'汇仁肾宝喝的一晚干20次，我再也不喝了，第二天眼睛完全看不见东西'
 '呵呵，多如牛毛啊，这回是莎普爱思被盯上了。'
 '是不是真的？'
 '拼命广告轰炸的药品医疗机构都不是好东西！'
 '莎普爱思鸿蒂药洒都假虚假广告广告信不过的'
 '网易你也不怎么地艹天天 虚假广告'
 '全国一个样'
 '央广天天播鸿茅药酒'
 '重庆台，全部都是假药，全部都是假药。'
 '央屎把极草广告都快加长到新闻联播辣么长了，也没人管！！！！'
 '珠江台有一半的广告都是卖药的'
 '[大笑]'
 '山东呢。哈哈哈'
 '曹清华'
 '红毛药酒 莎普爱思 天朝担心保心茶 桂林药膏 香丹清 艹清华 等等专骗老人家钱啊'
 '就是那个大宅门的白景琦做的广告'
 '还有鸿茅药酒，香丹清，曹清华，丹参保心茶，汇仁肾宝，脑神经等等。'
 '中国造的产品不值信赖，知道国人为什么去日本旅游连马桶盖都买回了吧。中国人做生意主要是赚钱，有就业率，税收高，质量不用管，有句话叫先让一部分人富起来！！！懂吗？'
 '就问一点，监管部门的灵道是不是该引咎辞职啊'
 '我曹清华胶囊表示不服'
 '领导假药占领电视台'
 '去日本旅游回来买了好几千块钱的药😂
 '都是骗子.'
 '我由于是自己配药，所以说说自己用中药的感受，一般中药对方之后，用第一次自己就会感觉身体舒服些，有些病是马上就解决问题中药对不对方，要自己身体去感受。
 '一天2口，把病喝走，呵呵，真是天上的仙药，买到就是赚到'
 '背后贪官污吏多啊！'
 '以前是每天两口把病赶走'
 '电台里的广告更可怕'
 '不应该谴责商家，更应该谴责的是媒体广告投放商，央视。'
 '湖南卫视早段时间才与鸿茅药酒签的战略合作伙伴关系
 '啥广告啊，说白了不就是忽悠，大喇叭在你手里你特么还好意思出来逼逼，你特么整天忽悠啥了你自己心里没点逼数吗？说白了你这就是把你手里的大喇叭租给别人了，挣得钱不特么还是进你裤兜子了吗你咋就有脸出来说呢？[鄙视][鄙视][鄙视]'
 '国家品牌计划，这怎么说'
'内蒙古人民看到鸿茅药酒广告都会哈哈一笑，我们太知道这家企业起家的底细了。，，，专业坑南方大城市有钱人！'
 '重要的事说三遍'
 '.云南白药不管粉末还是喷雾剂都是神药啊'
 '人现在是cctv国家品牌计划你怎么怼？'
 '深圳卫视12%的广告收入来源这样假药'
 '这些好东西应该作为国粹，由联合国向全球推广，为世界人民的健康服务！'
 '电视台就是最大帮凶...'
 '白景琦也卖假药了，红毛其实属于食品吧'
 '广东台的药品广告占比九成！祸害了几代人啊……'
 '陕西台表示不服'
'这个才是口碑'
 '是改好好整顿整顿了。现在的社会到处坑蒙拐骗，乌烟瘴气……有担当有责任的企业太少了。'
 '你哪个单位的，不允许恶意提问'
 '人有什么病，就有什么药。有的药厂靠广告。'
 '这段时间热播的体育老师全是鸿茅药酒的广告，赤裸裸的'
 '一花一世界，一叶一佛佗!究竟是什么意思呢?他是在告诉我们任何一个物质都是一个世界一个宇宙!组成这个物质的物质都是完全相同的!比如一片树叶由十个细胞组成，我们说十个细胞是一片树叶!再比如这十个细胞中的一个细胞由十个原子组成，那么我们可以说一百个原子组成了这片树叶，也就是说这片树叶是一百个原子!再比如该树叶的一百个原子中的一个原子是由十个中子组成，那么我们可以说这片树叶是由一千个中子组成，一千个中子组成了这片树叶!以此类推至各基本原子!我就不一一举例了，自己想象去!!因此我们可以说这片树叶是电子，是中子，是原子等等!哪个物质不是如此呢?'
 '[窃笑]直中要害，一击必杀'
 '来山东台看看'
 '超级贵啊  四瓶一千块'
 '这几天北京卫视的电视剧里都是这个酒的硬广讨厌死了'
 '天天做广告的药都不是什么性价比高的药，你看看卖药的有几个用的！'
'中药电视台8套全部都是骗老年人的虚假广告'
 '陕西台整天红毛药酒轰炸合作，这个怎么说。'
 '知足吧……来看看山东台？'
 '一天两口，送你早走'
 '药酒，太贵了！！！不值！！都打广告用了！'
 '央视就像一个大婊，只要给钱谁都可以上。'
 '陈李济 舒筋健腰丸 专药专治 早治早好肠道不通畅 肚子憋堵胀 请服香丹清'
 '莎普爱思滴滴滴'
 '加把劲！'
 '专治二型糖尿病！ 尼玛糖尿病如果能彻底治愈，给你10个诺贝尔奖都不够'
 '不是吧，好像是汉武大帝拍的广告'
 '这药酒以前不是一般人喝的，知道的跟上。'
 '垃圾安徽仔吃死拉倒！赖爷我说的，不服打我电话，骂死你个龟孙！'
 '武警医院'
 '前两天的热播剧“体育老师”，鸿茅药酒的嵌入广告就不少！😡'
 '辽宁也是全国卫视都一样'
 '背景太深！'
 '鸿茅药酒广告令人生厌！'
 '靠广告的产品全他妈的垃圾'
 '你让马克咋办，还能不能满足王小米了?
'足力健老人鞋，广告我都快背出来了。'
 '赚老人的钱，最容易！'
 '广东台全部都是假药广告，广东台全部都是假药广告，广东台全部都是假药广告'
'广东台全部都是假药广告，广东台全部都是假药广告，广东台全部都是假药广告'
 '一张批号多少钱[狗][狗][狗]'
 '洗脑式广告，喝出人命电视台是帮凶。'
 '伸腿瞪眼丸
 '哪个企业建立不是为了赚钱的....难道日本的产品就是亏本卖给你的咯？'
 '脑白金 年轻态 健康品'
 '千万不要吃明星做广告的产品用品'
 '吉林台表示不服'
 '建议取消所有药品广告。'
 '陈宝国也是假药之王，比侯耀华还渣'
 '红毛药酒、喝了早走'
 '而治痔疮的马应龙却从不广告，但是效果就是好！'
 '[不屑]那个企业经营是不为了赚钱的？'
'电视台助纣为孽，为了钱心都黑了。'
 '修正  敖东   葵花  这些药厂不也一样  药不怎么样  知名度挺高  价格也很美丽'
 '你也不看看喝那酒的都是什么人？全是当年那批天不怕地不怕的人'
 '还有补肺丸、脑白金……'
 '广告炸弹，轰你没商量！
'香丹清本来被曝光是假药那时候是容嬷嬷代言的，下架一段时间又上了'
 '醉醺醺的药监局'
 '这句话把全国人民不管不顾挣钱的积极性调动起来了！
 '鸿矛药酒'
 '香丹清 足力健 各种治疗时间短的药'
 '1167个“蒙”字开头的药品广告批准文号:∵…这个蒙字真好!'
 '我的毕业论文就是论县级电视台药品广告存在的问题和解决方法，能参考的文献真的少，大家感受一下，早就该曝光了'
 '你这么说，呵，山东不服。其实浙江卫视还行，没多少'
'浙江6频道1818黄金眼。全尼玛假药广告。'
 '中国人就是让这些假药假广告害死的'
 '西西TV播的算不算广告？'
 '马应龙真的是良心药。'
'是该找骗子算账了'
 '鸿茅药酒从四十多一瓶卖到五百多不是没有原因的。。。'
 '意思，擦完屁股，擦眼睛？'
 '药品，保健品不能打广告，零售价立刻降一半！
 '还有香丹清
 '我喜欢用肛泰'
 '是的'
 '号称60多位中草药，也不怕混在一起喝死。'
 '内蒙古凉城县生产的'
'曹清华'
 '这时候哪位记者可以采访一下总菊？'
 '早干嘛去了？'
 '假药停'
 '“上面”道德沦丧最可怕'
 '曹清华应该是北大毕业的'
 '我还记得外来媳妇本地郎的二嫂唱的什么歌？什么牌鹿茸补品，是你强身健体的妙品…忘记了2005年和鸿茅药酒，莎普爱思等等一起刷屏的每天朦朦胧胧中听到就起床十多年过去了'
 '莆田系表示不服'
 '中药要想效果好，一个配方里中药品种不能太多了，太多了就是为了追求全面，想想平时多功能工具和专用工具的使用感觉，道理都是一样的。'
 '有理'
 '这些东西都卖给无脑之人'
 '央视也是个笑话……'
 '没人说舒筋健腰丸？'
 '严打，坑蒙拐骗'
 '前几天莎普爱思还有个哥们说 鸿毛药酒什么的  果然'</comments><comments_num>2614</comments_num></doc>