<?xml version='1.0' encoding='utf-8'?>
<doc><source>NetEase</source><id>35467</id><url>http://news.163.com/17/1208/12/D54PG02Q0001899N.html</url><title>专家调查：86.6%受访学生表示喜欢上思政课</title><datetime>2017-12-08 12:11</datetime><body>

                    （原标题：思政工作　在高校牢牢扎根）
                
“青年兴则国家兴，青年强则国家强。”高校思想政治工作，关系着高校培养什么样的人、如何培养人以及为谁培养人这个根本问题。2016年12月7日至8日，全国高校思想政治工作会议在京召开，这是一次具有里程碑意义的重要会议。习近平总书记在会上发表的重要讲话，是指导新形势下高校思想政治工作的纲领性文件，揭开了高校思想政治工作新的历史篇章。一年来，各地各高校“四个意识”显著增强，“四个自信”更加坚定，对以习近平同志为核心的党中央衷心拥护，对习近平新时代中国特色社会主义思想高度认同，高校思想政治工作“四梁八柱”的框架已初步形成……谱写了育人工作奋进曲，奏响了思政工作最强音。使高校成为坚持党的领导的坚强阵地“党政军民学，东西南北中，党是领导一切的。”办好我国高等教育，必须坚持党的领导，牢牢掌握党对高校工作的领导权，使高校成为坚持党的领导的坚强阵地。一年来，各地各高校积极完善党的领导体制机制，完善政策保障和经费支持，教育部直属高校的党员校长基本均已兼任校党委副书记，院（系）党组织书记抓基层党建述职评议考核工作全面开展，“两学一做”学习教育常态化制度化深入推进，教师、学生党支部的基层党建全面深化，2万名高校教师党支部书记、2万名高校学生党员参加了网络示范培训。在清华大学，明确要求党委书记切实履行思想政治工作第一责任人职责，加强院系级党组织建设，目前31位党员院长、系主任均担任党委（党总支）委员。“我们形成了党委统一领导、党政齐抓共管、职能部门组织协调、院系党委具体实施、师生员工共同参与的工作格局。”清华大学党委书记陈旭介绍说。在南开大学，修订党委会议事规则，细化抓院级党委、抓基层支部、抓师生党员的具体措施，推动全面从严治党向纵深发展。“我们要坚持和加强党对学校的全面领导，使南开大学始终成为坚持党的领导的坚强阵地。”南开大学党委书记魏大鹏表示。在南京大学，把学习习近平新时代中国特色社会主义思想作为首要任务，党委中心组共举行专题学习14次；加强全国重点马克思主义学院建设，打造党的十九大精神学习示范课堂，创办“习近平新时代中国特色社会主义思想青年学习社”，系统开展立德树人主题教育活动。在北京理工大学，坚定不移地贯彻落实党委领导下的校长负责制，确保学校党委在把方向、管大局、作决策、保落实方面充分发挥作用，确保全面贯彻落实党的教育方针。与此同时，各地各高校深入学习贯彻习近平新时代中国特色社会主义思想，持续加强理想信念教育，推进党的最新理论成果进教材进课堂进头脑。75所教育部直属高校制定了贯彻落实思政会精神的实施意见等相关文件，多数省（市区）都有党政负责同志进高校、上讲台，带头开展思想政治工作。提升思想政治理论教育亲和力和针对性“在红船边，我深切感受到了共产党人的力量，代代相传，生生不息，激励我们走好前进的道路。”嘉兴南湖红船边的“情景体验式”思想政治理论课上，浙江大学机械工程学院博士生张鸣晓深有感触。“我们要守好思政课堂责任田，弘扬伟大精神，观照发展大势，不断回应时代新课题。”浙江大学马克思主义学院院长刘同舫说。如何提升思想政治理论教育亲和力和针对性？如何使各类课程与思想政治理论课同向同行，形成协同效应？教育部党组将2017年定为“高校思政课教学质量年”，完成了新中国思政课建设史上前所未有的“地毯式”大调研，200余位专家深入全国2516所普通高校，建立了由2516所普通高校的3000堂思政课、30000多份学生问卷所组成的全样本数据库。根据对3000堂课程数据的统计分析，课程优良率达83.2%，86.6%的受访学生表示非常喜欢或比较喜欢上思政课，91.3%的受访学生表示在思政课上很有收获或比较有收获。为了实现思政课大提升、大格局，各地各高校统筹协调课内外、院内外、校内外、行内外各方面资源，积极拓展教学资源、教师资源、实践资源，不断凝聚思政课建设合力。在北京大学，探索马克思主义学院与文史哲、经济学院、法学院等院系的教师双聘制度，将最前沿的优秀哲学社会科学成果引进到思政课堂，并在小班讨论课基础上建设模块化课题组，将社会实践与课堂教学相结合，为学生提供更多样的内容和更广阔的空间。在中国人民大学，充分发挥全国马克思主义理论研究高地、高校思政课建设示范基地的独特优势，坚持不懈传播马克思主义科学理论，创新学术话语体系，增强教学吸引力、感染力、说服力，让思政课堂真正“实”起来、“活”起来、“动”起来。在武汉大学，积极探索实现由“思政课程”向“课程思政”转变的有效路径。“六个院士同上一门课”，把专业课讲出思政味；加大思政课改革力度，思政课“慕课”整体推进，让思政课更显理论性；建构富于特色的人文素质选修课程体系，让大学课堂更有思想引领力。在天津大学，推动思政课与第二课堂、与社会实践、与党建工作贯通，实施专题式、案例式、互动式、混合式教学，改变传统以教师为主的教学方式，并实行线上线下混合式教学，加强思政课程网络资源库、案例库建设，运用大学生喜爱的方式开展思想理论教育。在天津大学、北京航空航天大学、上海外国语大学、对外经济贸易大学、电子科技大学、陕西师范大学，遵循思想政治工作规律，遵循教书育人规律，遵循学生成长规律，思想政治理论课的亲和力和针对性不断提升，学生的获得感不断增强。一年来，各地各高校支持建设了一批重点马克思主义学院，有效支撑思政课质量提升；各门专业课程教学更加注重发挥育人功能，“课程思政”的方向更加明确，进一步完善了思想政治理论教育的课程体系；国家统一编写、统一审查的“马工程”重点教材得到广泛使用；中国特色新型高校智库建设有力推进，中国特色哲学社会科学评价体系逐步完善。大力提升教师思想政治素质“同学们只要始终把个人发展和国家民族的前途命运结合起来，就能在更大格局中找准自己的人生坐标，担当起时代赋予的责任和使命。”不久前，复旦大学党委书记焦扬在课上对3447名大学新生说。党委书记带头上思政课，是复旦深入推进“教师思政”的重要举措。一年来，从中央到地方大力提升教师队伍思想政治素质，全面加强师德师风建设，深入推进“教师思政”工作。《全面深化新时代教师队伍建设改革的意见》就大力提升教师思想政治素质做出部署，2017年国培示范项目培训中西部高校新入职教师2000余人，各地各高校把思想政治工作队伍和党务工作队伍纳入人才队伍建设总规划。在中国政法大学，与教育部政策法规司共建的教师法治教育研究中心成立，将为推进全国教师法治教育发挥重要作用；学校成立教师发展中心，促进教师积极参与社会实践和国家法治建设，深入了解国情、社情、民情，提升思想政治素养。在北京师范大学，将师德评价结果与岗位晋升和年度考核挂钩，师德评价不合格的教师，年度考核计为不合格，不得申请年度岗位晋升；开展“四有”好老师专项课题研究，建立每月半天的教师政治理论学习常态制度，惩防并举强化教师教书育人的使命意识。在首都师范大学，正在调整教师考核评聘制度，目的是树立以德立身、以德立学、以德施教的鲜明导向，涉及教师入职、考核评价和职称晋级的方方面面，包括逐步建立教师的退出机制等，旨在培育一批师德高尚、业务精湛的一流教师。



在四川大学、北京外国语大学、北京科技大学，坚持教书和育人相统一，坚持言传和身教相统一，坚持潜心问道和关注社会相统一，坚持学术自由和学术规范相统一，引导广大教师以德立身、以德立学、以德施教。日前，教育部印发《高校思想政治工作质量提升工程实施纲要》，将进一步推动高校思想政治工作会议精神落地生根，大力提升高校思想政治工作质量。“当前，高校思想政治工作战线最关键的就是要自觉用习近平新时代中国特色社会主义思想武装头脑、指导实践，坚持一体化育人，打通‘三全育人’最后一公里。”教育部有关负责人表示。


 本文来源：人民网-人民日报  
责任编辑：张海桐_NN9053 
</body><comments> '砖家'
 '不是百分之百吗？'
'我儿子政治最差了，可怜'
 '没有不喜欢的'
 '浪费多少时间去背那些玩意儿，你还没有办法'
 '专家都不要逼脸'
 '赞赞赞！全世界只有我们中国人民的觉悟最高！我为我是一个中国人而感到无比的骄傲与自豪！'
 '这种课就是死记硬背，明明知道是在胡说八道但为了考试还是得去背
 '我都是自己骗自己。😂😂😂😂😂😂'
 '睡觉挺香滴……这课'
 '肯定喜欢啊，唯一可以睡觉，而且考试内容100%给你画出来的课啊'
 '不说假话就会死的骗子！'
 '我也喜欢，因为这种课不会挂科，可以睡觉玩手机'
 '😂'
 '洗脑从娃娃抓起。'
 '大学时，就是思修的那本书最贵！'
 '呵呵'
 '居然不是100%？！ 歪，王警官...'
 '说句实在话，满清可比某外来大档强多了。'
就看自己的爱好了
 '最无耻的就是中国专家，出卖良知以为就能得到主子的欢心，其实你就是个夜壶，需要你的时候把你牵出来吠一吠'
 '..............'
 '剩下那十几个点，是不是会有倒霉？'
 '专家是傻逼吧'
 '直奔评论而来……
 '不对啊，应该是百分之百啊，那剩下的百分之13.4该突突了啊'
 '我儿子也是，所以他选择了理科，只是以后考研怎么办呀？'
 '洗闹，还说的如此高尚，还可以再无耻。。。'
 '超喜欢，考研得了85分'
 '不上不给你毕业证 。'
 '专家，你是自己在家里调查的吗，我周围现在有8个人，我把这个问题问他们，异口同声说无聊，不懂，一听就瞌睡'
 '这课不错，大学里唯一允许开卷考试的课，送学分'
 '我也喜欢，因为挂科的可能性很低'
 '自欺欺人，厚颜无耻'
 '100名学生接受调查，有86.6%受访学生表示喜欢上思政课'
 '这个事情我根本不看文章，我就想看看评论区[窃笑]'
 '我也喜欢啊，以前政治老师胸非常大'
'洒家很怀念上大学时的“马列主义老太太”。'
 '咋的不弄个100%？
 '政治课好呀，只要有思想人人都是巴菲特！'
 '先私下找了100名表示喜欢上思政课的学生接受调查，最后确定是86.6%的喜欢上思政课'
 '我是真心喜欢上思政课，二楼，你看，开卷考，老师自己也知道没意思，从不点名，考前花重点，我们以前思政老师一上就说，要睡觉的后面去，不要影响其他同学，只有那么几个傻逼，坐第一排听的，然后老师百无聊赖讲，画重点，后面就侃大山了。'
 '专家说，中国人120%相信专家说的话！'
 '调查的时候大概是这样的一个情形：喜欢上思政课的同学不用🙋，大部分学生不敢出声，所以调查结果就出来了😄😄'
 '这有多不要脸说这话………🔫哦其实我也喜欢'
 '就喜欢听你们一本正经胡说'
 '这种课上多了，长大了反而会越发恨这个体制'
 '为啥喜欢政治课，是为了以后建立年轻人的世界学敌克敌。'
 '当初的大课马哲，就是找美女的时候'
 '哈哈ヾﾉ≧∀≦)o'
 '那百分之十多人为啥不喜欢呢?很想知道他们的观点'
 '不喜欢就当不了官，当不了官怎能发财找小老婆[色色][大笑]
 '因为没人管，只要不是太过分，基本老师讲老师的，学生干学生的'
 '因为上这种课听着就好了 不像数学 化学还得动笔'
 '而且是唯一挂科不感觉丢人的科目'
 '我也喜欢啊！'
 '科技是第一生产力。'
 '比朝鲜差，朝鲜是百分百。差评！'
 '当年报道亩产万斤的也是人民日报。[奋斗]'
 '[喷水][喷水][喷水][喷水][喷水]'
 '裙子短'
 '看老师，老师讲课有魅力，还是愿意听'
 '建议把剩余的13.4%枪决！！'
 '要醒的还是会醒？上课睡觉能睡到三十岁么？'
 '“无淀河”自称是中央财大的金融学或经济学博士，又或是对外财经研究生毕业，是52884南口工兵部队一员，是工作在西联金融的Dennie 张，但有时又说自己在国贸。身高186，有时候又变成182，天天健身，体重200斤。北京7套房，刚刚入了房山第8套房的楼花，如有合适的会考虑买第九套房。自称93年加入北京国安。差不多每天早上六点开始在网易发贴，“什么中国人民可以没有土地，也要誓死捍卫俄罗斯”等等惊世骇俗的语言，都是出自他的口。据他自己说，他家里现有3辆车。他本人开一辆宝马X6，他老婆开一辆2.4迈锐宝，家中还有一辆大众途观是只用来平时买菜，他每年光是网购消费要四十万。他说他2002年大学毕业，他又说他七几年读书时，校服是绿军装。他现在月薪税后净收入7万，有时候也会变成了年薪60万。他父母文革期间本科毕业，一会他父母又变成买断工龄的下岗工人和售货员，现在靠他养活。转眼他又说现在拿年薪10万的人，收入还没他父母退休金多。---以上内容全部来自于“无淀河“的发贴记录。'
 '他知道我们知道他们在干嘛，他自己也知道他们在干嘛，但是他还是要干嘛😊'
 '额，真的吗'
 '哈哈哈哈哈哈哈哈哈哈哈哈'
 '你高兴就好'
 '弄个99.9%是否更好点？'
 '在那个80年代，年轻人是非常喜欢学习马克思的，然后可以拿着马克思写的《工资、价格与利润》，去找厂长谈工资问题'
 '自欺欺人的毛病一直在，睁眼说瞎话
 '哈哈哈哈哈哈哈哈哈哈哈哈哈哈'
 '我猜现在有人拿枪顶着你发帖'
 '整个国家都在自欺欺人中存在，还谈什么希望'
 '广州中考要考政治啊，悲催，孩子目标重点高中，政治拖后腿，哭'
 '造谣！明明是250%！'
 '什么狗屁专家？居然不是百分之百'
 '我上學時最喜歡體育課，能玩。'
 '人贵在自欺欺人'
 '专家不愧是专家呀，这数据编的真精确。'
 '上学时，第一节课，老师说：我知道大家不喜欢这个课，你们只要上课不说话就行！[窃笑][窃笑]所以大家都喜欢上这课！'
比如说我
 '应该是99.88，好听'
 '剩下13.4%不该拖出去枪毙吗？'
 '[疑问][疑问][疑问]'
 '能睡觉能自习能玩手机，这么爽的课怎么会不喜欢'
 '我也喜欢，就喜欢看一本正经的胡说八道。'
'不是，是在思政课上，老师说不喜欢思政课的举手，结果这节课就只来了班上11.4%的人，全举手了，统计结果还是有88.6%的同学没举手表示喜欢'
 '我建议要是问到你们还是老老实实说喜欢。哪怕空洞无趣，至少现在随便装模做样的应付完考试也就得了，要是不喜欢的太多，搞不好就越改越坑爹了。到时候三天两头让你们写长篇体会报告一定要从中体会出喜欢的味道，就问你们怕不怕？
 '说假话死全家～'
 '我上学的时候也爱，趴下就能睡着'
 '思政老师组织的采访'
 '忽悠着让一部分人先富起来，别管怎么富的，等他们都富的爬出墙了好回过头整死那些富不起来的要爱墙！'
 '喜欢尼玛勒戈壁'
 '上这个课可以不动脑子，不听课，但是成绩不会差，花点时间背书就行，所以喜欢上，不喜欢的是因为要点名，如果不点名，喜欢上这课的肯定到九十多百分比
'有我们吗？'
 '明明是99.99%'
 '明白人'
 '可以睡懒觉'
 '挺好睡觉的'
 '为什么不说100%呢？反正你们开心就好'
'我也喜欢啊！'
'哈哈哈哈哈哈哈哈哈哈哈哈哈哈'
'最主要的，不要看弟子规，不要看满清的，压制几百年了，开民智需要一定的时间。'
 '最好睡的一节课'
 '这就跟调查社会主义好不好一个道理'
 '说说那13.4%是怎么回事？'
 '呵呵还好...现在明白人还是很多的'
 '小王啊！把那86.6％剩下的不喜欢的统计一下，就不用再读了，把91.3％剩下的没有收获的也不用毕业了，这样明年应该能达到百分之百喜欢了。'
 '只要给学生自由他们一般没什么意见的.我是个学生哦.....
 '这种新闻不是应该有爱国水军吗？
 '应该是886
 '最狠的人自己都骗。'
'大一挂马哲，大二挂毛概，直接把团支书给取了'
 '我超级喜欢历史课。但是大学里只有近代史纲要'
 '是是是'
 '放你妈的P，浪费生命的课'
 '剩下的百分之十几是留学生，他们国家制度落户，不抓思想。'
 '最水的课，除了领导检查，前面三排基本没一个人坐'
 '哈哈哈，脑残才喜欢'
 '我也喜欢 🔫'
'我觉得99.9比较好[大笑]'
 '哈哈不喜欢有招吗'
 '为什么不是89.6呢？'
 '国家形式这么好的，难道你们不看新闻联播和人民日报？'
'太少了 不应该是130%吗??'
 '我有一船，还差一桨，但是有一麻皮，不知当桨不当桨'
 '睡觉💤课谁都喜欢😄'
 '采访的党校
 '电影电视视频实事求是理论联系实际'
 '我最喜欢了'
 '重小就接受假大空的东西'
 '不是无用，而是相当有害。毒化大脑，喜欢看新闻联播的有几个大脑正常的？是吧'
'不应该是百分百吗？谁说不喜欢的就是不爱国，是汉奸。诛'
 '哈哈，专家智商真高呀！'
 '必须上，否则会脸红心跳。'
 '这个专家什么政治觉悟？？？？？任何时候都是百分之百支持！谁说不支持的不喜欢的，站出来！'
 '我也喜欢，因为那个课程上课看小说睡觉，玩都没人管。'
 '因为可以睡觉💤，就当催眠曲'
 '以前我们最安静的课就是思政课，睡觉的，做作业的，看小说的，老师只要不影响他讲课就不管，有一次我不小心抬头和他对上眼，结果后半节课就看着我一个人上，吓得我再上他课从不抬头'
 '这调查意义何在？……肯定都喜欢啊！'
 '砖家高兴就好'
 '那些已经处理了'
'88.8%就太假了，要做的真实点'
 '很喜欢啊，可以好好睡觉好好玩手机'
 '打盹方便？
 '考过政治和马克思吗 都是泪'
 '理论课上
 '从小被毒害！可惜民智已开'
 '剩下那些在听到记者说出思政两个字时，激动地说不出话，这门课是人类的希望，无法用语言来表达。'
 '可以睡觉啊，玩手机啊，听不听无所谓，当然喜欢啦'
 '欢乐的结果。我猜是13.4%，总有人昧着良心说胡话。。'
 '又他妈数据造假，这回还有小编配合'
 '不用动脑子的课当然喜欢，想干什么干什么'
 '悲哀1'
'我操，我真牛逼，居然把整篇报道看完了[喷水]'
 '对其他的13.4%表示钦佩，未来也许靠他们了！'
 '大学时候我也喜欢，一般都是在课上做别的课的作业'
 '看到这个调查我就放心了.
 '因为可以睡觉，老师根本不管'
 '以前政治学的太好入戏太深，走上社会后三观崩塌的那一段时间真的好难受，觉得自己到底都相信的什么，哎'
 '大概只有这节课才有满满45分钟的睡眠时间而考试可以翻书....'
 '我觉得88.48％更合适'
 '痛痛痛，贴贴贴'
 '目测小编打错了写反了🤔'
 '全世界也只有我们有这种课吧？哦，差点忘了还有个朝鲜'
 '不用说都懂'
 '肯定喜欢啊，唯一能好好睡一觉的课程
 '领导！请重新纠正为88.8%，更加吉利且可信度更高'
'思政课，俺唯一在大学挂的科目啊，想想都疼'
 '不管你信不信，反正我是信了。
 '因为可以干任何事情还不会感到内疚'
 '95%吧，毕竟95之尊'
 '最喜欢了'
 '这种新闻怎么好意思发出来'
 '这贴一会就会被和谐[大笑]'
 '喜欢上课睡觉吧'
 '对啊，可以睡觉啊'
 '怎么不是百分之百'
 '我也喜欢上政治课啊，问题是我在上政治课说政府为人民服务，这边的政府却在拆我家，我能怎么办，我也很绝望，希望能把我顶起来
 '这还不算，是谎话说多了自己都信了的'
 '学习的有朝鲜'
 '是86.8%的专家喜欢吧？'
 '100％喜欢，睡的巴适。'
 '86.6%的受访学生表示非常喜欢或比较喜欢上思政课，91.3%的受访学生表示在思政课上很有收获或比较有收获。评论；很振奋，如果能全国范围调查，尤其是无记名，而且无法查出投票者是谁，调查准确率会更高。'
 '这个专家是好人，来来来，报上名来，让大家都了解了解这个好人啊'
 '喜欢被洗脑...没毛病'
 '我也喜欢思政课。因为老师在上面念课文，底下学生在干什么他也不管。'
讲讲足球方面的就比较喜欢了.'
 '有希望了
 '我是来看评论的！！'
 '思想政治就是他妈脑子有病的课'
 '我最喜欢了，睡觉好舒服哟
 '这贴不过滤评论，有人要倒大霉啦'
也不能说都喜欢
'应该是百分之百吧，呵呵'
 '当然喜欢了，上课的时候可以想干嘛干嘛，能彻底放松一下，睡个觉，看个书，打会游戏，最好多安排点这种课'
 '哈哈哈哈哈哈'
 '反正数据是自己编，想写多少写多少'
 '没有，我也真的喜欢上思想政治课，可以放心睡觉。'
 '不是百分百啊？'
 '现在思政课的讲义和视频都精心设计，在我们学校，学生的满意率在99%。学生们常常在轻松愉快中上完思政课，也在不知不觉中被 氵先月腦
 '确实是喜欢，喜欢这课可以睡觉，而不是内容'
'真的，因为思政，马哲，邓论睡觉都能考过'
 '都想当干部'
 '当然喜欢啊，又能写作业又能读书还能玩手机睡觉'
 '居然允许言论了？'
 '五魁首啊六六六啊，对不起，我喝高了'
 '政治不能参与教育 这不是对香港好的口号吗'
 '一份问卷发下来 当然是喜欢啊 校园送温暖'
 '能再无聊一点吗？一点鸾用都没有'
 '我也喜欢啊，因为可以睡觉玩手机。'
 '把枪放下'
 '把枪放下再说好吗？'
 '因为可以睡觉啊，肯定喜欢啊'
 '这是今年看到最好的新闻'
 '肯定喜欢啊'
 '因为可以上课睡觉'
 '某报你高兴就好[微笑][微笑][微笑]'
 '居然达不到90%！？拖出去'
 '肯定是科大的...'
 '又被代表了！'
 '真的不能理解那些不学习马克思的国家是怎么奔上世界前列成为发达国家的？
 '自觉接受党的教育！民族有希望啦，👏'
'作为一个家长我坚决反对让学生学这些个无用的东西，浪费时间浪费金钱！！！'
 '也得为以后留点增长空间啊[狗]'
'怎么统计的，居然不是100%?'
 '我记得当年吹牛多了还是会脸红了，现在真是世道变了…'
 '直奔评论有多少人喷'
 '能帮助就业吗？'
 '想到我的孩子也要跟我一样去上政治课，还要考试，心里就一阵难受'
 '楼上这位“无淀河”自称是中央财大的金融学或经济学博士，又或是对外财经研究生毕业，是52884南口工兵部队一员，是工作在西联金融的Dennie 张，但有时又说自己在国贸。现在北京已有7套房，上个月已经入了地处房山的第8套房的楼花。他差不多每天早上六点开始在网易发贴，“什么俄罗斯人民永远都是中国人民的慈父、什么中国人民可以没有土地，也要誓死捍卫俄罗斯”等等惊世骇俗的语言，都是出自他的口。据他自己说，他家里现有3辆车。他本人开一辆宝马X6，他老婆开一辆2.4迈锐宝，家中还有一辆大众途观是只用来平时买菜，他每年仅是网购消费要四十万。他说他2002年大学毕业，他又说他上世纪七几年读书时，校服是绿军装。他现在月薪税后净收入7万，有时候也会变成了年薪60万。他父母文革期间本科毕业，但他又说他父母是买断工龄的下岗工人和售货员，现在靠他养活。他还说过现在拿年薪10万的人，收入还没他父母退休金多。更为神奇的是一个小时内的发贴，lP地址可以遍及全国东西南北！---以上内容全部来自于“无淀河“的发贴记录（已经全部截图留证）如果不信，大家去看一下他的发贴记录。'
'肯定100%，其他答案直接无视'
 '领导觉得86.6这个数字比较顺眼，所以把调查结果定位86.6%。'
 '这种课谁不喜欢[不屑]'
 '某知名大学的德国外教回国前夕对同事说，执教这些年来他每天都在祈祷神的宽恕'
 '我确实还蛮喜欢啊，考试的时候开卷，上课的时候随便睡，比高数力学之类的轻松太多了'
 '孩子们真可怜！'
 '砖家背锅'
 '可以睡觉'
 '肯定喜欢可以逃课呢</comments><comments_num>8321</comments_num></doc>