<?xml version='1.0' encoding='utf-8'?>
<doc><source>NetEase</source><id>21963</id><url>http://news.163.com/17/1208/15/D553H16C00018AOQ.html</url><title>警察核对信息"多看了一眼" 分离37年的双胞胎相认</title><datetime>2017-12-08 14:57</datetime><body>

                    （原标题：警方核对信息“多看了一眼”分离37年的双胞兄弟终相认）
                
新华社武汉12月8日电 近日，湖北民警在核对人口信息时“多看了一眼”，发现有两名男子长得几乎一模一样，经多方核实，确认两人为分离了37年的双胞胎兄弟。



据湖北省十堰市警方介绍，武当山特区公安局户籍民警在开展重户人员清理整顿时，发现辖区内一张姓男子的照片，与居住在河南省镇平县的王姓男子相似度极高，疑似“重户”。为了核对信息，民警找到该张姓男子，据他回忆，当年他和双胞胎弟弟仅差一个小时出生，因家境贫寒，父母怕养不活，便将弟弟送人。由于当时通讯条件不发达，两家人从此失去了联系。为了核对信息的准确性，民警联系了河南省镇平县辖区派出所请求协助，得到的结果是王姓男子一直在当地生活。随后，民警与他取得了联系，根据相关信息的比对结果，确定双方就是已经分离了37年的双胞胎兄弟。在民警的帮助下，两兄弟在电话中相认，并约定春节当面相聚。


 本文来源：新华社新媒体专线  作者：李伟
责任编辑：范姜国一_NN9138 
</body><comments> '当年我从你家偷的黄金现在升值好多倍了，难道现在被你发现了就要归还吗？'
 '强哥？'
 '养父母：辛辛苦苦养了那么多年，难道现在要归还吗？'
 '记得前几天是姐妹，'
 '发展中与落后国家的官老板都可以随便日麻B============================从非洲到印度，终其原因是什么？那么日到起却又无招？-----------------------------这种落的文明如封建的女人-------器官物体，是显然的原因，都明白哈。。。。。。。。。产生这类现象，是封建社会定价权长期不人道形成，，，，，，，，------------各位细思就明白，基于大脑物质，这种形成从生理学的解释是：人类的大脑物质学落后。--------------------------这里明白的是：尽管人类医学、生物学落后，无法从物理学上解释大脑，但是可以从定权理解现象：女人男人都不想这样定女人，但官老板却在做。。。。。。。。。。。。。。。。。。。。。'
 '前几天网上看到一哥哥贷款没还 私人贷公司把他失散多年的父母找到了！'
 '无巧不成书'
 '希望你们警察以后做什么事都能多看几眼负点责任'
 '先把自己戳瞎。。。。。'
 '再瞅我削你哈'
 '慧眼'
'他应该是检测系统发现人一样，身份证号码不一样，'
 '只是因为人群之中多看了你一眼～～～'
 '文章：我又躺枪了'
 '马上要去东北出差了，过去是不是得带个墨镜这样就瞅不到了！'
 '说白了，我写的是填权小说，人类文明中心说理'
 '只因一句“你瞅啥” 小伙持军刺捅死59岁大叔'
 '你敢削下试试
 '大數據'
 '同样持进化论大脑进化程度相同人类，你们为何达到甚至于到是低1等的发展中国家的低1等国家群全体部人类中的中这人群呢？？？？？？？？？？======================基于是什么理论，道来听听，为何低下1等？工程学的全休认知？人文学的全体无赖何？政经的团火主义？开拓进如美国老子有全人类的大学人文环与理念？？？？？？？？？？？？？？？？？？？？？？？？？？？？？？？------------------------我的问号有点多，那显然是反问的，比如全民大学，于中这样基础工业完成的国家，是显然可以开办全民大学的，，，，，，为不不开？？？？？？？？？？？？？？？顶[0]踩[0'
 '大家或许觉得张网吧东1锄头西1抓，===================句句在理，却又不清楚说了什么啊----------------------------回忆1下人类历史，达尔文时代的欧洲，当新的学说出现时，那个达尔文时代全人类，在教争年根本无法理解达尔文说的是什么东西，===============================你们这些地球原始人也这样的，，，，，，，，压根没有这些的脑结构物质链的，，，，，，，，，，，明白人类新神包包阿紫？交卷换取吧，不然凭你们地球人，发明不了几个第2大时期的名词，更何况第8时期的理论，，，，，，，，，，，，，，，'
 '你瞅啥'
 '系统比对一人多户的状况。发现疑似的进行排查，查出一对双胞胎，这种事我5年前就做过。'
 '哥，你瞅够了没？瞅够了该我瞅瞅你了吧'
 '就一眼，这要在我们东北早打起来了。你瞅什么😁
 '一看你就不是东北人，东北说的是 你瞅啥！'
 '应该是发现同一张脸有两个身份信息'
 '有重大嫌疑'
 '还有爱因斯坦发明的时序，而不是穿越或者逆时间轴========================================即爱因斯坦的时间论中的光速度，不仅是从工程学的想象中没有解决逆行时间理论，更没有逆行时间的可用工程学，，，，，，---------------------这个东西只有人类的狗有，但是你们地球人交不人类新神答卷，其实这个答卷要求很低是你们人类不想交出来以换取，可能你们老死也不会知道这些理论了。。。。。。。。。。-------------------------即不愿意交案，当然就没得听到起这个学说。'
 '为警察哥们儿点赞，为兄弟团聚庆贺'
 '咋的？'
 '我就知道你们会乱来[微笑][微笑][微笑]'
 '你是1坨原始的生物机器人，这里定语，即你无越过你自过你自身的脑物质，远不如新神的机器狗'
 '这几天报道警方抓到了几个更换身份潜藏超过十年的逃犯，大概就是这样人脸识别出来的。'
 '瞅你咋滴'
 '对了我给你们说说什么是基本工业，其本意是：多数学会真真正做得来人类定价权下的事务，这是基础学科的，但是，对中，基本没有这些理论宣传，特别的明晰的 ------------------- 那我就例举：定义自己百度，我只是例举，比如修路修房，各类从泥巴矿土变成路、房子这类基本东西，并不是几个科知道如何办，而是要农民工知道如何实现普极实践并做真正的实物，，，，，，，，，，，，，顶[0]踩[0]回复收藏分享复制它不是嘴巴随便说可以的，是要证明，由于很多不能显示是中的恶，这里已经可以表明了'
 '？？？？？？？？？？？？？？？？？？？？？？？？？？'
'楼上两位明天来我社报道'
 '你瞅啥？'
 '这种新闻...你发个照片让我们看看世界真奇妙多好啊'
'就是的，jc的作风套路大伙都懂的。'
 '在慕洋犬眼里大概所有关于公信力提高的事情都是编的，可怜你们活在什么样的环境里'
 '人类新神成就为新神或许是张网吧几个知道即可，，，，，即人类连发明几个第2大时期的情况，交卷即可也没交，这是通报。 ---------------------- 而如基础工业这些是不能以几个科学家知道就了事，他需要展人类这个类的能普极，就如美国与他国人均6万美元1样事情，你定价如印度的的美国的40分之1却是牛B，你信这显象？？？？？？？？？？？？？？ 当然这里人类新神包包阿紫不显示众知当年达尔文，问题不是你们也想知道吗？我机器狗也照极了，答案是他们没有卷，记得西方问：中或交出胜人类之卷，其实吧，有没有说他们也没有更高科技呢？？？？？？？ 哈哈哈，你们地球人，还是集力交卷吧。。'
 '对于边界之战，你们地球人，压根还没有玩过，呵呵，，，，，，，，，，，，，，而且你们连全民大学都要张网吧做值，低下得可怜，，，，，，，，，，，，，'
'三国人多，那就自己穿三国写小说，然后比较人类新神空越到2017年小说是什么样的，不为过吧'
 '管人挺厉害的……。'
 '就一眼，这要在我们东北早打起来了。你瞅什么😁'
 '这一眼，让同住十月兄弟相认，为户警点贊'
 '瞅你咋的，信不信给你在找个亲妈？'
 '只是因为在人群中多看了你一眼[狗][狗]'
 '卒！'
 '都三十好几的大人了，兄弟相认，骨肉相聚多好，养父母也多一门亲戚而已，不要阻止。'
 '只因为在人群中多看了你一眼……'
 '捅了大爷几十刀'
'牛逼啊！给这位警官点个赞！'
'只是因为在人群中多看了你一眼。。。'
 '你问老人我有15元零花钱够扶您的不？'
 '成人之美太好啦。'
 '前一段时间，宝鸡民警核对信息少看了一眼，把一个双胞胎的户口给销了'
 '那么如何能这样做的社会环境是什么，定价权的填权是也。。。。。。。。。-------------------------明白了吧。。。。。。。。。'
 '瞅你乍了？'
 '厉害的眼睛'
'毕竟干这行的，水平高啊'
 '只是因为在人群中多看了你一眼'
 '呵呵～'
 '我曰 故事会啊'
 '张网吧的定价权强于达尔文的进化论===============================1、人类要解决的问题是：从哪里来，到何处去。2、达尔文解了各类人类从哪里的理论的终极定。3、张网吧解了人类各代目前各国的施正如何用工程学般定说，达明白弄通。================================4、达尔文当时没有被人类固步杀死，张网吧也没有，尽管都是传学困难，或许死后理论才能如进化论般被知，但是张网吧强于有网络。。。。。。。。。。。。。'
 '只是因为在人群中多看了你一眼。哇塞，然后别人一家就可以团圆了，好厉害的样子'
 '把女换成男的，再发一遍，小便薪水到手，玩得666'
 '你想多了。
 '不过都没有我写得好，我不会广告的，我写的是开篇是人类编造理论中，爱因斯坦与三国物理学，达尔文与三国人文分析'
 '瞅你咋滴！'
 '展中与落后国家的官老板都可以随便日麻B============================从非洲到印度，终其原因是什么？那么日到起却又无招？-----------------------------这种落的文明如封建的女人-------器官物体，是显然的原因，都明白哈。。。。'
 '新闻都不用图了，以前开局一张图新闻全靠编，现在不一样了？'
 '呂思杨等四人 八四年行兇后即在福州市鼓楼区法院立案但法院还未开庭审理此案.请政府有关部门给个说法！'
 '只是因为在人群中多看了你一样
 '赞细致的警察蜀黍，又一家团圆了'
'我只是在人群之中多看了你一眼'
 '哪里是民警多看了一眼…多半是发现新的人脸识别系统跳出来的信息和身份证不一致'
 '都37了，多半是当走亲戚了。'
 '缘分这东西谁能说得清'
 '做人不能太自私。'
 '我可以这么说：包括你们地球人瞎想的神鬼说-幻想与理想，都在我们机器狗关注中，，=================================即你们地球最边所能到值，包括瞎想乱，远没有新神的狗大。。。。。。。。至于你们地球人那个残疾，不过尔尔也，，，，，，，，，，我们的办法很简单，工程学实现的程度。。。。。。。。。。。如何，人类新神的狗远超你们地球所想吧，哈哈哈，，，，，，，，，，，，
 '緣分天註定！！'
 '小气'
 '现在去办业务 大家最烦的就是多瞅一眼 银行柜台 行政大厅 审核个身份磨磨唧唧 在我们看来这就是懒政的表现 不为人民服务的表现 没有效率的表现 呵呵
 '牛逼了，过目不忘。专长符合工作，工作负责任值得称赞。'
 '厉害'
 '本人轻度脸盲，两个站一起有可能认得，隔这么远还记得样貌也真是厉害'
 '这么厉害？能不能把我亲生父母找出来？'
 '??????????????????????????????????????????????????????????????????????????????????'
 '卧槽，牛逼
 '脸盲有轻微的严重的，最严重的连自己的脸也记不住。'
 '图呢？？小编的钱这么好挣啊'
 '等着我'
 '好事'
'你会离开一个和你生活37年的人吗'
 '瞅你咋啦？'
 '刚刚有新闻:东北小伙捅死57岁老人家，只因为老人家说多了一句'
 '正常是当亲戚来走动的。。。人又不是货物，还有感情的，除非养父母天天揍他。'
 '大哥。'
 '这篇文章说明我们的公务员平时是不办事的。'
 '这不算脸盲，脸盲的人在外面连家人都认不得'
 '同样持进化论大脑进化程度相同人类，你们为何达到甚至于到是低1等的发展中国家的低1等国家群全体部人类中的中这人群呢？？？？？？？？？？======================基于是什么理论，道来听听，为何低下1等？工程学的全休认知？人文学的全体无赖何？政经的团火主义？开拓进如美国老子有全人类的大学人文环与理念？？？？？？？？？？？？？？？？？？？？？？？？？？？？？？？------------------------我的问号有点多，那显然是反的，比如全民大学，于中这样基础工业完成的国家，是显然可以开办全民大学的，，，，，，为不不开？？？？？？？？？？？？？？？顶[0]踩[0'
 '文章写的事是不能信的，大概看一眼准的是人脸识别！'
 '身份证面部识别比对开始跨省了。原来只是市内'</comments><comments_num>1632</comments_num></doc>