<?xml version='1.0' encoding='utf-8'?>
<doc><source>NetEase</source><id>476</id><url>http://news.163.com/17/1208/09/D54GVPVF0001875P.html</url><title>地铁隧道遭桩头击穿 司机头部流血仍检查乘客情况</title><datetime>2017-12-08 09:42</datetime><body>

                    （原标题：外部施工打穿地铁隧道 司机头部流血仍坚持检查乘客情况）
                
采取果断措施应对的地铁11号线司机郭迟。非地铁工程施工单位(正业建设有限公司)未经申报擅自打桩施工。桩头击穿地铁隧道，列车严重受损。桩头击穿地铁隧道，列车严重受损。南都记者赵炎雄 摄南都讯 12月6日早7时许，外部施工单位正业建设有限公司在为业主方深圳市昂塞特体育用品有限公司进行昂赛特攀岩基地项目作业时，在未经审批的情况下擅自进行打桩施工作业，桩头击穿地铁11号线红树湾南-后海下行盾构隧道结构，致使11号线高速行驶的列车撞断桩头，司机受伤，列车严重受损，相关地铁设备不同程度损伤，行车被迫中断，所幸事件中无乘客受伤。新司机采取果断措施昨日上午，南都记者在深圳地铁竹子林车辆段员工宿舍内，见到了事发时驾驶地铁的值班司机郭迟。南都记者看到，郭迟的头部仍包扎着白色纱布，纱布上有血迹，其右手背上有不少小疤痕，这是地铁高速撞击、玻璃破碎所致。</body><comments> '十一号线有'
 '建筑公司要出大血了！给你算算，你会哭的，哈哈'
'重大安全生产事故'
'看来地铁也不安全哦'
 '如果是广州3号线真不敢想象，上面的人再牛逼估计都是死刑。'
 '知道啊，没封啊，有报道的'
 '兜不住了，只能顶包！'
 '上面的小罗罗撼动不了的'
 '有關部門領導的名言：不管你們信不信反正我信了'
 '未经审批擅自打桩'
 '打桩工人几乎没什么责任，工人不可能没领导安排自己去干活，一项施工必定有三方签字才会开工，所以业主、施工、监理三个单位的责任人负最大责任。４楼纯SB，开地铁看限高。'
'活生生的搞成了表彰庆功会，厉害佩服！'
 '哈哈，这个公司可以关门了，辛辛苦苦几十年。一下回到解放前'
 '打桩打到地铁隧道，这下工地施工方罚的没朋友了'
 '商务车厢？'
 '主要责任人是农民工，临时请来打桩的，没有文化闭着眼睛，用力打下去的。我编得对吗？'
 '地铁司机好样的，给他点个👍'
 '拣了一条性命; 为好司机点赞！👍'
 '这还真是呀[大笑]'
 '地铁有商务车厢？'
 '昆明地铁试运行就有司机牺牲了。'
 '我相信相关部门能把这个事情。调查成官方想要的结果。'
 '稍微干过工程的都知道，不会处理底层人员。  所以，打字前过过脑子。'
 '打桩的公司估计是要报销了'
 '应该是有史以来第一例'
 '这事都有?忒不靠谱了吧？'
'不可能，只要审过，内网一查就知道了'
 '顶格处罚，这样就完了。'
 '根本没报批'
 '这边真不知道'
 '眼睛不好还是早点治疗'
 '哇，重大事故中又涌现出了民族英雄，多来几次事故，中国人就都是英雄了。'
 '这家公司要倒霉了'
 '地下也不安全'
 '找我来背锅吧，给个我能接受的价格'
 '桩头击穿地铁混凝土隧道：是这桩头的质量太好还是这地铁拱形隧道的质量不好？？？举头问明月，低头思马云！😎😎'
 '你是不是傻。。。'
 '上海早有了'
 '深圳县有地铁吗？作为一个县有地铁还真是少'
 '地球表面这个洞补了也会渗水'
 '打桩的工人看错图纸，加上干工期，加夜班。而且用的中国速度打的快，还没来得及检查，桩就打好了。在市委常委，书记等领导主持下，现已责令相关部门召开会议，深刻检讨，慰问伤员。在领导的正确指导下，纠正错误，共创美好未来。下面播报下条新闻
 '住建局不知道懂不懂啊，这个问题很严重的，在隧道上方开洞，可能危及隧道的结构安全，这个是要专家做评估的。要是真赔偿的话，应该不是小数目。'
 '深圳地铁，一个神奇的企业，手眼通天'
 '关工人球事，项目部，施工方，当然越往上面的就越没事了，有人罩着，肯定会找几个顶着。'
 '表彰大会准备开始'
 '城管，城建，小区管理，一个不能跑。'
 '是十号线，还有一号线不是30秒，麻烦自己去看看…'
 '先塑造英雄事迹，召开表彰大会'
 '就是，这些工程都不知道包了几层了，又抓不到后面的人，怕啥！[窃笑]'
 '自罚三杯！😂'
 '没事，最后都会开成表彰大会[微笑]'
 '只能说责任方背景太强大了，差点造成地铁翻车，几千人生命受到伤害，都影响几十万人每天的出行了，这么严重责任事故，屁事都没有'
 '你没看新闻？未经审批'
 '1 未审报违建，罚款; 2 工人未按规定操作，重罚。皆大欢喜，和谐我朝。#预言'
 '傻逼标题'
 '1l又开始秀智商了'
 '百年一遇吧'
 '建设工程规划，打桩应该知道下面结构，比如说煤气管道，或者光缆线，都是有图纸标志出来，不然出了问题，谁来承担一切后果。'
'广州和深圳怎么动不动就把地铁顶盖打穿？埋得浅？'
 '让这家企业以及保护伞把这条地铁线路建造的所有费用承担了吧这样就是破坏自己的产业了罪过会小很多'
'难道建筑公司没图纸么，设计单位怎么会把桩设计在地铁上，没做过地勘么。我觉得这才是关键。'
 '没文化，那叫宝安县'
'差点出人命，判死刑呗'
 '没审批啊'
 '谁应该对这起事故负责呢？'
 '地铁司机小李最后不甚酒力，酒精中毒被送进医院抢救…'
 '你这评论真牛逼'
 '你们东北的很牛逼？   牛逼的话就不会东北三省排全国最后了'
 '你是不是傻，文中说了是未经审批违规作业'
 '掩饰 多了 就。。。'
 '过几天看看吧 要是抓了几个小鬼就证明兜住了'
'估计你是中国第一个地铁撞车的司机[大笑]'
 '近几年没了  以前3号还是1号线追尾过'
 '机智
 '公务员不考技术题。'
'上海地铁一号线，追尾[微笑]'
 '这个下命令干活的人。估计这回贪事了'
 '赔吧'
 '地铁商务车厢是啥…'
 '必须背锅'
 '出事的这条线路，再往前走也是在地上跑，在海上跑'
 '嚓，老套路，又出来个“英雄”，坏事变好事[可怜][可怜][可怜][可怜]'
 '细细想想还是问题的，1、光天化日下，在深圳的某个大型体育馆边打桩，体育馆管理单位在做什么？2、地铁隧道不是可以轻易被打桩基打穿的，即使用搞机破拆，傻逼司机打穿隧道后，架上桩机打桩吗？结论：事故应该不止这些'
 '地球上'
 '这公司估计会赔掉内裤的'
 '能兜住一条地铁吗，建地铁好像十分的烧钱。'
 '临时工！'
 '施工方都不问市政部门直接开工的么？'
 '地下也不安全了'
 '我猜，肯定是临时工干的'
 '这有什么，先开工再报建，这不是一贯做法？这次打到隧道有点倒霉'
 '这个应该是业主单位的责任啊'
 '这与工人没多大关系。 再说  就算找工人也配不起'
 '为什么不能同时进行？好人好事就应该及时表扬，要不谁还做好事？'
 '这太过分了！
 '你以为打桩机是什么，不能打穿你造核庇护所呢？'
 '国产车不错，质量很好'
 '根本没批，看清楚再说'
 '透露一点啊，这种事很吸引人的[狗]'
 '[色色]'
 '都说了顶格处罚，本来就踩大雷了。跑路就死定了，现在抓紧筹钱，还能在监狱安度晚年。'
 '这是神经性眼瞎，看眼科没用，得去精神科'
 '爸爸可以告诉你   你来深圳试试'
'文章说了没有审批，虽然不知道是真是假，可是要看清楚再喷！'
 '这尼玛都可以，中国的施工真的是随便挖，压断电线，水管，网线都算了，把地铁隧道都打穿了，服'
 '看老板后台，当年我也扛过这种事，我搞图书批发的，后来北京新闻出版署来追查盗印新华字典，当时是大案，最后不是不了了之'
 '没看新闻么，没申报。'
 '哈哈😄😄，，，地铁看限号！！哈哈咋了，地铁太高捅不进去隧道？？[狗][狗][狗]'
 '没审批
 '这个要赔多少钱💰💰'
 '和保险业的ab是同一个老板，你觉得在我大清国还有比深铁背景还硬的么？'
 '看标题还以为开车的是犹太人！'
 '一方是有（政府）背景的建筑公司，一方是国家的轨道交通工程，都不是善茬。硬碰硬，看谁更硬。（貌似建筑公司要悬…）
 '只是顶格处罚。违法成本低，后台硬。'
'这尼玛把铁路老大惹到了 谁你妈也不敢兜'
'哈哈深圳就是深圳，管桩能把地铁隧道打穿真里牛。'
 '这司机很好！反应迅速、措施果断、处置到位、先人后己，这种敬业的精神值得赞扬！这次大难不死必有后福！'
 '吊销施工资格两年'
 '有句老话，神奇的国度一切皆有可能'
 '公司要倒闭了'
'还记得上海静安区的大火吗？第一时间抓了无证电焊工，然后新闻天天宣传。'
'工人被抓了'
 '韩国还有在地上跑的路线'
 '前几天的报道，不是没有人员受伤吗？'
 '大兄弟，不是在高架上跑的就是轻轨，轻轨和地铁是看规格的……'
 '大哥你知道重大事故的界定标准吗？没有死亡人数，没有具体损失金额，何来重大？'
 '这他妈差点要害死一车人'
 '人家兜大的未经审批几个字被你吃了
 '央视网早就播了，当天晚上深圳住建局就发出处理情况的通报，也就你为喷而喷
 '不一定？你知道深圳地铁后台吗？那破公司真的完蛋了……'
 '临时工顶罪不就兜住了'
 '宣传好人好事'
'已经在调度背黑锅的了，问题不大。'
 '有道理'
 '脑子是个好东西，不值得拥有'
 '朝鲜多少'
 '底裤都要赔掉了，地铁一公里十个亿啊'
 '这下把领导整懵逼了'
 '就和上海大楼着火了一样，抓焊工。'
 '深圳的地铁没人能动。这公司老板赶紧跑路吧……'
 '这种事，不傻的人都不会去趟这个浑水'
'开个表彰大会如何？？'
 '谁啊？'
 '不管哪里施工，都要上报，要是下面藏的军火库，这下又是啥结局！枪毙都嫌轻了这！'
 '疏于观察。吊销驾驶证扣分儿'
 '这个坐等处理结果'
 '深圳开了个国际玩笑，打桩把地铁打穿了，把乘客的命当儿戏？这么大的工地施工居然没审批！说出来谁信呢？'
 '全国差不多深。朝鲜差不多50米以上。'
 '估计一大批小项目经理会被处分吧'
'出了事故就说未审批违法施工！以牠们的权力，审批了又能怎样，照样能压得住！'
 '明确告诉你不是第一个'
 '跟我想的问题一样  这个地方的整体防水被打破  很不好修复'
'给敬业司机点赞'
 '太恐怖了，好样的小伙'
 '目测开打桩机的那个司机要倒大霉了~'
 '认罚吧，铁老大腰太粗'
 '那叫轻轨大哥'
 '类似的打穿地铁内壁事在深圳已经不是第一次了'
 '这个是小企业接下的小工程，我估计这次他们负的代价是倒血霉了'
 '这家公司也是脑残，在市区施工打桩居然不想想下边有地铁的？就算不申报至少你得看看地铁线路在不在下边啊，这下可好了'
'哦，没有举一反三。'
 '工人不会背锅，估计工头就很悬了。'
 '这个确实应该重处
 '打桩的也是拿钱干活，上面的才是责任人'
 '深铁的地铁，怎么可能有人罩得住
 '在天朝。每次都会这么一两个英雄'
 '打桩工人？还不够级别，项目经理才是专业背锅人士。'
 '地铁还有商务舱和普通舱？'
 '先别表扬。先找原因，拟订杜绝事故措施？再追究责任人。然后才是表扬舍己救人的当事人。我们以往的实施过程都是反向的。以此掩盖尖锐的失责隐患。很卑鄙的行为。'
 '丛林社会……'
 '目测明年就可以升职了'
 '能背锅啊'
 '不懂就知道喷！打桩机要是打不穿是不是又该说打桩机是豆腐渣？总之你们这些喷子都觉得别人不好，就不知道自己不是个玩意'
 '的路'
 '是定格处罚，不是判刑！这事难道不是危害公共安全罪吗？'
 '赔地铁钱，再判个十年
 '上海还有追尾的…'
 '老道掐指一算，这家建筑公司上面的人也兜不住了
 '原来地铁司机也能有意外'
 '我靠还能艹隧道'
 '世界上有几个国家能亩产万斤？'
 '这是一个负责任的司机'
 '公司罚款，个工人私自开工，坐牢，是不是这样？'
 '傻逼了了吧，刺激了吧
 '一个水泥柱肯定不会翻车，车头损伤必须的，'
 '厉害了，我的哥，业主估计要破产了，洗洗快跑吧'
 '我们还有莫斯科祖传的xx特色！和自我修炼的副职临时功！'
 '为这地铁员工点赞，但是这事不要不了了之'
 '大哥那就是地铁，轻轨规格比这个小多了……'
 '我看见五个比乒乓球大点的发光体发着月亮一样的冷光不刺眼，在我头顶上空时尔悬停不动，时尔以8字型相互绕来绕去，速度和你用手电筒的光绕8字型一样的，长达半个小时，最后相继向北方飞去，速度和手电筒的光划过整个天空是一样的，瞬间消失!阿门'
 '地铁没限高一说
 '要赔多少钱'
 '胆子太大了'
 '看完新闻评价'
 '最后顶格处罚了开打桩机的作业的王师傅'
 '哈哈，躺枪'
 '只要没有死人，罚酒三杯了事………
'哈哈，记得温州的火车头吗？历历在目啊'
 '三楼明白人'
 '这个司机绝对应该嘉奖的。'
 '房子卖了跑吧！'
 '干死都不过分'
 '咋不出来说，是临时工干的了！'
 '死亡人数10人以上30以下，重伤人数50人以上100人以下，直接经济损失5000万元以上一亿元以下，（以上包含本数，以下不包含本数）才叫重大安全事故，不懂别他妈瞎定性！'
 '打桩机公司派个领导来隧道人文关怀一下大家，并表示地铁是重要的，是城市的一部分，以后不会施工影响地铁运行。并让保镖对地铁和司机温柔点看守。'
 '工人背锅不错了。   关几年上千万到手了。'
 '在工资里面慢慢扣吧！'
 '这回老道士算的准'
 '罚酒三杯而已，只要你能找得到人，你看这么久了也没处理的下文
 '未经审批，擅自施工'
'又是临时工在干活！'
 '建议地铁司机戴个头盔。'
 '判刑'
 '这个公司可以宣布倒闭了'
 '不是抓了好几个背锅的施工人员吗'
 '赔钱💰1个亿！'
 '这桩打的太实在了，敬业'
 '楼上的楼上额楼上，我也不知道多少楼了，麻烦去百度下轻轨和地铁的区别再来发帖[狗][狗][狗]'
 '看过图，锤击管桩'
 '中国的工地施工，很少打桩之前申报审批的一般都是先打桩，桩基完成一半多或者完工了再申报审批，未批先建或者边批边建很常见，只是这次捅了大篓子'
 '这也可以？牛逼到无语'
 '要是在国外，打桩的没什么责任，但是请你记住，这是中国。。。要是背景深厚的话估计最后也就成打桩的一个人的责任。。。'
 '把责任人找出来啊，处罚那些只执行的员工干什么啊？有病'
 '知道深圳地铁是谁家的么？'
 '老道掐指一算，这家建筑公司上面的人也兜不住了'
 '和工人有啥关系了'
 '根本就没去申请'
 '设计院说这里有溶洞，可以打'
 '这地铁盾构就这么轻易的被打透了？豆腐渣工程吧'
 '关工人毛事啊，，这是施工单位领导的责任，，工人只管干活的。'
 '直接罚破产，不然以后出了事就麻烦了'
 '你适合开航空母舰'
 '临时工'
 '眼瞎还是先去看看眼睛，没看见未审批就作业几个字吗？'
 '二比啊，地图上的地铁走线跟实际是不一样的！只能说是大致走向。'
 '哈哈，这运气太好了'
 '看都没看完文章，说了没审批'
 '呵呵，再大大过天？'
 '深圳水也深'
 '他们打的那种是管桩  是水泥杆子差不多一样的东西'
 '被打桩机打中了头'
 '蚂蚁是临时工'
 '会有仆人出来背锅吗'
 '问题是他们都没审批就开工啊'
 '还好司机有踩刹车
 '过两天就可以了，摆平
 '安全事故的定义是什么？二楼可别随便喷1楼，地铁隧道都打穿了，修补跟日后的监测，这费用，可是吓死人的'
 '地铁也得安行车雷达'
 '地铁上方可以随便施工吗，原文写得清清楚楚，这是违法施工造成的'
 '表扬驾驶员没毛病，又不是他把地铁打穿的'
 '什么几把深圳县'
 '事件中无人员受伤'
 '这不是第一次吧，记得前两个月也是深圳打桩打穿在建的地铁隧道'
 '打桩工人只是奉命行事'
 '没审批就打了，不过说句不好听的，地铁隧道这么容易打个洞出来吗，确定不是豆腐渣工程'
'老人画的那个圈嘛！？'
 '透孔防水是个难解决的问题。'
 '还有央视大裤叉'
 '在别的地方差不多，在深圳百分之九十九挂逼了'
 '等到24号线通车，估计每几天就出一桩爆头的新闻'
 '打桩工人抗下来！给你老婆孩子五百万'
 '希望吧'
 '没死人，算不上。'
 '临时工，已辞退'
'ab不都翻车了吗'
 '这有什么，昆明地铁一死一伤，你知道吗？消息被封了而已'
 '地铁修一公里10个亿，列车价值6000万。
 '施工人员已经被拘留了[狗][狗]'
 '不要牵扯工人进来，最冤枉的就是工人，你干苦活的知道哪里有地铁隧道？？'
 '才20深不到？深圳地铁怎这么浅？'
 '人才啊'
 '你傻逼吧⊙∀⊙！'
 '没出人命，小事一桩'
 '呃呃呃'
 '他责任小的很'
 '操作打桩机的师傅以为遇到了溶洞，可劲的锤击'
 '这简直是太胡闹了，还好没有出人命！这公司要罚死它！'
 '难道审批的官员不知道下面有地铁线路么'
 '没审批能打了这么久的桩不知道吗？住建部的是干嘛的呢'
'来来来，表彰大会开起来'
 '还记得上海静安区的大火吗？第一时间抓了无证电焊工，然后新闻天天宣传。'
 '赶紧的，把施工单位的头刑拘了。别总拿基层做替罪羊'
 '目测打桩工人要倒大霉'
 '这个就是违规建设的后果！'
 '重大安全生产事故'
 '我的天'
 '又想跟我们玩大爱无疆啊？'
 '下一步赶快找人背锅吧！'
 '我想说南京有无人驾驶地铁'
 '就是就是！'
 '错不了，首先会先控制我们农民工兄弟。不管有没证，这锅他背定了！'
'临时工上场'
 '不是说了么，没审批'
 '想想会后怕吧'
 '这要被罚破产啊'
 '车头很贵的！'
 '立帖为证'
 '上海起码有一半是在地上或高架上跑的'
 '你给算一算，地球能让中国人挖坏不？'
 '是工地上新来的施工员胡乱指挥的，这样才对，关农民工什么事，建筑公司的总工、技术负责人和项目的项目经理惨了，现在是终身负责制，以后不知道还能不能混这口饭吃了'
 '工人只是操作，关键是工程指挥的'
 '尼玛，30秒一趟你敢坐吗？[疑问]'
 '好恶劣！'
 '地铁上能批准打这么深的桩？审批的人又不是傻逼'
 '设计院'
 '说真的！在我们这！我早就遇见会有这事发生！'
 '看起来，这位行家知道内情。'
 '施工方赶紧申请破产吧'
 '一定要严肃处理责任人，看最后谁来背这个锅'
 '不一定。我们是一个能创造奇迹的社会'
 '尼玛  没审批他们敢动土？'
 '先看完文章再来喷好吗，弱智'
 '很难说'
'我们没有免职这一说法，升级调走就是对他惩罚啦，'
 '要升职了'
 '据说工人被抓了，后面的不知道抓不抓，真是厉害了'
 '和工人没有关系，和谁给他定位打桩坐标的有关系'
 '不破厂算我输'
 '了解施工队，全是外行指挥农民工，野蛮施工，不做地质周围管线调查，老板只想着挣钱，完全不把农民工的生命安全当回事，民工也缺乏安全施工和自我保护意识，一次去工地，一个民工小头目居然教我怎么挖1万伏的高压电缆，说实话不出事大家都好，万一漏点儿电，瞬间几个人就交代了，到时候你就知道钱没命重要了
 '机场线'
 '都说了无证施工，还审批啥？'
 '朝鲜是准备打仗的'
 '看山还是山'
 '又要有人上路了
 '真jiba乱来这些没文化的货'
 '你没看是因为施工单位未申报吗？'
'还真不是第一个'
 '你也不看看深圳地铁老大是谁'
 '今年头，南京地铁四号线不是一位司机驾车撞隧道墙壁了嘛，最后消防把司机救出来的。'
 '上海大厦失火找电焊工背锅，这次打桩工人跑不了'
 '轨道驾证考试没那么难，，，'
 '难道还有人刚得过铁路局？'
 '厉害了'
 '这锅AMD来背了'
 '几个亿赔偿'
 '哎无语
 '匪夷所思'
 '没事，不死人就罚款'
'一楼高级黑  你没看懂'
 '完了，开桩机的农民工小命难保'
 '不知谁傻？地铁司机属于舍己救人英雄！这你都看不出来那就太傻了！'
 '奉命行事的都是顶最大的责任，你不知道？不信就看'
 '临时工该出场了'
 '因为蚂蚁多呀，'
 '哈哈哈哈哈哈哈哈哈哈哈哈'
 '估计你是中国第一个地铁撞车的司机[大笑]'
'怎么会…南京的法官已经登机了。明天报道'
 '没死人，不算重大事故'
 '你不看看我们深铁是谁的！惹得起吗！'
 '公司散了吧'
 '不难。。但是能不能开到车，就是另一回事了。。。。没关系就只有当站台人员。。去年轨道公司也来我们公交招人，司机20人。。站务人员40人。调度也有。。算了。。一共才百多个。。我连报名都没去，分公司有几个去了，结果在那当安全员。拿个小喇叭安检。。😂。。不过挺好耍的，上半天班。。工资扣完五险一金3000不到。。。'
 '现在貌似还没修好'
 '太岁头上动土还指望奇迹？'
 '打桩都能打穿地铁，这得多大的失误啊！！'
 '如果先有了柱子，然后挖地铁的时候把柱子挖断了，导致攀岩墙倒塌造成事故，谁负责'
 '给领导送几个亿保证没事。'
 '根本没审批。。。'
 '已经刑拘了，这工人真是倒大楣了
 '这次惹的对象不一样。'
 '没审批谁还敢动土'
 '谁抖得起啊，
 '可以吹辈子了'
 '深圳地铁这家单位是正宗的皇亲国戚，这个草包公司完了。'
 '无良奸商联想电脑用返修的零配件给保修的电脑进行更换'
 '工人不可能自作主张随意打桩的'
 '嗯嗯，是我打的，都是我自己一个人硬要打桩，老板和工头都是不同意的，都是我的错。'
 '即将有'
 '国内打桩的都是黑社会控制的，干施工的谁不知道这个😏'
 '能不能少一点这样的英雄事迹'
 '谁让你插那么深！'
 '吊销执照，法办违法人员！'
 '心真大，这也敢打。
 '所以嘉奖庆功会一定要开得有气势！
 '还是农民工干的事，没证件乱施工
'业主 ，施工方一定要负全责。难道没有地质勘查报告吗……有时在地面上都能感觉到下面地铁路过的震动的[惊讶][惊讶] 野蛮施工'
 '知道谁还往下打桩'
 '领导为人民服务这么辛苦，就不处理了。'
 '看来二楼不清楚深铁呀'
'哎[羞羞][羞羞][羞羞]'
 '司机自己开车不看限高的吗？'
 '哈哈 地铁司机几千年能赶上'
 '用高德地图看一下都知道地下是地铁，这帮无脑的人！'
 '随便一个地区流氓出来顶一下关几个天就好了，你以为他还跟你讲法制？'
 '长螺旋还是柴油锤?'
 '媒体挖新闻，挖视角，挖的分不清主次，终将走向无底线的挖掘'
 '知道安全生产责任制吗？上面肯定有人被撸，你放心'
 '不是，上海十号线已经有过追尾了'
 '昨天新闻不是没伤人吗？呵呵'
 '打桩公司老板赶快跑路吧  估计要赔破产然后蹲几年呀'
 '以后不坐地铁了，[狗][狗]'
 '太监锅的事故经常能粉饰成感人故事，就像那个挖掘机吊起的列车里掉出来的婴儿，竟然没死。好感人的奇迹啊。哈哈'
 '跟工人关系不大'
 '然而并没有报批'
 '近几年的地铁事故，上海地铁追尾过，一死数十伤，昆明地铁试运行时候，撞上异物，一死一伤。'
'不看新闻的吗？业主擅自打桩，没有报备'
 '别扯🐔巴蛋了，什么情况下会追究工人的责任？最多查到分配任务的工头。'
 '上海火车站站几年前就有了…'
 '在深圳动地铁还有触犯了深圳地产法律    你叫谁都保不了你    罚钱还要坐牢'
 '未经申报你没看到？？？'
 '这样的标题，写的好像桩机直接钻到他的人一样，把人之常情写的像菩萨，不敢挖掘事故本质，乱打替罪羊'
 '在中国有什么不敢的，不就是一道手续嘛，走过场的，幸好是未申报的，要是申报了，官员没发现，又要下去一批了'
 '顶格处罚，这个不过分'
 '总要抓些倒霉羊吧
 '前天不是说没人受伤吗？'
 '老板这一挖破产'
 '这是犯罪，危害公共安全罪！'
 '24岁考到的驾驶证，我也想去考一个，求网易大神指路！'
 '呵呵，这个国家安民告示越发嘲讽民智。'
 '就没审批'
 '可能已经批过了，某部门甩锅，这也是惯性'
 '那司机受伤部位感觉有点假啊！可能又是一个靠绷带绑住图个热点的人，都是为了造英雄'
'开门，查水表。'
 '二楼不懂一楼啊'
 '这锅是不是甩给工人👷'
 '根本就没审批，违规作业必须是工人的锅，其中道理你们懂的。'
 '之前南京地铁有个司机被自己开的列车撞成重伤，是不是更神奇'
 '好比欣欣，一点儿消息都没了'
 '傻逼了这回'
 '这么重大新闻居然8号才知道'
 '地铁司机：老子真是日了狗了。'
 '大水冲了龙王庙。复制打开支付宝dcsBp969II'
 '比如：工作人员私自更改打桩位置……'</comments><comments_num>7910</comments_num></doc>