<?xml version='1.0' encoding='utf-8'?>
<doc><source>NetEase</source><id>5966</id><url>http://news.163.com/17/1208/16/D556TADE0001875P.html</url><title>女子寄2万多元名牌包到了却变信封袋 快递:赔500元</title><datetime>2017-12-08 16:05</datetime><body>

                    （原标题：价值2万元包包变信封袋 快递公司：没保价，赔偿500元）
                
在海口经营洗衣店的马女士，通过百世汇通快递邮寄了2万多元的名牌包到辽宁沈阳。结果包裹是到了，可2万多元的名牌包变成了信封袋。由于马女士快递包裹时没有保价，快递公司只给其赔偿500元。



据马女士介绍，11月21日，她将客户的名牌手提包和钱包，通过百世快递寄给辽宁沈阳的许先生进行护理。其中手提包是普拉达的，价值大约在19000元，钱包价值大约在4000元左右。11月25日，许先生收到包裹后，发现包裹包装上有明显破损痕迹，就没敢打开，而是通知了快递业务员。当面验收包裹时，发现包裹里的两个名牌包变成了一个信封袋。海口百世汇通快递有限公司相关部门负责人张菊表示，如果调查确认是百世汇通快递公司员工有调包行为，公司将报警处理，并由员工个人承担赔偿。如果调查不出包裹内物品丢失的原因，只能按照相关规定进行赔偿。由于马女士邮寄物品时没有保价，一般获赔邮费的三到五倍，只能赔付500元钱。


 本文来源：海南在线  
责任编辑：赵亚萍_NN9005 
</body><comments> '快递行业没有良好的监督和条款能不出问题吗？类似的问题那么多年有断过？呵呵'
 '大概率是找不到谁做的，'
 '三百块钱以上的没买过[狗][狗][狗]'
 '假如就寄了个信封呢'
 '形成习惯了，不管多贵的东西都敢掉包了，反正就只要赔个几百块钱'
 '那些某通的普通快递一般只用于价值1000块以内的物品邮寄，超过千元的，还是用顺丰。😹🤒🤒'
 '百世汇通 路路不通'
 '百世汇通 百世才会通.'
 '此地快递万元包，  彼处收到信封袋。  郁闷不满求索赔，  他言给你五百块。'
 '多加两块加保，赔的多'
 '😏😏😃😃'
 '只要有人的地方这种事就少不了，毕竟快递员自己在外面跑，公司也看不到他干什么'
 '。。。不要脸，顺丰没保价，会赔钱？'
 '如果我是客户，我绝对选择用顺丰，不是说顺丰绝对不出事，但是，比其它家安全多了，另外，一定保值！两万多的货，你就差那几个钱？？'
 '保价也不赔的，别想多了'
 '我知道下面很多说会说寄顺丰，赶紧先把新闻贴出来，防你们被打脸。《保价20万燕窝寄碎顺丰只愿赔4万：天价快递损坏谁负责？》'
 '上次在顺丰寄了一箱野生菌，500元，结果被顺丰耽误了时间，五天才送到，结果菌全坏了，打了个顺丰售后电话，人二话没说，全额赔了。还有有一次，用申通寄一箱茅台(也是脑被门夹过)。打开以后酒都在，但是每瓶都被打开喝了几口，MD去找他们还让老子拿证据，老子差点没把那个JB快递点砸了！所以，永远切记，中国只有两家快递公司，顺丰快递和其它快递！'
 '厉害啊你，精品燕窝卖点就是完整度。按你的逻辑，是不是一个瓷器运输途中碎了你也可以不赔保价的钱了？反正虽然碎了但是每一块都还在这里。是这个意思不？'
 '保了20万，那你就把东西完完整整交还给客户，不然保什么价
 '第一放进去什么东西要视验，快递员知道里面是什么！'
 '没那么大利润啊。这玩意看运气吧，都是送快递那帮人自己干的，谁家的都一样
 '卧槽怪不得快递员都开小车😂😂😂😂😂😂'
 '果然是百世快递'
 '关键是顺丰不会给你搞丢的
 '我就好奇了，为什么丢的都是贵货？'
 '东西不丢，还用赔么'
 '哈哈，百世汇通！！贵重就顺丰保价，不敢说百分百！起码保障很多。'
 '保价20万，保价20万，保价20万。把新闻看清楚。投保20万，顺丰赔你四万，你还开心了。'
'快递员门槛太低，但是大多数快递员还是不错的！'
'百世汇通真是垃圾快递，前两天在网上买的东西也是给我寄丢了，后来答应陪三番两次的吹还是没给我陪，辣鸡快递'
 '因为便宜的丢了就不报道了，直接陪了，不赔记者也懒得写稿子。女子网购50元包包丢失，快递：只能陪20。你愿意看？'
 '辣鸡通'
 '用顺丰就不丢了是吧'
 '现在快递保险费大多千分之三到千分之五这样，保两万五块钱，保价费用也是一百多块钱而已。'
 '你是不是傻，保价多少肯定是物品值那么多'
 '毛线，一样赔125元！'
 '保价20万燕窝不肯赔，这么快就忘了？'
 '百世汇通，最不靠谱的东西，我也上过当'
 '顺丰出事的几率低很多吧'
 '至少有个新闻 保价时候按照宣称价值收费 东西掉了说人家东西不值那么多'
 '什么快递都一样，顺丰也一样不保价也是这样[微笑]'
 '没保价把，傻逼？'
 '百世汇通！别的地方不知道，在我这最差快递没有之一！一个快递一个多礼拜没派件，打百世汇通总机，就tmd广告，转不到人工！我想查快递点地址自己去取也查不到！'
 '我们这个小地方百世汇通都不干了，取个快递要跑老远了'
 '所以没必要吹顺丰，贵了保价一样不赔。'
'只要不是太过分，一般都赔的'
 '是吗？燕窝赔了吗？'
 '那燕窝真值20万？'
 '百世汇通 哈哈 坑死你们没商量 最垃圾 没有之一'
 '如果不保20万，那你顺丰收别人20万的保费干什么？收钱的时候按照20万收，赔钱的时候就说没有20万了？强盗吗？'
 '保价也不一定按保价赔，之前好像报道过'
 '快递公司真该好好收拾收拾了'
 '图便宜 不保价 吃一堑长一智'
 '在上海的打工狗卖多了？脑子都傻了'
 '顺丰不保价最高赔两千'
 '顺风一般不会有这种事发生'
 '这种，我宁愿当面自己带去，顺丰我都不放心。'
 '楼上傻逼，当年大屠杀咋没把你全家杀光啊，留你这只杂种'
 '贵重物品要保价'
 '快递业还处在各家竞争发展中，有些规定是不够做的完善，所以有过教训的人都不会把贵重物品给这些三流快递，'
 '赔4万还不够。其他快递最多1万。'
 '确实如此！
 '继续索赔'
 '你确实是白痴啊，保多少赔多少？？哪个保险公司这样的？？保的是上限，又不是一坏就赔。更何况那个新闻，燕窝确实没有丢失，只是破碎了，又不影响药用价值，能赔四万，真的算多的。就客户那种包法，换任何快递都会碎。'
 '顺丰要好很多，我邮寄手机，一个熟悉的*通快递员强烈建议我用顺丰'
 '第一，顺丰中间环节少，可以减少人为可能，第二，发过几次百世汇通，别人收到后反应不怎么样，第三，那么贵的东西为什么一定要快递而且不买保险'
 '心真宽'
 '傻逼，顺丰丢的东西还少了吗，'
 '不值20万你收20万价值的的保费干什么？收钱的时候说这东西值20万，赔钱的时候就说不值了？还能再无耻一点？'
 '用百世汇通上海同城8天没寄到，这种垃圾公司的客服估计是所有快递公司中最心累的。赶紧倒闭吧！'
 '错了，顺丰也一样，不会赔钱这么多的'
 '不保价，走哪家都一样，顺丰丢的还少吗'
'我看到了赚钱的机会'
 '顺丰燕窝赔了？收了那么高的保价费最后还耍赖'
'那么贵的包居然用百世汇通'
 '哥们顺丰才出的保价20万都不赔的事情，你还在给顺丰打广告？'
 '而且这个五百还是送货的快递员出！百世就特么是个大坑！！！'
 '那么贵不保价？？？保价才有多少钱啊，真是脑子进水了'
 '百世傻逼'
 '顺丰？那你来解释黄金丢失的事儿'
 '还有个天天快递，在我眼中这俩货是最垃圾的，'
 '主要是如何证明邮寄的是名牌包而不是普通包'
 '收你几块钱的快递费，系甘噶啦！！'
 '三百块钱以上我没用过'
 '顺丰？那你来解释下燕窝的事'
 '第一燕窝是拿来吃的，不完整只会造成品级下降贬值，而不是一文不值。第二他的几盒燕窝一共保价20万，碎的是其中一盒里的几片。第三人家顺丰赔了四万，不是你到处宣传的一分不赔'
 'aaa'
 '顺丰也不是万能的，没保价照样一样，去年我们就一单就是顺丰丢的，115箱月饼'
 '她说她发的是LV都行啦'
 '确实，优胜略汰。最好全部停业，只剩邮政和顺丰。'
 '这种东西通过重量可以查询。'
 '這麽貴重的物品一不保價、二不用信譽好的快遞公司？？？？？？啥意思？？？？？？'
 '一个包也拿来报道，显示聪明人会搞钱坑钱买奢侈品？显示聪明人会坑老实蠢人的血汗钱去住白天鹅宾馆，点最贵补品？聪明人在法律和政府面前，吃牢饭还要自己洗囚衣。'
'顺丰顶多也只赔1000块钱'
 '四楼的知识储备刷新我的人生观。'
 '好像他们的賠償也不是保多少赔多少'
 '保价就赔了？燕窝那个保费都好几千还不是没赔'
 '干物流的时候吃过坚果桂圆，然后再胶带一封，有故事的右上角。'
'用过的套套也会丢'
 '那些某通的普通快递一般只用于价值1000块以内的物品邮寄，超过千元的，还是用顺丰。😹🤒🤒
 '假不假？两个包多重一个信封袋多重？收到货的时候掂不出重量吗？还看包裹像拆过。。如果是真的被掉包了直接到手就知道好吗？'
 '顺丰一般不丢件'
 '保价了你有什么用？保价两万 保险定损1000  服不服 不服拿出物品价值证据 没有国税发票也不行 参考顺丰20万燕窝案例'
 '总比赔500好吧……'
 '你连保险是什么意思都不理解吗？车险你买50万，是不是你每次出车祸都要赔你50万？'
 '用顺丰就赔1万9了对吧！'
 '那么贵的包居然用百世汇通'</comments><comments_num>1477</comments_num></doc>