<?xml version='1.0' encoding='utf-8'?>
<doc><source>NetEase</source><id>3566</id><url>http://news.163.com/17/1208/17/D55C1PFM0001875P.html</url><title>17岁女生产下7斤男婴 产前还跑800米、做立定跳远</title><datetime>2017-12-08 17:35</datetime><body>

                    （原标题：17岁女生产下7斤男婴，此前无人发觉怀孕，前几天还跑了800米、跳了立定跳远…）
                
近日，沈阳某学校一名17岁女孩在校期间突发腰痛，被保洁员发现异常，紧急送往医院。……入院不久，女孩产下一名7斤多的男婴。记者从学校知情人处了解到，12月5日中午，17岁的在校女生洋洋（化名）觉得腰疼，学校的保洁阿姨发现了异样。洋洋随即被送往医院。当天下午，洋洋就生下一名体重7斤多的男婴。所幸，母子平安。这一突发事件惊呆了医院的护士和学校的老师。有知情人表示，洋洋身材较胖，平时总是穿着运动服款式的校服，肥肥大大的，所以没人看出她的怀孕迹象。事发后，洋洋对是否知道自己怀孕之事回答得也比较含糊。网图“她平时很好的，是那种老师眼里的好学生。”知情人表示。据透露，洋洋在校期间有段时间觉得恶心，便以胃疼就医。有医生察觉异样，询问其一些问题，洋洋回答说自己没有男友，月经正常。因此，医生便为洋洋开了些胃药。据了解，洋洋上学期间就住在学校宿舍，前几天学校有活动，她还跑了800米，做了立定跳远。网图知情人介绍，产子之后的洋洋目前与孩子住在医院。她也知道自己犯下错误，对于怀孕的原因，身边的人怕给她施加过多的压力，还没有刨根问底。医生提醒冒然产子风险之大无法估量医生介绍，17岁女孩的生殖系统并不特别完善，这个年龄怀孕生子，对母体来说身体负担和心理负担都很重。正常女性从怀孕到生产是要在严格检查下进行的。从孕妇身体角度说，孕期会发生很多并发症，例如胎盘早剥、前置胎盘等，如果有这些异常，冒然生产风险很大。而没有严格监护的生产过程中，如果发生羊水栓塞、子宫破裂等，后果相当严重。女人生孩子相当于一个生死关。就算严格进行了孕检，并在医生严密监护下生产，都不能保证绝对的安全。对于胎儿来说，如果孕期没有注意用药或者辐射等问题，就没办法了解胎儿会不会因外界因素引发畸形。如果生产过程中没有做好完全的准备，胎儿有可能出现宫内乏氧等造成大脑损伤。如果在院外生产，要及时为胎儿接种破伤风疫苗。反思校园产子事件频发 谁之错近年，未成年学生产子的新闻并不少见。这到底是学校的失职，是社会的失职，还是父母的失职？辽宁社会科学院研究院研究员张思宁表示，出现未成年女孩校园产子，是家庭、学校、社会多方面的失职。



父母应该成为孩子的朋友，就算没有时间陪伴，也应在孩子遇到困难时成为第一个求助或倾诉的对象。很多学校都不讲青春期课程。生命如何繁衍、如何避孕、男生女生如何保护自己等，这些都是必要的教育，很多学校却在回避。一味地回避不等于制止，也没有制止的能力，不如积极地去做教育和指导工作。我们应该顺应发展态势，重视青少年的成长，做好一系列相关应对保护措施。社会上有不少非政府性质的机构组织，但能为未成年人提供帮助的并不多，应该呼吁社会多些对未成年人的帮助，无论是身心哪方面，起到正确的引导作用。


 本文来源：半岛晨报  
责任编辑：赵亚萍_NN9005 
</body><comments> '后怀是不容易发现，也就是胎盘在后面，我怀孕九个多月穿着大衣，如果不是特意挺着肚子，根本看不出来我是孕妇……'
 '这尼玛同学老师能看不出来？搞笑的呢。医生检查也看不出来？乱发新闻要坐牢的！'
 '除了乱编乱配图，其他内容还是很写实的'
 '可怜的孩子，受了很多罪，家长老师太大意了
 '医生都没检查出来。'
 '现在的校园好乱'
 '年轻就是好啊，'
 '红白玫瑰'
'看看人家这体质
 '真是越年轻生孩子越容易，产房里疼的死去回来的，人家这跟拉屎一样'
 '你17岁时候生猴子也容易'
 '去检查的时候告诉医生月经正常，说明她自己很清楚自己怀孕的事情，只是一直在隐瞒，只能说还是太小了遇到事情不会处理，一味隐瞒不是办法，纸怎么包的住火呢'
'谁干的？老实交代！'
 '年轻就是好'
 '校长……'
 '人生赢家，抱着孩子领取大学录取通知书，领着孩子领取大学毕业证，孩子陪着面试工作，带着孙子跳槽！'
 '发假新闻要坐牢的小便！'
 '不知道以后的接盘侠会不会知道她以前生过小孩，所以说现在结婚前都要找熟人医生体检 不熟的医生不会告诉你真实情况。别哪天小孩找上门了才知道。'
 '呵呵'
 '朋友87的…30了…还没结婚…家里特着急…也不知道哪给介绍了一个23岁的姑娘…长得还萌萌的…朋友觉得占便宜了…最后那女的说离过婚…孩子3岁多…我们这帮30还没结婚的人…震…惊…了…'
 '能生孩子的就是正常的女人！别给我瞎扯淡！'
 '她妈瞎的吗？'
 'N年前，一兄弟帮一大饭店搞军训期间，一女服务员生了，生之前每天高强度训练啊，冬天，水房，孩子送人了。。。。'
 '年轻就是好，孩子这样都掉不了，还能长到七斤那么胖'
 '不知道哪个鬼提倡晚婚晚育，计划生育。看大龄产妇多难，看婴幼儿越来越弱，体质越来差。应该找出那个提出的人千刀万剐。'
 '小便你就编吧~！'
 '我们生得死去活来'
 '就他妈应该17岁结婚，傻逼专家硬是说晚婚晚育好，他娘的你媳妇儿被刨腹不疼啊'
 '中学生的校服太松垮了，容易掩盖女生的孕肚'
 '是啊，老师管的学生多也许没有很注意，这家长也是够了，怀胎十月发现不了？'
 '原来未成年人怀孕生子是不显怀的！'
 '故事会。'
'经手人是谁？'
 '家长会告学校吗？
 '现在还有喜当爹的机会~'
 '这事就不要刨根究底了，母子平安就已经幸运的了。'
 '17岁吗？'
 '故事会'
 '吃惊呀'
 '我忘了，太多了……'
 '后边排队去，我是小学搞长'
 '是不是，都讓你們食堂男生女生分開用餐了不聽'
 '牛逼呀！'
 '脚和孩子没关系啊'
 '牛逼'
 '楼下你出来解释'
 '7斤肚子应该很大了吧？除非都觉得她发福了'
 '每次看到这种新闻我都怀疑真实性，为什么医院里的都要打催产素，生好几天？一天能生下来都会觉得生的相当顺利了了。学生在学校偷偷生孩子就和拉屎一样轻松……只有去医院做产检，去医院生孩子的人才那么难生，细极思恐……'
 '[狗][狗][狗]孩子他爹是谁？'
 '就像老家的老母鸡一样    咯咯哒  就下个蛋   然后就离开鸡窝  到处晃悠去了
 '感觉还是年纪小比较容易生，身体好'
 '现在的学生超出了哥的想象'
 '34岁可以做奶奶'
 '年轻的身体真经得住啊！'
 '谁干的？老实交代！'
 '本来最佳生育年龄就是16-20岁'
 '有助顺产！'
 '游泳池“传染的”？'
 '校长'
 '今年儿子出生，半个月啊，整整半个月啊，每天晚上肚子痛到天亮，一直生不出来啊，最后漏羊水了，不开宫口啊，生不出来，只能剖腹产啊，那叫一个惨啊！你却一声不吭就生了，我简直……无语啊'
 '是谁的？但是我可以肯定的是：不是我的！当然我希望是我的。'
 '等以后27岁时 孩子已经10岁   我现在28 孩子才9个月。😂'
 '此情此景…那年我也17……看来17是个坎'
 '北方冷得发抖还超短裙？还是让你一个人穿吧[疑问]'
 '哈哈，，，，有些人买个菜，坐个车都能把孩子生下来，有些人痛个几天几夜都生不了，人比人气死人，没有可比性'
 '国外十六岁都可以结婚了，女人25岁生孩子真的是太晚了，从生理上说，'
 '生过孩子的是女人能看出来的，剖腹产有一道细疤，顺产的宫颈是扁的，没生过的女人宫颈口是圆型的，你要是有心的话，自己就能看出来'
 '这家长和老师都瞎了'
 '你不知道胖女人多胖！'
 '这个年龄生孩子确实强
 '校服的锅'
 '让那些怀孕的媳妇情何以堪，'
 '在宽松也掩盖不了啊，何况孩子7斤重，还挺大的，哈哈，这都是眼瞎吗'
 '喜当爹的机会'
 '居然没有掉下来！
 '肚子要有多大啊？'
 '我17岁的时候看到电视里有接吻镜头都会把目光移开…'
 '看来早婚早育好'
 '反正我同事那两三炮不是单位体检都不知道怀孕五个多月，两人还闹分手呢，有孩子了才结的婚'
 '生之前还八百米，身体素质真好'
'还有立定跳远………………………………'
 '住宿生也要回家的好吧，一周回一次'
'又一个'
 '😏😏😏😃😃'
 '我楼上邻居，挺胖的，有一段时间又胖了一大圈，也没看出什么异样来。后来有次在楼里碰到聊天，她问我：你看我最近是不是瘦了一大圈？我说：嗯！你减肥了？她说：我刚生完二丫头！我：……我们这楼里就没有人看出来她怀孕了，一直认为她就是更胖了。'
 '真敢编故事'
 '她平时很好的，是那种老师眼里的好学生。”知情人表示。'
 '不是校长老师就好...[挨揍][挨揍][挨揍]'
'你多大?'
'想生的怀不上，不想生的总是意外怀孕！TMD'
 '不显怀的人穿宽松衣服根本就看不出来，而且不是谁怀孕都看起来笨重的样子。不去检查医生能知道？？胃病得症状和怀孕症状很相似'
 '体质太好了……
 '生孩子要趁年轻，你看跑800米立定跳远都可以。
 '这种怀孕八九个月都发现不了的，我真是纳闷了，那么大肚子就没人注意？！家长呢，家长干啥吃的，孩子平时放假回家也不脱校服？那么大的肚子，愣是看不出来，是真瞎啊！再说这女生本人，都特么17岁了都不知道自己的症状是怀孕了？不想要不早点打掉，这种事以为能瞒得住么，太天真了好吧，简直不是17岁，跟7岁差不多的智商！'
 '体质真好，好品种'
 '年轻谁没有疯狂过，但是年轻不是你做些奇怪事情的借口啊……'
 '所以说年轻生孩子多轻松，你看一个个长大了，到生孩子好可怕云云
 '吃药了孩子不会有影响吗'
 '那是你别代表我们，更喜欢知书达礼二十多岁的女人，十几岁当女儿伺候受不起。'
 '装模作样就是你干的
'17岁产子，😭30多可以抱孙！我现在30多了，孩子才6岁[大哭]'
 '生孩子跟玩似得，'
 '设计这种校服是有他的原因的'
'需要重新设计校服'
 '那她同学呢？'
 '那么大遮的住？真的假的？'
 '对啊，中国古代几千年差不多都十七八就生娃了呢'
 '这件事告诉我们，人类的最适合生育的年龄就是25岁之前，，，为什么现在剖宫产多，晚育也是一个原因。'
 '我怀老二的时候跟她爸打架打的脚都崴了，孩子一点事没有，生下来后也是结实的不得了，哈哈～'
 '因为性欲强'
'住校怀孕?管理员呢？她父母就不觉得有异样?都是一头浆糊。'
 '事实证明中学生生孩子就是顺利！还没看见哪个偷禁果的还要上医院剖腹产去，都是自己上厕所就生了！'
 '这得有多肥才能让孩子怀到生都没人发现啊？'
'体质好'
 '身体素质杠杠的'
 '好吧……都是我的错'
 '提防身边的女胖子，她们很可能就是个孕妇，不管她多大年龄！'
 '我读中学时，学校里一个女生是运动生，跑200米突然晕倒，送到医院产下一个小孩，被偷偷抱走了。此女生和另外一个射标枪的运动男生苟合过！修养一个月后又生龙活虎的来上课了，据说男方出了一点营养费。'
 '年轻人身体就是好'
 '这就是中国式教育吗？'
 '大姨妈好几个月不来都不知道？
 '😁😁😁😁😁😁'
 '南方人生的多，越来越简单！'
 '为了彻底解决该问题，请将校服更换成紧身的'
 '应该改校服，改成修身的，都怪校服太宽大'
 '初中生喜欢穿宽松的校服，看不出很正常，如果一开始胃痛看校医，很多都是专科毕业混日子的，没做体格检查的话也是没法判断的，随便开了点胃药。。'
 '肥肥大大也有人上，握草，这个社会怎么了'
 '确实，要生孩子就早生，晚生各种问题'
 '我婆婆说她生孩子就像肚子着凉要拉肚子一样[窃笑]，我生孩子就像有人拿把锯子在锯我肚子一样，妈的！疼死了'
 '方便你偷拍'
 '这么简单？我情何以堪。。。。'
'17岁也不小了，难道还不知道为什么停经和怀孕吗，胎动那么多个月就不知道肚子里有个小生命？书都白读了'
 '这么丑的校服还没换呀～'
 '年轻人身体就是牛批'
 '这种事情已经发生好多起了，就是要告诉学校，校服改改版了！'
'老铁，没毛病。'
 '把最美好的时间拿来生孩子了，25岁左右的刚好有的钱，有时间去享受生活的美好，旅游美食等等，但是大部分人都只能待在家里一亩三分地管孩子'
 '我38，孩子还在老婆肚子里，预产期2月上旬。'
 '不可能一个冬天在怀孕吧'
 '所以说生孩子还是要趁年轻，生孩子没压力。'
 '大铁棒锤妇科医院 特色人流十二分钟速战速决下午即可上课上班小学生半价中学生八折特推出包年服务 一年收费599990元 不限次数的人流年卡欢迎广大男士的选择'
 '我读中学时也是一个运动生生了一个孩子，学校领导还去看望了母子二人！运动生怎么那么容易犯错误'
 '同样是女人，怎么她生个孩子这么容易呢[疑问]'
 '方便校长们出手'
 '就是，校服太难看了，就应该是修身的'
 '俺二个十四岁已经那个该不是我的吧？'
 '扩宫器啊，一般药店某宝应该都有'
 '年轻身体就是好，24岁孕妇路过'
 '书籍：肯定是嚣张'
 '年轻真好'
 '37岁时，儿子已经20岁了，66666'
 '沈阳'
 '应该给这些不到法定年龄产子的  增加人口负担应该罚款'
 '我笑了。中国人对性讳莫如深，结果中学生怀孕，堕胎，产子之事却频频发生。不得不说是莫大的讽刺。'
 '18岁成年20来结婚这个框架好像是拿破仑定的.'
 '真是块好地'
 '是时候换校服款式了'
 '平常在老师眼里很乖的都有问题'
 '提前祝大家🐶年快乐，身体健康，🐶年发大大大大财！'
 '估计是老师，或者校长，哈哈😄。。哥只是猜测。'
 '这个真的要双击关注666了'
 '住宿生'
 '回答一楼：我们领导开会去了，这两天都不在。'
 '7斤啊，不小了啊，周围的都瞎了啊'
 '我们需要超短裙校服，运动服的危害你们看到了'
 '身体真好，年龄大的怀孕这不敢那不敢的……'
 '那你运气好 不然这辈子就毁了'
 '恐怕只有计生委高兴了，学校、家长都懵圈了。这女孩错在自己还是学生，还没有结婚怎么能生小孩呢？就不知道现在还收社会抚养费吗？'
 '其实女人还是年轻生产好，怎么都容易生'
 '后边排队去，我是小学老师'
 '你是她爹'
 '二十多岁结婚生育哪里晚了，莫非你身体有问题？'
 '叫你们不重视性教育
 '还记得前几天的某母狗临产前喝大酒的东快视频吗？'
 '想想哥17岁那年，也有当爹的机会，没有珍惜[大哭]'
 '这孩子一辈子都毁了'
 '肯定是一楼的，不是一楼的，一楼为什么要问？！'
 '一样 最该珍惜的女人没有珍惜'
 '父母不管是孩子'
 '中学生的校服太松垮了，容易掩盖女生的孕肚
 '女学生怀个孕，生个娃，比上个大号还轻松。看来果然是越早生育，身体机能越好。'
 '我以前一个同学在学校怀孕，就有那种特征，都看不出以为她只是有点胖，然后有一天我们班一个男生就从后面喊，那谁你是不是怀孕了啊，发福屁股这么大'
 '[大笑]我怀孕从板凳上摔下来了，当时家里就我一个，拍拍屁股起来什么事情都没有，晚上我老公下班回来，我和他说了，他都吓着了[大笑][大笑][大笑]'
 '会不知道？'
 '为啥人家生孩子这么容易？'
 '医生就问症状
 '嘿嘿，又有一个买房客户了'
 '我怎么看到女朋友的宫颈？？有什么办法么'
 '改比基尼'
 '家长跟学生跟老师眼睛都是瞎了'</comments><comments_num>3276</comments_num></doc>