<?xml version='1.0' encoding='utf-8'?>
<doc><source>NetEase</source><id>35853</id><url>http://news.163.com/17/1208/00/D53G4M0C000187VG.html</url><title>矢野浩二被指辱华：为网友理性言论点赞</title><datetime>2017-12-08 00:03</datetime><body>

                    （原标题：矢野浩二被指辱华：为网友理性言论点赞）
                
近日，中国人熟悉的日本演员，湖南电视台的《天天向上》原主持人矢野浩二的一段关于两年前参加日本综艺节目时批评中国人养狗不注意环境卫生的言论被挖出，并且扣上了“辱华”的帽子，而12月4日，矢野浩二发微博致歉。（12月6日 人民网）这则新闻之所以能上热搜，引起大家的极大关注，一方面因为矢野浩二个人的极大人气，在媒体他一直是亲华的代表，曾经公开表达说自己喜欢中国，希望能永远留在中国，并且还娶了中国姑娘为妻，入了中国国籍。这些都让中国网友有了极大的好感。另一方面则是话题的敏感效应。长期以来，每次在国家尊严受到侵害，国家利益受到侵犯时，国人无论是在网上声援还是线下行动，从来都不退缩。这种民族情绪和爱国心是具有渊源的文化积淀和悠久的历史传统的，这则消息恰好引发了网友们的共同爱国情感，维护祖国的声誉，捍卫国家尊严是每个国人的责任和义务。但是，与以往愤怒和谩骂情绪满天飞的情况不同，在矢野浩二致歉后，其微博点赞转评接近40万。有很多网友纷纷留言说，不必致歉，因为说的是事实。还有的称虽然话说得欠妥，但是我们要接受批评，不要动不动的把外国人的批评当成“辱华”。这些网友不一样的评论无疑是一股清流，它表明了在如何爱国的这问题上，给出了正确的答案。爱国之心固然很美好，但是这种美好有时也会受到挑拨和利用，趋向极端。从打砸国内的日本货物商店，还是游行抵制日货，这些非理性的爱国行为并没有真正起到维护国家尊严的作用，反而伤害了国内同胞者的利益，扰乱了社会治安。事实表明，暴力和非理性的爱国行为最终会造成不可估量的负面影响。只有理性爱国，和平的表达情绪才是真正意义上的爱国之心。值得欣慰的是，今天这些网友的言论也恰恰表明了网民公众在网络空间表达观点和情感变得更加理性，这无疑是网络社会民主法治的一大进步。在虚拟的网络世界里，由于身份的隐匿性和观点表达的公开性，人人都可以发表自己的言论和表达自己的情绪，这些情绪有时会蔓延感染其他集体或社群群员，有些网友迫于压力或者寻求安全感与他人保持一致，失去了自我的自主性和独立性，这样的后果就造成了网络空间的暴戾情绪蔓延，脆弱玻璃心，从而进一步形成道德绑架、人身攻击等道德伦理问题。这种情绪化埋没了理性的声音，使得网络环境治理也更加困难。



因此在社会和互联网发展的今天，我们需要为这些发表理性言论的网友点赞，敢于从多方面思考，坚持理性，我们才不会变成网络洪流中没有自我的小船，社会也需要理性的回归，进一步引导舆论向更健康合理的方向发展。无论是作为大国的气度，以自信、包容的胸襟面对批评，还是作为公众的个人，勇敢地表达自己的声音，我们都需要为这些理性的声音点赞，为这些理性的网友点赞。公民扔掉玻璃心，平等、平和地理解争议，做出合理的判断也是和谐社会所必须要走的重要一步。


 本文来源：红网  作者：陈念念
责任编辑：何雨芳_NN5632 
</body><comments> '这一部分至少占养狗的人里99.99%'
 '养狗的大部分是傻逼装逼货。'
'道歉？需要道歉吗？！现在某些狗主人就是这种B样！！！'
 '喷子们哪里来的脑子，组织说什么就是什么。'
 '人家回日本被骂的跟狗似的，还娶了中国女人为妻'
 '现在理智的群众越来越多了，我很欣慰。不会新闻媒体带一带就跟着反这国抗议那国的'
 '某些人是指哪些人？莫非是我们的少年英雄小哪吒？'
 '听不得实话'
 '国之兴亡，改帜易号，肉食者谋之。天下兴亡 ，匹夫有责。'
 '看到他最后慌忙的一句话，我突然哭了（其实啊，你不必这样也可以……）'
'带有不纯目的失败的教育培养了一群亢奋狭隘的爱国狂热者，它们听不进一点点外国人的忠言，它们认为只要指出缺点就被划为辱华言论。全世界都是他们的敌人'
'1，唐僧取经回北京才下飞机，记者问：你对三陪小姐有何看法？唐僧很吃惊：北京也有三陪小姐？记者第二天登报《唐僧飞抵北京，开口便问有无三陪》2，记者问唐僧：你对三陪问题有何看法？唐僧：不感兴趣！记者第二天登报《唐僧夜间娱乐要求高，本地三陪小姐遭冷遇》3，记者问唐僧，你对三陪小姐有没有看法？唐僧很生气：什么三陪四陪五陪的？不知道！记者第二天登报《三陪已难满足唐僧，四陪五陪方能过瘾》4，记者后来再问唐僧，唐僧不发言。记者第二天登报《面对三陪问题，唐僧 无言 以对》5，唐僧大怒，对记者说，这么乱写，我去法院告你！记者第二天登报《唐僧一怒为三陪》6，唐僧气急之下，将记者告到法庭。媒体争相报道《法庭将审理唐僧三陪小姐案》，唐僧看后撞墙而死。'
 '实话实说而已'
 '上学时也觉以爱国为荣，也当过愤青，以集体荣誉感为首要。但是真正踏上社会以后才发现，什么是爱国？就好像班上成绩倒数的地痞流氓还成天担心别人对你的评价？不努力改变自身却威胁别人道歉？长大后才明白，当年鲁迅先生所抨击的社会万象，在这个年代越发的变本加厉了。'
 '自己没素质没道德别人说下实话而已'
 '那如果他不道歉是不是又要砸车了？'
 '美日韩台不论怎么说怎么做说什么做什么。反正都是黑都是针对中国都是不怀好意。中国不论如何都是赢
 '小便断章取义，无耻至极'
 '博人眼球的傻逼媒体'
 '大众的心被某些人利用了，人家只要指出你的缺点，就说人家“辱华”，这样极端的思想被某些人玩的出神入化'
 '滚，没有苍老师波多老师他们算个屁'
 '自己到底什么样，心里没有点逼数嘛'
 '骂狗患也是辱？那么遍地狗患猖獗又是什么？'
 '挺喜欢浩二的，中国女婿'
 '࿒࿐⋆ ˃̵͙˂̵͙⍣ᐖ你͙最͙時͙尚͙浩͙二͙ᐛ⍣˃̵͙˂̵͙ ⋆࿐࿒'
 '挺浩二，这次他没说错。国内有一部分养狗的还真不如狗。'
 '日本人在中国大众中最有好感的三个人，一，矢野浩二。二，南田课长。三，福原爱。'
 '归根结底就是中国人贱，走到哪都觉得辱华'
 '日你妈的华，辣鸡永远都是垃圾 还说不得碰不得 这些糟粕不给你挑开丢人都丢到银河系去了。
 '如果这样都叫辱华的话，那就让他尽情侮辱吧，反正是你们的国'
 '某些上层建筑年年煽动爱国狂热情绪'
 '说的算轻了，已经很给面子了'
 '这不是郝海东在昆明么？'
 '一批评就和谐'
 '人必自侮而后人侮之'
 '很多爱过狗无脑爱国了'
'这个日本人可是日本人中最亲华的了。最中国很有感情。脑残喷子民族主义傻子不要来乱搞'
 '辱华？请别代表我，我觉得他说的很对'
 '1，唐僧取经回北京才下飞机，记者问：你对三陪小姐有何看法？唐僧很吃惊：北京也有三陪小姐？记者第二天登报《唐僧飞抵北京，开口便问有无三陪》2，记者问唐僧：你对三陪问题有何看法？唐僧：不感兴趣！记者第二天登报《唐僧夜间娱乐要求高，本地三陪小姐遭冷遇》3，记者问唐僧，你对三陪小姐有没有看法？唐僧很生气：什么三陪四陪五陪的？不知道！记者第二天登报《三陪已难满足唐僧，四陪五陪方能过瘾》4，记者后来再问唐僧，唐僧不发言。记者第二天登报《面对三陪问题，唐僧 无言 以对》5，唐僧大怒，对记者说，这么乱写，我去法院告你！记者第二天登报《唐僧一怒为三陪》6，唐僧气急之下，将记者告到法庭。媒体争相报道《法庭将审理唐僧三陪小姐案》，唐僧看后撞墙而死。'
 '是有媒体故意引导舆论吧'
 '国内傻逼太多了，打砸抢烧就能看出来不在少数'
 '确实非常多，从生洗到死从小洗到大没有多少人能免毒'
 '我喜欢的日本人多了去了周杰伦老师，毕老师…'
 '媒体狗，他们不炒，他们吃啥？今天骂的跟狗一样。明天就跟狗一样跪舔。主要区别就是有没有续费！'
'࿒࿐⋆ ˃̵͙˂̵͙⍣ᐖ浩͙二͙浩͙二͙你͙最͙棒͙ᐛ⍣˃̵͙˂̵͙ ⋆࿐࿒'
 '全世界都在看矢野浩二是的那个部落， ，， ，，'
 '什么都辱华。批评你一句都不行？你就是神人不犯错？你就不能被批评？你一切都是完美的？？！中国人就是这种傻逼民族情绪才害了自己，让自己在全世界没有朋友！'
 '࿒࿐⋆ ˃̵͙˂̵͙⍣ᐖ真͙男͙人͙浩͙二͙ᐛ⍣˃̵͙˂̵͙ ⋆࿐࿒
 '真要有那自尊心，先把狗屎铲了不行吗？自己家门口脏成那样还不让人说？'
 '看到网友的评论我很欣慰！'
 '看蜡笔小新。小白在外面拉屎都是要带回家的。'
 '天朝子民怎么这么玻璃心 再说了人家只是说说实话而已
 '辱不辱华我不知道，也与我无关，我只知道这个人是两面派，在中国说中国话，在日本说日本话'
 '玻璃心啊'
 '这是有多自卑'
 '࿒࿐⋆ ˃̵͙˂̵͙⍣ᐖ浩͙二͙頂͙你͙ᐛ⍣˃̵͙˂̵͙ ⋆࿐࿒'
 '辱个狗屎啊？喷子们长点脑子行不行？
 '这些媒体人就不怕后代遭报应，哎！可悲的其实是这帮媒体人'
 '我最喜欢的日本人之一'
 '何止一部分，我们回迁小区，7个区，每个区13个楼，每个楼20层3个单元，每单元4户，算算多少户人家吧，从来没有见过捡狗屎的，'</comments><comments_num>1261</comments_num></doc>