<?xml version='1.0' encoding='utf-8'?>
<doc><source>NetEase</source><id>13525</id><url>http://news.163.com/17/1208/18/D55G37HL00018AOR.html</url><title>小情侣开微店做时装"代购" 所卖正品服装基本靠偷</title><datetime>2017-12-08 18:46</datetime><body>

                    （原标题：开微店做“代购”，所卖服装基本靠偷：杭州小情侣双双被刑拘）
                
一对23岁的小情侣“代购”快时尚品牌服装，和普通代购赚差价不同，他们的利润几乎是100%――绝大多数衣服不是通过正规渠道进货，而是靠偷。澎湃新闻12月8日从杭州滨江警方获悉，目前两人均已被刑事拘留，案件正在进一步侦办。11月18日，杭州市公安局滨江分局长河派出所接到一家服装店报案，称盘点库存时发现衣服少了。民警调看监控发现，一对来过店里的情侣很可疑：男的拖行李箱，进店时穿黑色羽绒衣，出店时换成白色羽绒衣，正是店里丢失的衣服之一；女的背双肩包，进店时包是瘪的，出门时鼓鼓囊囊。民警将监控截图发给辖区各商家，提醒如再看到这对男女，立即报警。第二天，这对男女又出现在那家报案的服装店，被民警逮了正着。经查，男子孔某是安徽人，女子赵某是河南人，都是23岁，在酒吧打工时相恋。去年初，两人先后辞职，在逛街时意外发现某品牌服装店的防盗扣很容易拆，可以徒手操作。



据交代，他们试着偷了几件衣服，都没被发现，干脆以“代购”为名开起微店，把偷来的衣服以吊牌价七八折销售。因为都是正品，价格又低，生意越来越好，甚至还发展了几个二级代理。“他们开始是到店里偷衣服，放在微店卖。后来单子多了，就带着行李箱、背包，根据客人要的款式到店里选货。”长河派出所戴警官告诉澎湃新闻，他们通常一次拿上十几件进入试衣间，拆掉防盗扣后塞进背包、行李箱，拆下的防盗扣裹在剩下的衣服里，扔在试衣间角落。他们的作案时间也有考量，选在周末傍晚，客人多，店员又正好要交接班，管理松懈。在两人的出租房内，警方发现2500多张快递底单和五本记账本，记着开微店一年多来卖出的衣服和价格，总计十余万元。据交代，这些卖出的衣服基本是偷来的。


 本文来源：澎湃新闻  
责任编辑：范姜国一_NN9138 
</body><comments> '恭喜方总！'
 '请大家注意细节男子是安徽人。女子是河南人。
 '哪里人都一个屌样！'
 '还有这操作的厉害👍，有这头脑干嘛不用正道啊，也会发财的'
 '良心卖家，还有没有这种卖家，请联系我'
 '就猜到评论里的地域狗又要高潮了[不屑][不屑]'
 '两个省两亿多人都靠你妈了'
 '正品！'
 '良心代购呀'
 '安徽河南强强联合，雌雄双盗牛逼。'
 '我就是安徽的有什么问题？'
 '食心卖家'
 '好！'
 '好商家 卖正品'
 '两个偷鸡摸狗大省的完美结合。。👏🏻👏🏻'
 '厉害，进货全靠偷'
'😄，厉害啊'
 '买正品就算良心！'
 '因为净利润太高短时间没发现、他们批发服装是按斤卖、几千的衣服进价也不会超过500'
 '安徽+河南[惊讶][惊讶][惊讶]
 '四川的女人在外面都不是吃素的'
 '店铺不对货么[疑问]'
 '人才'
 '好励志的故事！'
 '不可能吧，人家让你带行李箱进去？出来不检查的，我是不相信'
 '哈哈，结合的不错'
 '好励志'
 '你偷也别可着一家偷啊'
 '稳赚不赔，无需投资一分钱 很有商业头脑'
 '赔钱从轻判吧。。'
 '业界良心啊。。。安徽配河南，竟然能产生如此化学反应。。。'
 '真聪明'
 '沪豫一家亲'
 '真专柜进货'
'现在做微商这么拼的吗？想拿下宝马？'
 '良心微商！'
 '总在一只🐑上薅羊毛，能不被发现么'
 '买到的人赚大了，真的是正品……话说这家实体店管理也是高出境界？被偷一年多没发现？
 '这家店管理漏洞太大了'
 '上海果然文盲也不少'
 '这尼玛两个地方凑一块了
 '住嘴，你家井盖还要不要？你家除了井盖外的其他所有财产还要不要'
 '先给你来句良心微商，再来句你们真是神奇侠侣'
 '艹居然是正品'
 '安徽+河南，哈哈哈哈哈哈哈哈'
 '你妈加你爸也是绝配啊！'
 '肯定是迪卡侬'
 '一个安徽人，一个河南人'
 '出狱后记得结婚～
'地域何时了，往事知多少？'
 '这小偷不小'
 '佛山现在就靠无影脚了'
 '神偷侠侣'
 '生活所迫'
 '雌雄大盗强强联手，微商生意节节高升。'
 '卧槽，还有这种操作'
'正品！良心啊'
 '应该干点大的。如珠宝大盗、银行诈骗、色诱敲诈等等。偷衣服有点大才小用了。等出来后，好好计划计划。'
 'O2O模式，小偷与时俱进啊！'
 '靠双手赚钱'
 '正品'
 '致富经可真多
 '算求吧！一看你就是安徽的，自己做坏事别扯上别人'
 '提前祝大家🐶年快乐，身体健康，🐶年发大大大大财！'
 '说实话我对安徽印象很不错。
'光得着一家偷了十万，这家服装店心真大'
 '拿命在帮你代购'
 '安徽和荷兰，绝配呀，'
 '我擦，要是早点知道我一定买一件。'
 '楼上想说的是江苏没有犯罪活动'
 '良心，没给卖高仿的'
 '正品？？？良心小偷啊'
 '估计只有这家代购是正品'
 '河南安徽穷这是不假？黄河数次决堤导致中原人民流离失所甚至远走他乡乞讨，这是历史原因造成的！'
 '哎哟，这算不算良心卖家？哈哈哈哈'
 '安徽+河南[惊讶][惊讶][惊讶]'
 '胡说，小时候第一次看到荷兰和安徽的，都是乞丐。'
'作为代购绝对是良心了，作为被盗的店家，这心也太大了吧'
'==tou'
 '别怪别人黑河南，自己做出来的。'
 '真是有才 厉害了 人家整个仿的还得怕验货  还有成本 你这两样都不用担心了'
 '广东+蛮语？[窃笑]'
 '买到就是赚到[羞羞]'
 '简直了，直接偷'
 '二货，是徽豫。'
 '就是，都有这个胆了才干这么点芝麻绿豆大的事，干几十上百次总会有失手的时候！不如干几票大的，顶这几千上万次了！一辈子都够吃了！'
 '河南人在外普遍手不老实，是河南的带坏安徽的!'</comments><comments_num>3568</comments_num></doc>