<?xml version='1.0' encoding='utf-8'?>
<doc><source>NetEase</source><id>47951</id><url>http://news.163.com/17/1208/03/D53T3RQP0001899N.html</url><title>妈妈离家8岁女童辍学独自照顾病父 父亲:愧对女儿</title><datetime>2017-12-08 03:55</datetime><body>

                    （原标题：因父亲心脏病恶化第四次住院 八岁女孩托起家庭重担）
                
在医院不忘学习，月月渴望回到学校。8岁，本该是与同龄伙伴一起上学、做游戏的年龄，可在小女孩月月(化名)的生活里，这些都成了奢望。因为不久前，月月的父亲杨永顺因心脏病恶化第4次住进医院，母亲又离家出走数月至今未归。在这个特殊的时刻，月月选择了坚强。为了照顾重病父亲，她没有去上学，而是在医院陪伴父亲，用自己瘦弱的肩膀托起这个家的重担。懂事小女孩照顾重病父亲四年12月5日，记者在青海省心脑血管病专科医院住院大楼见到月月时，她正在细心地照顾着父亲，稚嫩的脸上带着微笑。父亲杨永顺说，因为自己患有严重心脏病，长时间住院治疗。而妻子在半年前离家出走，至今没有与家人联系，所有重担就落在了月月一个人的肩上。月月辍学照顾重病父亲的行为不仅感动了病人、护士、医生，也感动了很多陌生人。每天清晨六点多，月月起床后给父亲洗脸梳头，再把父亲的便盆端到厕所倒掉，然后下楼买早饭，喂父亲吃饭，陪父亲做检查。晚上，她躺在病房的凳子上，父亲一有动静，月月就要爬起来照看。这就是月月一天的生活，而这样的日子已经四年了。“一个小孩子在照顾，她为什么没去读书呢？”邻床王阿姨留意到月月，觉得这孩子细心、懂事。平时，端尿盆、洗袜子等事情，都是月月在做。有时有人进来了，她会细心地拉上布帘子。要是病房里大家说话大声了，她还会把手指放在嘴边一嘘，示意小点声。医院献爱心众人共捐款五千元今年47岁的杨永顺是青海海南藏族自治州贵德县河西镇红岩村村民，与病魔斗争了近四年，住院已花费20多万元。今年11月25日，杨永顺因突发心脏病，再次转入青海省心脑血管病专科医院接受治疗。医生都渝介绍，杨永顺被确诊为扩张性心肌病、二型糖尿病等多种并发症，同时引发肺部感染等，心脏日益衰竭，需要及时治疗。杨永顺的不幸遭遇引起了医院医护人员的同情。最近，医院微信群发起爱心募捐的倡议，一时间掀起了爱心募捐的热潮，50元、100元、200元……当医院将募捐的5000元爱心款送到杨永顺手中时，他流下泪水。由于杨永顺无法工作，家里已经没有了收入来源。他还向亲戚朋友借了10多万元。“月月每天都吃咸菜馒头，有时候孩子一天都吃不上饭。”医院护士长谈月琴看到小月月的情况后，不禁湿了眼眶。同病房的人也被深深感动，纷纷给孩子送去面包和饼干。我愧对女儿希望她早日回学校“开学了，我喊她回去上学，她就是不走。”杨永顺显得有些虚弱，用手擦拭红红的眼眶。“我走了，我去读书了，谁来照顾爸爸！”就这样，月月每天要给父亲洗脚、端茶倒水。看着父亲的病情稍微好一点，她就开心地笑；看着父亲痛苦，她就皱着眉头。累了，就挨着父亲在旁边空床上眯一会儿。同病室的李女士很是心疼月月：“我们都非常喜欢她，希望她能早日回到学校。”“我愧对女儿，不愿意她辍学，毕竟孩子的教育是大事。”杨永顺眼含泪水说。眼前的困境，让杨永顺非常焦躁和无奈。他每天住院花费上千元，家里已经没有了任何收入。他说：“现在唯一的希望就是自己能尽快好起来，只有我可以去工作，才能摆脱眼下的困境，希望好心人能够援手，帮帮我们这个不幸的家庭。”我想妈妈我要妈妈快回家



半年前，妻子说上街去买菜，不料一去就音讯全无。当时她什么也没带就走了，谁也不知道她去了哪里。妻子的出走，使本来就困难的家庭雪上加霜，每个月只能靠亲戚、朋友、爱心人士救济维持生活，而每个月所需要的基本药费则需要一万多元。“四年前，我已患上严重的心脏病，当时医院告知我需要做心脏移植手术，但我还有老母亲和两个孩子，这叫我怎么办！”一提起过去，杨永顺的眼中充满了悲伤。杨永顺说，妻子出走后，他找了所有可能知道她下落的人，还在报纸上登寻人启事，到派出所报案，都一无所获。杨永顺说，妻子出走，伤害最大的是孩子，女儿天天晚上哭着要妈妈，哭得很伤心。采访时，正好月月也来了。可一问起妈妈，孩子的眼圈就红了，她不断地说：“我想妈妈，我要妈妈快回家！”


 本文来源：北京晨报  
责任编辑：李杭_BJS4645 
</body><comments> '洪会是 人事吧干一点！.....'
 '讲真心话，病成这样了，家里都没钱了，还治什么啊！'
 '这新闻一看就是假的，很明显是美帝的阴谋，妄图扰乱社会安定团结的大好局面。现在国家繁荣富强，百姓安居乐业，绝对不可能有万恶旧社会才有的事情发生。这狗屁文章写的我连一个标点符号都不相信!'
'如果没有援助，估计这孩子的学业就这样荒废了！一个家就这样散了！父亲病重，母亲离家出走！算是抛家弃女吗？可怜了这个孩子'
 '要求那么高。。'
 '你可真能抬杠！你好好看看新闻，新闻里说她离家出走数月至今未归，如果真是被拐或是遇难，新闻不会这么写吧'
 '这种女人太不负责任，还不如一个小孩。不知道你这个女人看到这篇新闻后有何感想，晚上还能睡的着不。国家这时候躲到哪里了？难道还不如一个小孩子吗？'
 '好好好'
 '怎么回事！生了孩子的女人为什么都他妈的恶毒！'
 '有希望了
 '半年前妻子离家出走，孩子照顾父亲四年，不久前才住院？小编到底想怎么表达'
'华为定律了！你你理他作甚？'
 '这种新闻真是觉得有点假，才8岁的孩子，她的爸爸才多大，她的爸爸就没有兄弟姐妹？没有兄弟姐妹难道父母也没有？她母亲走了，她母亲没有兄弟姐妹？母亲没有兄弟姐妹难道没有父母？孩子难道爷爷奶奶姥姥姥爷一个也不在了？这些人可以不照顾孩子的爸爸，但对孩子应该照顾吧。如果不管不顾，那该是一群什么样的物种？'
 '人民有困难
 '美帝的阴谋'
 '大哥请仔细阅读，这个小女孩爸爸已经快五十岁了，小女孩的爷爷奶奶都多大了，在农村很多老人都活不到七十岁的，老一辈的人在农村的那个环境，基本上五六十岁以后身体都会垮的，至于说小女孩爸爸的兄弟姐妹，农村的兄弟姐妹最大的支持就是在经济上的支持，毕竟都有各自的家庭，四十岁的年纪在农村属于壮劳力，跟城市不一样的。'
 '说真的，如果是我遇到类似情况，我提前买好保险，走到马路上让车撞死，（不找个人小车，只找是为中巴，谁都不容易，不给平白无故的人们添堵）能赔偿点钱，这样至少这个家还能过下去，我不想因为自己的病把全家人都拖累了。无情未必真豪杰怜子如何不丈夫'
 '对啊，你带着定律看事，叫有限理性。'
'两年后是消灭穷人，你属于被消灭的范围。哈哈'
 '在课本上'
 '希望能有好心人或机构对这种真正困难的家庭予以资助，不要让慈善事业变成少数人敛财的工具。'
 '有个传说在甜美的梦乡…🤔'
 '多懂事的孩子！'
 '那是先富起来的小康，80%的还是温饱或者贫穷
 '民政局不见了'
 '废话'
 '社会的关爱呢？国家的关怀呢？'
 '多懂事的孩子啊！祝你平安'
'个人的悲，社会的哀！国家的衰'
 '那样贫困农村里47岁的男人，8岁的孩子，38岁结婚基本上都是买来的老婆，难道还会是爱情？？
 '我想起卖火柴的小女孩做的梦了'
 '挺住，我们的大国梦'
 '突然想起一个月赚几个亿的富人'
 '重症后的生活，通常游走在等死的日子，对于自己和家人都是痛苦而无望的煎熬'
 '穷人是富人的耻辱'
 '这才是真正的孝！！！流泪了😞😞😞
 '治不好的病还治，拖累整个家庭'
 '可怜的孩子'
 '按人均收入来说，这家马上小康了。按电视台采访，这家人应该很幸福。按各种红会彩票什么来说，钱都用来帮助需要的人了。所以得出总结，这家人富足、幸福。这推论没毛病吧？'
 '同意，大家都痛苦，中国应该推行临终关怀医院，让病人可以无痛苦的，有尊严的离开这个世界'
 '一个激励了一代人的故事'
 '穷人家的孩子只能这样生活，大家努力挣钱吧'
 '可怜的娃'
 '这位母亲我不知说什么，不做评价，相信她也不会好过到哪里，爱人不管，孩子也不管吗，良心何安呀！苦是肯定的，离开这个家就会幸福吗？生活总有许多无奈… …
 '有个笑话叫扶老，济困，救孤，助残！'
 '孩子可怜，希望一切都会好起来'
 '怎么一点常识都没有，这样的身体，保险公司不给投保的'
 '小女孩绝对是真金白银了，有什么办法可以帮到她？'
 '就算是真的恋爱结婚，你以为除了这事儿女的不会跑？笑死！该跑照样跑，不管买来的，还是所谓的“爱情”！'
 '不怕！种过梦里什么都有！'
党和政府来帮忙'
 '孩子，挺住，再熬两年就小康了'
 '来啦，来啦，亲爱的盼望已久的红色十字会随着媒体的曝光来到了，有钱，有钱看病了！'
 '这当妈的还不如一个孩子，在这时候走了，你的心是石头作的吗'
 '两个母亲都不管了'
'怎么知道孩子妈是出走而不是被拐或者杀了呢'
 '孩子，挺住，再熬八年就大康了'
 '红十字会 该你上了'
 '好女人不多了'
 '不是说让一部分人先富起来，然后……'
 '真是好孩子'
 '童年确实天津无邪。'
 '一声叹息！心酸故事的背后，是相关部门的冷漠和社会保障的缺失。。。'
 '真是好孩子。唉！'</comments><comments_num>851</comments_num></doc>