<?xml version='1.0' encoding='utf-8'?>
<doc><source>NetEase</source><id>40929</id><url>http://news.163.com/17/1208/10/D54JJ1BD000187VE.html</url><title>湖南93岁老人被关猪圈儿子在外打工 警方控制儿媳</title><datetime>2017-12-08 10:21</datetime><body>

                    （原标题：探访湖南被关猪圈老人：事发时小儿子在外打工，警方控制儿媳）
                
在湖南娄底双峰县沙塘乡民实村，乡村马路旁有一排排民居，其中三栋房靠近山边。后面两栋是看起来很新的楼房，前面则是一栋老旧的红砖房，里面有鸡舍、猪圈。在猪圈改成的杂物间里，住着一个93岁的老人，她的儿子儿媳，就住在后面的楼房中。“93岁老母住猪圈”的消息曝光后，当地相关部门将老人接了出来，送进了医院。“蓼蓼者莪，匪莪伊蒿；哀哀父母，生我劬劳。”父母养育子女受尽辛劳，当他们老了，绝不应该遭受如此对待。12月6日，有网友爆料称，在娄底双峰县沙塘乡民实村，一名93岁的老人被关在猪圈内，屋外还设有铁栏栅。当地居民将此事告知村支书肖望春，随后，老人被接了出来。7日，潇湘晨报记者来到这名老人居住的地方，了解到她已被送往双峰县人民医院检查治疗。老人名叫龚金秀，有三个儿子和一个女儿，事发时，她正住在小儿子家，由小儿媳王彩虹照顾。目前，警方已对老人的儿女进行了教育训诫，对王彩虹进行了控制。现场猪圈改成了老人的卧室从网友提供的视频，记者看到，龚金秀头戴毛线帽，穿着厚厚的棉衣，瘫坐在冰冷的水泥地上，附近有一张木板凳，靠里面的墙有一个简易的木板床，木板床上摆着垫被和棉被。铁栏栅门下有一个正方形的口子，通过这里投递食物。7日上午10时许，沙塘乡乡长朱金玲说，“12月6日才接到居民的反映，只是一个杂屋，我们采取了相关行动。这是家庭内部的问题，要派出所调查取证处理。”在当地居民指引下，记者找到了龚金秀居住的“杂屋”，这个老旧的“杂屋”有两层，旁边还有两栋看上去很新的楼房。“左侧是大儿子的房子，右侧是小儿子的房子。”双峰县沙塘乡民实村村支部书记肖望春说，龚金秀有3个儿子，分别是肖河湘、肖河春、肖河田，其中大儿子家和三儿子家紧挨在一起，二儿子家相距他们200多米。记者看到，“杂屋”所在的一楼有鸡舍、猪圈等，龚金秀就住在从左向右数的第三间，这间房前面的铁栏栅门已被取走，里面除了一个长方形的猪槽，已经空无一物。外面墙上有一个半月形的喂食槽，食物通过墙壁凿穿的小孔可以直通里面的猪槽。肖望春说，这间房原本是用来养猪的，龚金秀住进去的时候，打扫干净后变成了一间“杂屋”。“当时我看到的时候，差点哭出来。”肖望春说，12月6日中午，突然有村民告诉他，说旁边一名93岁的老人被家人关在猪圈。肖望春赶过去证实此事后，通知了派出所、乡政府。调查三个儿子按月轮流赡养记者了解到，龚金秀由三个儿子按月轮流赡养，近期轮到小儿子照顾，而小儿子的媳妇却将老人单独安置在自家杂屋内。事发时，龚金秀的大儿子、小儿子均不在家，记者找到了二儿子肖河春。他介绍，父亲56岁时就去世了，是母亲龚金秀将他们拉扯大的，老三在长沙，住在厂里宿舍，平时很少回家，基本都是弟媳王彩虹在家里。据了解，三兄弟平时不大来往，王彩虹将母亲安置在“猪圈”，肖河春夫妇并不知道。“关在猪圈，当然不好，每个人都要老的。”肖河春说。肖河春的妻子彭枚兰左腿有点残疾，她带记者来到龚金秀之前住的房子，布置得还不错。彭枚兰说，她家照顾龚金秀是阴历9月初二到阴历10月初二（11月19日），随后便移交给了三弟媳。没有人知道，龚金秀在“猪圈”待了多久。12月6日晚，龚金秀被沙塘乡相关负责人接出，送往双峰县人民医院住院检查。医院目前住在重症病房7日下午，记者来到双峰县人民医院住院部4楼神经内科，从护士长口中得知，龚金秀老人住在重症病房。据介绍，龚金秀耳背，腿脚不便，有时候神志不清。在医院里，当地居民朱宜圭告诉记者，龚金秀有老年痴呆症，前一段时间，摔了一下花了300多元医疗费。“王彩虹以前有精神疾病，曾去过医院，有时候发病了会满山跑。”朱宜圭说。王彩虹的母亲谢女士说，自己也有三个儿子和一个女儿，但子女很少过来看她，她眼睛看不清，平时都是自己生活。问起王彩虹的情况，谢女士表示不清楚。目前，龚金秀由大儿子、二儿媳陪护，情况暂时稳定。双峰县公安局沙塘派出所依法对老人的儿女进行了教育训诫。相关部门将监督子女赡养老人双峰县沙塘乡民实村联村工作组组长彭鹏展说，12月6日中午，村支书、派出所民警赶到现场后，通知了乡干部，然后快速将龚金秀接出来，临时安置在二儿子二儿媳那里。回来后，当即开会讨论如何妥善处置这一问题，当地卫生院介入后，考虑到老人的身体状况，送到了县医院，现在病情稳定。胡鹏展说，他们召开会议后，要求龚金秀在外地的儿子回来。老人的孙子、孙女也赶到了医院，对老人的治疗进行安排。12月7日上午，他们还召开了关于老人的专题会议，对龚金秀后期的生活做了妥善安排。另外，乡党委、乡政府、村委会会监督此事。



双峰县公安局政工室刘警官说，目前，警方已经将王彩虹暂时控制了，具体情况还在调查取证。虐待家庭成员可判7年湖南万和联合律师事务所李健律师表示，依据《刑法》规定，虐待家庭成员，情节恶劣的，处二年以下有期徒刑、拘役或者管制。犯前款罪，致使被害人重伤、死亡的，处二年以上七年以下有期徒刑。虐待行为可分为两类：一是肉体摧残，如殴打、冻饿、禁闭、捆绑、有病不给治疗、强迫过度劳动等；二是精神上折磨，如侮辱、咒骂、讽刺、凌辱人格、限制自由等。对亲人的伤害不只是家事和道德问题，还会因此触犯法律。


 本文来源：潇湘晨报  
责任编辑：张海桐_NN9053 
</body><comments> '又是湖南，上个月，湖南接连的出新闻，让人吃惊。爷爷打孙女，保姆打老人，学生杀老师……真无语'
 '不用控制，应该把他们也关猪圈。'
 '畜生不如，应该把这两口关猪圈里，与猪同吃同住！'
 '有儿还不如无儿'
 '地方镇政府官员在干啥'
 '你才是，能不能别以偏概全，难道北方就没有人品差的人吗？'
 '这儿媳真不是人！也是我国老年生活真实写照，儿女不孝，就要遭殃，养老还得靠自己。'
 '你说对了'
 '怎么会这样？'
 '老年人有老年痴呆，儿媳妇有精神病。哎，不知道怎么说才好。都不容易。养老问题一直是儿子们及家庭的重要矛盾来源'
 '养老问题会越来越严重国家再不抓紧落实各种措施今后会发生更多这类事'
 '雷不劈你，警察还不管你吗？'
 '挨着这么近，家人都不知道'
 '有辱禽兽。'
 '所以说儿子多有什么用   义务责任一点不担当'
 '果真是中华好儿媳'
 '猪狗不如的畜牲，也不怕自己走到那一步？'
 '久病床前无孝子，古人诚不欺我'
 '劳资就不懂了这些儿媳也是为人子女，咋能干这种泯灭人性的事，还干的理直气壮'
 '湖南省领导看后还能当好父母管吗？
 '不应只按虐待判罚，应该加上故意伤害'
 '“XX来养老”的口号突然就不见了！  矛盾成功转移！ 夹头们一面倒的骂儿媳，60多年的夹头教育取得了“丰硕成果”！猿们看着激动的夹头们，默默的把夹头们的纳税金和养老金分了！'
 '老人心想，日本人占领时期都没这样对我，如今尧天舜日却.....'
 '檐前水，点点滴；不奉养父母会有报应的。
 '把老母亲当猪养，人肯定干不出这事，禽兽不如。'
 '这新闻劳资去年还是前面就看过了'
 '虐待家庭成员致人死亡最高量刑7年？'
 '养儿真能防老吗……'
 '你们这些天打雷劈，不得好死的缺德玩意！！老天爷会报应你们三个杂碎的！出门就死你们！！'
 '有才'
农村中的老人就没这么苦了!'
 '没有不孝顺的儿媳，只有没用的儿。'
 '傻逼。老人93岁，她儿媳应该六十岁左右了。还有过精神病'
 '这该抓啊'
 '畜生啊'
 '还不是社会逼的'
 '不知的叼妇未来有无资格当婆婆!'
 '真的是畜生'
 '是非报应，因果循环'
 '如果不是被曝光呢？'
 '丧尽天良，如果自己老了，自己的后人对她？她做何感想'
 '生男孩当初高兴得跟啥似的？舍不得吃，舍不得穿，辛苦一生养活一群儿女，一群儿女却养活不了一个老人！要孩子干啥？'
 '看了整扁文章才知到儿媳是个孝顺的好儿媳，为了给儿子治病才没有让老人知到实情。一切自己扛着，老人知道后又出去帮儿媳挣钱，给儿。为这一对婆媳点赞'
 '畜生不如
 '农村这种事不少，只能说教育是失败的'
 '这种行为背离了作为人这一称呼！但本质是农村老人老无所养，无经济来源才是主要原因！如果按城市60岁正常退休，都33年了，至少也能拿退休工资4000-5000，甚至上万，子女都抢着赡养。'
 '最好的方法把这畜牲也关到猪圈养着'
 '有报应吗'
 '太可恨这个儿息妇，她不是人……
 '天道有轮回
 '虽然我也觉得这样不对。但是有一点，养儿女含辛茹苦不能作为养老人的理由。这么说吧，生孩子是父母决定的没有人强迫，而孩子呢是充满希望的，未来光明有前景且越长大相对越独立，而老人则完全不同赡养老人是社会舆论和自小教育造就的一旦不赡养要被千夫所指，这就有几分强迫的意思了，且老人越老生病越多越重搞不好一场大病就要几十万甚至上百万到末期什么大小便失禁也不新鲜基本是越来越走下坡路越来越让人看不到希望的一条路。这样对比生孩子和养老人带给人的心理精神状态完全不可同日而语的。所以请别再拿父母带大孩子去要求儿女赡养老人对比。当然孝敬是最好的也是符合社会实情的。'
 '人怕老'
 '这个婊子是人养的吗？她有没父母？'
 '谁说养儿能养老，笑话。'
 '这儿媳放古代得大辟吧。。'
 '修改法律'
'同样想起我93岁的外婆，居住的条件也不好，两个舅舅轮流照顾老人家，保佑外婆健康长寿'
 '让苍天铲除毒瘤做梦吧'
'让个精神病照顾老人也不靠谱'
 '什么样的社会造就了如今的时代'
 '我爷偏心，但是他偏瘫的时候，我爸一把屎一把尿的给他换衣服，被褥！别扯那么多，还是不知道感恩，老人不欠你，抚养成人已经不错了！'
 '所以什么亲情都在生活压力下变得苍白。养老靠自己，别指望小孩。'
'老人要是有钱都挣着赡养而不是轮着养'
 '穷生恶'
 '报应迟早会来'
 '指望天就算了吧。'
 '什么都靠老天来收，，老天也忙不过来啊！'
 '百善孝为先。孝顺的人不一定都是好人。但是不孝的人肯定不是好人'
 '别自我安慰了，那帮人90多岁好好的
 '不不不，这个确实是湖南双峰的新闻
 '是人干的事情吗？这种媳妇还能要吗？'
 '好听点上辈子欠的，难听的楼上说了'
 '现在很多女人还没有结婚就知道不喝老人过。还有很多家长也赞成这样不知道如何想的。'
'还是媒体好使'
 '二楼写一篇狗屁很通的出来呗！'
 '人不能太老，容易被子孙嫌弃。真希望我八十岁还能种地养活自己。'
 '每个人都要老的，为人做事还是要有点底线啊'
 '天地不容办了他们几个
 '王彩虹，等你老了，你的孩子继续让你住里面'
 '以后叫她儿子也把她关进猪圈里'
 '命是命，老天是无眼关注普通人的。'
 '您是明白人，说到点子上了，作为纳税人，每个月还交着社保，但是我的父母和自己是一点保障没有的。我并不是说他做的就对，但是文中的贫困山区，儿子不远行怎么办？家中无人照顾老母亲这本身就是很矛盾的事情。'
 '这样的不肖媳妇，杀了都不冤'
 '坏媳妇明显比坏老婆婆多多了，但是网上到处都是媳妇说自家老婆婆这个不好，那个不好的[喷水]
 '以前报道过，看图片就是这个'
 '农村人最恶毒'
'天道好轮回，苍天饶过谁。'
 '久病床前无孝子'
 '难道不是犯罪吗？批评教育有个屁用'
 '畜生不配为人
 '她现在怎么对待婆婆
 '大家都监督起来，不要干等着老天睁眼就好，这次不就是被好心人举报的吗'
 '养儿防老'
 '人都有老的时候
'在万恶的封建社会如果不孝，不是让复杂的家庭问题，而是社会问题，而我们进入社会主义，不孝反而还需找证据吗？'
'这也不能怪子女，农村老人没有医保没有社保，所以出现这种不孝子是很正常的。我就想问一下，如果这个老人有社保医保又有退休金，会被关猪圈么？'
 '养儿子少了，在养几个就都抢着要了。'
 '如果老人有六千元的退休费就不是现在这样了'
 '心痛，我老的时候也会是这个下场吗'
 '我不想问老人的儿女是不是禽兽问题   我想说   93岁老人   孙子  孙女应该也长大成人了吧   他们那一代人忍得下这心？'
 '人在做天在看，你看老天饶过谁？真不怕报应吗，禽兽'
 '生不起，病不起，老不起，死不起'
 '应该判刑！以戒后人！
 '赶紧多生几个儿子，以后就能过上猪一样的生活了'
 '是的。'
 '抓去判刑，这畜生！'
 '狗杂种 养你白养了'
 '困住才好啊。哪天丢了都找不着  又不是虐待 老年痴呆啊  你们以为正常人？'
 '大致能理解这句话的意思，可是读不懂？谁给能翻译一下'
 '我们的法律是让你们无任发生什么，都不能反抗。'
 '我觉的这个儿媳的罪应该比山巅罪过大！'
 '越是坏人越活的久'
 '我认为：你怎么对待父母，子女就会怎么对待你！'
 '好怕！'
'畜牲！那你生你养你的人！'
 '但是不能这样对待老人，让下一代怎么看，下一代有样学样，社会还能发展还能进步吗'
 '人不是都会老的吗？这直接影响到几代人，有样学样无限循环'
'会遭报应的'
 '同意二楼说法，我老公家爷爷奶奶就是偏心，两个儿子，所有的田地、爷爷花钱建的房子，全部给叔叔，我老公的爸爸什么都没分到，起的楼房连一间房间都没给我们留，所以现在就算大年初二回去也都是当天往返。我老公兄妹两出生奶奶不来帮带，月子里来看空手来，鸡蛋都不带一个，当时我婆婆就发誓说以后老了不要来找我，有用吗？没用的，现在虽然是跟小儿子住，稍微有个头痛脑热都要来找大儿子，反正凡是要花钱的都来找大儿子，不舒服都给大儿媳打电话，你能怎样，还能真不管，每个月大儿子都回去看，买菜买肉给钱，所有衣服都是大儿媳买的。不要以为她老了样样找你要钱就会变善良，错了，嘴巴厉害得很，真是不懂拿她怎么办，不是不孝顺，有时候真的是好气人'
 '警察不懂法，赡养父母是儿女的责任，不是儿媳妇的责任！这媳妇真冤，多做多错'
 '如真有神经就有点不好照顾，毕竟农村日系不好过，还得天天守着她'
 '“XX来养老”的口号突然就不见了！ 矛盾成功转移！ 愚民们一面倒的骂儿媳，60多年的愚民教育取得了“丰硕成果”！ 愚民们根本就没有意识到自己劳动一生所创造的财富的70%进了谁的口袋！猿们看着激动的愚民们，默默的把愚民们的流转纳税金给分了！'
 '南方人都是畜生，我越来越坚信'
 '就是这种垃圾的制度祸害中华民族注定遗臭万年
 '这种媳妇不得好死。他儿子肯定也不是什么好鸟。。。不然不会这样做的'
 '只能说明：社会倒退了！！'
 '能不能多建些国家补贴的养老院？怕虐待老人就全部安装可随时远程监控的摄像头？现在幼儿园都按装了这样的设备了？家人可以晚上接走白天送去，老人能锻炼身体能受到照顾还能随时检查身体。但是能成吗？我老了也希望能有这样的养老院，孩子就一个可能随时随地照顾我吗？'
 '国人良心在频废祸害一辈又一辈两眼只盯孔方兄忠孝礼义全抛弃'
 '从自己做起'
 '这决不是什么“家庭问题”。这个乡长应该检查一下自己...不然，还会有更多的类似事件发生。'
 '教育下一代，明辨是非就好'
 '农村不管老人的很多'
 '畜生！看见这篇文章我就想起我外婆！还好我外婆有两个女儿死之前在照顾。我看我二舅妈以后怎么死的！以后看你怎么活！像这种虐待婆婆人应该死绝！'
 '也关进里面生活一个月，比什么狗屁劝诫教育要实在得多'
 '家家有本难念的经，清官难断家务事。儿子儿媳这样做是不对，但他们为什么会这样做？而且还做到这一步，就凭老人一面之词能说明什么？'
'这女的好毒'
 '孝道呢，'
 '子女不养老，猪圈求温饱，世风日益下，不做圣母婊，砸烂旧社会，孔孟一边靠，红期下的蛋，社义会主好。'
 '畜生，不孝子女'
 '畜牲，这就是现在的～～社会？'
 '自己改造的应该自己住'
 '你们怎么知道这个老太不是现世报呢？
 '做人而不是做畜生?'
 '我想问这个时候政府呢？'
 '国人现在没有信仰没有灵魂没有道德 难道有些人就不考虑一下中国的教育问题'
 '该看看新闻联播了。'
'你穿越好了'
 '养了三条白眼狼
 '这儿媳妇太可恨了，每个人都有老的时候，等你老了你的孩子也会把你关进猪圈里。'
 '该杀！'
 '你入赘吧，跟丈人丈母娘住一起，负责给丈人丈母娘养老'
 '老而不死，视为贼也，这是真的，除非我身体健康而不聋，眼不花，否则就应该早点死，不然很受罪的'
 '嗯 往往都是老人偏向谁谁不管  最后都是谁老实欺负谁！'
 '老天说：吗隔壁的你们做的恶事老子都不敢睁眼看了。。。。。。。。'
'畜牲，下地狱吧。'
 '出师表——十月寒风冷刺骨，八十老母猪圈裹。此情更比寒风刺，此景更胜针刺股。幼时尔等喝母乳，待母老时喂猪谷。待我为官手握权，必定杀光这些畜。'
 '是人吗'
 '厉害了，三个兄弟住那么近，都不太来往，这还是兄弟么？父母生那么多孩子不就是希望将来孩子有个伴儿，互相扶持么'
 '如果自己家里也有一个痴呆老人，还经常四处乱跑，需要你长期照顾奉养。。只有经历过的人说话才会比较理性'
 '人家有三个儿子可以轮流赡养，独生子女怎么办，养得下，顾不了上。'
 '照顾老人，轮流的，每轮流一次，不得少于一年，必须强制规定。凡轮流到期，原住方不得驱赶。轮流到来的当天上午，应该有接有送。如果轮到方有不便，应当与轮完方协商继续照顾并补助生活费用。老人的农村养老金，必须由老人自己领取或支配。老人领取困难的，可由老人授权给他人代领或有村代领后交给老人，代领必须建立档案。代领授权应当有视频可查。对于将老人轮流不足一年，几个月，一个月的，要给予罚款。'
 '有因有果 现世报多了去'
 '三个畜生！'
 '我们都会老去'
 '这尼玛心得多很？'
 '你养我小，我养你老，都有老的时候，怎能如此丧尽天良'
 '看完再说 儿媳自己有精神疾病的'
 '我想哭'
 '…“养儿防老”关猪圈里就是最好的防老…“孝顺”的儿女们一般都这么做…'
 '早知道把他们四个都流了，当血流了'
 '猪圈可不能住人，那里边细菌多，不卫生容易传染疾病！做人应该想想自己也有老的那一天，办的叫啥事！'
 '《西江月》又见儿媳虐老，此番非比寻常。农村猪舍巧支床，出口通通堵上。养育之恩忘掉，畜牲日益猖狂。无情冷酷胜豺狼，多少良知沦丧。'
 '儿子不养，政府不管的养老，让我们怎么办
 '家长早逝世的 大多数都不和睦
 '希望中国政府早日建立农村老人养老体系！'
 '“XX来养老”的口号突然就不见了！    矛盾成功转移！  愚民们一面倒的骂儿媳，60多年的愚民教育取得了“丰硕成果”！ 愚民们根本就没有意识到自己劳动一生所创造的财富的70%进了谁的口袋！猿们看着激动的愚民们，默默的把愚民们的流转纳税金给分了！
 '男女约会SOP1.  吃吃吃2.  买买买，3.  看电影，拉拉手4.  假装没有家可以回，打开美团订酒店5.  洗洗澡，各睡各互不碰先躺下6.  闲聊夸她头发好看，顺手摸摸发尾，在夸夸眼睛好看，鼻子也好看，顺手摸一摸鼻子7.  关电视关电灯进入暗黑模式8.  抱抱你，什么都不做9.  慢慢抚摸手臂腰部等周边部位10.  然后摸摸女生额头问“睡着了吗”11.  女生假装睡着不说话暗示你可以进一步12.  抚摸肩膀，两只手指试探性划过胸部鼓包，感受罩罩的质感，以及下面包裹的小白兔13.  3/4的罩杯内侧（乳沟部位）会有部分罩不到的地方，用手指隔着衣服按压，可以感觉到女性的柔软14.  抚摸脖子，慢慢把手伸到衣领里面，往15.  往肩膀处抚摸，找到肩带，慢慢往下摸，然后摸摸罩罩的形状，16.  一整只手掌伸到罩罩里面握住小白兔，轻轻的捏，用力的捏，轻轻重重交替17.  把脸贴到女生耳朵脖子的位置，闻着发香，尽量加重呼吸，唤醒女生的母性光辉18.  女生rt硬了，你就慢慢往下游走，慢慢抚摸翘臀和美腿，逐层渐进，摸到湿哒哒的地方19.  母性光辉泛滥，可以扒开上衣，用嘴巴亲脖子香肩了，然后吧刚刚手的路线用嘴巴走一遍20.  工头又骂我了，闪了'
 '老人的心有谁知道，看到都心酸'
'这种罪犯应该严惩。'
 '把老人关押在有铁栏、锁头锁住封闭的猪栏里，强行限制老人的人身自由！都还没有触犯我国“刑法”中的那条“非法拘禁罪”这条法律法规吗？'
 '你的意思是精神病媳妇去打工，正常的儿子回家照顾？那吃喝孩子上学费用去哪弄？这只能说是社会的错！
真正是世风日下
 '下一代的好榜样。'
 '家族中有这种人的传统的，每一代都会有！至于你信不信，反正我信了！'
 '现在的儿媳妇好多都不把男方父母当人看，而且还觉得男方父母亏待她了'
 '儿媳就不应该接收老人！赶紧把外地的儿子找回来照顾老人！这跟她的关系又有多大呢！各人管好各人的父母吧！别要求太高！'
 '前10的样子，我爷爷的侄子夫妻俩好几个儿女，老头60多了生病了就老太服侍儿子都不管，老头死了老太就上吊了，肯定对儿女绝望了。'
 '这就是中国！中国人！'
 '小儿媳王彩红有精神病史，发病时满山跑，那她精神不好怎么不将婆婆和自己的住处对换过来，让婆婆住楼，她位猪圈？'
 '然后罚款'
 '据了解，三兄弟平时不大来往，王彩虹将母亲安置在“猪圈”，肖河春夫妇并不知道。“关在猪圈，当然不好，每个人都要老的。”肖河春说。“王彩虹以前有精神疾病，曾去过医院，有时候发病了会满山跑。”朱宜圭说。指责一位有精神病史的人，能有鸟用？还是想想如何建立现今情况下养老体制吧。'
 '还真就饶过了很多人，比如冒态祖的几千万'
 '把这三媳妇猪圈里判刑一年。'
 '3个儿子一个女儿额，轮流照顾本身就应该的！不是说老人是累赘，儿女长大都有一家人了，让谁长期侍候都会闹矛盾的，最后就成家庭问题，反目成仇
 '陪葬吧'
 '畜牲不如'
 '你表哥表嫂这样对你姑妈还置身事外[鄙视]'
 '咋不替好人死了'
 '当一个国家的法律需要舆论去曝光与引导，这种国家还有什么未来可言？'
 '眼泪都出来了，不知道自己会不会也有这么一天。'
 '事实如此！'
 '你媳妇呢'
 '生儿枉养不如愿晚年生活甚凄凉圈内生存太荒唐夜夜圈中守牢房心凉，心凉晚间睡眠总不香'
 '对农村人来说，这不算什么稀奇事。有一年我到乡下亲戚家过年，一个快九十岁的老人坐自家大门口，见我们路过就跟我们说话，是那种憋了好久快憋疯了的感觉。她小声告诉我们，她一天就吃一顿饭。我们给了她些吃的。后来听亲戚说要是被老人的儿媳妇看到了会骂人的。老人的媳妇大冬天不让老人用碳烧炕取暖，还会打老人，凶的很！村支书也是亲戚，谁会撕破脸管这事呀，再说，也不是一家、二家这样！吓得我们后来都绕道走。'
 '被控制的意思，也是关猪圈么？
 '交社保算什么？每月交几百的个人所得税养一群猪，想想就不爽。'
 '畜生！赡养老人这是天经地义的事情，没有谁可以不尽孝道。'
 '诗作不错。👍'
 '“XX来养老”的口号突然就不见了！ 夹头们一面倒的骂儿媳，夹头教育成功了！'
 '这样的媳妇弄去印度去轮奸死'
 '天杀的 没有一点人性'
 '嗯 有道理'
 '我奶奶95岁了、生活不能自理、都是由我妈照顾、有9个子女（去世了三个）、都不愿意照顾照顾我奶奶嫌她脏、人生一世 草木一秋、有些事尽心尽力就好！'
 '不是曾有人说孝道是错的吗？是封建皇帝用于控制百姓的手段吗？从来没教过孩子孝道，拿什么孝敬老人'
 '养三儿还住猪圈挺好！'
 '唯物主义者，怕什么报应？'
 '放心吧，她的儿子以后也会效仿这样对她的！'
 '老太:下辈子养条狗好了'
 '畜生，气的不知道怎么表达此时此刻的心情，'
 '善有善报恶有恶报不是不报时候未到'
 '我建议把这个儿媳的父母也关在猪圈里。问问这个女儿是怎么教养的。'
 '一楼该骂
 '不上网了，政府也不会管。。'
 '应该是社会养老体制还不健全……'
 '所有的法律与道德不过是人的主观臆断而已，永远只有适者生存，就好像苍蝇蚊子蟑螂永远存在一样。当然你把社会所有的不好都归结到其他人身上，怪别人人渣，你自己必然也不是什么好东西。'
 '三个儿子啊，都是窝囊废？良心都让狗吃了？'
'你养儿的目的就是为了防老，这种目的越重，你越不能如愿以偿，因为你只想着，老了有儿子养，从没想过，你要把儿子培养成什么样的人，，，自食其果而已，'
 '楼上人才啊！👍🏻👍🏻👍🏻'
 '浸猪笼'
 '都已经90岁了'
 '人人都会老去，善待老人就是善待自己'
 '虐待老人，就应该下18层地狱'
 '这种儿媳剁了喂狗，狗都不吃'
'把这女人关进去，放公猪，支持的顶。'
 '想想妈妈怎么照顾你们的，畜生都是
'人在做天在看，别急，报应会来的'
 '湖南贵州那边的农村很辣鸡'
 '如果上写正府做法是真的
 '讲的好呀！'
 '客观的说！清官难断家务事，有些父母偏心的很，儿子能原谅父母，而媳妇却不一定能原谅！特别是分家产的时候，如果其他兄弟分的多而偏偏到我这没有，儿子可以忍，媳妇忍不了！这种事身边很多，特别是老家儿子特别多这种！'
'我爸家就是这样，大的啥都没，小的啥都有，我爸才读小学就哄弟弟上学，后来分家连被子都没有！只能怪我爸老实！'
 '畜生'
 '只想哭，将来我们老了怎么办呢！'
 '真不怕报应吗，禽兽'
但他说的也是中国特别是农村的实情
 '他们自己总也有老去的那一天，儿女都看在眼里'
'如果老天有眼，会有那么多的人渣？'
 '好诗[大笑]'
 '唉！养儿啥用！'
 '儿媳妇精神病？这一家子'
'把他也关个把星期，应该能体会什么才叫人'
 '麻个比，一听到”轮流照顾”基本上就没有什么好事，都把老人当累赘。'
 '这下丢人不光是十里八村了'
 '93岁老人摔一跤，去医院花300元，还住这么差条件的地方，这后面铁定要出事，老人经不起摔，经不起冻的。'
 '如果媳妇长得漂亮，指不定还帮着说话呢！'
 '我去你妈的，我奶奶92，11月27号7.45刚去世，我他妈在路上看见年纪大的人翻垃圾桶什么的我心里都难受。'
 '一楼放你娘的屁，自己哀其不幸，怒其不争，把希望寄托于老天？天大的笑话！'
 '人都会老，你现在让老人用的饭盆，有可能你老的时候也会用上。'
 '所以你认为儿媳没错，就该把她关在猪圈里！'
 '这种情况'
 '畜牲，你们连狗都不如，狗还懂得感恩，你们母亲守寡几十年，把你们养大，你们就这样对待老人，你们还是人吗？寒心啊！'
 '蓼蓼者莪，匪莪伊蒿；哀哀父母，生我劬劳。红粉不是说国家生养吗？'
 '人在做天在看，你看老天饶过谁？'
 '那个房子里什么都没有，这么冷的天咋过啊，太坏了。'
 '人性怎么可以丑陋成这样'
'要给儿媳判刑'
'南方很多这样虐待老人的'
 '对子女训诫，不是对老三的老婆，老三老婆被控制了'
 '实际情况可能没大家想的那么极端，这位老人有老年痴呆，这是很麻烦的事。记得我小时候，外公老年痴呆，一不注意走出家门就再也找不到路回来了，隔三差五就走丢，父母要上班也不能随时盯着。后来年纪更大痴呆更严重了，上厕所都不会了，跟他说话就像正常人一样，但其实他什么记忆都没有，常常拉在屋里，又不知道怎么办，就拿书拿纸到处抹，那场面你们想想。后来没法只有把他安顿在杂物房，随时锁着门。要说外公外婆都是高级知识分子，我看过外公小时候靠在他爸爸脚边的照片，他爸爸还是清朝的官员。所以文革外公和我唯一的舅舅被当地主打得半死，脑袋都出了问题，舅舅前几年也痴呆了。'
'93岁老人，儿子都在外面打工，儿子都多大年纪了啊，唉!'
 '社会抚养费？
 '不要问父母给你什么，关健是你给了父母什么，养育之恩天地难报
'媒体报导后，相关部门总是慢吞吞的到来。'
 '不知道说什么好，好好照顾好我自己的妈妈'
 '儿子有样学样，等她老了也照样做，因果循环'
 '善恶到头终有报，不信抬头望苍天！'
'穷生奸计'
 '哎最近让人生气的新闻太多了。我都有点烦躁了'
 '即然嫁他，就应该爱他，爱他就应该爱他的一切，否则就滚犊子'
 '这要在古代封建社会，知道什么后果吗？'
 '这女人就是一个畜牲，如此对待自己的妈妈就不怕出门……'
 '这样的兄弟也是没用的 居然不敢把弟媳绑了'
 '精神病人不负法律责任
 '心酸'
 '精神病儿媳夫怎么不去住猪圈呢？让婆婆住在房子里呢！都是些母狗～只能进不许出的白眼狼！'
 '93岁家人得福气竟然这么对待，什么样的心肠'
 '那个儿媳处理结果 希望跟进'
 '湖南双峰县，呵呵！电信诈骗'
 '当年一个去思旧，三番，五番，文哥，彻底毁了中国传统文化，礼乐崩坏，现在正在为当年所做的事买单而已～～明国乡绅文化没人敢这么干，哪怕你不在家，家族里还有其他长辈长老族长帮你打理家族事物
 '“XX来养老”的口号突然就不见了！ 矛盾成功转移！ 愚民们一面倒的骂儿媳，60多年的愚民教育取得了“丰硕成果”！ 愚民的脑袋里充满着“孝道”，却根本不知道“公民意识”！ 愚民们根本就没有意识到自己劳动一生所创造的财富的70%进了谁的口袋！猿们看着激动的愚民们，默默的把愚民们的流转纳税金给分了！'
 '挽尊'
 '文章说了，这媳妇是有精神病的，应该谴责的是老人的儿子，为什么让精神病人照顾来人。'
 '一出事就说神经病'
 '猪圈别拆，等你老了你也得住那里'
 '看个屁，法不执行，妖孽横行'
 '人老了真的可怜，有儿有女越多老人却住地下室'
 '过去的生产队里绝不会出此事，若待老人稍不好，谴责声不断。现在都各奔东西，对老人是好是歹邻里都难知晓，这虽不是根本原因，但有产生虐老的客观存在。'
 '这个是人干出来的事嘛，就算生头猪出来被杀都会叫嘛，是人吗？'
 '这样的儿媳妇就要关她几年，'
 '畜生做的事。'
 '8楼断子绝孙的畜生'
 '想想你小时候 ，想吃什么，想要什么，父母舍不得自己吃和用，却对你毫无保留的给你。你感冒的时候生病的时候，什么都顾不上，急急忙忙的抱着你去看病，你吃不下，父母也吃不下。你笑了，父母心也就安了。全世界都想害你你，只有父母不会想害你。而你却让这世界唯一希望你过得好的人，伤透了心。当你老了，你的孩子怎么看你，当你生病了，是否还会当你是个宝。我最看不起对父母不孝顺的人，你可以没钱，你可以没地位，你可以无情无义，但是面对父母的时候，想想你身体流通的血液，想想你的一切，善待父母，不是你的责任，而是你的义务。不要把老人当做是个包袱，人老了，变傻了，也孤独了，别在让老人心在流泪了。因为每个人都会变老，相信我们中国5000年的历史，5000年的道德，相信每个人对待父母，都是有血有肉的。我爱父母，虽然没对他们说过。不想在看到类似的新闻了。'
 '谴责'
 '中国人…'
 '杀儿媳前最应该杀的是三儿一女吧，亲生儿女都不孝，指望儿媳孝？老人是养了儿媳的小还是儿媳有继承权？儿媳在道德上做得确实不对，但冤有头债有主，必须找到债权人'
 '太可怜了.每个人都有老的一天啊'
 '没错，坏人迟早会遭殃 ！'
 '为何相关部门要去接？子女义务呢？'
 '太可恨了！
 '我杀了你这个白眼狼😠'
 '人渣严肃处理'
 '这不是人干的事'
 '你妈，你也有老的一天怎么不想想以后呢'
 '判了10年
 '对有些人渣 就得用83年严打广杀的好办法进行治理！'
 '太畜生了'
 '我看见五个比乒乓球大点的发光体发着月亮一样的冷光不刺眼，在我头顶上空时尔悬停不动，时尔以8字型相互绕来绕去，速度和你用手电筒的光绕8字型一样的，长达半个小时，最后相继向北方飞去，速度和手电筒的光划过整个天空是一样的，瞬间消失!阿门'
 '这猪圈留着给她小儿媳妇住。'
 '弱者的YY罢了，真有上天就没坏人了
 '为人越是冷漠刻薄，越是长年穷苦窘迫'
 '怎么说呢？难道不是儿子的责任？儿媳自己也是个有精神疾病的人也需要有人照顾'
 '暗组窥脑明布困无辜无怜无人问天下谁家不养儿日哺夜育香火尽.........我是：山东省德州市赵虎镇王道仁村96号吴连军，我怀疑我的身份证信息有人偷改过......'
 '子女多了未必是好事'
 '养老这事儿，老大应该把关！！都不愿意养活老人，老大义无旁贷。我是老大！'
 '指望别人家的女儿给自己养老吗？老人家'
 '人老了，就落后，落后就要挨打，先把杨振宁治死再说。'
 '在老都要养龟甲'
 '曹尼玛的'
 '所以生的多不一定有用 钱不钱都无所谓 没有教育能力千万别生 生出来也是还债的'
 '狗日的畜生'
 '不是不报，时候未到'
 '《侃况》人脑无辜遭窥探性情善良有才干丧失糊口脸水冷尽力生存防暗算我是：山东省德州市赵虎镇王道仁村96号吴连军，我怀疑我的身份证信息有人偷改过......'
 '[暴怒][暴怒]'
 '还有当地相关部门到底是什么部门？这么神秘'
 '这个儿媳妇简直禽兽不如啊'
 '丧尽天良
 '狗屁不通'
 '事实证明，生的再多反而容易踢皮球，被关猪圈。有良心，生一个就够了'
 '没有多少人和你一样，不要用你的小人之心去度他人善良之腹。赡养父母不应该是做子女的应尽义务吗？你当初出生时就自带干粮来到这个世界？你小时父母辛苦把你拉扯大时，你可也有5一6千元一个月给到你父母？你觉得自己尽孝的前提是要父母有钱，可很多人不是；你怎好意思去骂别人道德表？赶紧去面壁自省一下吧。'
 '天道好轮回，苍天饶过谁？'
 '说好的龟甲来养老呢？'
 '禽兽
 '小儿子媳妇得过精神病，她能怎么照顾老人？90岁以上农村老人每月的养老金也有三四百元，简单的日常生活完全够了。'
 '岁月催人老，岁月无情，人更无情'
 '这个猪圈千万不能拆了，留着给儿媳老的时候用'
 '畜生都做不出这样的事
 '判刑'
 '太可怜了'
 '可恶
 '昨天同事生了二胎，一子一女，心里非常的羡慕，很是遗憾没办法给儿子添个弟妹，有个陪伴，后来一想，又有什么呢，人生短短，在条件有限的情况下好好养好儿子，在能力范围之内给他最好的成长环境和教育环境，争取一个高的人生起点！其实我看身边很多兄弟姐妹来往有时候还没朋友密切，大多数都是要靠自己。独生子女孤单也不过是大人的一厢情愿而已。现在的父母也别能指望儿女来养老。就安安静静的尽好自己的义务，趁着还能感受美好的时候最大限度的最自己好点就行了'
 '这养的事情畜生也做不出来呀！这样的人，以后它的子孙后代也会这样对它的！'
 '你说了这么多，没感觉有多少对的！'
'绞杀不孝之人！'
将来他儿子怎么对待她..一饮一啄'
 '如果老天有眼，糊烂也不会出最大的恶魔👿'
 '一个老年痴呆 一个有精神病史 这么两个人在家 还要家务杂货 真不好说 锁是锁着 看老太太穿戴的也还周正
 '何况儿媳还有精神病、到他家的那月儿子就不能回去照顾吗？精神病自身还需要照顾呢！还能照顾到93岁老人？'
 '女德班还是办起来吧！'
 '老头有眼我们就不会还活在奴隶社会啦'
 '你们的心是黑的吗    雷劈死你们'
 '罪过呀！！！万善孝为先'
 '世界很美好，我舍不得自杀'
 '无奈之举
 '不干涉内政'
 '畜生！儿子儿媳没有一点人性！！可怜天下父母心！白养他们成人！！这种夫妻俩要在网上将他们俩的照片爆光！'
 '天地无情，视万物为刍狗！'
 '房地产把我们这一代人如此压迫，谈幸福就是扯蛋的事情。'
 '可怜。'
 '混蛋王八蛋！生养者是父母，他(她)们年龄大了不能劳作了就得靠儿女养活。他(她)养你小，你养他(她)老！传统美德就是养老敬老爱老！可她却把老人锁猪笼内！真是混帐到顶，该把她关进去让她偿偿滋味！'
 '如果她有退休金就好了。'
 '能判死刑吗？'
 '骂都不会骂，讲大道理，难不成关起来?那93岁的谁养?猴精着呢。'
 '当你举起屠刀的那一刻，你也必定要死于刀下...'
 '“天”？！是个什么鬼？你穿越来的吗？信这个！'
 '猪狗不如的畜生！
'年龄大了真可怜，没医保没社保，活到七八十岁死了还好。'
 '我操，这有人性吗？'
'穷人何苦为难穷人'
 '相信轮回只是无奈的自我安慰'
'只生一个好'
 '直接判刑'
 '儿媳做得确实不对，但主要还是儿子女儿不孝，儿女孝顺，儿媳也不会这样做
 '三个儿子一个女儿 控制儿媳？ 生的儿媳，养的儿媳？警察葫芦僧错判葫芦案'
 '快小糠了
 '一人一月太频了，改一人一年为好'
 '搴帷拜母河梁去，白发愁看泪眼枯。惨惨柴门风雪夜，此时有子不如无。'
 '“XX来养老”的口号突然就不见了！    矛盾成功转移！  愚民们一面倒的骂儿媳，60多年的愚民教育取得了“丰硕成果”！ 愚民的脑袋里充满着“孝道”，却根本不知道“公民意识”！ 愚民们根本就没有意识到自己劳动一生所创造的财富的70%进了谁的口袋！猿们看着激动的愚民们，默默的把愚民们的流转纳税金给分了！'
 '违法成本太低，法律有没有？有，在哪了？墙上挂着，书上写着，就是不拿出来用。'
 '这新闻外国人会不会很惊讶，哎！'
 '给讲真话吗？'
 '好一阙词'
 '唉😔！'
 '子欲养而亲不待
 '还真是，看看某些人…'
 '会有报应的！人在做，天在看'
 '国家在干吗，有钱给别的国家，没钱安排贫苦的老人'
 '养儿防老？？？'
 '从来就不存在因果报应，很多畜生都长命百岁，子孙满堂，丰衣足食，相反，看看最近被赶出去的。。。。。。就像破抹布，用过就扔。'
 '发表论文章
 '据我的观察，农村的都信奉多子多福，但子女越多的，晚年却越凄凉悲惨。
 '应该引进鞭刑'
 '慈禧，曹操。。'
 '大致相当于口头批评 懂吗
 '牲口'
 '——南乡子猪舍卧寒床，病体缺医苦断肠。肌瘦面黄眯饿眼，凄凉，屎漫周遭恶臭扬。子辈太无良，洗掠棺钱克口粮。苞育大恩抛脑后，豺狼，丧尽天伦弃老娘。'
'湖南 自古蛮荒之地 有缺教化'
 '一碗水端不平，带了孙子，还带重孙子，小儿子这边不管不问，明显偏心。儿媳妇也厉害，那么老了，你还能打她。'
 '儿媳会说，她沒给我看孩子沒伺候我坐月子！'
 '又生了一群禽兽！'
 '70后，见过80年代和90年代初以前农村老人的无奈，生病得不到积极的治疗，主要原因是家庭经济状况和子女的孝心。生病了首先是硬扛，扛不住了，百分之六十多的人是看天意和求菩萨、最多叫赤脚医生看下，百分之二十多的有到镇医院和县医院治疗，百分之几的可到地区医院或省城医院治疗。如果有儿或女是工作的，老人医疗或其他保障就不一样！当然这些在90年代未都有改善了。'
 '当我们老了的时候，会是什么样子？如果也患老年痴呆了，待遇如何？不得而知……'
 '老天哪有眼啊……'
 '别丢人了，写的狗屁不通'
'这还是人吗？'
 '我们老家也是这样。孩子好多都不孝顺爸爸妈妈。每一代都是这样。是不是以身作则的原因。'
 '从重从快判决！！！以谢民愤'
 '15楼，你公婆就是贱。'
 '都没看完吗？那个老三的媳妇有精神病，怎么照顾人?'
 '都有老的那一天，迟早遭报应'
 '有的人无情无义，可是他的财富甲天下，可能是老天爷瞎眼了'
 '三个儿子一个女儿的晚年，还没人家一个孩子的过得好，养老不是靠孩子生的多，而是靠质量
 '曝光了当地相关部门才去接，啧啧啧'
'你意思这老太是现世报吗？'
 '不知道该说些什么了。按说老人这几个孩子也都七老八十了'
 '没看正文吧，小儿子在外地，老人是小儿媳关猪圈的'
 '相信老天，本来就是种逃避现实和责任的想法
 '儿媳这样做就不对了，你可以一走了之'
 '。。。。。'
 '“XX来养老”的口号突然就不见了！  矛盾成功转移！ 愚民们一面倒的骂儿媳，60多年的愚民教育取得了“丰硕成果”！愚民的脑袋里充满着“孝道”，却根本不知道“公民意识”！猿们看着激动的愚民们，默默的把愚民们的流转纳税金给分了！'
 '老吾老，以及人之老，'
 '判死刑
 '“XX来养老”的口号突然就不见了！ 矛盾成功转移！夹头们一面倒的骂儿媳，60多年的夹头教育取得了“丰硕成果”！'
 '不爽也要交啊，哈哈'
 '还是人吗'
 '1楼说的就是个笑话，什么饶过谁？大把坏人风流快活的，呵呵'
 '说实话，家庭经济条件不太好的，家里老人有老年痴呆症确实很难。'
 '谁说儿媳没有义务，嫁鸡随鸡嫁狗随狗，嫁到他家就是他家的人，她也得喊妈，换句话说老人有大笔遗产，你看谁会这样。'
 '唉，世风日下'
 '我也三个儿子，会不会有那么一天，让人堪忧'
 '你养我一小，我养你一老。看来对于某人只是一句玩笑话。'
 '锅人良心在频废祸害一辈又一辈两眼只盯孔方兄忠孝礼义全抛弃'
 '中国的老天爷  瞎了'
'猪圈，羊圈你们也在住呀。'
 '把这个媳妇也关几个月到猪圈去再送司法机关刑事问罪。'
 '我奶奶也是老年痴呆，会乱跑乱吃东西肠胃不好。我妈每天上班就把家里大门锁上，中午回来给奶奶做饭，检查有没有拉屎在身上床上，然后再回去上班。偶尔回家，奶奶的屋子比我的还干净，只记得有一次我妈哭着给我打电话说她很苦大冬天给奶奶一天洗了两次全身衣服一次床褥，我只能安慰没办法为人子女只能受着，然后给家里订了一台容量大的洗衣机。奶奶最后走的很安详。'
 '农村这类恶待老人的为数不少啊，咋办? 对他（她）都那样了政府真要抓人了老人家又不舍得，唉!真是可怜天下父母心啊'
 '差点哭出来，好支书！'
 '清官难断家务事'
 '不是家务事，是虐待老人，是违法行为，只是可笑的法律没可操作性。'
 '一楼说的屁话'
 '这就是没钱的下场'
 '八千多万人渣'
 '怎么不去控制他们的儿子？'
 '猪狗不如的子女！！
 '又不是自己亲妈 年轻时还不知怎么作践媳妇呢 一报还一报罢了'
 '这难道就养儿防老的下场？真是伤天害理，这些不孝子女会遭天杀的！'
 '我表哥是教室，表嫂是护士，在城里买了房，老家盖了别墅。老妈孤身一人还住在别墅旁的土屋里。这个社会太多这种人了。'
 '哎……'
 '天朝的逆子连畜生都不如！畜生还晓得跪乳之思呢！'
 '无语'
人要懂得珍惜
 '他儿子都是煞笔嘛，让一个精神病人照顾自己九十几岁的老母，还平时都不去看看，事发才知道……
'多生几个，轮流养老'
 '留守儿童妇女老人'
 '猪圈关着老娘水泥地上冰凉手抓铁珊栏咋看形似牢房荒唐 荒唐唾骂国人无良-如梦令—'
 '人真的有时候连畜生都不如'
 '等她老了，她儿媳也把关猪圈里
 '那是给你生命的人，居然这样对待她，'
 '那句话就是痛快痛快嘴，像是人渣法律就不该保护，让老百姓揍他'
 '禽兽'
 '又是精神病🤒'
 '这种事在农村特别多。子女住好房子。老人住破房子'
老有所依
'太不像话了！'
 '法制不够完善，如果在欧美，应该会被起诉虐待。'
 '看完了，也不想说什么。我们村出过一个让他爹住牛栏的。'
 '论娶一个好女人的重要性：娶一个好女人家庭兴旺三代，俗话说姊妹不合家必败，老人教育是一方面，各自娶的老婆是另外一方面，老婆娶不好，一天斤斤计较，和家里的兄弟姐妹闹矛盾，大家可不是没法来往，姊妹关系不好，心不齐，都也过不好'
 '一家杂碎！'
'人和人真不一样!我妈要是这样被对待，我这当儿子的哪还有脸活着!'
直到10月12日我请来中大医院邱海波副院长会诊，他们才给我爸做了增强CT。我请邱海波來会诊的目的就是想是推动他们积极治疗。他问我请邱海波來解決什么问題，我说是救我爸命。增加CT，确诊病情，肝静脉血管破裂，血液冲入腹腔继发感染。如果立即做介入止血，我爸爸不会走的。'
 '畜生不如'
 '我们是法制国家'
 '这个媳妇这么对待自己的婆婆给孩子做榜样 看来她真的很喜欢睡猪圈'
 '所谓的天在看就是纯粹自我意淫的寻求公正的幻想
 '93的老人，唉'
 '大爷，你们幸福么？
 '中国试养老'
 '若不报道，还不敢相信！'
 'Fuck说'
 '你找错对象了，应该强力谴责老人儿女不孝，老人养了儿女，却没养儿媳，在道德上儿媳确实做得不对，但儿媳也没有养婆婆的义务，毕竟儿媳是她父母把她养大的，且儿媳并没有继承权。'
 '放屁，正义来自社会。还老天'
 '沙糖乡无糖，民实村不实。'
 '从来就不存在因果报应，庙堂之上那些害人无数的畜生很多都长命百岁，子孙满堂，丰衣足食，相反，流离失所的正是那些善良的人，看看最近被赶出去的。。。。。。就像破抹布，用过就扔。'
 '心寒啊！！！真的心寒！'
 '为人了服务都是说的'
 '我觉得可能事出有因，不是说老人有精神病么？或者是老年痴呆什么的，放任自由，可能出事呢！穷人家就那条件了，也没办法啊！我觉得媒体最好不要一面之词'
'要脸么，自家父母的赡养需要别人开会安排，还有村书记不错！'
 '我家邻居也是这样的，从小到现在50多岁了，一直拿父母的钱，连父母的土保也要的，姐妹地方借钱不还，现在父亲过了，知道没有钱从父母那里可以拿了，就是不理睬还活着的娘，真的连狗都不如！'
 '你知道忤逆在古代是什么罪吗……'
 '养儿不孝如养猪'
 '太过分了！自己没孩子吗？'
 '对我明白你说的，身有感受！'
 '丈夫早年病亡起早贪黑奔忙寒心抚四子如今儿孙满堂豺狼 豺狼猪圈支张木床-如梦令-'
 '盛世如你所愿'
 '上对下真心，下对上借心'
 '王彩虹的母亲谢女士说…这段话是不是写错了'
 '猪圈大小不同而已！'
 '你烧的香多了，老天都会睁一只眼，闭一只眼。'
 '如果钟锅不解决留守老人和儿童的问题，一切谈什么小糠都是胡扯'
 '草tmd这种畜牲就教育教育完事了吗，中国这煞笔的法律真是个笑话'
 '违背了人伦道理，老母亲56岁守寡养活姊妹四个，在哪个年代容易吗？你手摸着裤裆仔细想想！我的父母要能活到90岁，我是百依百顺，养老送终！父母寿命越长儿女福气越多！'
 '禽兽不如…………'
 '唉…生不如死'
 '中国的奇葩法律，家庭成员被虐待，一个家庭内部矛盾就定了调子。
 '不孝的子孙应按老年法严惩。
 '确实，现实也是这样'
 '老无所依。'
 '湖南人渣特别多'
 '年纪大了 老年痴呆了'
 '天道好轮回 苍天饶过谁
'《西江月》又见儿媳虐老，此番非比寻常。农村猪舍巧支床，出口通通堵上。养育之恩忘掉，畜牲日益猖狂。无情冷酷胜豺狼，多少良知沦丧。'
 '93岁人生的赢家'
 '这种媳妇娶来何用！'
 '想要儿女成什么样的人.....首先你就得是什么样的人........'
 '应该叫检察院公诉这个不要廉耻的妇女，让这个婊子也进去蹲两年铁笼子。人心都是肉长的，这狗日的婊子就不是人生养的。应该受到法律严惩，刑事诉讼。'
 '老新闻翻炒！小编的工资就这么好糊弄得吗！这个是广西凤山的新闻！'
 '一味的谴责儿媳没赡养好婆婆也不对，主要责任在于三儿一女，亲生儿女都靠不住，靠儿媳能靠得住？建议认真学习新婚姻法'
 '不怕被雷劈吗，人渣'
 '禽兽不如'
 '老天本来就不公'
 '不是说有精神疾病吗'
'放屁，意淫大国真不是白给的，妥妥的出了十几亿奴民，你们的爹们花天酒地，养尊处优，而你们在苟活。'
 '丧尽天良'
 '相关部门'
 '中国的孝道没有传承好，这种事就连最贪的非洲都没有。太丧尽天良啦。'
 '生那么多孩子有屁用，互相不来往，父母不孝顺'
 '当自已的父母有5一6千元退休工资的话，做儿女的谁会没良心？还巴不得120岁呢？不要在我前装道德表，对待父母谁都差不多。'
 '三个儿子没求一个是人，有一个管老人的就不会是这样，他们的妈妈往大养他们时是这样对待他们的吗？？？畜牲都不如！！！！！'
 '看到这个新闻，媳妇要气死，年轻不帮忙，老了还得我伺候！
'为什么村长书记不管！这么没人性的儿子儿媳直接尼玛乱棍打死！'
 '多子多福，呵呵！'
 '都是贫穷惹的祸'
 '不然呢？'
 '崽多不养爹，艺多不养家，咋这灵验呢'
 '儿孙满堂不如猪狗一群'
 '《西江月》又见儿媳虐老，此番非比寻常。农村猪舍巧支床，出口通通堵上。养育之恩忘掉，畜生日益猖狂。无情冷酷胜豺狼，多少良知沦丧。'
 '最恨这些女人了，心毒，小气不说还搬弄是非，对她自己的父母会怎样麽？'
 '一个村的，我不相信村支书以前不知道'
 '偏远农村好多这种情况，是教育出了问题吧…'
 '讨债也要找对债权人'
 '我婆婆是个很慈祥的老人，可惜走了快4年了。经常会想她。这么可以这样对老人呢。'
 '南无阿弥陀佛🙏🙏🙏'
 '就是，我才不信有苍天，即使真有也是王八蛋东西'
 '你可以认真学学现在的新婚姻法'
 '！地狱空！荡荡，魔鬼在中国'
 '心疼，唉！'
 '看清楚，修了新房子的。跟贫穷无关。'
 '非法拘禁'
 '儿女也七十上下了吧！别嗷嗷嗷叫！这个问题往深里想，如果这家人是体制内的会这样吗？'
 '湖南就没人喷了，要是东北、河南，又得被喷死'
 '我好像看见这个儿媳妇在舔我家旺财的碗！'
 '特色的低端人就这样害人'
 '居然这样对待一位老人，良心被狗吃了！'
 '儿媳不孝，儿子的责任。儿子你不能给上人洗洗？儿子你自己没本事治服老婆，你怎么吃下去？你不能把你自己的这份饭菜给老人？你老婆会怎么样呢？'
 '应该要控制的是村长和村党支书！！！！！！然后是乡长，镇长……。'
 '复杂的家庭就可以稍微看出当地的环境，二儿媳妇腿有残疾，三儿媳妇精神病。三儿子在工厂宿舍住。政府对弱势群体的保护和照顾到底在哪里?报警把她的儿子媳妇全抓起来就好了吗？'
 '那些王八蛋敗家娘們'
 '猪圈关她一年 让她长长记性'
 '可怜天下父母心'
 '鸟在飞，鱼在游，彩虹菇凉要出头！父母生，子女稠，老来养身鲜出头！伟人故乡显奇葩，全国为此骂不休！'
 '家里有这样长寿的老人还不好好赡养，我奶奶如果在世的话今年应该88岁了，去世时我还小，多么希望她活着能够看到我的成就，分享我的喜悦'
'家有一老就是一个宝啊！请孝顺老人！'
 '教育诫勉也不用，把他们关猪圈试试不就得了'
 '70我就自杀'
 '“93岁老母住猪圈”的消息曝光后，当地相关部门将老人接了出来，送进了医院。（媒体比相关部门管用多了）'
 '哎！'
 '农村老人养老金一个月多少钱 他们有福利吗'
 '上行下校，你们老了孩子就这样对待你们'
 '怕报应，社会会这样？呵呵'
 'bbb'
 '楼上的这群愚民还活在封建社会吗？满脑子的“孝道”，现在哪个民主国家的老百姓要子女来养老？老百姓纳的税喂狗了吗？'
 '网上好多女婿也抱怨丈母娘卖女儿的啊，彼此彼此吧，天下乌鸦一般黑'
 '正义从不会缺席 只会迟到'
不要失去才后悔不及.'
 '《侃况》人脑无辜遭窥探性情善良有才干丧失糊口脸水冷尽力生存防暗算......我是：山东省德州市赵虎镇王道仁村96号吴连军，我怀疑我的身份证信息有人偷改过......'
'一位老人养四个孩子，都是家养大的！四个孩子养一位老人，是在猪圈养的！'
 '你怎么对待老人，等你老了就有人怎么对待你'
 '哎。什么世道。'
 '哎，人都有老的一天。就不怕他的后代看到他这样子侍老人 ，他老了也是这样的待遇。'
 '睁一只眼闭一只眼
 '农村很多这样的有两个以上儿子的很多都是谁都不养，生一堆女儿的日子很好过
 '当我老了宁愿一个人死在心之所住，而不是儿女手里'
 '你boss[微笑]'
 '这种丧天良的儿媳，应该万人艹  ！哪位壮士  先上！我最后！我:太大，怕她伏不住！！'
 '三儿一女，这些人在当地还有脸吗？'
'生那么多仔有什么用'
 '训诫教育是个什么鬼？骂一顿吗？'
 '造孽！畜生啊……'
 '气急败坏。连评论她都不让，可见这儿媳妇意识有多強烈！'
 '应该判三个儿子儿媳轮流睡猪圈，老人轮流睡他们的卧室'
 '不要信天~得靠我们自己努力~'
 '真是畜生！'
 '怎么可能敢骂？警察不想混了？肯定是温和的批评几句。'
'等我老了也患有老年痴呆怎么办？孩子工作忙不能守着自己，自己又不明白事一天不注意就跑出去。对这个媳妇有什么更多的谴责呢？'
 '所以说，养儿防老有时候也是空谈。好好养育一个，也可能就够了。。。'
 '不是不报时间未到'
 '孩子也六七十岁了，关进去，也就老有所养了。'
 '畜牲不如！'
 '依依……'
 '罪过啊'
 '这样的不让它住牢房天理难容'
 '畜生儿媳妇！我们国家绝不应该允许这种道德沦丧！'
 '冤有头债有主，三个儿子一个女儿负责养老。'
 '不要侮辱畜生'
 '最毒不过妇人心呢？'
 '几年前在一个村里看到孤寡老人，心生怜悯，我回家拿了些吃的给他（她）们送去，他们邻居看到用复杂的眼神和言语跟她们另外邻居说我，当时我的心里真是好窘迫……'
'这是儿媳妇的作为吗？'
 '哈哈 大家就回她 她都老了你还计较什么，又是儿媳de错。儿媳说我造什么孽，年轻的时候不让我好过，老了还道德绑架！！'
 '这种女人，还有男人要？'
 '判决儿媳关猪圈，以牙还牙以眼还眼。'
 '怎能活九十三的？命真硬'
 '湖南不是媳妇怀孕了，婆家才肯办婚礼领证，怕媳妇不能生吗？媳妇儿地位这么低，也就不难理解了'
 '真想一屌捅死这个儿媳妇！😡😡😡'
 '最讨厌的就是遇到恶事这种阿Q精神，什么都要现报，这个社会才有正义。对这样虐待老人的，不用废话直接剁了。'
 '崽多饿死娘'
 '劳资无话可说。'
 '围坐猪圈里，辛酸老泪浇。当年儿育苦，难料有今朝。
'湘畜，丧尽天良'
 '都这么大岁数了，怎么忍心这样。又不是没有房子，现在又不是吃不起饭，你就是怕她有病，乱跑也不能弄猪圈里，老人连头猪都不如。现在这样社会，虐待老人真是……。饭吃的起，衣穿的起，房子住的起，剩下就是良心了。'
 '这个世界从来就不存在因果报应，庙堂之上那些害人无数的畜生很多都长命百岁，子孙满堂，丰衣足食，相反，流离失所的正是那些善良的人，看看最近被赶出去的。。。。。。就像破抹布，用过就扔。'
 '人才'
'那句养儿防老，这样的结果，更多的应该反思'
 '能说什么？
 '有因必有果。报应不一定是让人渣死去，可以是任何方式'
 '可悲的人，良心呢？'
 '他们应该是早就知道自己活不了多久。'
 '上次报道儿子怒喝父亲跪下的好像也是湖南吧?👎👎👎👎👎👎
 '贫下中农真是该接受改造'
 '都特么禽兽
 '浸猪笼的媳妇'
'还不如罚酒三杯呢！'
 '别自欺欺人了，这片上天基本是站他们那边的，你什么都改变不了，除非出国。'
 '這麼有良心的村支書第一次見到'
 '不孝之子'
 '苍天已死'
 '老对孩子特别是下一代倍加呵护，老人用尽最后的力气拯救了孙子，来生也有好报，儿子儿媳别等子欲养而亲不在，后悔终生。在家敬父母何必远烧香。'
 '非法拘禁，要坐牢吧'
 '这种儿媳妇现在多的是！基本新一代的女人占据了7成以上，尤其大龄剩女'
 '你说的对，可能她年轻的时候也这样对待过她的婆婆吧。总得来说世间因果报应，总会惊人的相似，物以类聚只能说算是一种赎罪吧。不然农村里邻居和村主任现在才知道吗？'
 '畜生才能做出这事！'
 '哎！这种事情也就是谁经历谁知道。我奶奶老年痴呆五年才过世。我妈妈照顾了五年，尤其是最后那几个月，全身散发的味道，整天乱跑，然后我们经常找人到晚上一点甚至二点。我父亲两兄弟，我大伯父很早去世。奶奶也是很心疼大伯父一家，我记得小时候我妈妈因为这个没少和奶奶吵架，曾经有人问我妈妈，以前对你那么不好为什么还要照顾她，妈妈说谁又不会老呢？人一辈子物质的东西生不带来死不带去的。'
 '就问你判不判刑？？'
 '楼上的这群愚民还活在封建社会吗？ 满脑子的“孝道治国”，现在哪个民主国家的老百姓要子女来养老？ 老百姓高达70%的流转税喂狗了吗？毫无纳税人的公民意识！'
 '養兒防老'
 '你几个儿子'
'养儿防老 呵呵'
 '握草 还他妈是人嘛'
 '江苏省人民医院管理混乱，心脏科李春坚陶正贤icu李金海草菅人命。我爸爸因为房颤肺部感染胸闷住进医院，进去医院不拍片，不做心脏B超，在白细胞高的情况下，赶在国庆前给我爸爸做支架，术后第五天肝血管破裂，肺部积液有2升。心脏科没及时转入急诊外科做介入止血，最后我爸在icu就是输血输球蛋白，一共花去31万多元。我爸都快走了，省人医这时才把呼吸科心脏科外科介入科等科室的人一期请来会诊。我们要病历医院也是拖着不给，医患中心工作人员说，医院不会改病历，这是犯法的，这么大的医院，有的是钱赔。医者仁心，江蘇省人民醫院Icu的一帮人从主任到下面的医生除了几个医生，都是沒有人性。icu曹全主任跟中大医院邱海波院長的差距不仅仅是医术，更重要的是医德。刚进icu，病人家属说曹全他不管病人的病情，而是关心病床的使用率，赶人走。我还將信将疑。我爸爸10月6日中午转到哦icu
 '太缺德了！会遭报应的！'
 '儿女皆住新房猪圈关着老娘盼她早点死我们假哭一场天堂 天堂死比活着要强-如梦令-'
 '每每看见这类新闻眼眶都禁不住会湿润，我们不能为他们具体做什么，仅仅是发一句声，祷一声告，愿天下父母终得其所平安快乐，诶。'
 '是专办假证的那个县吗？'
 '中国重视过这个问题吗，老人福利院跟精神病院一样'
 '养儿不养仨，养仨没有家'
 '小媳妇，你过分了。你不怕报应吗？'
 '不是人！'
'“XX来养老”的口号突然就不见了！  矛盾成功转移！ 夹头们一面倒的骂儿媳，60多年的夹头教育取得了“丰硕成果”！'
 '道德沦丧，不知温饱安之廉耻？'
 '老人有老年痴呆，会乱走，可能儿媳是怕走失后出事，没有精力陪护采取这个办法。。。方式确实不妥，但是个中滋味谁懂。生活条件越来越好，，老年痴呆患者越来越多，如何有尊严地老去，才是要真正思考的问题'
 '你幸福吗'
过家有望!'
 '药要加量，加油'
 '还好我家穷，父母也没家产也没遗产，不用争。。我和我兄弟完全靠自己'
 '想起那一句：当我有一天终将会老去。。。我弱弱地问你一句，你有机会做老人吗？'
 '礼义道德败坏，一点礼义廉耻都没有。'
 '就是政府不想付起责任，走个形式，回去该怎么样，还是怎么样。'
 '这种只报道一面的新闻我不再信了。信了又如何，喷2句而已，还是做好自己事'
 '多子多福了吗？如果就一个孩子的话就不存在谁养的问题了。'
 '我爸他们也兄弟好多个，没有分的这么明确，一天都不差，按月照顾。是我经历的太少吗？？？要是我，老人想待在谁家就待在谁家。。。等等，，，，，，，，，我还没有钱买房呢。。。唉，我擦。。。'
 '父母是孩子的启蒙老师，终有一天，孩子也会把你关进猪圈'
 '别地域黑行不，你就能保证你们北京人一个个教化都很好是不？'
 '天杀的'
 '猪狗不如的东西，这些子女怎么不去死'
 '办所有证，富婆求子，艳照求财，双峰县的特色产业[大笑][大笑]'
 '这也不是个例，多发生在有儿有女的家庭，慢慢老去而没退休金的人，醒醒吧，不要太期盼子女来养老
 '背叛父母的人，也总能说出许多背叛的“理由”，最常见的便人老人“偏心”，堂而皇之侃侃而论，倒好像受虐的是他（她）们自己。在此问题上，多数父母诚如“风箱里的老鼠”两头受气有口难辩证的。身处弱势的老人们，最大的不幸是自身老了！'
 '人活到老，老有所养，是个不容易的事情
 '端不平又怎样，不懂感恩吗？生你养你，还要分遗产给你，带你儿女？子女这么自私？'
 '老天打雷劈了你'
 '都说养儿防老，呵呵'
 '湖湘文化的精神:心忧天下、敢为人先！'
 '养这些畜生有什么用，按月轮流，还不如当初摔死两个，也不用推卸责任了
 '只要是生两个以上儿子的，九成不得善终！！'
 '网易大神们不是都喜欢儿子么？还有说没儿子的就叫断子绝孙么？，赶紧多生几个儿子，这样的日子离你们不远了
 '哎！什么人都有，人在做  天在看……'
 '说中国是文明古国的是在打自己的脸，这种新闻太多了！'
 '等他老的时候，自己儿子也会这么做的，因为比葫芦画瓢'
 '没有任何借口！'
 '虐待老人，罪不可恕'
 '乌鸦反哺，羔羊跪乳TM这是什么玩意儿？'
 '如果老天有眼，那么多贪官污吏过的比谁都好，好人没好报，好人死的早，这些话都是真理，坏人阎王爷都不收，只能继续在人间作恶'
 '农村城市也一样，城市不管的更多！了遗产或者财产分配不均告上法庭，老死不相往来比比皆是！农村基数大显得多，比例城市最高！关键还是法律缺失！'
 '不孝顺都是遗传的耶'
 '没醒的人还是很多的，因为这些人还在想着养儿防老。'
'造孽啊！'
 '畜生呐。'
'她为祖国奉献了青春，为什么只要求她的儿子养？祖国呢？'
 '国家来养老'
'小编，这图片不是广西的吗？视频我都看过'
 '两位兄台，比那个写洗脚诗、还写错别字的文联主席强多了'
 '猪圈早年荒废现叫老娘来睡可怜年九旬儿女良心都昧遭罪 遭罪老人暗自垂泪-如梦令-'
'我老婆这样的话，二话不说，往死里打！'
 '这村支书和邻居还是不错，及时发现报告处理了。要不然老人死了才会爆出来。多少悲剧不就是这样。'
 '这简直了，如果判监禁，可以让主犯住猪圈吗？'
 '大家都是向往未来的人，想想未来生活这些牛鬼蛇神还能吓到人不成？
 '养儿防老的傻逼们。出来走一波。'
 '这个社会世风日下病得不轻。'
 '应该参考新加坡鞭刑'
 '自己身边蛮多认识的，四五十岁左右。兄弟关系真的很差。越穷越这样，有钱混好的反而和睦'
 '法律应该改写：判刑+以牙还牙'
 '话说你们老公爷爷奶奶的事你们是怎么知道的？也就是听你们公婆说的了，一边的话也能信'
 '多生几个儿子，效果更佳。'
'你下的去屌，看来不是一般人'
 '什么玩意儿，把儿媳关到猪圈住一辈子，太可恨了
 '这件事应该让他们儿女知道，教育他们儿女，怎么对待他奶奶，以后就这么对待她。'
 '[暴怒][暴怒][暴怒]您当养猪呢？'
 '禽獸不如，如此猖狂，五馬分屍。'
 '造孽'
 '这话说的有点过，我就弟兄俩，老头过得不要太滋润
'什么世道'
 '你也有老的那天
 '蓼蓼者莪，匪莪伊蒿；哀哀父母，生我劬劳。说的这么深奥，四句话就N个字不认识，惭愧惭愧，他娘的就一句话，这狗杂碎是谁生出来的。'
 道德沦丧!还有一个原因是目前我国险制度不健全的原因.真正是老有所养
 '愤青们不是叫嚣着让国家来养老嘛!生了那么儿子有个卵用，中国人就这尿性。'
 '这个问题越来严重！且不易解决。'
 '“XX来养老”的口号突然就不见了！  矛盾成功转移！ 愚民们一面倒的骂儿媳，60多年的愚民教育取得了“丰硕成果”！猿们看着激动的愚民们，默默的把愚民们的纳税金和养老金分了！'
 'bbj'
 '真不是东西！隐形的呢！老人并不幸福！好多人都不管老人的，礼崩乐坏，这是最大的危机！'
 '这个社会有问题'
 '这些子女真该谴责，另外老人住进icu，这开销就大了，每天2000元左右。'
 '那些为了老人不帮忙带孩子就闹的媳妇看看这个新闻。'
 '父母为儿女操劳一生，儿女为父母做过什么？'
 '养了几个白眼狼'
 '人渣'
 '首先你不应该有儿子  你应该在他们出生的时候都掐死  儿媳的问题就是儿子的问题   他们小的时候你让他们  挨过冻？  挨过饿？ 可以贫穷 但是不能不孝 会招报应的'
 '国外儿女也必须养老吗'
 '把儿媳关进入试试'
 '应该是留给三儿一女住才对'
 '拿去浸猪笼！！！'
 '判死這不贍養老人的。'
'狼子野心'
'人都有老的一天，就不怕报应。'
 '没有人来说说看法吗？'
'这种实话说国家能怎么做啊……不孝儿有两种，一种逼出来的，一种惯出来的，逼出来的还能帮，但是看这个新闻像是惯出来的啊，同情老人家'
 '是不是猪圏，只是认识问题，养猪就是猪圈，住人就是房间，这里N多人住的比猪圈还脏乱。老人有痴呆症，显然需要防止乱跑，就像以前有小孩要铁链锁起来一样，不知情不乱起哄，把媳妇关起来，看谁来伺候老太太。这么多道德模范，有没有孝敬父母，啃老都不好说。关键是穷福利养老都没有，负责子女就不会这么大年纪还外面打工。'
 '二楼，你信啥邪教？毫无根据，还振振有词！'
 '外交部不是做过示范吗？叫严重谴责！'
 '如果老天有眼，会有那么多的人渣？'
 '应该给三个儿子一个女儿判罪。'</comments><comments_num>10811</comments_num></doc>