<?xml version='1.0' encoding='utf-8'?>
<doc><source>NetEase</source><id>9250</id><url>http://news.163.com/17/1208/08/D54BBP2100018AOR.html</url><title>空姐吃多份乘客剩余飞机餐事件再回应：系出于娱乐心态的摆拍</title><datetime>2017-12-08 08:04</datetime><body>

                    （原标题：空姐吃多份乘客剩余飞机餐事件再回应：系出于娱乐心态的摆拍）
                

@乌鲁木齐航空有限责任公司 12月8日凌晨再次就空姐吃多份乘客剩余飞机餐事件发布公告。在这份公告中，乌鲁木齐航空公司对涉事乘务员为何被停飞接受调查，以及航空餐食保质期等问题进行了回应。公告称，根据进一步核实，涉事乘务员在工作期间，出于娱乐心态摆拍试吃一排剩余餐食并自行将视频上传社交媒体，此举违反了公司管理规定。



原标题：关于乌鲁木齐航空公司空姐吃多份乘客剩余飞机餐事件的公告（二） 【免责声明】上游新闻客户端未标有“来源：上游新闻-重庆晨报”或“上游新闻LOGO、水印的文字、图片、音频视频等稿件均为转载稿。如转载稿涉及版权等问题，请与上游新闻联系。
 
(原标题：空姐吃多份乘客剩余飞机餐事件再回应：系出于娱乐心态的摆拍)


 本文来源：重庆晨报上游新闻  
 责任编辑：王晓易_NE0011 
</body><comments> '又被人坑了。'
 '玩笑开大了，大的难能收场。
 '现在人真是闲的蛋疼，吃的又不是你家的饭，碍你什么事，什么事都操心，不累吗'
 '人家说的很清楚，剩余餐食，发完饭盒后，剩下的，人家空姐吃剩下的怎么了，又不是吃了提供给乘客的饭。搞不懂拍照者什么心态，碍你什么事了'
'只要不影响卫生，不影响乘客，不要让客人看到。吃就吃呗，不吃剩了最后也是浪费。'</comments><comments_num>32</comments_num></doc>