<?xml version='1.0' encoding='utf-8'?>
<doc><source>NetEase</source><id>37532</id><url>http://news.163.com/17/1208/18/D55E49TS0001875P.html</url><title>司机亲述深圳地铁被击穿:车顶空了 身体像飞起来 </title><datetime>2017-12-08 18:11</datetime><body>

                    （原标题：当事司机亲述“深圳地铁被击穿”）
                


	
			





12月6日，广东深圳因外部施工单位擅自打桩，致地铁11号线列车撞断桩头严重受损， 列车司机郭迟头部受伤。相关部门称涉事企业将被顶格处罚</body><comments> '顶格处罚是什么样的处罚，求科普。'
 '顶级应该是50万'
 '岩石都打的穿啊'
 '枪毙才是顶级处罚'
 '这市政管理可以撤职了'
 '自己不看新闻！当天什么都报了，第一现场还直播了！'
 '以后这样的事会越来越少。
 '这事估计得副部级的关系才能摆平'
 '不让报？那你是如何看到的新闻？'
 '司机师傅是荆州人
 '城市规划和建设单位把老百姓生命放到一个什么位置上了？这么严重的事故就只是追究施工单位责任吗？规划、设计、工程监理部门都干啥去了？'
 '12月6号清晨的事情，我到今天，到现在才知道。这在互联网渗透到社会每一个角落的环境中，简直难以想象。为此，我必须倾尽全力声嘶力竭地，为我们官方的媒体管制点赞！'
 '司鸡命大。'
 '不是危害公共安全嘛'
 '在地下都天降横祸！[喷水]'
 '有模特摔跤新闻大吗？'
 '央视有无滚动播出'
 '这个施工单位要赔惨了'
 '这包工头要被拉出去毙了'
 '深圳老了，老的连这样的邪门事情也发生，相关部门吃屎去了？拿那么多人生命开玩笑？？'
 '这才是需要铺天盖地的事！'
 '天字墓的节奏'
 '太准了
 '五十万吧 吓坏了没'
 '大事化小了'
 '这它妈的以后坐啥出行呀'
 '新闻就很简短嘛'
 '国舅爷的车你也敢撞？'
 '也有可能是潜江与天门的~'
 '可能不？'
 '服了～'
 '住在深圳但不知道这个新闻[喷水]'
 '司机估计那时候在玩手机去了'
 '责任事故'
 '地铁线上面打桩？这不是缺心眼吗'
 '事大了'
 '你可真会联想'
 '刚从十一号下来，今晚九点就停，地铁站在通报'
 '没系安全带吧     要扣分'
 '23年前的今天！新疆克拉玛依！'
 '我无言以对 牛逼 这他妈的还高科技 还牛逼  脸比地球厚无数倍'
 '刺不刺激？'
 '真要是按实际损失赔，那肯定是赔不起的，睁一只眼闭一只眼就算了'
 '施工方没去规划部门审批么？隧道正上方好像不让造高楼的吧，打那么深桩'
 '勘测单位用的是10年前的数据吧'
 '飞一般的感觉！'
 '不是意外事故，是无脑事故，建议罚破产那个公司，且要立案调查，该拘的拘该判的判，人命关天岂能儿戏'
 '继续装，地铁都堵成💩了'
'4楼弄懂地铁区间结构和地面钻孔再BB，别一辈子只会喷这件事！'
 '这是我看过的最奇葩的新闻'
 '肯定后台硬，你们跟帖都被过滤了'
 '最后肯定，赔钱了事'
 '呵呵不应该发生的事情'
 '估计是怕麻烦'
 '啪啪啪的声音'
 '字少 大事件 值得关注'
 '1楼洗地狗！继续叫唤！
 '这是谋杀，应追刑责……'
 '如那家公司是世界首富的就好了，就算多打几个洞也值，因帐面有钱呀
 '为什么我这里的光缆都有标示？'
 '严惩施工方'
 '200-5000罚款，5000定格啊'
 '华为果然Sb！報導与以全面轰炸的区别！Sb，这是重大的恶性事故！對于任國家都應該全面深度報導，这牵扯到城市整体規剗，手续违法，野蛮施工等等惡行'
 '深圳国 这个地方机密太多'
 '惊不惊喜，意不意外？'
 '我觉得这种广东人特矫情'
 '1、施工队无证施工；2、地勘单位虚假地勘；3、地铁隧道的质量问题；4、政府监督力量（城管）到哪去了？是应该好好查查了。'
 '寻龙点穴！'
 '12楼啊，搞建筑的都应该上报批吧，哪里能挖哪不能挖就不知道么？'
'卧槽，这样都没有死人，真特么的命大'
 '一直在以人民的名义'
 '估计也就十万吧'
 '有谁还记得高铁追尾？'
'这么严重的事故，这么少人关注，还没有一个小明星拉泡粑粑新闻大'
'出那么大事，顶格多少钱？万一出大事了，赔命吗？刑事责任吧，人家说坐地铁遇到车祸，这国际玩笑啊。'
 '这不是张全蛋吗'
 '地铁还分个几等，想挣钱疯了呀'
 '这应该追刑责吧？'
 '无人伤亡已是万幸。'
 '新闻这么短?'
 '这桩子打的好，出事了，又有人该抓了'
 '我记得有个抓动物的陷阱就是这样，不过那个是用箭'
 '又被和谐了。哎'
 '脑袋大脖子粗 不是大款就伙夫'
 '一些胡乱施工企业真的是胆大妄为'
 '这是请南派三叔作的地勘？'
 '“啪啪啪”不是杂音好不好...“噼里啪啦...”那才叫杂音...'
 '前两天就报道了'
 '一定有阴谋！查清背后操作手！
 '报了也没人看  这年头有什么能比小鲜肉火'
 '大家别喷，我想问一个不太专业的问题，隧道打穿了，为什么会影响列车运行？是石头掉在了轨道上导致列车失衡，还是隧道气压被打破导致的？'
 '施工方是哪一家？怎么不说？'
 '过了两天了 写着还在调查之中……'
 '突突突突在我饿即使是分开时'
 '不是人们不想关注，而是有人想不想让你关注。
 '都说了是违规打的'
 '事发当天就有看到新闻了！'
 '快来看赵薇拉粑粑'
 '施工单位一声吼地球也要抖三抖'
 '如果有同事住关外一般是知道的'
 '湖北口音？'
 '打桩不测量放点落建筑红线外边也敢干？ 我也是服了'
 '换成任何一个司机都会履行这样的职责。这个新闻导向有问题。'
'城市规划真的是很差，今天你埋水管，明天他埋燃气管，后天又有人埋光缆，大后天又埋地下排污管道，你方唱罢我登场……这就是城市规划'
 '天大的笑话事故！
 '被遮掩了吧'
 '这网易这几天天天都是五五开事件什么的，开你麻痹啊烦死了，求教怎么屏蔽这类新闻'
 '四楼说的没错，地铁🚇隧道要是照着军舰装甲的防御能力修。我就不信打桩机能转的传。'
 '华润'
 '埋嗎
 '这么严重的事故怎么压下来的？舆论竟然没有多少报道'
 '那你还能怎么样？问题是那屎还有人想吃。'
 '这是很严重的事故，还好这时间地铁上老人不多'
 '呵呵'
 '定格处理指的是？'
 '可以说一下怎么个顶格处罚呀'
 '安全生产事故罪
'只怪这个社会病了'
 '大锅
 '还好只是刚刚钻穿，钻头是悬空的，伸出来的不长，要不然就出人命了'
 '哪家单位？为啥我们出了交通事故，严重点都要把司机控制起来，这种严重危害公共安全的，抓人了吗？'
 '这普通话说的…湖北人吧？ 沔阳的吗？'
 '业主方和施工方肯定要脱层皮。'
 '要是碰上红小兵，估计这个老板要跪下来咯。'
 '可以开延误证明的'
 '没有鬼划局划定的地块谁敢打桩'
 '给地铁来点小插曲！'
 '这种事之前看过一个电影的场景'
 '关键是今天11号晚上停了……1号线发车间隔时间还是5分钟……应急措施太差……
 '枪毙公司最大收益老板。'
'不系安全带，罚款。'
 '地勘奇迹！'
 '顶格处理能不能具体说说啊。'
 '还是我家鹿晗重要，以后这样小事就不要报道了'
 '大国崛起了'
 '11号线那么快，装上去竟然没有人员伤亡？'
 '设计单位有问题，小学设计师'
 '这射会不懂(=_=)'
 '家丑不可外扬，以后这亊少说，传出去害羞，这亊在地球是独一份应保密，以防外人抄袭'
 '地铁线涉及到国防民防机密，一旦因图纸保密出事，背锅侠绝不是上头。'
 '其实也不是不关注  只是没有详细的新闻报道'
没死人'
 '自罚三杯[微笑]'
 '怎么可能 项目经理 监理吊销职业资格证 业主重罚 三方负责人蹲监狱 原则上地铁红线外50m内禁止施工'
 '盗墓笔记'
 '你们这帮水军狗！當人真的这么难吗？'
 '奇迹'
 '应该是纵向上的问题 上面估计是建桥，预制桩在城市早就禁止使用 这个应该是试桩没找到持力层 桩长选得有问题'
 '估计是没放黑驴蹄子，炸了'
'小李，把这个打桩的临时工开除了！'
 '就是就是'
 '这个新闻很火的，你们不知道？还是知道也要喷？'
 '沒死人，事不大，官方认定'
 '这事故太严重了！'
 '你好专业！厉害！'
 '看来施工方的背景也是通天了，明明是危害公共安全罪，结果一句顶格处罚就是罚点钱了事！'
 '市委书记估计吓得不轻，这要是死了人，就得掉乌纱帽了。许宗衡是龙岗地铁基柱倒了压死人被查下台，接任他的因为龙华山体滑坡死人被查下台，这任看来命硬过前两个！！'
 '前几天报过'
'一个老赖霸占了狗逼自媒体和傻逼网民'
 '具体的处罚写出来啊，所谓的顶格处罚不会是关两天罚三百吧？'
 '说错了，是前海湾'
 '什么叫顶格老百姓不知呀'
 '罚酒三杯！'
 '这种人为事故，不说枪毙，判个39年不为多吧
 '今天早上1062也在说'
 '是的，媒体要注意'
 '这车3500万。。。 外加 这么多乘客的惊吓 还有误工费啥的 不便宜啊！还耽误了1天的运营。。。你自己算下 1天一趟车2000人 就 是差不多1万块 全线   10分钟一趟。。。'
 '活久见'
 '难怪，nl不分的'
'什么叫还好老年人不多……'
 '顶格处罚是多少两？别是六杯吧？'
 '地铁还有商务车厢？？'
 '前天新闻说了，不是正规施工单位，没有报备，甚至没有做施工勘探。'
 '野蛮施工惯了'
 '还是娱乐圈有关注，谁整容了谁私生子，谁逃税漏税了，这点小事，只有脑残粉才关注'
 '考验后台的时候到了'
 '尼玛的，我开始还以为打穿时，没车经过！！居然这么严重，抓住判死刑得了！！'
 '定格处理是怎么处理？'
 '二十一世纪特大自然灾害'
 '三鹿换个君乐宝的马甲不一样过的美滋滋'
 '估计相关人员会被判刑，这事件太严重了'
 '我觉得应该地铁隧道建设时变更了图纸位置，上面打桩钱直接套用了最初的设计图纸，没有查看变更图纸，又没做现场实勘'
 '冷处理又是什么词，和嫖宿幼女都是谁发明的'
 '脑袋里装着豆腐渣看什么都是豆腐渣！'
 '中国特色
 '司机是湖北仙桃滴，雷布斯口音'
 '就像处罚赵薇，人家赚了几十亿，顶格处罚30万，呵呵……'
 '地勘，规划，国土，这都能碰上，奇迹'
 '一定是施工队的责任吗？也有可能是地铁顶部水泥和钢筋不符合标准，打桩的时候震塌了呢'
 '最后的结果肯定是临时工干的。'
 '这么大事故，没什么报道啊
'桩：是地铁撞上来的'
 '坐地铁前还是要了解沿线有没有施工的'
 '小明星有水，这些新闻可能有牵涉。'
 '涉事企业估计永事不能翻身了。'
 '全宇宙除你之外这样事？'
 '我就看看有没有人骂这个配乐的'
 '当天6号早上正好乘坐了该11号线，一直停停走走的，延迟了半小时后才转线！'
 '野蛮施工？施工前期工作咋做的？'
 '想到儿时用竹签抓鳝鱼的场景.......'
 '没人关注吗？'
 '主要报道的少'
 '不报不可能，最多冷处理'
 '赔不起了吧？'
 '弄不好要死人的，司机很运气了，话说回来这紧急制动还是蛮不错的'
 '官员不作为'
 '城市规划的人喝大了吧'
 '壁厚多少啊，遇到硬物上面桩头早爆了'
 '别骂四楼，因为它的心情现在很悲痛，因为它全家刚刚出车祸死绝了，大家多理解理解吧！'
 '说这句是想显得你孤陋寡闻？多点去头条和凤凰新闻，腾讯新闻那些看看，别整天待在网易找喷点'
 '这么大的事居然不知道？这什么鬼企业？干这么傻X的事'
 '我有句mp一定要讲'
 '泱泱大国发生这种事。司机要是死了，找谁说理去'
 '…当时新闻就放了，优酷里还能搜到新闻，怎么就变瞒报了？你自己眼瞎也不能说人家没做啊。而且这种新闻，除了坐地铁的，谁关心你啊。大多数人住的城市都没地铁好不好。'
'关注又如何，你说了算数？'
 '这是犯罪，不是行政处罚就可以的。'
 '地铁隧道被轻易打穿，这是怎样的奥义？'
 '这个历害，罚他修个地铁线
 '诶？这次这个墓咋这么深？'
 '幸福姐姐我没有在那上面耶
'打桩一牛[大笑]'
 '智商。顶级处罚的意思是在法律范围内。比如5至10万，那就是十万，判刑五至十年，那就是十年顶级处罚。中国文字都学不好'
'严惩不贷'
 '可怜一群上班族迟到了'
 '(•̀⌄•́)'
 '该企业牛逼啊，这下爽歪歪了'
 '不敢报啊，就短短几个字'
 '明星拉粑粑的新闻，能上头条'
 '这样的错误都能犯，我也是醉了'
 '住深圳都不知道这事，哎'
 '差不多行了。最烦要树典型的导向。'
 '命大福大
 '在地铁正上方没有报批就打桩就已经是很大的责任了！哪怕没有打到地铁！'
 '居然能报道？'
 '没办法，鸽子笼盖了几百万栋了，大量鬼城，为了不让别人知道只敢说全国只有34万栋，可不是只能用十年前的数据'
 '幸好离后海站近，要知道11号线是高速地铁，不敢想象！'
 '敢这么干，就不怕事，不敢想，上面有人'
 '他应该不会犯那么大的错吧'
'在深圳，不知道有这事…'
 '这算危害公共安全了吧
 '不是没人关注，怕是被屏蔽了'
 '这个装聋作哑的时代'
 '别天真了，当官的永远都是把自己的权力和利益放第一的，老百姓只是他们附带的偶尔心情彭湃时开会研究考虑一下的事！'
 '只知道什么十号还是十一号线有延误'
 '现在军舰装甲薄的很 因为再厚都抗不了反舰导弹…… 就干脆薄一点 还能省点钱'
 '建设单位、施工单位负责人，全部🔫毙7500小时！'
 '头顶直冒冷汗！'
 '胆大妄为的结果。'
 '恐怖啊'
'脑子是个好东西！人家修地铁的修好了，你非得瞎整把地铁打个窟窿，还怪人家修地铁的，这他妈什么逻辑！'
 '国内死几十人有时候不报或者一语带过，太平洋彼岸的美国汽车街头撞倒三个人头条滚动，你说这是什么样的国际精神？'
 '十万都不够赔的'
 '打桩机很简单？😲'
 '严查地铁施工质量，这么简单一打就穿[惊讶][惊讶][惊讶]'
'危害公共安全'
'多严重？好久没做地铁了'
 '没记错当天就报了，这有什么好隐瞒的
 '施工单位姓赵，能报？'
 '好不好玩？'
 '没有许可还是不认账'
 '顶起来'
 '封面是厂长吗？'
'地铁保护管理办公室'
 '新闻都爆了多少次了。我都不想看了。还说没有。无语。'
 '施工单位好大胆，擅自搞国家公共设施，应该死罪吧？！'
 '商务车厢还得再刷一次'
 '施工方要倒霉了
 '关内人氏表示毫无压力'
 '今年冬天各种脑洞大开的新闻，深圳打桩撞到地铁；大冬天西安市政还洒水，导致38车连撞；还有，河北不让烧煤，小学生操场跑步取暖。。。。。。......'
 '好夸张，感觉像电影一样
'你要懂得，生产决定消费'
 '今天是克拉玛依大火23年祭日，更没人关注'
 '难怪那天朋友圈有人说深圳湾附近地铁堵了一天了'
 '南派三叔让你们用洛阳铲，谁让你用钻机的'
 '神奇的国度'
 '碰瓷碰上地铁了。'
 '这么严重的事故，这么少人关注，还没有一个小明星拉泡粑粑新闻大'
 '1楼怕是只关注娱乐新闻吧！'
 '在施工之前是不是该请这些相关单位来勘察一下，光缆在哪里？哪里不能施工？'
 '危害公共安全罪'
 '[不屑]这个是整条线路停'
'万恶的美帝呗'
 '这个施工单位负责人应该判刑，重罚'
 '去问有关部门'
 '没看到吗？司机爆头了.而且是在车顶不是在地面'
 '工程设计就没考虑到工程范围内有地铁线？这样的公司真是奇葩！'
 '前几天报过了，但是跟贴的关注点你懂了。很快大部分跟帖就歪了…'
 '太可笑了！严重低级事故！'
 '深圳地铁集团是一般人敢碰的嘛？'
 '和谐社会'
 '真是胆大啊，把地铁隧道凿穿了'
 '我们只关注领导的女人'
 '人没事就好
 '地铁变更要报批的，。而且除非打桩这个项目没去报批或者不按设计施工，否则规划部门也有责任。'
 '怼穿墙'
 '你奶奶的，这充分暴露了管理层各行其是的重大弊端！'
 '地铁豆腐渣……地铁豆腐渣……整个国家就是豆腐渣……早晚全国豆腐渣会一起垮掉
 '上电视了'
 '事越大，新闻越简短。'
 '知道惯性的厉害了吧'
 '没死人祘什么大事，只不过搞破点皮。'
 '这件事发生后新闻总是断断续续，又简短，看来水深'
 '什么鬼地方'
 '打盗洞？'
 '这有多乱，该取消资质，终身不德进行该行业'
 '涉事企业不负责任。无法无天。'
'这么严重的事故，这么三两句就打发了。这就是态度！！'
 '北轱辘烂铁烧爆煤'
 '爽是不爽'
 '上次那个都判刑了，这次罚酒三杯？'
 '有点像我们湖北石首口音'
 '碰瓷都不懂？！'
 '这才是真正的奇迹[喷水]这才是赢了[惊讶]'
 '三鹿这咯严重的事都可以翻身，这点事算什么？'
 '。。。老人挤不上去'
 '顶格就是上不封顶，看你帐上有多少钱就罚多少钱，有一万罚一万，有一亿罚一亿。自由裁量~制定法律规章的时候谁能想到出这样的幺蛾子呢，'
 '人民的声音都被水军淹没了'
 '顶级处罚？1000亿美元！'
 '这就对了，不要奇怪，也不要愤怒。走，咱也看小明星拉泡粑粑去。'
 '反正这企业摊上事咯 肯定没好果子吃'
 '深圳地铁水很深吧……万科危机王石还想搬它来救自己呢'
 '那是你没有去坐地铁 那天我坐车都有广播说11号线出现故障'
 '4楼以为地下全是土，不能有石头'
 '5楼请用大脑去思考！以快为政绩，谈何安全！'
'这是请南派三叔作的地勘？'
 '没死人万幸
 '勘测单位用的是10年前的数据吧
 '可怕'
 '是报道的少，这要是国外的事，肯定滚动播出！'
 '司机是天仙潜这边的'
 '倒霉了，开发商这次死定了。'
 '看你怎么拔出来[喷水]'
 '这就看谁后台硬了'
 '实话实说，作为施工单位，我能四楼所说的，因为我们公司这种事已经赔了两次了，原因就是打坏了空军光缆，部队的一来开口就是这光缆多少多少芯的，涉及到国防安全，赔偿按分钟计算，动不动就是百万以上。也许很多人听了会认为我们活该是吧可事实是，自称这么重要的光缆，埋深不超过三十厘米，而且无任何标识，仍然不懂的自己去看看民用规范吧……'
 '涉事企业破产应该差不多'
 '太惊喜了'
 '你用3m流量看看视频就知道了。你想的真多。。。一根柱子打穿了隧道，并且柱子还悬挂着，挡住了列车头的一部分。列车速度很快，你那么聪明应该知道是有多严重。'
 '4楼这智伤，基本告别🚲……'
 '还好事故影响没那么严重，这桩得打的多深啊'
 '会不会是恒大干的'
 '是的。如果不能让深圳地铁集团舒服舒服。嘿嘿。'
 '怎么惩罚的'
 '网易不是用来看新闻的，是用来骂你的吗？'
 '荆州方言'
 '这是盗墓界的耻辱'
 '11号线地铁有商务舱，票价是普通车厢的3倍。
 '希望轻罚工人，他们全听老板的'
 '司机万幸吧！'
 '没有经过允许擅自打桩，这个罚款应该在千万以上'
 '问题相当严重了'
 '地铁不能有事啊，出事故了后果不堪想像'
 '深圳的土地神都得去惠州避难了
 '估计也就抓几个工人顶罪'
 '地铁这个损失就真的大了😂区间停运十二个小时，设备结构损坏啥啥啥的'
 '煞笔～罚Y个倾家荡产……'
 '多危险哪'
 '[石化]'
 '媒体管制得真好，都没上头条'
'感觉车身被掏空'
 '这种企业直接罚到他破产'
 '真的很险'
 '肯定是请看风水的做的地勘'
 '中国建核电站是世界最安全的'
 '这要赔多少万'
 '廣東人Sb顶级'
 '很中郭'
 '这就是国之特色啊！地面要拉链，地下要打桩'
 '你这是要牢底坐穿的节奏啊'
 '肯定有喷子说这么尽责的司机肯定是假新闻，信不信？'
 '我还真不知道这个新闻，居然网易才得知！！'
 '大哥，事发是早高峰，大巴车，公交车一直在疏散人群'
 '这是没有选好黄道吉日开工啊。刘半仙哪里去了？'
 '打桩的公司和地铁公司都有错，一个未申报，一个没有做好标识
 '这是大问题啊，这换在日美之类的国家丢多少人下课——首先地铁上居然批了地皮盖房子，打桩居然不知道下面是地铁；其次，地铁上空应该很结实，打桩机难道不会受阻，没有感觉么？还是地铁上盖偷工减料了……好好查查吧
 '这种煞笔不用理的，故意带节奏的，分分钟可能还是港毒或者呆湾的水军'
 '不让报和不报是有区别的'
 '新闻联播敢播吗、没哪个电视台敢吧、人家中东火车脱轨什么报道早满天飞了'
 '那几天真是太影响了'
 '吗的，这一洛阳铲呀……'
 '已经通报施工单位了'
 '星期4还是星期3的事，那天下午地铁站一直在播十一号线故障'
 '严不严重取决于死多少人→_→'
'看来施工方来头还可以啊'
 '这技术盗墓估计很叼'
 '祝福12樓的兄弟'
 '我擦 这要出事大了去了 怎么也得破格吧'
 '后果很严重哦！
 '深圳的电视台根本都没报道……呵呵，消失了，这些幕后势力搞不清现在的时代，以为大家是瞎子聋子'
 '死刑'
 '就像美国当年炸我们大使馆的理由一样😊'
'昨天不是说没有乘客受伤嘛！'
 '施工应该有地下管网分布图吧，底下有地铁，这样大的事，施工单位不知道一'
 '肯定是提前动工，而且没有调取地块规划依据图。'
 '关键是没人牺牲。'
 '不会的，他们在公关，好着呢，你看这么大的事故，新闻才一点点出来像挤牙膏似的'
'地铁公司得赔桩头啊，给撞坏了。'
 '司机全责吧[微笑]开车不看路？'
 '这种新闻报了就丢zf脸的，哈哈。都是天朝好啊'
 '不过  这个概率有没谁了'
 '看破不说破'
 '这是哪个古墓派盗洞技术？'
 '地勘？用勘测吗？爱打哪打哪，包工头发财全靠运气。'
 '商务舱是封闭的，普通舱走不过去，通道门是单独的'
 '网易今天才推出来，难道网易是各位的唯一获取信息渠道么？'
 '罚酒三杯估计是不行的，这次要罚酒三瓶吧！'
 '这事这么大居然没滚动播放？'
 '深圳这两年很奇葩'
 '😃😃😏😏
 '什么叫顶格处罚啊？不懂求解
 '钻到宝了'
 '顶格处罚是啥意思
 '消息都封锁了，没几个人知道'
 '今天已经8号了，我才知道！是不是太后知后觉'
 '中国的规划局感觉不意外！'
 '问题不大
 '这么大的新闻，没有范丞丞火爆'
 '这司机尽忠职守，能及时发现，立即制动，并采取相应措施。抵赞。👍'</comments><comments_num>8888</comments_num></doc>