<?xml version='1.0' encoding='utf-8'?>
<doc><source>NetEase</source><id>12273</id><url>http://news.163.com/17/1208/08/D54EGKQ80001875N.html</url><title>谁对坑人的莎普爱思“洗脑神药”负责？</title><datetime>2017-12-08 08:59</datetime><body>

                    （原标题：谁对坑人的莎普爱思“洗脑神药”负责）
                
连日来围绕“洗脑神药”莎普爱思滴眼液的激烈争论，目前有了新进展。6日，国家食品药品监督管理总局给浙江省食品药品监督管理局发函，要求后者“督促企业尽快启动临床有效性试验，并于三年内将评价结果报国家食品药品监督管理总局药品审评中心。为防止误导消费者，该药品批准广告应严格按照说明书适应症中规定的文字表述，不得有超出说明书适应症的文字内容。”据报道，莎普爱思滴眼液以铺天盖地的广告攻势对老年人群体开展洗脑攻势，以包治百病式的广告用语进行误导式宣传，最终实现一年狂卖7.5亿元的骄人业绩。但事实上，它不但对白内障等眼科疾病没有确切疗效，还使无数老年患者耽误了最佳治疗时间，导致更加严重的疾病或并发症。那么，诸如“白内障，看不清，莎普爱思滴眼睛”“模糊滴、重影滴、黑影滴”“明亮眼睛，幸福晚年”这种具有强烈误导性质的广告，是如何取得相关部门批准的呢？法律界人士指出，企业采用的是“擦边球”策略。其广告用语并不直接违反相关法律规范里的明示性规定，不属于具体法律条款中列举式的禁用语之列。监管部门在审核企业广告时，守住法律明示性、列举式的规定当然十分重要，但止步于此还远远不够。在明示性、列举式的规定之外还存在巨大的灰色地带，很容易给打“擦边球”留下可乘之机。以莎普爱思滴眼液为例，监管部门的工作人员可能无法判断其功能和效果，但在医务界，“迄今为止没有任何一种药物可以有效预防或治疗白内障，目前治疗白内障的唯一有效手段就是手术”是一项世界性共识。莎普爱思滴眼液在业界声名狼藉，被称为“最被眼科医生痛恨的神药”。这些来自专业界的结论和意见，为何不能被吸纳进广告审核之中呢？



当然，光有审核还远远不够。哪怕是一则完全合法的广告，当其面向社会发布和传播之后会产生何种影响，导致何种后果，也不是监管部门能预判的。监管部门应建立起相应的工作机制，对广告发布后的影响和后果实施动态跟踪监管，发现问题充分评估、及时纠正。莎普爱思滴眼液的广告发布后，有相当高比例的老年白内障患者受到误导，长期使用莎普爱思。但没有一例患者通过莎普爱思治好白内障，反而是很多患者耽误治疗，出现青光眼、葡萄膜炎等并发症。面对这种眼科医生人人皆知，广大患者和家属也反映强烈的恶劣影响，有关部门居然多年来没动作。这种重审批、轻监管的工作模式，审批完了事情就完了的工作理念，其弊病暴露无遗。类似的夸大虚假宣传，就在这几天也发生过。广药集团董事长李楚源公开宣称，“喝王老吉可延长寿命大约10%”。类似这样的行为如果不被遏制，无疑会恶化、毒化健康有序的市场环境。须知，一种有序的市场环境，一种健康的营商环境，离不开健全完善的法律体系，也离不开监管部门的严格执法和有效监管。莎普爱思案例所暴露出来的一系列问题，值得有关部门好好思考。


 本文来源：解放日报  
责任编辑：韩佳鹏_NN9841 
</body><comments> '组队去告郎平'
 '郎平有白内障吗，也用吗，还睁着眼睛说瞎话，早该管了，老年人还特相信'
 '一丘之貉'
 '老百姓啊自己，……
 '国家食品药品监督管理总局，广电总局'
 '广告费是钱，谁会嫌钱腥，光是广视传媒平台的效益，也有夸卖的动力。平台话语权是要兑现收益的，话筒摄像机也是能抢的枪🔫要么财政把平台养起，要么直接拆了，不然忽悠卖药不会了断，卖淫卖国都不在话下'
 '在中国杀人放火金腰带，补路修桥没尸骸不是很正常的事吗？'
 '老赵 代言的  蚁力神  老马代言的中华鳖精  被你们骂成什么样了  郎平难道就不应该指责吗     就应该维护他吗  说实话  要不是郎平代言  老百姓会放心去买这💊吗'
 '应该赔的它破产，监管部门抓几个，草尼玛'
 '捉住二楼了'
 '郎平是中国国籍，人家只是有绿卡而已。另外她也不是体制内的，只是个职业教练，赚钱不对吗？她代言这个广告是错了，但是连层层有关最高布门都批准了上市的药，她代言错了吗？你怎么不去指责那个部门？要知道，所有人都会无条件相信那个布门的！郎平不可能随便就接下这支广告。还有，人家女儿在美国华尔街某金融机构工作，可不是啃老族。'
 '明人效应 大名顶顶 有说服力'
 '在中国想强大难……头10年还行'
'把朗平阉了'
 '中国国家监管部门！不过那是不可能的，因为它们是灵导！'
 '郎平有白内障吗，也用吗，还睁着眼睛说瞎话，早该管了，老年人还特相信
 '医生抵制这个药好多年了  但是大喇叭在人家手里 根本没人理'
 '傻逼，睁眼滴药'
 '郎平，应该判多少年？'
 '郎和央台负什么责任！'
 '事物的变化，都有两面性'
'制造者、監管機構、央視。'
我个中年人已经相信这药水可以制白内障了.现在看到的处处竖旗压它
 '谁买谁傻逼，自己去负责'
 '翻脸了'
 'CD的社会……'
 '中央电视台和政府部门负责三。'
 '不负责又怎样，他们手里有🔫'
 '广告就是吹牛逼🐮别太在意'
 '说到根儿上了。但站出来揭露的有几个？'
 '早说的话，央视赚什么钱。'
'我是一名眼科医生，对于沙普艾斯眼药，在眼科学术界已经抵制了好多年，每年眼科学术大会都有抵制沙普艾斯的呼声，监管部门不会不知道，拿了沙普艾斯眼药的黑钱，怎么能管？'
 '山东的齐鲁台 上面你说的广告它都有 挺好'
 '这个国家完蛋了，到处害人！'
 '你觉得呢，医者仁心，所谓的专家又多大的权利去见媒体，见国家药监局！他们在这场风波中能坚持学术疗效之至上实属不易！我告诉你，你有了孙子当小宝宝不舒服别去按摩，直接去医院开药，你会不会说我想靠卖要赚钱呢？'
 '还有e租宝'
 '这广告都打了几年
 '要给你开好睡的药?还是脑袋清醒点的?
 '有个史蒂夫净水器大家知道不，我看这个也不像真的'
 '拿人的手短.'
 '监管部门，药监局，电视广告部门，工商局，文化局，郎平之类的代言者，，，，'
'贵，还冇得疗效，我的老头子，用了鸿茅药酒，曹清华，霍氏藓清，肾宝，，，老娘用了沙普爱斯，藏宝，霍氏藓清，益安宁 ，什么治心脏的茶，，，，老头子看电视广告，几个月前，黄浦中西医结合医院夹不住尿，非要去那治，呢吗，头天看病一个医生，发了一支药，打了一针，以后两天每一天检查，没看到医生，检查完了，医生查房，问他莫方案，他说还冇看病历，一看这样，我要求出院，做工作不让出院，坚决要出，设障碍检查图片全部留下才行，，，，，呢吗，广告害人呀，，，'
 '浪大妈可是爱国人士啊……嘿嘿'
 '说是误导、夸大宣传，真是隔靴搔痒；实际是利用名人诈骗，谋财害命，这又该当何罪？
'很可能有，55岁以上的大都会出现白内瘴，但这不是闭着眼睛做广告的理由！'
 '医卫主管部虚应该负责，难道这些官员设有一个人知道这么一个基本知识吗？真荒唐'
 '直接把眼球摘下来'
 '让我想到了藏秘排油'
 '郎平退回所有非法所得，还有央视，'
 '脑白金和黄金搭档这两大脑残药在央视做的广告可不少，央视会负责吗？'
 '这是惹到人了，不然谁会管百姓的死活'
 '这是一次有组织的有针对性的浑水行动，大量媒体对公众号文章分层次解读，误导大众，形成口诛笔伐，背后必有不可告人的秘密。网络互联网时代的网络商战。白内障是要手术治疗，但要到手术时机，就是说没到时候不能做，但公众号文章巧妙的隐匿了。自费药你看广告买了用一次没效果你还会买第二次？如果2800万支都是被广告洗脑，那中国老人就有占老龄人口10%是白痴吧？毛利率高是医药行业普遍现象，专门挑出来攻击更是居心叵测，茅台酒成本47.00卖1299.00毛利率多少？'
 '你为什么不说应该判有关部门？'
 '华为定律'
 '如药监局等监督管理部门'
 '郎平缺一个道歉'
 '[惊讶]想干嘛[狗][狗]'
 '想想前段时间神医，人家之前假装是专家'
 '这不废话吗？肯定得郭德纲负责啊'
 '神马情况
 '监管机构给莎普爱思三年时间给临床报告，可笑.等候三年不知道多少人买了，看不懂，为什么不马上停止莎普爱思买.'
 '看来“黑幕”很多！CCAV的广告轰炸！专业人士既然这么恨这条“狼”，为啥吃瓜群众看不到？'
'你们问谁？谁让电视台播的？谁让他们的生产的？'
 '这俩是保健品，不是药吧'
 '不出事没人管
 'e租宝也上了央屎的'
我只想知道早些年你们干什么去了?早些年这些职能部门干什么去了?这几个专家干什么去了?在等待时机还是某种利益翻脸了?'
 '我，平浪负责!'
 '中国之声天天播'
 '对于代言人没收代言所得，终身不得代言广告。'
 '负责？3年9个亿的广告费是干吗用的？[微笑][微笑][微笑]'
 '不用判 我给她一把锥子 自毁双目吧'
 '都散了吧！能跟帖就不错了
 '郎大骗子你出来发声吧！'
 '说实话  谁能想到郎平 能代言这假💊啊  很多都是看着郎平  买的这💊   朗指导有一定责任'
 '知道老年人退休在家，白天的央视各频道铺天盖地的广告轰炸，莎普爱思，曹清华……'
 '判你妈'
 '还有私营企业证监会'
 '可惜了郎平'
 '监管去哪里了？'
 '别闹，顶多拿郎平顶锅[窃笑][窃笑]'</comments><comments_num>1357</comments_num></doc>