<?xml version='1.0' encoding='utf-8'?>
<doc><source>NetEase</source><id>31838</id><url>http://news.163.com/17/1208/12/D54QGAU40001899N.html</url><title>国内高空挑战第一人失手坠楼 其女友证实死亡消息</title><datetime>2017-12-08 12:28</datetime><body>

                    （原标题：网友爆料称国内高空挑战第一人失手坠楼 其女友证实死亡消息）
                


	
			

【网友爆料称国内高空挑战第一人失手坠楼 其女友证实死亡消息】近日，有网友爆料称，自称国内极限高空挑战第一人的网络直播博主“极限-咏宁”于11月8日后再未更新所有社交网络账号，疑似因失手坠楼导致死亡。12月7日，其女友通过咏宁美拍账号发布内容为“我只是想安静的睡上一觉。以后都不会不再更新了”的视频。8日又通过个人微博发布消息称“今天是12月8号！让我想到11月8号你离开我们！离开这个世界。”证实咏宁去世消息。据了解，咏宁全名吴咏宁，此前曾在众多的视频网站上使用“极限-咏宁”账号发布小视频作品，内容多为攀登高层建筑及塔吊，其个人账号介绍信息显示：国内无任何保护极限挑战第一人，挑战全世界高楼大厦。有消息称，咏宁之所以选择拍如此危险的视频，是为了多赚钱给母亲治病。截至目前，该消息尚未得到证实。






 本文来源：北京青年报  
责任编辑：张海桐_NN9053 </body><comments> '他爱好这个，总有失手的一天，不知道他如果知道结果还会不会这样做。'
 '掉下去没砸坏其他人或东西吧'
 '玩高空挑战摔得'
 '畏高'
 '人口众多！'
 '一路走好！'
 '😁😁😁关注他视频很久了，近期不更新原因出来了。。。'
 '一手失足千古恨'
 '为了生活，拿命赌博O'
 '玩完了'
 '不能失误的冒险
 '极限运动就像嫖娼不带套，早晚会中招！'
 '有这本事应该拍电影去'
 '是坐在屏幕前的你们害死了他'
'作死典范？'
 '对自己对家人对他人不负责任'
 '看照片都晕'
 '估计摔成烂番茄了'
 '很有意思的少妇微：y4gh7879'
 '卧槽，凭什么你这我这这么多赞'
 '他在哪个平台直播的，快手吗
 '看的心惊肉跳！'
 '前几天刚看完高空走钢丝的，今天又看见这个，伟大'
 '说白了就是虎'
 '这是图什么呢😓'
 '汪汪汪'
 '早晚的事，看着都发抖，哎，一路走好'
 '二楼命好，不用拿性命去搏，希望你一直这么好命吧'
 '悲惨
 '胡说八道'
 '确实看图就瘆的慌，那么高地儿有护栏我都不敢往下看了。。'
 '是不是假的，退休了'
 '不是一般人能做到的'
 '生命只有一次，不要带动这种效应！'
 '自不量力'
 '常在河边走哪有不湿脚'
 '掉下去的视频看到了，最后实在是没力气了，松手了，哪怕旁边有个助手有个保险绳也不至于'
 '可以了'
 '汪汪汪
 '楼上说的就是自己！只看标题不看正文不过大脑。'
 '连保险都不安排好，不是害母了吗。'
'迟早的事'
 '常在河边走，那有不湿鞋。'
 '我屎尼玛，看个视频手心出汗了，差点没拿住手机。我认怂，不敢玩'
 '看得我双腿瑟瑟发抖'
 '摔死，是迟早的事！'
 '人类与生俱来的作死技能、珍爱生命！'
 '自作自受，赚命长。'
 '逝者安息，一路走好。'
 '这不是勇敢'
 '我只是看看都心惊肉跳，一个年轻小伙子为了筹钱给母亲治病，这份孝心难能可贵，可是最后的离世又是这么的让人心疼，'
 '也许大家都不会知道国内极限高空挑战第二名就是我'
 '我只想知道他死人家楼下了会不会讹人？'
 '有金刚钻也有失手的时候不是，人家都第一了，还怎样金刚钻？'
 '冒险精神不可取'
 '上帝终于成全他了'
 '你懂你妈妈个球'
 '当你为了生活的时候，他这种都是小意思'
 '不找作死路，就不会这么年轻和人生再见，年轻人实在点好'
 '光看图片就已经要崩溃了！'
 '闲的蛋疼'
 '前无古人，不知道后有没有来者'
 '高危动作。国外玩高空爬楼，爬山死者有之。最好玩安全的。'
 '雷劈了吧'
'早晚得死'
'怎么回复不了'
 '真的很勇敢呀'
'太可怕了，'
 '我就是，看到图片我的脚拇指都抓紧了'
 'wasted'
 '平衡车牛逼了，看着都吓人'
 '常在河边走哪有不湿鞋！'
 '阎王查账了……'
 '应该中午去，因为早晚会死'
 '唉以前就武行替身演员，挣钱不多，为母治病，才走这行，壮士一路走好！'
 '他妈根本没有病！'
 '走了才红了'
 '跟贴被火星网友带走啦~'
 '我其实很想看下是怎么失误的。'
 '失恋'
 '亡国灭种'
 '逝者安息
 '作死！'
 '一点意义都没有'
 '看个评论差点笑死 你们玩成语接龙呢'
 '看得我心里砰砰的跳'
 '在火山上，大家一直劝他别再爬了，但是他还是不以为然，二期还帮xx时装表什么的做广告……一语成谶……
 '直播挣钱快～如果监管重视，在他发第一个高危视频就封号，他也不至于拿这个当生活！'
 '火山小视频看过他的事情，隔着屏幕都手心出汗…没想到真的GG了'
 '瓦罐难免井边破
 '看图片都晕'
 '我在这年纪也身手敏捷。能爬水管上楼。能爬电线杆。只是我比他怕死。所以现在还可以发帖。'
 '摔下去估计人都摔成几节了
 '一失足成千古恨……'
 '加油加油'
 '为自己的爱好而死'
 '愿天堂也有极限运动'
 '常在河边走哪有不湿鞋，看着都怕作死'
 '恭喜恭喜
 '旺旺狗叫'
 '看着都怕'
 '没让你去学他，自己没胆量做也没有必要骂人活该，走马路上还能被天上掉东西给砸死呢，我能说你活该吗？'
 '屏蔽了'
 '什么是报应？他就是报应。懂不'
 '不作死就不会死。'
 '对自己生命都不负责，此人不值得怜悯。'
 '看视频看得我两腿发软'
 '作死早晚得死'
 '人活着是要追逐梦想，但首先必须尊重自已的生命前提下。虽说人固有一死，但你走在路上跟天天做极限运动的人相比，谁死的机率更高一些？'
'看看都怕'
 '爬火车，逗老虎，玩俄罗斯轮盘，电梯停到一半扒开门玩生死跳……享受的是刺激，失去的是生命。勇气是用来为自己或亲人创造更美好未来的，不是用来证明自己多牛逼的！你能让更多的人得到了幸福，你才是牛逼！'
 '完美解释了那句话'
'不尊重生命的人值得赞赏吗？'
 '支持九楼，你可以追随他的步伐，加油！'
 '看图片，脚底都发麻'
 '作死了这么多次，终于把自己作死了'
 '成年人 对自己的行为负责 走好'
 '作死必死，什么牛人，长期这样肯定失手，所以大家别夸他牛
 '可惜，'
 '不是才怪'
 '呃，我恐高'
 '人生没有reply'
 '呵呵  死的好  广州人民发来贺电！'
 '常在河边走，玩的就是命'
 '当初我就说过，能撑过两年算我输！'
 '年纪轻轻   非找个作死行为来博眼球'
 'RIP
 '大多数的评论公会死得其所'
 '好好哈哈呵呵'
 '看到回复很多说这是勇气？这算什么勇气？匹夫之勇？为自己而活吗？这样离去有什么意义？'
 '也是为了生活，网友口下留情。我希望他母亲能好起来'
 '迟早要走，这是干这行的宿命，和煤矿工人一样！'
'出来威，记得戴头盔啊'
 '生活所逼'
'腿软……'
 '是的 看着都晕'
 '迟早的事'
 '我看了图片我受不了了……蛋蛋都紧了一下！'
 '不作死'
'你这结巴还没好啊，去看看老中医吧！'
 '量力而行'
 '还是恐高症的人能活得久'
 '活该'
 '多数人热衷极限运动并不是为了生活，极限潜水登山都需花费不少钱，没钱你还玩不来'
 '一路走好。不过这样真的好吗？'
 '中国最会作死的人'
 '7楼估计是加。疼。鹰。指'
 '小伙子走好。但希望还在玩的人别玩了  太危险'
 '解脱了
 '早晚的事'
 '吓死了'
 '亡羊补牢～'
 '昔日戏言身后事，今朝都到眼前来。'
 '孝心可嘉，只是可曾想到母亲家人怎么办？'
'大噶好！我系轱天乐，我是渣渣灰，谈完揽月，介系里没有挽过的船新版本，挤系体验三翻种，你造会干我一样，爱象节款游戏。'
 '即使是迫于生计，也不值得提倡'
 '拿生命开玩笑'
 '要真是为了给他妈妈治病，就这样不要命的赚钱、那我觉得这个人，还真的是挺伟大的。末了、叹一句，好人不长寿、一路走好！
 '勇敢'
 '拿命换钱真的不值'
 '这就是命'
 '看得腿软'
 '是不是火山上的那个啊？'
 '如果真的是为了多挣钱为妈妈治病，真的是不容易，拿命换钱，如果是为了红而这么做，我就不知道该怎么说了！'
 '7楼哪里去了？'
 '这身手，失手的可能性不大，我猜是玩平衡车玩的，毕竟机械这东西不稳定啊……
 '虽然作死，但真心佩服他，何况出发点是孝顺'
 '至理'
 '看到这里，我吸了口古巴雪茄，喝了口罗曼尼康帝，放下了直升机钥匙，放弃了和特朗普的交谈，拉开抽屉，拿出那布满 灰尘的五菱宏光钥匙，今晚十点，秋名山见，看见灰尘算你赢，不要拿几百万几千万的车在我面前炫耀，老子上班都是坐几个亿的地铁上班，我炫富了么？我走在国家投资几十个亿的省道上，我骄傲了么？马云够有钱吧，至今没见过我面，王思聪够富吧，不也一样不认识我，还有我和中国工商，建设，农业等大型国营企业银行有长久的业务来往，给上百亿企业中国移动，中国联通都有通信来往，你们有听说过我么？不要跟我讲牌面，更不要跟我炫富，不说了，泡面好了，再过会就不好吃了！'
 '其实我挺佩服这样有勇气有比较常人更强的专业领域的能力人！但是不建议去做这种那么冒险的事情更别坑到周边的人
 '据说他是为了给他母亲筹钱治病……不过这结局，他母亲心里会更难过'
 '那是他的活法，你我都无权去批判。就像那些骑手去参加曼岛tt赛一样，那是一种荣誉，死了也值了。
 '看这图片吓得心都提起来了'
 '看照片看的双腿间就发酸'
 '看得两腿发软'
 '不尊重生命………你仔细了解下吧，是为了给他妈妈治病，为了快速赚钱才玩命的，别随便下结论，先了解清楚好吗'
'一路走好！'
 '这照片都让我心惊胆颤'
 '我不敢，但对他的勇气敬佩！！'
 '都是为了生活。谁愿意拿生命博眼球'
 '估计摔的屁都没了'
 '文章里不是写了吗？人家是为了给母亲治病筹钱！'
 '看得心虚脚软'
 '迟早的事，走好'
 '傻逼   新加坡 日本 韩国人家对儒家思想还是很看重的'
 '不会是退出了吧'
 '我也晕，看到就心慌腿软'
 '我老公学生物的他说不恐高是基因缺陷，会自然淘汰！'
'同样是直播，女直播画个妆，漏一下内衣，，挑逗一下就大巴大把钱，男直播不是才艺出众就是要这样要命才能赚取点击，流量。高人，走好'
 '我说含蓄点不行吗？。毕竟人家挂了。'
 '思前想后'
 '看图片蛋蛋就隐隐不安'
 '所以莽夫和勇士还是有区别的'
 '替这种轻贱自己生命的脑残说话的也脑残，还扯到民族劣根性，也是有病。你觉得半拉身子晃在几十米的高空，那叫酷，那叫活出本色，那说明你就是个杀马特。结婚生仔，孝敬父母，认真工作，助人为乐，在你看来是碌碌无为，我却觉得这样的人生比这种不靠谱的极限运动有意义的多！“达则兼济天下，穷则独善其身。”人就一条命，你自己爽翻了，正值壮年却挥挥手告别这个世界，你对自己的人生留下了什么？你为这个世界留下了什么？更不用提父母白发人送黑发人，是有多不孝！诚然人生的意义在于深度，不在于长度，但死的这么莫名其妙，有个毛深度啊？！说到底，就是一幼稚的小p孩。
 '以上人，典型民族劣根性，自我怯弱，不敢自观，反而审判比自己更有勇气的人，苟活如斯，却不知丢脸，可悲。'
 '将军难免阵上亡，瓦罐不离井口破。
 '有恐高症'
 '可惜了！也太不爱惜自己了！愿你安逸吧！'
 '看着都心惊胆战的。如果真的是为了赚钱给妈妈治病，那也是一个可怜人'
 '😱
 '手心脚心全是汗，兄弟，哥们服你'
 'no zuo no die'
 '不懂得珍惜，不失手都对不起上帝'
 '火山视频，嗯就是这个'
 '这个保险的赔不少吧'
 '很强了，可惜了，一路走好'
 '也算死得其所，也许他是真的为了钱去给母亲治病。但是他的行为，确实给带来不少不良影响，虽然我之前不认识他。也许这是他的梦想，是他所喜欢的，那么在他钟意的地方，因为他所喜欢的，坚持的，走了，他会很开心吧？'
 '以后你这样教育你的小孩吧
 '哎，'
 '看着腿都软！'
 '网易大神，图三的那个动作做完后，他应该怎么样做才能起身呢？求解！'
 '厉害。可惜了走好
 '可惜！'
 '他妈没有病，而且他都要准备结婚了'
 '我手心出汗了。'
 'no作no带'
 '山穷水尽，尽力而为，为所欲为，为所欲为'
'SB'
 '你不能理解的活法就是脑残？人家对生命精彩的定义和你不同罢了，他也认为你的活法是脑残呢！'
 '你是怕死'
 '就服你，你最醒
 '他妈身体不差的你，别听人胡扯。'
 '看到图片都心跳加速，吓死我了'
 '和二楼一起约会去了'
 '安息，没人愿意在悬崖边走'
 '恐高看图片都晕'
 '可惜了
 '这准备工作没到位'
 '死得其所'
 '不但要对自己生命负责。也要对别人生命负责。火山视频上模仿咏宁的好几个了。这是谁造成的。'
 '摄影师呢'
 '这种挑战只能中午玩，因为早晚会玩死！'
 '不管有多牛！只有上帝和阎王才最牛！'
 '楼上这位，意外跟找死是一样的吗？你看到危险是先保护自己呢？还是把所有的保护全抛弃去找死？他要弄根保险绳的话，会有人骂他吗？'
 '到底有什么意义啊这个。。。'
 '这种挑战有什么意义？不过是为了博人眼球罢了，眼球好好的，挑战的人却不在了。把自己的生命当儿戏，时常置身于危险当中，早晚有一天要被危险吃掉。不值得同情，只觉得可怜可悲。'
 '不尊重生命的人值得赞赏吗？'
 '快手吗？
 '把自己玩死了'
 '我就是想问，如果是为了妈妈，那现在他不在了，妈妈怎么办？有时候我们保护好自己不仅仅是因为自己本身，还有亲人啊！爱惜自己的生命也是在爱护家人，只有保护好自己的身体，才能给予亲人更多的关爱'
 '命没了那什么钻钱'
 '死者为大'
 '我爱你'
 '呵呵'
 '对恐高症来说看图片都晕'
 '用生命在拍照'
'他的勇敢足以让人钦佩，而最终的后果也让人感受到代价的惨烈。想效仿的人自己选择吧。'
 '可惜😭'
 '很多人在谩骂，我实在不理解，他自己选择的生活，他热爱极限运动，即使他自己也知道很危险，可能会失去生命，但是还是热爱，他没有破坏社会和谐，反而给懒洋洋的芸芸众生一点视觉刺激！让你惊叹的极限！应该说他活得很有滋味，请给予这种人尊重！珠穆朗玛峰上也有很多登山者的遗体，甚至永久留在了雪山上，他们为的什么？一种信仰、一种挑战自我。'
 '常在河边走，哪有不湿鞋？'
 '死了好，这种傻逼'
'我真的看晕了'
 '不作不得死'
 '手心全是汗。'
 '不管怎么说我佩服此人'
 '尼玛，看图片吓得我难受'
 '玩命
 '自作孽不可活！'
 '我恐高，不敢看'
 '总能看到你，顶你'
 '夜路走多了，总是会撞鬼的。'
 '我佩服他!'
 '男人都是傻逼'
 '走好  下辈子别玩了'
 '九楼，这种没人逼你而不顾自己生命安全的行为叫什么勇气？考虑过父母的感受没有？辛辛苦苦养了这么多年就为了让你去轻易地挥霍掉自己生命？简直是匹夫之勇！'
 '挣钱的方式有很多种，何必拿命去赌，好了，命赌没了'
'人要对无常有敬畏心，不然必有万一。'
 '这种保险肯定拒赔'
 '他自己应该早就预料到会有这天的，只是不知道什么时候发生罢了'
 '半夜看的心慌慌[惊讶]'
 '走好！牛人！！！'
 '死有余辜'
 '为给母亲治病、就必须做出选择这高度危险的赚钱途径吗！后果令人泪下。'
 '祝你在天堂继续挑战！'
 '有意义吗
 '悲喜交加'
 '无语…'
 '为了生活，值得尊敬！'
 '快手人才辈出'
 '大家都说他，等你不更新了，希望你是'
 '感觉人还是要有点敬畏之心的，这种行为对死神算是大不敬了....'
 '有我们强大的祖国，你还用问吗？[微笑][微笑]'
'冷血'
 '也可能是天生就爱冒险
 '不作就不会死[鄙视]'
 '作死，谁也帮不了你，走好！'
 '看看也吓人'
 '钱比命贵，用生命换了名声私下人民币，把自己的肉身象鸿毛一样轻祝你了，可惜他父母亲赐给他的生命，'
 '真厉害'
 '脚都软了'
 '不作不死 ，No zuo no die .'
 '哎。'
 '我艹，怎么又出来了'
 '终于出名了，可惜是这种方式。南无阿弥陀佛。'
 '一个人 要去做猫也不作的事'
 '为母亲治病，真是好孩子，一路走好！'
 '不作死不会死'
'这样是寻找生命的意义？你就瞎掰吧你[狗]'
 '年纪轻轻的干点正经事儿踏踏实实挣钱不好么…'
 '他妈妈的病怎么办？'
 'no zuo no die[骷髅][骷髅][骷髅]'
 '有区别吗？
 '楼上一群傻逼'
 '安息'
 'No捉No死'
 '。。。。
 '这挑战什么了？挑战傻大胆？这就是二愣子。人生的高光时刻就是失手那一刻。早死早超生吧。'
 '常在河边走，哪有不湿脚的？'
 '二层楼以上头就晕'
 '这是他的饭碗'
 '唉，No座No带'
 '我来喷给你们看：只要我做不到的事你做到了，你就是傻逼'
 '可怜的人，走好'
 '……'
 '光看看就手脚出汗了[晕]逝者安息'
 '没事搞得打，拿生命开玩笑的人活该，
 '你也以为自己有？'
 '死的好不要再占版面了'
 '珍惜生命！'
 '谁信谁傻逼'
 '活该，不作死就不会死。'
 '看得腿都软了'
'就是一个二杆子'
 '终于攀上云端'
 '玩好了一个人回家吃饭    玩不好全村人去你家吃饭'
 '终于作死了'
'这个的确没啥好喷的，能常人所不能，用命挑战极限去拼收入，比某些明星都来的正能量。'
 '我相信你不会失手，但转头结不结实就不知道了。'
 '中国人少系列'
 '哎。。。'
 '常在河边走哪有不湿鞋
 '看图就心儿颤颤了~~~'
'胆子这么大为什么不做些更有意义的事？比如爬到那些贪官家里……'
 '有没有想过你自己拿生命开玩笑，你失手以后，走在高楼下的人的生命呢？'
 '哎哎'
 '我是不行的，哎，有点恐高，这不算丢人吧！[羞羞][窃笑][惊讶][狗]
 '尼玛那个小米平衡车的看着我胆颤'
 '关注太晚了……'
 '看见脚都软勒'
 '不做就不会……'
 '死得早的死得好得'
 '万里一失，就是死亡'
 '我感觉腿软'
 '装。'
 '看得我心里发毛'
 '回肠荡气
 '就没在抢救一下？'
 '死了就是永远的第一了。'
 '活玩命，值得尊敬！一路走好！'
 '安全第一。'
 '那种傻逼还挺多的'
 '你认为活着才是一切，而他只是为了让精神满足。其实你不需要再讨论了，每个人都有自己的追求，只是在这个锅架里大多数人都只能选择隐忍跟活着，反而看不惯那些跟他们不一样思想的人。'
 'h\u2006ku\u2006l'
 '我特别认同支持你的见解，不过中华民族骨子里的传统文化，就是你好他会眼红你，你不好会受到他的鄙视，族群里就是缺乏关心和爱，其实每个人在不抵触法律和影响他人的情况下，有权选择自己的爱好和生活方式'
 '死不足惜，义乌人发来贺电'
 '太拼了，一点防护措施都没有，
 '我们活在一个等价交换的不公平社会，玩命的人会把命玩掉，一两年的孝顺最后导致了一辈子的不孝。'
 '显能卖怪！拿命赚钱！为什么不能踏踏实实学真本事！'
 '中国也意识到人口多问题了'
 '玩命啊，渗人'
'这话说的好像没毛病'
 '死了就好了，不怕死的继续。'
 '粉丝们害死他了'
 '希望他有給自己買保險。'
 '人作死就会死'
 '名不虚传'
 '有很多人妈妈有病，挣钱就这一种方式?这不是孝心，这是拿命博眼球'
 '活到今天已经算命大了
 '狂妄无知的人最终没有好下场！'
 '一路走好，可能人的追求不一样，反正这类视频我是一律不看'
 '是啊，我看着都心突突。。。过天桥我都害怕'
 '一路好走，好样的，实在是太可惜了。非常惋惜。'
 '傻逼不配极限运动几个字！简直在侮辱极限运动！'
 '逼上梁山'
 '有了不一样的人这个世界才会精彩。没有伤害他人有什么好反对的，胆小就别做要有自知之明。'
 '这个不能停，呼吁广大极限挑战爱好者踊跃顶替。'
 '白养了'
 '解释不了'
 '没有金刚钻别揽瓷器活，总以为自己能把空一切。
 '不死都对不起自己'
 '的确是太牛了，但是脑子有问题，给他牛分打了折，作死，可惜了，一路走好，'
 '常在河边走，哪有不湿鞋啊！'
 '看图片我手都出汗了'
'作死'
 '愿赌服输
'果然还是失手了！唉'
 '如果这也叫梦想的话，那杀人就不能定义为犯罪了。'
 '看到图片脚趾头都抓紧登了'
 '额咳咳'
 '我自认胆小怕死，这种挑战极限在我的心里想法就是在作死，对自己和家人不负责，好好活着不好吗？'
 '他的意思是，他宁可做一个闲人，哪怕睡垃圾堆上晒太阳，也不追求各种挑战一下自己'
 '死在自己爱的事业上'
 '你这结巴/还没好/啊/去看看/老中医吧/'
 '这种保险公司是不会承保的'
 '我腿软[大哭][大哭][大哭]'
 '以后你这样教育你的小孩吧'
 '牛人佩服，但不提倡你的行为，一路走好。'
'光看图片就一阵眩晕'
 '鱼找鱼虾找虾'
 '老师问小明，作业到底是没做还是没带'
'果然华为'
 '君子不立危墙之下。这种说难听点，就是二杆子。干这个有什么意义？还故意不要保护？自己生命都不尊重，死了也是被唾弃。'
'这种运动只有中午可以出来做做，因为早晚都会出事。'
'人们害怕是有道理的，这种极限的代价大了！逝者安息！'
 '看着都害怕'
 '天命…！'
 '他在作死的路上，终于成功了一次……'
'在火山小视频好多网友举报他 想让官方封他号后不再挑战  看来官方没封'
'你特么是假冒的，你不是燕🐔！滚！'
 '走上一条不寻常的路。'
 '生命只有一次，别拿生命开玩笑！'
 '自己作死。
 '我没恐高症，都看晕了！如果真是为母亲筹钱治病那是孝子行为'
 '非洲酋长'
 '真傻'
 '高手在民间，失手在阴间！'
 '愿天堂没有伤害
 '再牛逼的人也逃不过地球的引力！
 '像这种人，怎么评价？哎'
 '心痛，为了给母亲治病，却最后这么年轻就失去了生命'
 '逝者安息 一路走好'
 '看的我晕'
 '人作有祸，天作有雨。哎！珍爱生命，珍惜家人和朋友。小伙一路走好！'
 '兄弟一路走好，佩服你'
 '一路走好'
 '看到图中，蛋蛋缩了下！'
 '淹死大都是会水的'
 '家家有本难念的经！'
 '生命诚可贵，珍惜每一天，陪伴更幸福'
 '玩这个只能中午玩，因为早晚会出事[不屑]'
 '晗住，别说话'
'太吓人了'
 '早晚得事'
 '淹死的都是会水的！'
 '死得好'
 '珍惜生命，远离拿自己生命去当赌注的事情……'
 '还以为能过这个年还是等不了'
 '恭喜恭喜！
 '早晚的事
 '我尼玛已经晕了'
 '应该有大额意外险'
 '佩服'
 '玩命的游戏'
 '在视频网站上发布各种胆大妄为得行动无防护也没一点技术含量，善良的人看了发出惊呼，邪恶人发出叫好他们就是想看到意想中得结果早点发生，他得行动父母不知道阻止多少次了，不作死就不会死'
 '亡命天涯'
'马克'
 '钱就一个字!所以说没区别。妈病是一种需求，自我生存是另外种需求，我认为没区别'
 '对于恐高的人来说，看图片就足够吓死了
 '这种记录有意义吗？回报社会才有意义，这种为名利，死不足惜！'
 '他这么做明显不只是为了钱，还有精神需求。挣钱的方式有很多种，可是新闻里的这个人就偏偏喜欢这一种，即使最后死在了上面，那也是别人所选择的。话说回来了，又有谁不会死？生命的长度都是有限的，三十年五十年八十年一百年又有多大的区别？萤火虫的生命有一个夏天，流星却只有一个瞬间，可是有的人却不想暗淡的过完一个夏天，我觉得没有毛病。'
 '这样的年轻人多了自然作威作福的傻缺就会少很多'
 '在其以前视频提醒过，做极限运动安全第一，希望做好安全措施再拍，哪怕加一条安全绳，也是对家庭的负责，唉，希望这新闻不是真的。'
'自清洁更健康还是别作'
 '有句话是：玩枪者枪上死，玩剑者剑上亡。不该这样冒险，不值！'
 '出来混'
 '我只想说活该，不作就不会死'
 '生命太短暂
 'zuo'
 '原来也有失手的'
 '代价是什么，国安局喝茶'
 '就想看他死。明明五个字能表达的偏偏说那么多，啰嗦。'
 '迟早会作死的'
 '美拍一直关注他，一个月没更新了，就想看看啥时候停止更新！'
 '这种事情都是害人害己的，不过你也是为了母亲治病，我就不说什么'
'看图手心、脚心出汗'
 '既有牵挂，焉何作死！
 '看看心都跳的不行，吓得我大姨妈都出来了[惊讶]'
 '挑战死亡👍'
 '有消息称，咏宁之所以选择拍如此危险的视频，是为了多赚钱给母亲治病。           什么样的脑回路才能有如此想法？'
 '不作不死！'
'不作死不会死，死的其所。'
 '不说什么'
 '我早告诉他，这个只能中午玩，因为早晚会出事
 '他的妈妈每天都会活在担惊受怕中吧，最后担心成了现实，最可怜的是妈妈。咏宁不珍惜自己的生命，这就是不孝
 '我看了他失手的视频，真可怜'
 '常在河边走，哪有不湿鞋'
 '他可能有练过，当群演，发现没有出头日，而玩极限可以吸粉赚钱给妈妈看病才玩的吧。他的朋友也说了，也是个可怜人。'
 '自作死不可活'
'一直在作死，现在成真了！走好！'
 '也就是说正常工作连治病钱都挣不出来。悲哀啊'
 '希望他走前有意识到保险对家人的重要性。'
'先驱者'
 '🚕'
 '不是吧'
 '偶尔一次看过他一次视频，没有任何保护，觉得他很厉害，也担心过！这不！常在河边走，哪有不湿鞋！'
 '网上有他摔的皮开肉绽的视频。'
 '典型的不作死就不会死'
 '这孩子这么勇敢！真是可惜！'
 'no  zuo  no  die'
 '建议9楼去玩虎斗狮溜蛇戏豹，以便发扬你的胆大精神，表现你的个人特性。'
 '我就想问，这么高玩平衡车，引发公共安全怎么处理'
 '怕怕 哎 走好'
 '看着都腿软'
 '7楼去哪里了，估计只有八楼知道了'
 '不可思議'
 '亡灵序曲'
 '常在河边走，哪有不湿脚的？苦'
 '气定神闲'
 '哗众取宠，安息吧'
'可惜，走好。希望他妈妈没事。'
 '真正拼命的人'
 'No zip no die'
 '正常的，不然不叫极限挑战了。这个第一也不可能总由一个人占着
 '最後一張下面一個說點什麼，我還能說什麼？'
 '都散了吧，凉了。看到这我就放心了。这职业太危险'
 '好点'
'恐高，看的腿软！要是为了妈妈治病挣钱才玩的这个，还真是不容易！这世界，不知道妈妈知道了噩耗，还怎么过！'
'本人因在uc网上海拆迁户一事中，对一用户发表过激骂人的话，匿名为xx交通，后悔万分，表示道谦！如果再骂人，本人就是畜牲不如！共建社会主义和平共体！'
 '毫无保障的高危极限运动不是挑战，为此付出沉痛代价是迟早的事，而任何理由都不能撑起生命之重！一路走好吧'
 '[可怜]
 '我怎么觉得他女友更勇敢呢！'
 '不作不会死'
 '敬佩，凡事不能过'
'好东西'
'早晚的事！不是偶然是必然的。'
 '高危职业'
 '中午去冒险啊，因为早晚得死
'就怕误导一些小孩子'
 '太恐怖了！不容易啊，走好'
 '恐高症的我看了都双腿发软
 '上得山多终遇虎'
 '不敢看[晕]，英雄走好！'
 '要说不作不死，好像重了一点，因为他是为妈妈治病，逼不得已，但真的就没有其它方式了吗？可惜了一个人才'
 '别拿生命冒险了'
 '常在粪坑蹲，哪有不扯裆，掉进他一个，自有后来人'
 '亡羊补牢'
 '就知道这种新闻跟贴的人超多'
 '活该，这种行为应该入刑，类似视频容易带坏青少年模仿'
 '我不恐高但看图片还是觉得脚心发凉。'
 '常在河边走，哪有不湿脚？'
 '又骗我去玩极限，蒸馒头的技术才刚掌握。'
 '作！！！'
 '你还活着呀'
'一路走好，每个人生活都不容易。'
 '不好指责什么！但是就个人观点对他的行为真的不敢苟同……你是活的潇洒了，你的亲人怎么办！爸妈把你抚养这样么大，真的不容易……哎，每个人追求不一样，想的也不一样！只能说，一路走好吧'
 '他有些自私 为自己的爱好 丢掉的不只是他的性命 还有父母和女友的爱 最求刺激可以 但没有保护不是你牛 是你傻
 '不作死就不会死！如果你真的是为你妈治病，起码的你自己得先好好活着！'
 '说的对'
 '忘乎所以'
 '保险应该不会保这种'
 '恐高的我在我朋友家16楼下看我都慌'
 '别打着孝顺的名义好吗？挣钱的方式很多种！'
 '看图腿都软'
 '生命脆弱，一路走好！'
 '可惜了，安息吧'
 '自己想怎么玩，没错，出于什么目的都是自己的事。自己就这么死的，也没啥可惜，因为是你自己选的，这么做，没碍着谁，这么死，对谁也没啥损失！'
 '淹死的都是会游泳的'
 '吴，就是没有的意思~[疲惫][疲惫]'
 '看着都晕'
'挑战必有风险'
 '这样的差错，那就是命呀。'
 '太可惜了'
 '英雄'
 '我知道了'
 '看到你的下场，我就放心了'
 '什么事情都是有个概率在的，做的多了，失手就不是偶然，而是必然了'
 '死没
 '這才是真正挑戰自己勇敢的人，可惜了！！！！'
 '看着图片我脚都软'
 '煞笔，哪个保险公司敢承保这种运动？！'
 '这是你放的屁？'
 '一路走好。'
 '哈哈哈，笑死，治病筹钱有很多种方法，这回好了自己死了母亲的病估计更重了'
 '哎，可悲'
 '我只能呵呵呵'
 '为了生活，一路好走愿阿姨身体早日康复'
 '没影响别人吗？小孩子会模仿，很多思维不正常的人还会以这种事为荣。照你这么说小偷从楼上掉下去摔死，也是马革裹尸，值得赞扬，杀人犯被枪毙，也是死得其所，伟大英雄。'
 'NO ZUO NO DIE'
 '你不珍惜生命生命一样不珍惜你，这种挑战毫无意义。'
 '好伤心'
 '好久没更新了吧'
'看图片我蛋蛋直抽抽'
 '事实证明:不作死就不会死！'
 '然而，你只有一条命'
 '非诚勿扰'
 '太可惜了，中国缺少这样的人'
 '牛人活的都不长'
'不作死就不会亡！在开始的时候就已经注定结局。'
 '勇士一名！！不提倡，为了你的家人，永远安全第一！！'
 '母亲的命是命，自己的就不是？'
 '我只想说一句，活逼该'
 '好吧，这种情况死神就在身边！只是早一天晚一天的事！'
 '个人英雄主义'
 '唉可怜'
 '名字起的也不好！咏宁———-永宁
 '都是666造成的'
 '我光看着都吓人'
'善从后入'
 '为了生活有很多途径可以解决，如果是为了给妈妈治病，要先想到只有自己活着才能更好地照顾妈妈，而不是以一个高大上的理由去作死！
 '还记得不久之前还在美拍给他留言，如果看不到他更新就说明不在了，不作就不会死，没有什么值得同情的，自己的生命自己都不珍惜'
 '年轻人有追求有行动不危害社会都是可以的，结果谁也无法预料。[大哭]
 '你在跟上帝开玩笑嘛？'
 '活着不好吗？'
 '这不是挑战，这是找……'
 '高手在民间。快手在阴间'
 '没有金刚钻别揽瓷器'
 '恭喜这个女的，这回可以放心地挑拣下一个男朋友了，这次要选对的哦！'
 '看平衡车的那个视频就很明白了，没有丝毫的技术含量，就是死催着哩，我很想装出一点涵养也忍不住说一句：不做不死。'
 '又来扯犊子了'
 '傻逼，死的好，祝你全家一起上路'
 '亡我大秦'
 '不适合'
 '看着图片都有点恐惧，牛掰，谁都不服就服你'
 '亡命之徒'
 '华为定律  穷逼  你买得起苹果手机吗  没资格跟用苹果手机的有钱人说话'
 '无保护极限是不把生命当回事，不值得提倡。常在河边走，难免会失手！[大哭]背个降落伞可能好些'
 '也是生活所逼，不然谁愿意去亡命做这个鬼视频'
 '我看着腿都觉得悬…………'
 '有必要这么挑战极限吗！拿生命和危险不当回事。不值得同情，记住:珍惜自己的生命，因为生命是父母给的。好好保护生命报效养育之恩才对!
 '艹，你这语文谁教的，标点符号乱点'
 '小伙子太危险！'
 '肯定会有傻逼模仿，掉下来砸到人才啃爹，跳梁小丑'
 '腿酸了。
 '这是有多脑残才会做这样的事？'
 '不作死就不会死，这下成真了'
 '我看着腿都软了！这直播胆子小的也不敢看！'
'微博看的腿都发软，本来就恐高'
 '不是不相信你技术，只是不相信这施工质量～'
 '我小时候不恐高，大了以后开始恐高了'
 '看到这些图片都害怕'
 '这样的消息楼层抽完，发完这个卸载'
 '用生命在作死'
 '是的，看的浑身不舒服'
 '生活所迫'
'太自私'
 '作死'
 '不作就不会死，不负责任的作'
 '果然华为'
 '看到我菊花一緊'
 '建筑物管理单位允许私自上去？'
 '支持楼上。这种所谓极限运动，死了活该啊，不过死了也是他自己的事，何必非要再定个性，看看热闹散了就行了呗'
 '白发人送黑发人是最悲哀的！他妈妈活着也是很难过！'
 '他这是救妈妈还是害妈妈？'
 '平衡车确实吓到我了。。。'
 '可怜'
 不作死就不会死'
 '纯粹找死，天天这样，一个小失误就致命的'
 '想过父母吗？想过父母悲痛欲绝的样子吗？'
 '耐人寻味'
 '走好'
 '我就想知道他真的是为了给母亲治病才搞极限视频的吗？只想知道这个别的都不重要，这小子死的不冤'
 '哦也，有木有出事故的视频'
 '君子不立危墙之下。做这个早该想到，早晚有失手。'
 '看着图片脚底发酸了！！'
 '买了多少保险'
 '保险不陪自杀'
 '唉。。'
 '他脚上那双鞋10000多'
 '前车之鉴……什么都能没有但一定要有命！什么都可以拥有但一定要有命！
 '阿弥陀佛，不想死偏偏要作死。'
 '早就该死，让别家的孩子学危险的事情。害人害己。'
 '又拿治病说事。病治好了，你没了。孩子，不是这么玩的'
 '安息，昨天还在看你的新闻'
 '看着腿软！'
 '淹死的都是会🏊的'
 '敬佩极限精神，但真不提倡'
 '任务'
 '牛人'
 '摔死的是会上树的！'
 '看看都紧张啊'
 '什麼不好玩，非得玩這個，'
 '不作死，就不会死。'
 '这个东西有保险公司受理？？'
 '吓得腿软'
 '胆子真大'
 '有人去关心他真正关心的母亲吗。。。走好'
 '我只想说，不作死就不会死。'
 '万恶的医疗制度，杀人不见血。'
'边看这新闻边腿软。以前我不恐高的，看多了这些图片视频后，我TM恐高了！'
 '卧槽，惊世傻逼'
 '死的好！'
 '拿生命做赌注'
 '国外很多人玩这个，难道就没有伤害？'
 '常在河边走
 '看图片都想尿'
 '用生命做挑战！'
 '跟国外比 不算牛逼  国外很多人干这  都没死  他死了'
 '腿发软
 '看图腿都发软'
 '这孙子病情有所好转了？'
 '本来以为你孝顺！其实不然！你拿生命做赌注结果更让你母亲受伤！呜呼哀哉！'
 '图5太恐怖😱
'看看就散了吧！常在河边走，哪有不湿鞋！'
 '尊姓大名
 '抓到真身了！'
 '唉常在河边走哪有不湿鞋！望一路走好！'
 '这个社会就是缺理智思考的人。贝爷野外也疯狂，赚钱，但是都在做有把握的事情。
 '走保险吧'
 '虽然死的早了但死的不平凡'
 '常在河边走 哪有不湿鞋💁🏻'
 '跳下去那一下感觉还很淡定…'
 '在哪能看他掉下去的视频'
 '应该买保险了吧'
'强者'
 '坟头草两米高了。'
 '真的把自己作死了'
 '一声叹息'
 '不装逼就不会死！'
'太吓人了，看着实在受不了'
 '有胆识
 '收手而不是失手，结果还是失手了…不做就不会死…这是大家的经验…希望下面没有高楼…'
 '对自己生命不负责，对家人不负责，活该'
 '人要作死，天都拦不住'
 '早死早超生！我可不想去同情一个活腻了的人！'
'燕雀安知鸿鹄之志哉'
 '你怎么知道人家死没死，又不会特地告诉你。不要乱说人家，做这个也很有勇气的'
 '马总有失蹄时'
 '大楼需要赔多少？'
 '可惜'
 '这种挑战有意义嗎？命都没了！还挑战什么？悲哀！'
 '看着我的手都出汗'
 '从70楼摔了下去'
 '下辈子别选择这样'
 '同意楼上。人生来都是自由的，可以追求一切自己认为值得追求的东西。'
 '看着图片腿都软了，人间容不下小伙子，去极乐世界给佛祖表演去了。（一直在作死，死了正常。）'
 '入深出浅'
 '可笑的是你以为你有。'
 '不批判谁，也不支持谁，只想讨论一下，做极限运动，有什么意义呢？'
 '这个东西是犯法的！给母亲治病就可以犯法！就是死了一个作死的人，不要说什么给母亲治病什么得！
 '高手在民间，失手在阴间，视频在人间。玩好了回家吃饭，玩不好全村人去你家吃饭。'
 '生死一线'
 '[大哭]'
 '起那么早'
 '就这，还有小辫子。智者千虑，必有一失，安息吧'
 '我看图都觉得玄乎'
 '一次失手就是一辈子没了'
'生命就此一次！想牛逼也不用这样玩啊！让大神帮P一张就是。'
 '这么高难道动作一定要小心'
 '卧槽，就看了两张，不能往下看了，心脏受不了[挨揍]'
 '至少他的勇气是值得钦佩的！当然，他的死也让还在玩这种危险极限挑战的人有个警醒，让想玩的人也再三斟酌。可惜了，一路走好！'
 '打死的都是犟嘴的'
 '但那命去博眼球的人不该有妻儿老小在世'
 '人底发醉'
 '儒家思维奴化了这么多年，都爱吹嘴炮！为什么？因为不用付出代价~'
 '道可道非常道'
 '这好笑吗？'
 '不容易啊，也希望不要拿这个新闻开玩笑，中国能有这样的人不容易，不要把别人的悲哀当成自己的玩笑。不管世界如何变化，应该保持初心。好小伙一路走好，逝者家属节哀顺变。'
 '物是人非'
 '这个故事告诉我们不作死，就不会死'
 '说错了，应该是图四'
 '真的就这么走了，前几天还在看他的视频'
 '谋生不易，我们穷人混口饭吃不容易。'
 '看图都觉得自己后背发凉'
 '看着都吓尿了'
 '象勇者致敬！'
 '这哪是牛人，这是病人'
 '其实我想说，人无论作还是不作都会死去。\r极限运动其实只为找寻生命的意义，在这些勇士面前，我们都是弱者。\r希望能留点口德，因为怕死的你我很快也会死去，无论你想与不想，长生不老都是一个伪命题'
 '早晚的事。'
 '應該看看大哥身上有沒有保險，是誰花錢買的，受益人是誰'
 '你这个笑脸表情，请问合适吗'
 '人在河边走早晚要湿鞋…'
 '为妈妈治病？这跟做婊子立牌坊一样。'
 '我觉得那个成语接龙的楼很好，可惜不让盖了'
 '😓😓'
 '晚上看到手脚都冒汉'
 '牛人，佩服'
 '(⁎⁍̴̛ᴗ⁍̴̛⁎)'
'向勇者致敬！'
 '不做死就不会死'
'每一次挑战都是搏命，这样离开，也算战死在沙场吧。一路走好。'
 '这种叫刺激？母亲没人管，媳妇被别人睡……sb'
 '不作死就不会死
 '他所做的没有一点意义，反而对社会和家庭有害。极限运动不是这样玩的。'
 '以为是P的，结果是真的，这个只能中午晚，早晚容易出事'
 '我想看摔下楼的视频，有吗？'
 '恐高症看都不敢看'
 '应该有人阻止他'
'看了这新闻，心情复杂，不知道怎么评论这事情，走好'
 '下辈子这种找死的活别干了，干点正常的赚钱吧，只能说你妈白养你了'
 '果真如此、让人惋惜！'
 '极道者'
'作？'
 '怕高。'
 '不容易'
 '你不害怕死亡吗'
 '逝者安息🙏'
'我艹，你还在？憋说话，含着！'
 '懒得评论'
 '┬─┬ ノ( ゜-゜ノ)'
 '大家相信上帝吧'
 '挑战极限如何赚钱？'
'不作就不会死'
'后背发凉'
 '味美汁多'
 '牛逼，看的我上厕所了'
'一路走好，那些官二代官三代富二代富三代不知道普通百姓的生活有多苦，你努力了，你没白来这个世界，你比那些二代三代们强了千万倍，愿你在天堂安好🙏'
'走好咏哥'
 '你认为他真是为了他妈的病？
 '吓人的'
 '牛人 安息'
 '看得手心直出汗'
'常在河边走！'
 '呵呵一笑'
 '不作死就不会死'
 '牛，哈哈哈'
 '想通过6楼和8楼推测出七楼 前提是七楼和八楼都押了尾字 而且会被小编带走 能是什么呢？第一个字儿是加 第四个字儿是指……我只能猜 假传 圣旨……或者 加 藤鹰指？[大笑][大笑]'
 '看图片，我都有点腿抖。'
 '别说有护栏，就是钢丝绳拉着我也不想上去，万一施工质量不靠谱掉下来，坑的是自己。
 '顶你，老铁！'
 '想挑战也可以，带点保护措施呀，常在河边走哪走不湿鞋的。'
 '不作死就不会死！
 '至少你是个勇敢的男人！此生也无憾了'
 '他妈健康着呢'
'可惜了'
 '拿什么顶'
'掏枪顶'
 '应了那句话人在做天在看'
 '不容易呀。'
 '。。。'
 '没那个本事干那个活，作死，走好，朋友'
 '外国人能玩的中国人不能玩的'
 '纯粹不珍惜生命！'
 '不用笑的表情吧？'
 '人生有时就是这样，不是这么死，就是那么死，但愿你不是为了钱才这样，不然，掉下去的那一刻，你是得多后悔'
 '人生的旅程哪里不是困难和险境?除非你不拼搏。古人言:富贵险中求，一点都不错的。每个人处境不一样，理解生命的意义也不一样。世界唯有理解和包容堪称美好，愿咏宁一路走好！'
 '深表同情!一路走好!'
 '哎，不知该说啥'
 '希望你在那边玩这个的时候也失手，掉回来我们这里。[大哭]'
 '这就跟周星驰一个电影一样“我又下去了，我又上来了，来打我呀”仿佛在和上帝挑衅'
'赚钱不会去打工吗？搞这玩意'
 '死了可惜，但是不作死就不会死'
 '极限运动和作死不是等号，还有二楼我不知道你强行扯华为是什么意思，为黑而黑'
'钱奴社会的不幸儿，老母有病没钱治疗，社会保障机构呢？'
'找死的，没办法'
 '太冒险了，安全防护不好'
 '也是个人才，值得尊敬。中国的人才太单一了，就是使农民工。应该各方面的人才都有，才会精彩。'
 '默哀'
 '这孩子难道不知道么？这种运动只能在中午！因为早晚都回出事的！'
 '自己作死'
 '作死！！但是真的很有胆量！'
 '不知道说什么好，欸……'
 '没听说过这个人，也不喜欢看这样的冒险活动，我如果有子女，不管有没有病也不希望我的子女做这样的冒险活动。'
 '别羡慕他已经找阎王去了'
'不作死就不会死'
 '唉，且玩且珍惜。。。'
 '我觉得不是为了生活，这个纯粹是天赋加爱好'
 '玩死了'
 '孝子安息'
'哎，不作是不会屎滴'
 '只能说一句，一路好走'
 '哎……真的是悲剧……'
 '每个人都有背后的故事，难言的苦衷。牛人走好。以马内利'
 '常在河边走！哪有不湿鞋'
 '作死了'
 '活他妈该，死晚了。对自己的生命都不负责，怎能赢得别人同情。'
 '向英雄致敬～致敬每一位极限运动健儿～为我们呈现的视觉盛宴！！！'
 '疯狂的代价，死得其所。'
 '有一种装逼叫做：不作死就不会死，'
 '缺是很酷、妈妈好可怜'
 '那是你不知道，国外的也有很多拜拜了的，网上有失误集锦可以看'
 '我看的头晕，在楼顶边相当于悬崖了，踩边上玩滑轮这得多镇定'
 '非常六加一'
'哎，这个真可怜'
 '艺高人胆大！
 '用生命赌明天，有几个人能赢？但愿不是被生活逼的没有办法。'
 '晕高'
 '看过他的视频/不更新 原本以内收手/然而确实失手 /一路走好/'
 '一句话，对自己生命不负责任的人，不为家人着想的人，死了活该，庆幸没砸到路人'
 '纯粹找死'
 '活该……'
 '不负责任的人，对不起亲人！
'上个月还在看他的视频，确实非常牛 ，是个天才。'
'我只想说，他是自找的，既然玩心跳的游戏就要要做好牺牲的准备。'
 '奇葩之人'
 '为了给他妈妈治病的话，留点口德吧，唉'
 '孩子，叔给你留言没两月，叫你别挑战了，你怎么不听呢?'
'他在完成八项考验，敬重这些挑战极限运动的人，他们克服了多少心理上的恐惧，才能达到生命的另一种绽放和升华！！走好，咏！'
 '广电总局该管一管了'
'没砸到路人吧？'
 '看得人都受不了，太恐怖了，胆子太大了'
 '他永远是中国，乃至亚洲挑战极限运动上做了突出贡献。可以说是祖师爷。希望年轻人继续挑战极限，挑战自己，超越自己。'
 '（多做好事，必有好报）加快发展繁重工作替代性智能机器（不用延迟退休）公司上市后业绩异常下降，依法赔偿遏制骗钱（当务之急大小限减持和再融资要挂钩分红或回购，违则重罚，促进长期良好经营，缓解套现压力）尽快开征股指期货的印花税，才能降低杠杆及高频风险，限制其乱影响股市（基金只有盈利才收管理费，真正为投资者服务）连续2天涨跌停就限仓交易，共同受益，利国利民！'
'死得其所，快哉'
 '这有什么好可惜的啊。常在河边走哪有不湿鞋。很正常啊'
 '看着都有恐高症了'
 '玩吧！坟头草很快就一米多高了'
 '太危险了，因为有个生病的妈妈，更不应该做这个了，你死了，你妈妈怎么办？'
 '那么他爬楼几个月，不也就是爬楼摔死的了吗？  本来很简单的一个失手坠亡，非上升到精神世界，极限挑战的就比卖凉皮的高贵？'
 '害怕'
 '我等燕雀确实不知你的鸿鹄之志，快飞出地球和太阳肩并肩吧'
 '干嘛呢'
 '回来'
 '儿子都已经死了，你们还咒他妈，居心何在？'
 '这次支持一楼'
'睡吧'
 '不该如此……'
 '不管初衷是什么，这种行为其实是对家人的不负责！'
 '可伶!可惜!可悲!可叹!只愿天下不再有类似的悲剧发生。'
 '是条汉子！一路走好！'
'人不作就不会死！挣钱有很多方式！'
 '浪费国家粮食[窃笑][窃笑]'
 '一路走好，牛人👍'
 '冒险'
 '冒险家的世界楼上的屌丝们不懂，屌丝们这么惜命，现实中可能活得还不如蝼蚁，你们的嘴吐出的狗牙决定了境界就这样。'
 '看着都替他担心…'
 '光看图片就眼晕，恐高'
 '反正我是不敢做这种冒险的事情，也不提倡任何人做这种事情！'
 '不作不死'
 '生活啊，生活'
 '这名字把他克死了 咏宁 永远安宁'
 '这么冷的天，看了他一分钟视频就浑身湿透了[惊讶]'
 '有胆量，佩服，小伙子祝天堂一路走好'
 '梦想应该是正确有意义的，而不是负面带错误性的，再回头说，这样做危险性有多大，一但失手痛的是谁，你我还是他家里的亲人。追梦不是错，但拿生命做赌注还诱导别人跟着犯错，这样的梦想值得追求不？就连我六儿的女儿都会说，这叔叔做不对。'
 '每个人都有权选择自己的路，安息'
 '能做这种事的人，已经克服对死亡的恐惧了，怎么会不知道总会有这一天？'
 '懦弱者不懂强者的世界，一如白天不懂夜的黑。。。'
 '恐高的路过'
'炒作罢了，这下粉丝有的涨了'
 '天堂里没有黑暗'
 '腿软'</comments><comments_num>108152</comments_num></doc>