<?xml version='1.0' encoding='utf-8'?>
<doc><source>NetEase</source><id>7447</id><url>http://news.163.com/17/1208/15/D555LNRP0001875P.html</url><title>神操作！女司机把车开桥柱子上 还下车和爱车合影</title><datetime>2017-12-08 15:43</datetime><body>


	
			

12月7日上午，山东滨州，在某小区大门口附近，一女司机神操作，竟然将自己车开到了桥柱子上，事后，该女司机还和自己的爱车合影，网友看后表示，还是回驾校再学一下吧。






 本文来源：滨州大众网  
责任编辑：范姜国一_NN9138 </body><comments> '哎呦尼玛批，赶紧发个朋友圈，这条点赞要破千！'
 '这样的女司机还开尼玛的车啊！完全就是杀手级别吗。'
 '你屌'
 '鬼毛啊。你看手机呢'
 '不奇怪，你看那个长相就是一怪物，哈哈哈哈电站。'
 '.......各位多有原谅.恕罪.恕罪.....教育你多少遍了.就是不改.这次和柱子干上了.其结果被众网友骂了个屁眼朝天...我脸面上还有光彩吗....我今后出门还有脸见人吗...'
'果然是不同凡响！'
 '自己就是鬼'
 '阴气过重，被鬼缠身。'
 '我咋感觉是个人才呢 一般人也开不了这样啊'
 '.....妇女过河船就翻.妇女驾机倒载葱.妇女开车就上柱.....在家不好好呆着.在公共场所惹事生非.丢人现眼.还谗媚一笑.竟来自拍....'
 '女司机是这个世界的奇葩'
 '昨天亲眼看见一辆车右转弯出来，方向没回过去，开出一个半圆，撞到路边的树上，所幸是在人少的地段。然后驾驶座下来一个女的。'
 '干得漂亮'
 '一看就是故意的\u3000应该追究其故意损坏公共设施'
 '我有个伙计也叫柱子'
 '柱子：我尼玛才真的遇到鬼了'
 '我是柱子'
'我有个哥们叫大柱子'
 '傻B一个'
 '是拐弯的时候方向打早了，连距离都判断不清楚，还是早点把车卖了吧，否则害人害己。这根打电话真的没关系。
 '女司机：今天绝对是遇上鬼了；鬼：女司机来啦，快跑~~！'
 '我有个伙计叫柱子'
 '想起个饮料广告，说是人没精神，走路是歪的，楼也是歪的，一喝饮料，人也正了，楼也正了，是哪个饮料来着想不起来了'
 '女司机又立功了'
 '真不是咒她，早晚得出大事'
 '是不是我们村那个大柱子？
 '你错了，这是标准驾驶员的典范。她们从不超速，但允许你压线，更鼓励你冲黄灯。她们在限速100的路上长期开60，你就老老实实地跟着吧。不要超哦，看到地面的实线了吧，也就一公里长。跟还是超？她们会挖坑给你，十秒的绿灯，她自己用了9秒半过，还有半秒，就考你人品了。巨额的罚没金额，有她们的功劳，交警还欠她们一面锦旗。'
 '女司机  天下无敌'
 '又解锁新姿式'
果真是灵异事件
 '以后也就别开了，还不知会出啥事情呢！'
 '还学什么啊？技术不好开得上去吗？都快赶上特技演员了。'
 '牛逼啊'
'我小名就叫柱子[大笑]'
 '问你妹'
 '女司机：只有你想不到，没有我做不到'
 '大傻逼这种人最危险，或许哪天自己都不知道怎么就撞人了。'
 '不看手机会死？
 '丢人现眼'
 '团长：柱子，怎么样想办法干女也一火包。。'
 '开车玩手机 下次就不是柱子了
 '学名叫绣花针'
 '二楼呢'
 '妹子是真的心宽'
 '水箱漏的时候还真像'
 '快啦，不要着急，立着翻车快啦。'
 '很好'
 '宾夕法尼亚州 厉害'
'按我们这一代人的说法
 '跟贴被火星网友带走啦~'
 '女司机，牛
 '就问你服不服
 '本田UR-V，35万左右。'
 '傻逼，别开车了，害人'
 '叫我干啥'
 '你摊上大事了'
 '傻逼'
 '鬼：听说有女司机出没，我很久都不敢出门了'
 '这么大条路，一个人都没有，硬要往最边上的柱子上顶。。。要是开在人多车多的路上，不是要死伤一大片？？！！应该吊销驾照！SB!'
 '你没事才是大家不放心的'
 '我就是柱子'
 就是革命后乐观主义啊'
 '小弟有一事不明，想请教各位大神，请问女的下面的那玩意儿是横着长的还是竖着长得呢？'
 '你好，我叫柱子。
 '大扎喉！哦系金贼菇，翻刚抖海，这系你没有改锁的船新姿系，几须搅拌三番钟，你就会干哦一样提前涩精'
 '司机可能把那柱子当成了大黄瓜'
 '吊车吊过以后，车就不行了'
 '确定不是你叫柱子'
 '女司机，让你疯、让你浪、让你累趴在床上！'
 '我们娘们真笨蛋耶'
 '好一招白狗射尿。'
 '轿车还得吊车搬一次挪车多少钱插班打混爱合影满不在乎名门嬛'
 '哈哈哈'
 '肯定在低头玩手机。'
 '二奶奶家的？'
 '河里没有鱼虾蟹啊，它们招谁惹谁了。。'
 '说让人家重回驾校学习的都省省吧！这45度上柱子的技术连教练都不会！'
 '柱子，怎么样想办法干女也一火包。。
 '鬼都怕！'
'是柱子先动手！！'
 '2B卵子'
 '这是个傻逼'
 '看录像确实不像一般的事故，那个角度不应该产生这种效果的。'
 '遇见鬼？鬼看见你这样开车，鬼比你更感到害怕！'
 '这女司机，真的是搞笑好玩。'
 '我的都是喊金箍棒'
 '😄😄😄'
 '巧了巧了，太巧了，这娘们叫小凤！'
 '看上去速度也不快，车子也没大碍，柱子也没损坏，司机也没受伤，还算是件幸运的事儿，这司机心理素质还是不错的，人也较为乐观，可能开车分心了，不过司机还行吧，没有乱操作，也没油门当刹车，不然后果会比这个严重多了，所以只能是看一看笑一笑而已，没必要那么口诛笔伐去嘲讽人家司机啦。'
 '一看是女司机，一群人高潮了！'
 '心态不错'
欢迎走进.............................................................'
 '山东叫柱子，二蛋，黑子，嘎子，，，，，，，特多。'
'你们不要乱黑女司机了，其它女司机也没有那么可怕，你看我，现在就是在让我老婆开车，照样什么事都没\ue816'
 '你放心你没遇上，是柱子遇上了'
 '这女的应该被柱子插死'
'这个是公狗做的动作啊，不应该是个女司机......'
 '傻逼天天有，远离女司机'
 '只是怕被撞到，锦旗不敢拿给她😂'
 '女司机，让你尝、让你试、教你干翻大柱子！'
'祝贺你'
 '一開口的口音更加確定'
 '新手还是开小车安全'
 '一定是蓝翔毕业的'
 '脉动'
'我胯下有一条柱子。'
 'XRV13万，有个鸡毛可在乎的'
'还有倒车能倒到别人车顶的...'
 '真奇葩女一个呀!'
 '如果没有这柱子呢？'
'你上次不是叫针吗？'
 '我有个朋友叫铁柱'
 '开车开出遛狗的感觉……这车是要在桥墩留下自己的味道吗？'
 '肯定在玩手机，怎么就不死了呢，还要继续危害社会，危害别人'
 '厉害'
 '铁定的在刷微信，没被柱子插是万幸'
 '这不是女司机的正常操作吗，有什么好奇怪的'
 '感觉有股神力'
 '你不死大家怎会放心？'
 '我管我的屌叫柱子
 '加重剂量'
 '路上畅顺跑龟速，不是女司机就是玩手机！
 '下面嘛，横着下，竖着下都是没问题的，加个荷包蛋效果更佳'
 '所以在中国走路应该走左边不要走右边，原因是司机位在左边，左边看车位较容易，右边不太容易看准，就像这女司机一样。
 '看了一下
 '估计再打电话'
 'sb'
 '十有八九是在玩手机'
 '这得多大的洞啊！'
 '求你了，放过众生吧，别开车了'
 '这女司机比鬼还可怕'
 '俺就是柱子'
 '看模样就像个傻逼...'
 '扮乐观扮自我调侃的傻逼，开车开得一坨屎一样，回家补补脑子，最好不要有下次，如果有下次，请你开进河里，不要伤及无辜'
 '马路杀手'</comments><comments_num>2617</comments_num></doc>